model,wordnet_id,reward
deepfloyd_if-i-xl-v1.0,138508,-2.6651575565338135
deepfloyd_if-i-xl-v1.0,192051,-0.835766077041626
deepfloyd_if-i-xl-v1.0,213186,-0.7337222099304199
deepfloyd_if-i-xl-v1.0,232386,-1.551906704902649
deepfloyd_if-i-xl-v1.0,232765,0.664643406867981
deepfloyd_if-i-xl-v1.0,258857,-0.5233456492424011
deepfloyd_if-i-xl-v1.0,283090,-0.8775030374526978
deepfloyd_if-i-xl-v1.0,285141,0.06460652500391006
deepfloyd_if-i-xl-v1.0,399030,-1.030961275100708
deepfloyd_if-i-xl-v1.0,440189,0.06877977401018143
deepfloyd_if-i-xl-v1.0,445169,-1.902846336364746
deepfloyd_if-i-xl-v1.0,486490,-1.0372940301895142
deepfloyd_if-i-xl-v1.0,487072,0.4471423625946045
deepfloyd_if-i-xl-v1.0,487326,-0.4146483838558197
deepfloyd_if-i-xl-v1.0,489837,-1.6988372802734375
deepfloyd_if-i-xl-v1.0,646833,-0.9143522381782532
deepfloyd_if-i-xl-v1.0,708860,0.7492867708206177
deepfloyd_if-i-xl-v1.0,717208,-0.44506967067718506
deepfloyd_if-i-xl-v1.0,717468,-1.742550253868103
deepfloyd_if-i-xl-v1.0,735254,1.5566136837005615
deepfloyd_if-i-xl-v1.0,762478,-0.014260521158576012
deepfloyd_if-i-xl-v1.0,825443,-0.06743195652961731
deepfloyd_if-i-xl-v1.0,831919,0.08942104876041412
deepfloyd_if-i-xl-v1.0,896677,0.9248765110969543
deepfloyd_if-i-xl-v1.0,936620,0.20180609822273254
deepfloyd_if-i-xl-v1.0,974367,-1.3845070600509644
deepfloyd_if-i-xl-v1.0,993014,-0.8280726075172424
deepfloyd_if-i-xl-v1.0,995855,-1.6318680047988892
deepfloyd_if-i-xl-v1.0,1113367,-0.566203236579895
deepfloyd_if-i-xl-v1.0,1171644,0.4707099199295044
deepfloyd_if-i-xl-v1.0,1209135,-1.3694895505905151
deepfloyd_if-i-xl-v1.0,1317294,-0.6886752247810364
deepfloyd_if-i-xl-v1.0,1317533,2.0934348106384277
deepfloyd_if-i-xl-v1.0,1321854,-1.0542809963226318
deepfloyd_if-i-xl-v1.0,1377758,-1.4319876432418823
deepfloyd_if-i-xl-v1.0,1474832,-2.412411689758301
deepfloyd_if-i-xl-v1.0,1516071,-0.3170059323310852
deepfloyd_if-i-xl-v1.0,1566705,-0.9783474802970886
deepfloyd_if-i-xl-v1.0,1640855,-2.7948620319366455
deepfloyd_if-i-xl-v1.0,1668603,-1.363892912864685
deepfloyd_if-i-xl-v1.0,1678990,1.2926324605941772
deepfloyd_if-i-xl-v1.0,1699831,0.1419864147901535
deepfloyd_if-i-xl-v1.0,1707698,-0.2951669991016388
deepfloyd_if-i-xl-v1.0,1727942,0.19089902937412262
deepfloyd_if-i-xl-v1.0,2045760,0.9792335629463196
deepfloyd_if-i-xl-v1.0,2075049,-0.7559171319007874
deepfloyd_if-i-xl-v1.0,2075764,-0.9497562646865845
deepfloyd_if-i-xl-v1.0,2241569,-1.674099087715149
deepfloyd_if-i-xl-v1.0,2720725,0.16761291027069092
deepfloyd_if-i-xl-v1.0,2721160,-0.9338130354881287
deepfloyd_if-i-xl-v1.0,2730265,-0.5840163826942444
deepfloyd_if-i-xl-v1.0,2744395,-0.46627724170684814
deepfloyd_if-i-xl-v1.0,2770078,0.935560941696167
deepfloyd_if-i-xl-v1.0,2793684,-1.0357792377471924
deepfloyd_if-i-xl-v1.0,2803666,0.6298673748970032
deepfloyd_if-i-xl-v1.0,2807731,1.1992629766464233
deepfloyd_if-i-xl-v1.0,2821943,2.0029470920562744
deepfloyd_if-i-xl-v1.0,2824319,0.08449263125658035
deepfloyd_if-i-xl-v1.0,2825442,-0.9128169417381287
deepfloyd_if-i-xl-v1.0,2852043,0.09676524251699448
deepfloyd_if-i-xl-v1.0,2870293,0.8477802872657776
deepfloyd_if-i-xl-v1.0,2870880,-0.08233842998743057
deepfloyd_if-i-xl-v1.0,2923535,-2.505018711090088
deepfloyd_if-i-xl-v1.0,2933112,1.8190876245498657
deepfloyd_if-i-xl-v1.0,2963987,1.6180006265640259
deepfloyd_if-i-xl-v1.0,2991302,-0.48421165347099304
deepfloyd_if-i-xl-v1.0,3024209,-0.3728020489215851
deepfloyd_if-i-xl-v1.0,3035832,0.7195743918418884
deepfloyd_if-i-xl-v1.0,3049457,0.9646502137184143
deepfloyd_if-i-xl-v1.0,3107488,0.20924729108810425
deepfloyd_if-i-xl-v1.0,3131388,-0.13139717280864716
deepfloyd_if-i-xl-v1.0,3131669,-0.948259174823761
deepfloyd_if-i-xl-v1.0,3152830,-0.6958611011505127
deepfloyd_if-i-xl-v1.0,3249569,0.26493507623672485
deepfloyd_if-i-xl-v1.0,3262349,0.7564980983734131
deepfloyd_if-i-xl-v1.0,3288500,0.1576613485813141
deepfloyd_if-i-xl-v1.0,3298716,1.8188650608062744
deepfloyd_if-i-xl-v1.0,3308246,3.2103731632232666
deepfloyd_if-i-xl-v1.0,3309110,-0.02284904383122921
deepfloyd_if-i-xl-v1.0,3347220,-1.4041917324066162
deepfloyd_if-i-xl-v1.0,3353281,1.440586805343628
deepfloyd_if-i-xl-v1.0,3366112,-2.5079054832458496
deepfloyd_if-i-xl-v1.0,3411927,0.3344150483608246
deepfloyd_if-i-xl-v1.0,3456665,-0.5329369902610779
deepfloyd_if-i-xl-v1.0,3563208,0.4521304666996002
deepfloyd_if-i-xl-v1.0,3580281,-1.5754839181900024
deepfloyd_if-i-xl-v1.0,3603442,0.8569508194923401
deepfloyd_if-i-xl-v1.0,3607029,-0.10440555959939957
deepfloyd_if-i-xl-v1.0,3628071,-0.2517627775669098
deepfloyd_if-i-xl-v1.0,3630383,2.0371665954589844
deepfloyd_if-i-xl-v1.0,3676483,0.19181422889232635
deepfloyd_if-i-xl-v1.0,3679712,1.9323813915252686
deepfloyd_if-i-xl-v1.0,3685307,0.2826404273509979
deepfloyd_if-i-xl-v1.0,3703463,0.5557790398597717
deepfloyd_if-i-xl-v1.0,3714235,-0.45828506350517273
deepfloyd_if-i-xl-v1.0,3728318,-0.6677176356315613
deepfloyd_if-i-xl-v1.0,3748162,-0.19106268882751465
deepfloyd_if-i-xl-v1.0,3764276,-0.8750659823417664
deepfloyd_if-i-xl-v1.0,3818090,-2.1073102951049805
deepfloyd_if-i-xl-v1.0,3842156,2.182429790496826
deepfloyd_if-i-xl-v1.0,3880032,-0.7485352158546448
deepfloyd_if-i-xl-v1.0,3889343,1.4781372547149658
deepfloyd_if-i-xl-v1.0,3907654,1.3987915515899658
deepfloyd_if-i-xl-v1.0,3940713,0.7800329327583313
deepfloyd_if-i-xl-v1.0,3975232,-0.6208228468894958
deepfloyd_if-i-xl-v1.0,3982060,-0.8404508829116821
deepfloyd_if-i-xl-v1.0,3990474,1.8384742736816406
deepfloyd_if-i-xl-v1.0,4010305,1.0610672235488892
deepfloyd_if-i-xl-v1.0,4025130,0.5353513956069946
deepfloyd_if-i-xl-v1.0,4062807,-0.7284666299819946
deepfloyd_if-i-xl-v1.0,4123448,-0.22611716389656067
deepfloyd_if-i-xl-v1.0,4125853,-1.0743333101272583
deepfloyd_if-i-xl-v1.0,4140340,-0.07530265301465988
deepfloyd_if-i-xl-v1.0,4145056,0.13290072977542877
deepfloyd_if-i-xl-v1.0,4192521,1.3783488273620605
deepfloyd_if-i-xl-v1.0,4259202,0.7446805834770203
deepfloyd_if-i-xl-v1.0,4285773,-1.630812168121338
deepfloyd_if-i-xl-v1.0,4345028,0.2173144370317459
deepfloyd_if-i-xl-v1.0,4387201,0.0884091854095459
deepfloyd_if-i-xl-v1.0,4416901,-0.8047317266464233
deepfloyd_if-i-xl-v1.0,4455579,0.5451825261116028
deepfloyd_if-i-xl-v1.0,4497570,-1.2707675695419312
deepfloyd_if-i-xl-v1.0,4534520,-1.6169183254241943
deepfloyd_if-i-xl-v1.0,4539203,-0.40987715125083923
deepfloyd_if-i-xl-v1.0,4552551,0.6567392349243164
deepfloyd_if-i-xl-v1.0,4596797,0.7246360182762146
deepfloyd_if-i-xl-v1.0,4832208,-0.25801417231559753
deepfloyd_if-i-xl-v1.0,4930139,1.5190385580062866
deepfloyd_if-i-xl-v1.0,5008085,-0.6023107171058655
deepfloyd_if-i-xl-v1.0,5219923,-0.6259686350822449
deepfloyd_if-i-xl-v1.0,5316083,-1.2464683055877686
deepfloyd_if-i-xl-v1.0,5350912,0.7925079464912415
deepfloyd_if-i-xl-v1.0,5374860,-1.1962807178497314
deepfloyd_if-i-xl-v1.0,5410315,-0.2861182391643524
deepfloyd_if-i-xl-v1.0,5522784,-0.9336768984794617
deepfloyd_if-i-xl-v1.0,5728577,-1.30912184715271
deepfloyd_if-i-xl-v1.0,5752544,-0.5517570376396179
deepfloyd_if-i-xl-v1.0,5794797,-0.5799521207809448
deepfloyd_if-i-xl-v1.0,5895919,0.4089014232158661
deepfloyd_if-i-xl-v1.0,5958517,-1.464367151260376
deepfloyd_if-i-xl-v1.0,6189776,0.6679767966270447
deepfloyd_if-i-xl-v1.0,6528587,-1.3451666831970215
deepfloyd_if-i-xl-v1.0,6584891,-0.8242195248603821
deepfloyd_if-i-xl-v1.0,6586355,-0.7749612927436829
deepfloyd_if-i-xl-v1.0,6607809,-1.8963614702224731
deepfloyd_if-i-xl-v1.0,6615026,0.15934860706329346
deepfloyd_if-i-xl-v1.0,6615458,-1.8125048875808716
deepfloyd_if-i-xl-v1.0,6615818,-0.7411913275718689
deepfloyd_if-i-xl-v1.0,6616314,0.7421315312385559
deepfloyd_if-i-xl-v1.0,6617011,-0.971915602684021
deepfloyd_if-i-xl-v1.0,6617413,-0.5802455544471741
deepfloyd_if-i-xl-v1.0,6729499,-0.004797241184860468
deepfloyd_if-i-xl-v1.0,6880664,-0.6842657923698425
deepfloyd_if-i-xl-v1.0,6883725,-1.775581955909729
deepfloyd_if-i-xl-v1.0,6946774,2.4963600635528564
deepfloyd_if-i-xl-v1.0,7025268,0.27313199639320374
deepfloyd_if-i-xl-v1.0,7109847,-1.1911629438400269
deepfloyd_if-i-xl-v1.0,7116261,0.8662071824073792
deepfloyd_if-i-xl-v1.0,7150023,0.259347528219223
deepfloyd_if-i-xl-v1.0,7163803,-1.9655004739761353
deepfloyd_if-i-xl-v1.0,7507098,0.7140570878982544
deepfloyd_if-i-xl-v1.0,7596684,-1.447304129600525
deepfloyd_if-i-xl-v1.0,7597365,0.26985082030296326
deepfloyd_if-i-xl-v1.0,7601809,-0.0007968307472765446
deepfloyd_if-i-xl-v1.0,7605282,-0.9127289056777954
deepfloyd_if-i-xl-v1.0,7606419,-0.32511815428733826
deepfloyd_if-i-xl-v1.0,7607707,-0.46301695704460144
deepfloyd_if-i-xl-v1.0,7608721,-0.05948175489902496
deepfloyd_if-i-xl-v1.0,7625977,1.2984349727630615
deepfloyd_if-i-xl-v1.0,7626721,1.2860238552093506
deepfloyd_if-i-xl-v1.0,7626833,0.9891454577445984
deepfloyd_if-i-xl-v1.0,7627310,-1.2168307304382324
deepfloyd_if-i-xl-v1.0,7651454,0.660545289516449
deepfloyd_if-i-xl-v1.0,7654438,-0.1227278932929039
deepfloyd_if-i-xl-v1.0,7664468,1.4325023889541626
deepfloyd_if-i-xl-v1.0,7698915,-0.538716733455658
deepfloyd_if-i-xl-v1.0,7700167,-0.8398036360740662
deepfloyd_if-i-xl-v1.0,7700868,0.20566783845424652
deepfloyd_if-i-xl-v1.0,7701244,0.150157630443573
deepfloyd_if-i-xl-v1.0,7702193,1.98505699634552
deepfloyd_if-i-xl-v1.0,7710616,0.2965896427631378
deepfloyd_if-i-xl-v1.0,7834065,-0.516554057598114
deepfloyd_if-i-xl-v1.0,7854266,-0.6026552319526672
deepfloyd_if-i-xl-v1.0,7854455,0.2046073079109192
deepfloyd_if-i-xl-v1.0,7871940,1.3477364778518677
deepfloyd_if-i-xl-v1.0,7891189,0.47214436531066895
deepfloyd_if-i-xl-v1.0,7897116,0.13004732131958008
deepfloyd_if-i-xl-v1.0,7914271,1.9445481300354004
deepfloyd_if-i-xl-v1.0,7922764,1.5735862255096436
deepfloyd_if-i-xl-v1.0,7929519,1.493896245956421
deepfloyd_if-i-xl-v1.0,7933274,0.9700203537940979
deepfloyd_if-i-xl-v1.0,7933530,0.4519944489002228
deepfloyd_if-i-xl-v1.0,8089797,0.6422958970069885
deepfloyd_if-i-xl-v1.0,8095160,0.5418949723243713
deepfloyd_if-i-xl-v1.0,8124208,1.5428659915924072
deepfloyd_if-i-xl-v1.0,8339939,0.586105227470398
deepfloyd_if-i-xl-v1.0,8876291,1.254207968711853
deepfloyd_if-i-xl-v1.0,9020389,0.336564838886261
deepfloyd_if-i-xl-v1.0,9044146,0.5334480404853821
deepfloyd_if-i-xl-v1.0,9057052,-1.4329478740692139
deepfloyd_if-i-xl-v1.0,9427682,-0.9838120341300964
deepfloyd_if-i-xl-v1.0,9580065,1.6357799768447876
deepfloyd_if-i-xl-v1.0,9719434,-0.005604228470474482
deepfloyd_if-i-xl-v1.0,9793248,-0.23761889338493347
deepfloyd_if-i-xl-v1.0,9794211,-0.12927614152431488
deepfloyd_if-i-xl-v1.0,9862621,0.4780769646167755
deepfloyd_if-i-xl-v1.0,9875188,0.6012006402015686
deepfloyd_if-i-xl-v1.0,9984659,-0.18988226354122162
deepfloyd_if-i-xl-v1.0,10012874,-1.5580744743347168
deepfloyd_if-i-xl-v1.0,10024569,-0.9788650870323181
deepfloyd_if-i-xl-v1.0,10080493,-0.725787341594696
deepfloyd_if-i-xl-v1.0,10106452,-2.9491264820098877
deepfloyd_if-i-xl-v1.0,10198409,-0.981429934501648
deepfloyd_if-i-xl-v1.0,10333317,0.0901775136590004
deepfloyd_if-i-xl-v1.0,10408552,-0.4544912576675415
deepfloyd_if-i-xl-v1.0,10444677,0.04515136033296585
deepfloyd_if-i-xl-v1.0,10453357,0.39695289731025696
deepfloyd_if-i-xl-v1.0,10548623,0.38239139318466187
deepfloyd_if-i-xl-v1.0,10572128,-1.1981722116470337
deepfloyd_if-i-xl-v1.0,10794014,-1.0389875173568726
deepfloyd_if-i-xl-v1.0,10939743,0.661032497882843
deepfloyd_if-i-xl-v1.0,11039909,-1.63993239402771
deepfloyd_if-i-xl-v1.0,11334088,0.24562709033489227
deepfloyd_if-i-xl-v1.0,11417672,-0.8113657832145691
deepfloyd_if-i-xl-v1.0,11437577,0.6221661567687988
deepfloyd_if-i-xl-v1.0,11460338,-1.2283023595809937
deepfloyd_if-i-xl-v1.0,12345739,-1.0384540557861328
deepfloyd_if-i-xl-v1.0,12402348,-1.422504186630249
deepfloyd_if-i-xl-v1.0,13221529,-2.251936912536621
deepfloyd_if-i-xl-v1.0,13290566,-1.0727430582046509
deepfloyd_if-i-xl-v1.0,13389475,1.3507264852523804
deepfloyd_if-i-xl-v1.0,13390139,2.57670521736145
deepfloyd_if-i-xl-v1.0,13390405,2.847137689590454
deepfloyd_if-i-xl-v1.0,13392786,0.07782495766878128
deepfloyd_if-i-xl-v1.0,13649361,-1.235600471496582
deepfloyd_if-i-xl-v1.0,13716878,-1.5641496181488037
deepfloyd_if-i-xl-v1.0,13884740,0.16698183119297028
deepfloyd_if-i-xl-v1.0,13915305,1.0284721851348877
deepfloyd_if-i-xl-v1.0,13931145,0.4609452188014984
deepfloyd_if-i-xl-v1.0,13984082,-1.0193681716918945
deepfloyd_if-i-xl-v1.0,14140678,1.8319398164749146
deepfloyd_if-i-xl-v1.0,14195315,0.6319637298583984
deepfloyd_if-i-xl-v1.0,14294568,-1.4718146324157715
deepfloyd_if-i-xl-v1.0,14320813,0.2966504395008087
deepfloyd_if-i-xl-v1.0,14360436,1.0501242876052856
deepfloyd_if-i-xl-v1.0,14488317,0.04165393114089966
deepfloyd_if-i-xl-v1.0,14533937,1.53715181350708
deepfloyd_if-i-xl-v1.0,14550987,0.8076321482658386
deepfloyd_if-i-xl-v1.0,14579933,-1.121553659439087
deepfloyd_if-i-xl-v1.0,14606290,-1.275928258895874
deepfloyd_if-i-xl-v1.0,14620257,0.06632355600595474
deepfloyd_if-i-xl-v1.0,14632648,-1.2129894495010376
deepfloyd_if-i-xl-v1.0,14647235,-0.9186006188392639
deepfloyd_if-i-xl-v1.0,14654954,0.5547020435333252
deepfloyd_if-i-xl-v1.0,14686352,-1.801877737045288
deepfloyd_if-i-xl-v1.0,14702875,-0.7823376655578613
deepfloyd_if-i-xl-v1.0,14703190,-0.9664283394813538
deepfloyd_if-i-xl-v1.0,14807929,-1.956014633178711
deepfloyd_if-i-xl-v1.0,14809057,0.4082615077495575
deepfloyd_if-i-xl-v1.0,14867690,-1.2191884517669678
deepfloyd_if-i-xl-v1.0,14872875,-0.5973682403564453
deepfloyd_if-i-xl-v1.0,14880557,-0.017868420109152794
deepfloyd_if-i-xl-v1.0,14894140,-0.1974981278181076
deepfloyd_if-i-xl-v1.0,15180934,-0.2928850054740906
deepfloyd_if-i-xl-v1.0,15970145,0.887712836265564
deepfloyd_if-i-xl-v1.0,17002912,0.1744106411933899
deepfloyd_if-i-xl-v1.0,17012379,0.56438148021698
deepfloyd_if-i-xl-v1.0,17282800,1.8410027027130127
deepfloyd_if-i-xl-v1.0,17925539,-0.08634607493877411
deepfloyd_if-i-xl-v1.0,18367104,1.9975368976593018
deepfloyd_if-i-xl-v1.0,18758723,-0.6689680218696594
deepfloyd_if-i-xl-v1.0,19143128,-0.6057093739509583
deepfloyd_if-i-xl-v1.0,19671124,0.5237710475921631
deepfloyd_if-i-xl-v1.0,19855707,1.2900789976119995
deepfloyd_if-i-xl-v1.0,19893872,0.32418325543403625
deepfloyd_if-i-xl-v1.0,20017667,0.5854459404945374
deepfloyd_if-i-xl-v1.0,20128079,0.08881371468305588
deepfloyd_if-i-xl-v1.0,20471134,1.6658114194869995
deepfloyd_if-i-xl-v1.0,20495093,0.6185857653617859
deepfloyd_if-i-xl-v1.0,20782430,-0.8971015214920044
deepfloyd_if-i-xl-v1.0,21377549,-1.2241566181182861
deepfloyd_if-i-xl-v1.0,21564446,0.6788199543952942
deepfloyd_if-i-xl-v1.0,21620388,1.069449543952942
deepfloyd_if-i-xl-v1.0,22149540,0.12093954533338547
deepfloyd_if-i-xl-v1.0,22738759,0.7008802890777588
deepfloyd_if-i-xl-v1.0,22767176,0.47320881485939026
deepfloyd_if-i-xl-v1.0,23129661,0.19194458425045013
deepfloyd_if-i-xl-v1.0,23185551,-1.3414198160171509
deepfloyd_if-i-xl-v1.0,23232427,-0.9556905031204224
deepfloyd_if-i-xl-v1.0,23257851,-1.6576709747314453
deepfloyd_if-i-xl-v1.0,23620789,-1.4367345571517944
deepfloyd_if-i-xl-v1.0,24808131,-2.000946283340454
deepfloyd_if-i-xl-v1.0,24843217,1.3380683660507202
deepfloyd_if-i-xl-v1.0,24933378,-0.42216867208480835
deepfloyd_if-i-xl-v1.0,24942232,0.7051876783370972
deepfloyd_if-i-xl-v1.0,25290589,-0.9084652066230774
deepfloyd_if-i-xl-v1.0,25579216,-2.333242654800415
deepfloyd_if-i-xl-v1.0,25685207,0.053254082798957825
deepfloyd_if-i-xl-v1.0,25776594,0.019719192758202553
deepfloyd_if-i-xl-v1.0,26078214,-0.09155484288930893
deepfloyd_if-i-xl-v1.0,26746434,0.5087707042694092
deepfloyd_if-i-xl-v1.0,26998039,0.6504163146018982
deepfloyd_if-i-xl-v1.0,27106238,1.6541112661361694
deepfloyd_if-i-xl-v1.0,27246777,0.6555661559104919
deepfloyd_if-i-xl-v1.0,27768637,-0.6225582957267761
deepfloyd_if-i-xl-v1.0,27871992,-0.23477615416049957
deepfloyd_if-i-xl-v1.0,28190972,0.6052104830741882
deepfloyd_if-i-xl-v1.0,29094321,-0.930698573589325
deepfloyd_if-i-xl-v1.0,29148617,0.3828391134738922
deepfloyd_if-i-xl-v1.0,29161294,-2.0464675426483154
deepfloyd_if-i-xl-v1.0,29632917,-1.5216201543807983
deepfloyd_if-i-xl-v1.0,29703209,-0.025623565539717674
deepfloyd_if-i-xl-v1.0,29779486,-1.7638486623764038
deepfloyd_if-i-xl-v1.0,30028757,-2.1636364459991455
deepfloyd_if-i-xl-v1.0,30225071,1.7352805137634277
deepfloyd_if-i-xl-v1.0,30373565,-0.5714029669761658
deepfloyd_if-i-xl-v1.0,30484086,-0.3453175127506256
deepfloyd_if-i-xl-v1.0,30883080,0.6480520367622375
deepfloyd_if-i-xl-v1.0,31114750,0.979665994644165
deepfloyd_if-i-xl-v1.0,31196176,0.8324803709983826
deepfloyd_if-i-xl-v1.0,31391857,-0.25628355145454407
deepfloyd_if-i-xl-v1.0,31595142,1.3046296834945679
deepfloyd_if-i-xl-v1.0,32152786,0.6114353537559509
deepfloyd_if-i-xl-v1.0,32327818,-1.537903904914856
deepfloyd_if-i-xl-v1.0,32379732,0.29384860396385193
deepfloyd_if-i-xl-v1.0,32473966,0.13022322952747345
deepfloyd_if-i-xl-v1.0,32902730,-0.101566843688488
deepfloyd_if-i-xl-v1.0,32932491,-0.10459979623556137
deepfloyd_if-i-xl-v1.0,33006578,-2.565955877304077
deepfloyd_if-i-xl-v1.0,33478721,0.25397640466690063
deepfloyd_if-i-xl-v1.0,34475997,-1.5462291240692139
deepfloyd_if-i-xl-v1.0,34578737,1.1517781019210815
deepfloyd_if-i-xl-v1.0,34773230,-0.49368271231651306
deepfloyd_if-i-xl-v1.0,36507085,-0.03153834491968155
deepfloyd_if-i-xl-v1.0,36678439,-0.32886940240859985
deepfloyd_if-i-xl-v1.0,37287360,1.129019856452942
deepfloyd_if-i-xl-v1.0,37319253,-1.3208303451538086
deepfloyd_if-i-xl-v1.0,37547870,1.5905369520187378
deepfloyd_if-i-xl-v1.0,37736408,0.2277192771434784
deepfloyd_if-i-xl-v1.0,38014258,-0.5562381148338318
deepfloyd_if-i-xl-v1.0,38297191,-0.0917900875210762
deepfloyd_if-i-xl-v1.0,38402744,0.03431516885757446
deepfloyd_if-i-xl-v1.0,38954086,-1.388945460319519
deepfloyd_if-i-xl-v1.0,39139190,-0.11755809932947159
deepfloyd_if-i-xl-v1.0,39560404,-1.81308114528656
deepfloyd_if-i-xl-v1.0,39566065,0.3852016031742096
deepfloyd_if-i-xl-v1.0,39595218,1.395676851272583
deepfloyd_if-i-xl-v1.0,40825299,-0.7374802231788635
deepfloyd_if-i-xl-v1.0,40945115,0.8800255656242371
deepfloyd_if-i-xl-v1.0,40995095,-1.5730947256088257
deepfloyd_if-i-xl-v1.0,41015844,-0.39247336983680725
deepfloyd_if-i-xl-v1.0,41031648,0.08935941010713577
deepfloyd_if-i-xl-v1.0,41161074,-1.5292125940322876
deepfloyd_if-i-xl-v1.0,41458919,0.06683330982923508
deepfloyd_if-i-xl-v1.0,41565779,-0.5887500643730164
deepfloyd_if-i-xl-v1.0,41766391,1.6161425113677979
deepfloyd_if-i-xl-v1.0,41982710,-0.623440146446228
deepfloyd_if-i-xl-v1.0,42048260,-0.600111186504364
deepfloyd_if-i-xl-v1.0,42849420,2.9863433837890625
deepfloyd_if-i-xl-v1.0,42931583,0.5061963200569153
deepfloyd_if-i-xl-v1.0,43060946,-0.04971196502447128
deepfloyd_if-i-xl-v1.0,43153800,0.7192491888999939
deepfloyd_if-i-xl-v1.0,43161384,0.4731367230415344
deepfloyd_if-i-xl-v1.0,43301379,0.8935602307319641
deepfloyd_if-i-xl-v1.0,43304323,-1.0782943964004517
deepfloyd_if-i-xl-v1.0,43367797,-1.6599353551864624
deepfloyd_if-i-xl-v1.0,43431032,0.9881575703620911
deepfloyd_if-i-xl-v1.0,43631801,-1.0177381038665771
deepfloyd_if-i-xl-v1.0,43735560,-2.3055930137634277
deepfloyd_if-i-xl-v1.0,43858443,-0.8161799311637878
deepfloyd_if-i-xl-v1.0,43918624,-1.7316218614578247
deepfloyd_if-i-xl-v1.0,44280552,-0.8121829628944397
deepfloyd_if-i-xl-v1.0,44295589,0.49241167306900024
deepfloyd_if-i-xl-v1.0,44621915,-0.5667858719825745
deepfloyd_if-i-xl-v1.0,44645737,0.9016232490539551
deepfloyd_if-i-xl-v1.0,44838123,-0.13895578682422638
deepfloyd_if-i-xl-v1.0,45258070,-1.4673539400100708
deepfloyd_if-i-xl-v1.0,45297641,-2.315460443496704
deepfloyd_if-i-xl-v1.0,45418454,-0.22673796117305756
deepfloyd_if-i-xl-v1.0,45564900,-0.7693840861320496
deepfloyd_if-i-xl-v1.0,46150029,-0.603066086769104
deepfloyd_if-i-xl-v1.0,46394736,-0.10558345168828964
deepfloyd_if-i-xl-v1.0,46673664,1.1270402669906616
deepfloyd_if-i-xl-v1.0,46994920,-1.401847004890442
deepfloyd_if-i-xl-v1.0,47009060,1.4380186796188354
deepfloyd_if-i-xl-v1.0,47552953,1.9078450202941895
deepfloyd_if-i-xl-v1.0,47595220,-1.1539273262023926
deepfloyd_if-i-xl-v1.0,47819321,0.2796250879764557
deepfloyd_if-i-xl-v1.0,48223384,-0.5376251339912415
deepfloyd_if-i-xl-v1.0,48351897,-0.9221622347831726
deepfloyd_if-i-xl-v1.0,48754831,-0.8927236199378967
deepfloyd_if-i-xl-v1.0,49054805,0.35746946930885315
deepfloyd_if-i-xl-v1.0,49089576,0.660019040107727
deepfloyd_if-i-xl-v1.0,49300740,2.247751474380493
deepfloyd_if-i-xl-v1.0,49358811,-2.120945930480957
deepfloyd_if-i-xl-v1.0,49462954,-1.2624541521072388
deepfloyd_if-i-xl-v1.0,50262859,0.41469910740852356
deepfloyd_if-i-xl-v1.0,50871471,-0.007237857673317194
deepfloyd_if-i-xl-v1.0,50952217,-0.497887521982193
deepfloyd_if-i-xl-v1.0,51060824,-2.826467752456665
deepfloyd_if-i-xl-v1.0,51314050,0.4316738247871399
deepfloyd_if-i-xl-v1.0,51946990,-0.1746412068605423
deepfloyd_if-i-xl-v1.0,52325745,-2.5071496963500977
deepfloyd_if-i-xl-v1.0,52474100,-0.22546039521694183
deepfloyd_if-i-xl-v1.0,52516409,-1.1409718990325928
deepfloyd_if-i-xl-v1.0,52711595,-0.5636916160583496
deepfloyd_if-i-xl-v1.0,53022028,2.0109853744506836
deepfloyd_if-i-xl-v1.0,53205877,-1.2845573425292969
deepfloyd_if-i-xl-v1.0,53288018,0.02030212990939617
deepfloyd_if-i-xl-v1.0,53443611,1.2114170789718628
deepfloyd_if-i-xl-v1.0,53815934,-0.4702008068561554
deepfloyd_if-i-xl-v1.0,54495173,-0.08916918188333511
deepfloyd_if-i-xl-v1.0,54931507,0.09392235428094864
deepfloyd_if-i-xl-v1.0,55191509,0.33494171500205994
deepfloyd_if-i-xl-v1.0,55255145,0.621480405330658
deepfloyd_if-i-xl-v1.0,55457672,-0.22541514039039612
deepfloyd_if-i-xl-v1.0,55588327,-1.3809750080108643
deepfloyd_if-i-xl-v1.0,55653646,-2.5172433853149414
deepfloyd_if-i-xl-v1.0,55658809,-0.09092404693365097
deepfloyd_if-i-xl-v1.0,55812974,-0.22227467596530914
deepfloyd_if-i-xl-v1.0,55819553,0.42777377367019653
deepfloyd_if-i-xl-v1.0,55826966,-2.0880069732666016
deepfloyd_if-i-xl-v1.0,55983905,-1.661322832107544
deepfloyd_if-i-xl-v1.0,56074056,-0.06918501108884811
deepfloyd_if-i-xl-v1.0,56112588,-1.8449528217315674
deepfloyd_if-i-xl-v1.0,56121520,-0.6522786617279053
deepfloyd_if-i-xl-v1.0,56250900,0.29285556077957153
deepfloyd_if-i-xl-v1.0,56458800,0.5632529258728027
deepfloyd_if-i-xl-v1.0,56792430,0.2663223147392273
deepfloyd_if-i-xl-v1.0,56982260,-1.6145646572113037
deepfloyd_if-i-xl-v1.0,57673976,0.5902509093284607
deepfloyd_if-i-xl-v1.0,57716963,1.328921914100647
deepfloyd_if-i-xl-v1.0,57729980,-0.671958327293396
deepfloyd_if-i-xl-v1.0,57785005,-1.8937877416610718
deepfloyd_if-i-xl-v1.0,57873614,1.464815616607666
deepfloyd_if-i-xl-v1.0,58727024,-0.5513485074043274
deepfloyd_if-i-xl-v1.0,58761464,2.4706833362579346
deepfloyd_if-i-xl-v1.0,59399259,-0.7830451130867004
deepfloyd_if-i-xl-v1.0,59976859,-0.008691666647791862
deepfloyd_if-i-xl-v1.0,60083345,-0.3855169415473938
deepfloyd_if-i-xl-v1.0,60214770,-1.0251959562301636
deepfloyd_if-i-xl-v1.0,60215376,-1.210019826889038
deepfloyd_if-i-xl-v1.0,60375309,-1.7002692222595215
deepfloyd_if-i-xl-v1.0,60606896,1.2854187488555908
deepfloyd_if-i-xl-v1.0,60668084,1.4071332216262817
deepfloyd_if-i-xl-v1.0,61035709,0.4210839569568634
deepfloyd_if-i-xl-v1.0,61388266,-1.8968571424484253
deepfloyd_if-i-xl-v1.0,61627313,0.554355263710022
deepfloyd_if-i-xl-v1.0,61635816,0.7435612082481384
deepfloyd_if-i-xl-v1.0,61853324,0.09225044399499893
deepfloyd_if-i-xl-v1.0,62408818,-0.14940457046031952
deepfloyd_if-i-xl-v1.0,62841330,0.8174636363983154
deepfloyd_if-i-xl-v1.0,63015570,-1.0303305387496948
deepfloyd_if-i-xl-v1.0,63336441,0.7486451268196106
deepfloyd_if-i-xl-v1.0,63633117,-0.49230697751045227
deepfloyd_if-i-xl-v1.0,64576544,-0.29046010971069336
deepfloyd_if-i-xl-v1.0,64687077,0.29133880138397217
deepfloyd_if-i-xl-v1.0,64693533,1.0414022207260132
deepfloyd_if-i-xl-v1.0,64856142,1.7807588577270508
deepfloyd_if-i-xl-v1.0,65411270,-0.2707109749317169
deepfloyd_if-i-xl-v1.0,65557844,1.4606153964996338
deepfloyd_if-i-xl-v1.0,65824677,-1.2462451457977295
deepfloyd_if-i-xl-v1.0,65890875,-0.6157850027084351
deepfloyd_if-i-xl-v1.0,65960228,0.0029430477879941463
deepfloyd_if-i-xl-v1.0,66668538,0.2170075625181198
deepfloyd_if-i-xl-v1.0,67344811,-1.8938531875610352
deepfloyd_if-i-xl-v1.0,67949798,1.783207893371582
deepfloyd_if-i-xl-v1.0,68246844,0.9761435389518738
deepfloyd_if-i-xl-v1.0,68280322,0.7728212475776672
deepfloyd_if-i-xl-v1.0,68321683,-0.4711169898509979
deepfloyd_if-i-xl-v1.0,68380669,-1.968875765800476
deepfloyd_if-i-xl-v1.0,68575085,1.470071792602539
deepfloyd_if-i-xl-v1.0,70380966,-0.4172167479991913
deepfloyd_if-i-xl-v1.0,70494671,1.6680946350097656
deepfloyd_if-i-xl-v1.0,71055464,-0.0036917352117598057
deepfloyd_if-i-xl-v1.0,71591839,0.1582861691713333
deepfloyd_if-i-xl-v1.0,71828875,-1.0935317277908325
deepfloyd_if-i-xl-v1.0,71910823,-0.3363247215747833
deepfloyd_if-i-xl-v1.0,71959499,-0.10827431082725525
deepfloyd_if-i-xl-v1.0,72432241,2.920555591583252
deepfloyd_if-i-xl-v1.0,72553814,0.952922523021698
deepfloyd_if-i-xl-v1.0,73051579,-1.6012561321258545
deepfloyd_if-i-xl-v1.0,73600586,-0.6752504706382751
deepfloyd_if-i-xl-v1.0,73616417,1.1304638385772705
deepfloyd_if-i-xl-v1.0,73681289,2.7516021728515625
deepfloyd_if-i-xl-v1.0,73962724,-2.106576919555664
deepfloyd_if-i-xl-v1.0,74175857,-0.434291809797287
deepfloyd_if-i-xl-v1.0,75051801,-0.24259528517723083
deepfloyd_if-i-xl-v1.0,75787772,-0.4457494020462036
deepfloyd_if-i-xl-v1.0,75944980,-0.03684020787477493
deepfloyd_if-i-xl-v1.0,75964288,0.1712135225534439
deepfloyd_if-i-xl-v1.0,76066166,-0.961757242679596
deepfloyd_if-i-xl-v1.0,76100398,-0.15239013731479645
deepfloyd_if-i-xl-v1.0,76425345,0.386616975069046
deepfloyd_if-i-xl-v1.0,77106105,-1.0006532669067383
deepfloyd_if-i-xl-v1.0,77132310,-1.5739740133285522
deepfloyd_if-i-xl-v1.0,77232534,1.2046501636505127
deepfloyd_if-i-xl-v1.0,77312726,0.15383048355579376
deepfloyd_if-i-xl-v1.0,77358840,0.15345974266529083
deepfloyd_if-i-xl-v1.0,77490593,0.5000039339065552
deepfloyd_if-i-xl-v1.0,77726888,1.5762463808059692
deepfloyd_if-i-xl-v1.0,78735978,0.13661833107471466
deepfloyd_if-i-xl-v1.0,79077085,1.555315375328064
deepfloyd_if-i-xl-v1.0,79212243,1.5398128032684326
deepfloyd_if-i-xl-v1.0,79606917,0.9873805642127991
deepfloyd_if-i-xl-v1.0,79918827,0.4985109865665436
deepfloyd_if-i-xl-v1.0,80289373,-1.5353577136993408
deepfloyd_if-i-xl-v1.0,80371125,0.35391372442245483
deepfloyd_if-i-xl-v1.0,80540387,-0.17302367091178894
deepfloyd_if-i-xl-v1.0,81135077,-0.8169804215431213
deepfloyd_if-i-xl-v1.0,81303945,1.9783294200897217
deepfloyd_if-i-xl-v1.0,81435593,-1.3614377975463867
deepfloyd_if-i-xl-v1.0,82282590,1.8286879062652588
deepfloyd_if-i-xl-v1.0,82696415,1.0312438011169434
deepfloyd_if-i-xl-v1.0,82916016,0.2856524884700775
deepfloyd_if-i-xl-v1.0,83084473,1.2675858736038208
deepfloyd_if-i-xl-v1.0,83418847,0.6555165648460388
deepfloyd_if-i-xl-v1.0,84089324,-1.96822988986969
deepfloyd_if-i-xl-v1.0,84306831,1.9673104286193848
deepfloyd_if-i-xl-v1.0,84510135,1.8814398050308228
deepfloyd_if-i-xl-v1.0,84788890,0.9198094010353088
deepfloyd_if-i-xl-v1.0,84985982,0.2694399952888489
deepfloyd_if-i-xl-v1.0,85191733,1.2447359561920166
deepfloyd_if-i-xl-v1.0,86119145,-0.11323263496160507
deepfloyd_if-i-xl-v1.0,86340862,0.5840625166893005
deepfloyd_if-i-xl-v1.0,86341828,0.1438351720571518
deepfloyd_if-i-xl-v1.0,86537356,-1.5325876474380493
deepfloyd_if-i-xl-v1.0,86701636,1.220318078994751
deepfloyd_if-i-xl-v1.0,86714939,0.030919844284653664
deepfloyd_if-i-xl-v1.0,87574583,-1.2983821630477905
deepfloyd_if-i-xl-v1.0,87699711,-0.3425585925579071
deepfloyd_if-i-xl-v1.0,88016571,-1.2797948122024536
deepfloyd_if-i-xl-v1.0,88087492,-1.4690651893615723
deepfloyd_if-i-xl-v1.0,89227603,1.2030220031738281
deepfloyd_if-i-xl-v1.0,89539854,-1.0308513641357422
deepfloyd_if-i-xl-v1.0,89926787,-0.4582238495349884
deepfloyd_if-i-xl-v1.0,90244932,-0.9576568603515625
deepfloyd_if-i-xl-v1.0,90493027,-0.9189354777336121
deepfloyd_if-i-xl-v1.0,90613035,-0.8127742409706116
deepfloyd_if-i-xl-v1.0,91368797,-0.6102962493896484
deepfloyd_if-i-xl-v1.0,91784299,-0.5175072550773621
deepfloyd_if-i-xl-v1.0,91790573,0.2731241285800934
deepfloyd_if-i-xl-v1.0,91834546,2.320357322692871
deepfloyd_if-i-xl-v1.0,92068094,1.8373304605484009
deepfloyd_if-i-xl-v1.0,92311656,-1.9180587530136108
deepfloyd_if-i-xl-v1.0,92709444,-1.5089998245239258
deepfloyd_if-i-xl-v1.0,93114575,1.022329568862915
deepfloyd_if-i-xl-v1.0,93256557,0.05483246594667435
deepfloyd_if-i-xl-v1.0,93407716,-0.40861669182777405
deepfloyd_if-i-xl-v1.0,93436296,-0.6339852213859558
deepfloyd_if-i-xl-v1.0,93512057,-0.040310077369213104
deepfloyd_if-i-xl-v1.0,94006560,-2.3936574459075928
deepfloyd_if-i-xl-v1.0,94321535,0.9725945591926575
deepfloyd_if-i-xl-v1.0,94532154,0.3112337589263916
deepfloyd_if-i-xl-v1.0,95171107,0.1986394077539444
deepfloyd_if-i-xl-v1.0,95228839,0.663456380367279
deepfloyd_if-i-xl-v1.0,95325441,0.2546725571155548
deepfloyd_if-i-xl-v1.0,95450946,0.7369925379753113
deepfloyd_if-i-xl-v1.0,95583911,1.0010812282562256
deepfloyd_if-i-xl-v1.0,95718306,-0.6129686236381531
deepfloyd_if-i-xl-v1.0,95737828,-0.6380829811096191
deepfloyd_if-i-xl-v1.0,96448597,1.0095245838165283
deepfloyd_if-i-xl-v1.0,96482065,-1.8588290214538574
deepfloyd_if-i-xl-v1.0,96521920,0.3081708550453186
deepfloyd_if-i-xl-v1.0,96850153,2.233881711959839
deepfloyd_if-i-xl-v1.0,98113191,-0.07738589495420456
deepfloyd_if-i-xl-v1.0,98195317,-1.011016607284546
deepfloyd_if-i-xl-v1.0,98254655,-0.6578774452209473
deepfloyd_if-i-xl-v1.0,98319500,0.07652529329061508
deepfloyd_if-i-xl-v1.0,98642787,0.03624660521745682
deepfloyd_if-i-xl-v1.0,98646702,1.5484651327133179
deepfloyd_if-i-xl-v1.0,98929226,-0.0915541872382164
deepfloyd_if-i-xl-v1.0,99178779,0.005965241696685553
deepfloyd_if-i-xl-v1.0,99185892,-2.0574262142181396
deepfloyd_if-i-xl-v1.0,99211012,0.17776454985141754
deepfloyd_if-i-xl-v1.0,99410560,-0.5886468291282654
deepfloyd_if-i-xl-v1.0,99862294,0.4329785406589508
pixart-alpha_pixart-sigma-xl-2-512-ms,138508,-0.60092693567276
pixart-alpha_pixart-sigma-xl-2-512-ms,192051,-0.18208329379558563
pixart-alpha_pixart-sigma-xl-2-512-ms,213186,0.17770390212535858
pixart-alpha_pixart-sigma-xl-2-512-ms,232386,-0.955308735370636
pixart-alpha_pixart-sigma-xl-2-512-ms,232765,0.7702715992927551
pixart-alpha_pixart-sigma-xl-2-512-ms,258857,-0.4112471044063568
pixart-alpha_pixart-sigma-xl-2-512-ms,283090,0.6357797384262085
pixart-alpha_pixart-sigma-xl-2-512-ms,285141,0.4027603566646576
pixart-alpha_pixart-sigma-xl-2-512-ms,399030,0.26972857117652893
pixart-alpha_pixart-sigma-xl-2-512-ms,440189,-1.0708627700805664
pixart-alpha_pixart-sigma-xl-2-512-ms,445169,-0.7608121037483215
pixart-alpha_pixart-sigma-xl-2-512-ms,486490,2.0304574966430664
pixart-alpha_pixart-sigma-xl-2-512-ms,487072,-0.48005568981170654
pixart-alpha_pixart-sigma-xl-2-512-ms,487326,1.9384881258010864
pixart-alpha_pixart-sigma-xl-2-512-ms,489837,-2.2865755558013916
pixart-alpha_pixart-sigma-xl-2-512-ms,646833,2.223463535308838
pixart-alpha_pixart-sigma-xl-2-512-ms,708860,1.4180651903152466
pixart-alpha_pixart-sigma-xl-2-512-ms,717208,1.703358769416809
pixart-alpha_pixart-sigma-xl-2-512-ms,717468,0.0879204198718071
pixart-alpha_pixart-sigma-xl-2-512-ms,735254,2.1624948978424072
pixart-alpha_pixart-sigma-xl-2-512-ms,762478,2.370938777923584
pixart-alpha_pixart-sigma-xl-2-512-ms,825443,1.9546808004379272
pixart-alpha_pixart-sigma-xl-2-512-ms,831919,0.4588530957698822
pixart-alpha_pixart-sigma-xl-2-512-ms,896677,1.6188249588012695
pixart-alpha_pixart-sigma-xl-2-512-ms,936620,0.21439047157764435
pixart-alpha_pixart-sigma-xl-2-512-ms,974367,1.5300153493881226
pixart-alpha_pixart-sigma-xl-2-512-ms,993014,0.34287163615226746
pixart-alpha_pixart-sigma-xl-2-512-ms,995855,1.0228952169418335
pixart-alpha_pixart-sigma-xl-2-512-ms,1113367,-2.103027105331421
pixart-alpha_pixart-sigma-xl-2-512-ms,1171644,1.306746006011963
pixart-alpha_pixart-sigma-xl-2-512-ms,1209135,-0.8318252563476562
pixart-alpha_pixart-sigma-xl-2-512-ms,1317294,-1.718533992767334
pixart-alpha_pixart-sigma-xl-2-512-ms,1317533,1.134511947631836
pixart-alpha_pixart-sigma-xl-2-512-ms,1321854,0.4552920460700989
pixart-alpha_pixart-sigma-xl-2-512-ms,1377758,0.4146065413951874
pixart-alpha_pixart-sigma-xl-2-512-ms,1474832,0.08263533562421799
pixart-alpha_pixart-sigma-xl-2-512-ms,1516071,1.4485443830490112
pixart-alpha_pixart-sigma-xl-2-512-ms,1566705,-0.11663224548101425
pixart-alpha_pixart-sigma-xl-2-512-ms,1640855,-1.1134803295135498
pixart-alpha_pixart-sigma-xl-2-512-ms,1668603,-0.2103194296360016
pixart-alpha_pixart-sigma-xl-2-512-ms,1678990,1.3983025550842285
pixart-alpha_pixart-sigma-xl-2-512-ms,1699831,0.3492106795310974
pixart-alpha_pixart-sigma-xl-2-512-ms,1707698,0.0909242108464241
pixart-alpha_pixart-sigma-xl-2-512-ms,1727942,1.360919713973999
pixart-alpha_pixart-sigma-xl-2-512-ms,2045760,1.671905279159546
pixart-alpha_pixart-sigma-xl-2-512-ms,2075049,-0.35163745284080505
pixart-alpha_pixart-sigma-xl-2-512-ms,2075764,0.18812158703804016
pixart-alpha_pixart-sigma-xl-2-512-ms,2241569,-0.2924971878528595
pixart-alpha_pixart-sigma-xl-2-512-ms,2720725,-0.294413685798645
pixart-alpha_pixart-sigma-xl-2-512-ms,2721160,1.093895673751831
pixart-alpha_pixart-sigma-xl-2-512-ms,2730265,1.8853950500488281
pixart-alpha_pixart-sigma-xl-2-512-ms,2744395,-0.40088221430778503
pixart-alpha_pixart-sigma-xl-2-512-ms,2770078,1.0927739143371582
pixart-alpha_pixart-sigma-xl-2-512-ms,2793684,0.27773517370224
pixart-alpha_pixart-sigma-xl-2-512-ms,2803666,0.5969967842102051
pixart-alpha_pixart-sigma-xl-2-512-ms,2807731,1.4281597137451172
pixart-alpha_pixart-sigma-xl-2-512-ms,2821943,2.2728421688079834
pixart-alpha_pixart-sigma-xl-2-512-ms,2824319,0.5450178384780884
pixart-alpha_pixart-sigma-xl-2-512-ms,2825442,0.38747915625572205
pixart-alpha_pixart-sigma-xl-2-512-ms,2852043,0.5660052299499512
pixart-alpha_pixart-sigma-xl-2-512-ms,2870293,1.9778262376785278
pixart-alpha_pixart-sigma-xl-2-512-ms,2870880,2.322270631790161
pixart-alpha_pixart-sigma-xl-2-512-ms,2923535,1.6885342597961426
pixart-alpha_pixart-sigma-xl-2-512-ms,2933112,2.7293949127197266
pixart-alpha_pixart-sigma-xl-2-512-ms,2963987,1.346596360206604
pixart-alpha_pixart-sigma-xl-2-512-ms,2991302,1.4903640747070312
pixart-alpha_pixart-sigma-xl-2-512-ms,3024209,-1.1853654384613037
pixart-alpha_pixart-sigma-xl-2-512-ms,3035832,1.4699091911315918
pixart-alpha_pixart-sigma-xl-2-512-ms,3049457,1.4877736568450928
pixart-alpha_pixart-sigma-xl-2-512-ms,3107488,-0.19093240797519684
pixart-alpha_pixart-sigma-xl-2-512-ms,3131388,1.2451798915863037
pixart-alpha_pixart-sigma-xl-2-512-ms,3131669,1.1006639003753662
pixart-alpha_pixart-sigma-xl-2-512-ms,3152830,0.4732828438282013
pixart-alpha_pixart-sigma-xl-2-512-ms,3249569,0.29501351714134216
pixart-alpha_pixart-sigma-xl-2-512-ms,3262349,1.4040734767913818
pixart-alpha_pixart-sigma-xl-2-512-ms,3288500,1.8981653451919556
pixart-alpha_pixart-sigma-xl-2-512-ms,3298716,1.5852086544036865
pixart-alpha_pixart-sigma-xl-2-512-ms,3308246,-0.5200601816177368
pixart-alpha_pixart-sigma-xl-2-512-ms,3309110,-0.7370132803916931
pixart-alpha_pixart-sigma-xl-2-512-ms,3347220,0.25590547919273376
pixart-alpha_pixart-sigma-xl-2-512-ms,3353281,1.8926312923431396
pixart-alpha_pixart-sigma-xl-2-512-ms,3366112,-0.028134575113654137
pixart-alpha_pixart-sigma-xl-2-512-ms,3411927,1.1926324367523193
pixart-alpha_pixart-sigma-xl-2-512-ms,3456665,-0.08930972963571548
pixart-alpha_pixart-sigma-xl-2-512-ms,3563208,0.7897176146507263
pixart-alpha_pixart-sigma-xl-2-512-ms,3580281,-0.32946696877479553
pixart-alpha_pixart-sigma-xl-2-512-ms,3603442,0.02767821215093136
pixart-alpha_pixart-sigma-xl-2-512-ms,3607029,0.07253056019544601
pixart-alpha_pixart-sigma-xl-2-512-ms,3628071,-1.4085615873336792
pixart-alpha_pixart-sigma-xl-2-512-ms,3630383,2.222776174545288
pixart-alpha_pixart-sigma-xl-2-512-ms,3676483,-0.4693145751953125
pixart-alpha_pixart-sigma-xl-2-512-ms,3679712,1.1380914449691772
pixart-alpha_pixart-sigma-xl-2-512-ms,3685307,0.35780438780784607
pixart-alpha_pixart-sigma-xl-2-512-ms,3703463,0.027287716045975685
pixart-alpha_pixart-sigma-xl-2-512-ms,3714235,0.4530732333660126
pixart-alpha_pixart-sigma-xl-2-512-ms,3728318,1.1223223209381104
pixart-alpha_pixart-sigma-xl-2-512-ms,3748162,1.2465803623199463
pixart-alpha_pixart-sigma-xl-2-512-ms,3764276,-0.695169985294342
pixart-alpha_pixart-sigma-xl-2-512-ms,3818090,-0.5819734930992126
pixart-alpha_pixart-sigma-xl-2-512-ms,3842156,1.727348804473877
pixart-alpha_pixart-sigma-xl-2-512-ms,3880032,1.516787052154541
pixart-alpha_pixart-sigma-xl-2-512-ms,3889343,2.0862748622894287
pixart-alpha_pixart-sigma-xl-2-512-ms,3907654,1.7819136381149292
pixart-alpha_pixart-sigma-xl-2-512-ms,3940713,1.6569886207580566
pixart-alpha_pixart-sigma-xl-2-512-ms,3975232,-0.21466778218746185
pixart-alpha_pixart-sigma-xl-2-512-ms,3982060,0.2374320924282074
pixart-alpha_pixart-sigma-xl-2-512-ms,3990474,1.5334616899490356
pixart-alpha_pixart-sigma-xl-2-512-ms,4010305,1.7531555891036987
pixart-alpha_pixart-sigma-xl-2-512-ms,4025130,0.8591221570968628
pixart-alpha_pixart-sigma-xl-2-512-ms,4062807,-0.12267904728651047
pixart-alpha_pixart-sigma-xl-2-512-ms,4123448,0.1325349658727646
pixart-alpha_pixart-sigma-xl-2-512-ms,4125853,0.4752427935600281
pixart-alpha_pixart-sigma-xl-2-512-ms,4140340,-0.5455045104026794
pixart-alpha_pixart-sigma-xl-2-512-ms,4145056,0.7956764698028564
pixart-alpha_pixart-sigma-xl-2-512-ms,4192521,1.7810276746749878
pixart-alpha_pixart-sigma-xl-2-512-ms,4259202,0.4219299852848053
pixart-alpha_pixart-sigma-xl-2-512-ms,4285773,1.8799729347229004
pixart-alpha_pixart-sigma-xl-2-512-ms,4345028,1.4874006509780884
pixart-alpha_pixart-sigma-xl-2-512-ms,4387201,0.5703557729721069
pixart-alpha_pixart-sigma-xl-2-512-ms,4416901,-1.48275887966156
pixart-alpha_pixart-sigma-xl-2-512-ms,4455579,1.231677532196045
pixart-alpha_pixart-sigma-xl-2-512-ms,4497570,0.9373972415924072
pixart-alpha_pixart-sigma-xl-2-512-ms,4534520,-0.4830547571182251
pixart-alpha_pixart-sigma-xl-2-512-ms,4539203,0.21420811116695404
pixart-alpha_pixart-sigma-xl-2-512-ms,4552551,2.305234909057617
pixart-alpha_pixart-sigma-xl-2-512-ms,4596797,1.1625620126724243
pixart-alpha_pixart-sigma-xl-2-512-ms,4832208,0.27007588744163513
pixart-alpha_pixart-sigma-xl-2-512-ms,4930139,1.9441838264465332
pixart-alpha_pixart-sigma-xl-2-512-ms,5008085,-0.043932124972343445
pixart-alpha_pixart-sigma-xl-2-512-ms,5219923,0.24647967517375946
pixart-alpha_pixart-sigma-xl-2-512-ms,5316083,0.019113460555672646
pixart-alpha_pixart-sigma-xl-2-512-ms,5350912,1.577643632888794
pixart-alpha_pixart-sigma-xl-2-512-ms,5374860,-1.2265998125076294
pixart-alpha_pixart-sigma-xl-2-512-ms,5410315,0.5372924208641052
pixart-alpha_pixart-sigma-xl-2-512-ms,5522784,-0.8964877128601074
pixart-alpha_pixart-sigma-xl-2-512-ms,5728577,-0.653657853603363
pixart-alpha_pixart-sigma-xl-2-512-ms,5752544,1.231914758682251
pixart-alpha_pixart-sigma-xl-2-512-ms,5794797,-0.2532374858856201
pixart-alpha_pixart-sigma-xl-2-512-ms,5895919,1.879326343536377
pixart-alpha_pixart-sigma-xl-2-512-ms,5958517,0.06157510727643967
pixart-alpha_pixart-sigma-xl-2-512-ms,6189776,0.942476212978363
pixart-alpha_pixart-sigma-xl-2-512-ms,6528587,0.538007915019989
pixart-alpha_pixart-sigma-xl-2-512-ms,6584891,-0.44735458493232727
pixart-alpha_pixart-sigma-xl-2-512-ms,6586355,0.6281790733337402
pixart-alpha_pixart-sigma-xl-2-512-ms,6607809,-0.4684882164001465
pixart-alpha_pixart-sigma-xl-2-512-ms,6615026,0.21184225380420685
pixart-alpha_pixart-sigma-xl-2-512-ms,6615458,-0.1275244504213333
pixart-alpha_pixart-sigma-xl-2-512-ms,6615818,-0.6192741394042969
pixart-alpha_pixart-sigma-xl-2-512-ms,6616314,-0.06381205469369888
pixart-alpha_pixart-sigma-xl-2-512-ms,6617011,0.722521960735321
pixart-alpha_pixart-sigma-xl-2-512-ms,6617413,-0.1598530113697052
pixart-alpha_pixart-sigma-xl-2-512-ms,6729499,1.3277827501296997
pixart-alpha_pixart-sigma-xl-2-512-ms,6880664,-1.0054447650909424
pixart-alpha_pixart-sigma-xl-2-512-ms,6883725,-1.1659951210021973
pixart-alpha_pixart-sigma-xl-2-512-ms,6946774,0.1379183977842331
pixart-alpha_pixart-sigma-xl-2-512-ms,7025268,0.8074869513511658
pixart-alpha_pixart-sigma-xl-2-512-ms,7109847,0.6923730969429016
pixart-alpha_pixart-sigma-xl-2-512-ms,7116261,0.438542902469635
pixart-alpha_pixart-sigma-xl-2-512-ms,7150023,1.3914779424667358
pixart-alpha_pixart-sigma-xl-2-512-ms,7163803,0.5580946207046509
pixart-alpha_pixart-sigma-xl-2-512-ms,7507098,1.7476975917816162
pixart-alpha_pixart-sigma-xl-2-512-ms,7596684,1.4570634365081787
pixart-alpha_pixart-sigma-xl-2-512-ms,7597365,1.5979458093643188
pixart-alpha_pixart-sigma-xl-2-512-ms,7601809,1.5753155946731567
pixart-alpha_pixart-sigma-xl-2-512-ms,7605282,-0.5555066466331482
pixart-alpha_pixart-sigma-xl-2-512-ms,7606419,2.1771023273468018
pixart-alpha_pixart-sigma-xl-2-512-ms,7607707,1.1877249479293823
pixart-alpha_pixart-sigma-xl-2-512-ms,7608721,1.6446486711502075
pixart-alpha_pixart-sigma-xl-2-512-ms,7625977,2.284806251525879
pixart-alpha_pixart-sigma-xl-2-512-ms,7626721,1.619728446006775
pixart-alpha_pixart-sigma-xl-2-512-ms,7626833,1.3851137161254883
pixart-alpha_pixart-sigma-xl-2-512-ms,7627310,1.6072566509246826
pixart-alpha_pixart-sigma-xl-2-512-ms,7651454,2.0286672115325928
pixart-alpha_pixart-sigma-xl-2-512-ms,7654438,1.6069486141204834
pixart-alpha_pixart-sigma-xl-2-512-ms,7664468,2.358562707901001
pixart-alpha_pixart-sigma-xl-2-512-ms,7698915,-0.9659932255744934
pixart-alpha_pixart-sigma-xl-2-512-ms,7700167,0.6702760457992554
pixart-alpha_pixart-sigma-xl-2-512-ms,7700868,0.1282774806022644
pixart-alpha_pixart-sigma-xl-2-512-ms,7701244,0.7196579575538635
pixart-alpha_pixart-sigma-xl-2-512-ms,7702193,1.5325950384140015
pixart-alpha_pixart-sigma-xl-2-512-ms,7710616,0.677632749080658
pixart-alpha_pixart-sigma-xl-2-512-ms,7834065,0.9853297472000122
pixart-alpha_pixart-sigma-xl-2-512-ms,7854266,0.22913910448551178
pixart-alpha_pixart-sigma-xl-2-512-ms,7854455,0.7690669894218445
pixart-alpha_pixart-sigma-xl-2-512-ms,7871940,1.0387645959854126
pixart-alpha_pixart-sigma-xl-2-512-ms,7891189,1.1635414361953735
pixart-alpha_pixart-sigma-xl-2-512-ms,7897116,0.6389650106430054
pixart-alpha_pixart-sigma-xl-2-512-ms,7914271,1.9603252410888672
pixart-alpha_pixart-sigma-xl-2-512-ms,7922764,1.201773762702942
pixart-alpha_pixart-sigma-xl-2-512-ms,7929519,2.004613161087036
pixart-alpha_pixart-sigma-xl-2-512-ms,7933274,1.1391663551330566
pixart-alpha_pixart-sigma-xl-2-512-ms,7933530,1.3854329586029053
pixart-alpha_pixart-sigma-xl-2-512-ms,8089797,0.8798925876617432
pixart-alpha_pixart-sigma-xl-2-512-ms,8095160,2.1012957096099854
pixart-alpha_pixart-sigma-xl-2-512-ms,8124208,2.078613042831421
pixart-alpha_pixart-sigma-xl-2-512-ms,8339939,1.3078553676605225
pixart-alpha_pixart-sigma-xl-2-512-ms,8876291,1.5874313116073608
pixart-alpha_pixart-sigma-xl-2-512-ms,9020389,0.2970043122768402
pixart-alpha_pixart-sigma-xl-2-512-ms,9044146,-0.7500616312026978
pixart-alpha_pixart-sigma-xl-2-512-ms,9057052,0.7207862734794617
pixart-alpha_pixart-sigma-xl-2-512-ms,9427682,1.2675870656967163
pixart-alpha_pixart-sigma-xl-2-512-ms,9580065,2.0239553451538086
pixart-alpha_pixart-sigma-xl-2-512-ms,9719434,1.3211175203323364
pixart-alpha_pixart-sigma-xl-2-512-ms,9793248,1.2392959594726562
pixart-alpha_pixart-sigma-xl-2-512-ms,9794211,0.9430367350578308
pixart-alpha_pixart-sigma-xl-2-512-ms,9862621,1.1610561609268188
pixart-alpha_pixart-sigma-xl-2-512-ms,9875188,1.1618578433990479
pixart-alpha_pixart-sigma-xl-2-512-ms,9984659,1.0822038650512695
pixart-alpha_pixart-sigma-xl-2-512-ms,10012874,-0.888906717300415
pixart-alpha_pixart-sigma-xl-2-512-ms,10024569,-0.2610827684402466
pixart-alpha_pixart-sigma-xl-2-512-ms,10080493,0.7612331509590149
pixart-alpha_pixart-sigma-xl-2-512-ms,10106452,-0.1590740829706192
pixart-alpha_pixart-sigma-xl-2-512-ms,10198409,0.08867914229631424
pixart-alpha_pixart-sigma-xl-2-512-ms,10333317,1.2473522424697876
pixart-alpha_pixart-sigma-xl-2-512-ms,10408552,0.6372002959251404
pixart-alpha_pixart-sigma-xl-2-512-ms,10444677,-0.22093811631202698
pixart-alpha_pixart-sigma-xl-2-512-ms,10453357,0.42273807525634766
pixart-alpha_pixart-sigma-xl-2-512-ms,10548623,1.6241925954818726
pixart-alpha_pixart-sigma-xl-2-512-ms,10572128,0.7352949976921082
pixart-alpha_pixart-sigma-xl-2-512-ms,10794014,1.5441499948501587
pixart-alpha_pixart-sigma-xl-2-512-ms,10939743,0.037511326372623444
pixart-alpha_pixart-sigma-xl-2-512-ms,11039909,0.7876921892166138
pixart-alpha_pixart-sigma-xl-2-512-ms,11334088,-0.3279847800731659
pixart-alpha_pixart-sigma-xl-2-512-ms,11417672,0.47278568148612976
pixart-alpha_pixart-sigma-xl-2-512-ms,11437577,-0.2879389524459839
pixart-alpha_pixart-sigma-xl-2-512-ms,11460338,0.33625543117523193
pixart-alpha_pixart-sigma-xl-2-512-ms,12345739,-0.9895339012145996
pixart-alpha_pixart-sigma-xl-2-512-ms,12402348,-0.933427631855011
pixart-alpha_pixart-sigma-xl-2-512-ms,13221529,-1.7251651287078857
pixart-alpha_pixart-sigma-xl-2-512-ms,13290566,1.091519832611084
pixart-alpha_pixart-sigma-xl-2-512-ms,13389475,0.31386467814445496
pixart-alpha_pixart-sigma-xl-2-512-ms,13390139,-0.9723523855209351
pixart-alpha_pixart-sigma-xl-2-512-ms,13390405,-1.2503528594970703
pixart-alpha_pixart-sigma-xl-2-512-ms,13392786,-1.1740213632583618
pixart-alpha_pixart-sigma-xl-2-512-ms,13649361,0.8905770778656006
pixart-alpha_pixart-sigma-xl-2-512-ms,13716878,-0.1777997761964798
pixart-alpha_pixart-sigma-xl-2-512-ms,13884740,-0.0007715136744081974
pixart-alpha_pixart-sigma-xl-2-512-ms,13915305,0.775013267993927
pixart-alpha_pixart-sigma-xl-2-512-ms,13931145,2.4085795879364014
pixart-alpha_pixart-sigma-xl-2-512-ms,13984082,1.4484814405441284
pixart-alpha_pixart-sigma-xl-2-512-ms,14140678,-0.22264118492603302
pixart-alpha_pixart-sigma-xl-2-512-ms,14195315,-0.08144285529851913
pixart-alpha_pixart-sigma-xl-2-512-ms,14294568,1.474365472793579
pixart-alpha_pixart-sigma-xl-2-512-ms,14320813,1.0314539670944214
pixart-alpha_pixart-sigma-xl-2-512-ms,14360436,0.35134825110435486
pixart-alpha_pixart-sigma-xl-2-512-ms,14488317,2.0164647102355957
pixart-alpha_pixart-sigma-xl-2-512-ms,14533937,-0.23409007489681244
pixart-alpha_pixart-sigma-xl-2-512-ms,14550987,0.5656560659408569
pixart-alpha_pixart-sigma-xl-2-512-ms,14579933,0.04280155152082443
pixart-alpha_pixart-sigma-xl-2-512-ms,14606290,1.775891900062561
pixart-alpha_pixart-sigma-xl-2-512-ms,14620257,0.03951885551214218
pixart-alpha_pixart-sigma-xl-2-512-ms,14632648,0.4005184471607208
pixart-alpha_pixart-sigma-xl-2-512-ms,14647235,-0.29745879769325256
pixart-alpha_pixart-sigma-xl-2-512-ms,14654954,0.9673865437507629
pixart-alpha_pixart-sigma-xl-2-512-ms,14686352,-0.02697271667420864
pixart-alpha_pixart-sigma-xl-2-512-ms,14702875,0.5635228753089905
pixart-alpha_pixart-sigma-xl-2-512-ms,14703190,-0.32298070192337036
pixart-alpha_pixart-sigma-xl-2-512-ms,14807929,0.451102614402771
pixart-alpha_pixart-sigma-xl-2-512-ms,14809057,0.12462752312421799
pixart-alpha_pixart-sigma-xl-2-512-ms,14867690,1.1085999011993408
pixart-alpha_pixart-sigma-xl-2-512-ms,14872875,-0.4649243652820587
pixart-alpha_pixart-sigma-xl-2-512-ms,14880557,0.18884794414043427
pixart-alpha_pixart-sigma-xl-2-512-ms,14894140,0.6867138743400574
pixart-alpha_pixart-sigma-xl-2-512-ms,15180934,1.6235108375549316
pixart-alpha_pixart-sigma-xl-2-512-ms,15970145,2.5517797470092773
pixart-alpha_pixart-sigma-xl-2-512-ms,17002912,1.0561585426330566
pixart-alpha_pixart-sigma-xl-2-512-ms,17012379,0.0981416404247284
pixart-alpha_pixart-sigma-xl-2-512-ms,17282800,-0.7258487939834595
pixart-alpha_pixart-sigma-xl-2-512-ms,17925539,0.9965811371803284
pixart-alpha_pixart-sigma-xl-2-512-ms,18367104,1.4272401332855225
pixart-alpha_pixart-sigma-xl-2-512-ms,18758723,0.02484162338078022
pixart-alpha_pixart-sigma-xl-2-512-ms,19143128,-0.34062865376472473
pixart-alpha_pixart-sigma-xl-2-512-ms,19671124,-0.6295773386955261
pixart-alpha_pixart-sigma-xl-2-512-ms,19855707,-0.28609269857406616
pixart-alpha_pixart-sigma-xl-2-512-ms,19893872,0.6094360947608948
pixart-alpha_pixart-sigma-xl-2-512-ms,20017667,0.4712628126144409
pixart-alpha_pixart-sigma-xl-2-512-ms,20128079,0.7751487493515015
pixart-alpha_pixart-sigma-xl-2-512-ms,20471134,-0.8427850008010864
pixart-alpha_pixart-sigma-xl-2-512-ms,20495093,1.307762622833252
pixart-alpha_pixart-sigma-xl-2-512-ms,20782430,-0.7521912455558777
pixart-alpha_pixart-sigma-xl-2-512-ms,21377549,0.18344536423683167
pixart-alpha_pixart-sigma-xl-2-512-ms,21564446,0.22595758736133575
pixart-alpha_pixart-sigma-xl-2-512-ms,21620388,2.3099164962768555
pixart-alpha_pixart-sigma-xl-2-512-ms,22149540,0.13976694643497467
pixart-alpha_pixart-sigma-xl-2-512-ms,22738759,1.3968243598937988
pixart-alpha_pixart-sigma-xl-2-512-ms,22767176,0.28391218185424805
pixart-alpha_pixart-sigma-xl-2-512-ms,23129661,-0.11126451939344406
pixart-alpha_pixart-sigma-xl-2-512-ms,23185551,-0.15847082436084747
pixart-alpha_pixart-sigma-xl-2-512-ms,23232427,-1.0362825393676758
pixart-alpha_pixart-sigma-xl-2-512-ms,23257851,-1.390256643295288
pixart-alpha_pixart-sigma-xl-2-512-ms,23620789,2.2242236137390137
pixart-alpha_pixart-sigma-xl-2-512-ms,24808131,0.23053279519081116
pixart-alpha_pixart-sigma-xl-2-512-ms,24843217,0.01700598932802677
pixart-alpha_pixart-sigma-xl-2-512-ms,24933378,0.7497421503067017
pixart-alpha_pixart-sigma-xl-2-512-ms,24942232,1.7290115356445312
pixart-alpha_pixart-sigma-xl-2-512-ms,25290589,1.4533379077911377
pixart-alpha_pixart-sigma-xl-2-512-ms,25579216,0.3721744120121002
pixart-alpha_pixart-sigma-xl-2-512-ms,25685207,0.6198702454566956
pixart-alpha_pixart-sigma-xl-2-512-ms,25776594,-0.5981212258338928
pixart-alpha_pixart-sigma-xl-2-512-ms,26078214,0.3836037516593933
pixart-alpha_pixart-sigma-xl-2-512-ms,26746434,0.9824897646903992
pixart-alpha_pixart-sigma-xl-2-512-ms,26998039,1.1260935068130493
pixart-alpha_pixart-sigma-xl-2-512-ms,27106238,2.0812811851501465
pixart-alpha_pixart-sigma-xl-2-512-ms,27246777,0.5435206294059753
pixart-alpha_pixart-sigma-xl-2-512-ms,27768637,1.6368741989135742
pixart-alpha_pixart-sigma-xl-2-512-ms,27871992,1.5759198665618896
pixart-alpha_pixart-sigma-xl-2-512-ms,28190972,1.2200781106948853
pixart-alpha_pixart-sigma-xl-2-512-ms,29094321,0.02372192032635212
pixart-alpha_pixart-sigma-xl-2-512-ms,29148617,1.1812117099761963
pixart-alpha_pixart-sigma-xl-2-512-ms,29161294,-0.17064280807971954
pixart-alpha_pixart-sigma-xl-2-512-ms,29632917,0.41313105821609497
pixart-alpha_pixart-sigma-xl-2-512-ms,29703209,-0.549956202507019
pixart-alpha_pixart-sigma-xl-2-512-ms,29779486,-0.35213959217071533
pixart-alpha_pixart-sigma-xl-2-512-ms,30028757,0.7178680300712585
pixart-alpha_pixart-sigma-xl-2-512-ms,30225071,0.509969174861908
pixart-alpha_pixart-sigma-xl-2-512-ms,30373565,0.0041068545542657375
pixart-alpha_pixart-sigma-xl-2-512-ms,30484086,0.15961302816867828
pixart-alpha_pixart-sigma-xl-2-512-ms,30883080,0.1856510490179062
pixart-alpha_pixart-sigma-xl-2-512-ms,31114750,2.3374621868133545
pixart-alpha_pixart-sigma-xl-2-512-ms,31196176,-1.5109134912490845
pixart-alpha_pixart-sigma-xl-2-512-ms,31391857,1.0523399114608765
pixart-alpha_pixart-sigma-xl-2-512-ms,31595142,2.379528284072876
pixart-alpha_pixart-sigma-xl-2-512-ms,32152786,1.031250238418579
pixart-alpha_pixart-sigma-xl-2-512-ms,32327818,-1.323828101158142
pixart-alpha_pixart-sigma-xl-2-512-ms,32379732,1.5552035570144653
pixart-alpha_pixart-sigma-xl-2-512-ms,32473966,-1.3168482780456543
pixart-alpha_pixart-sigma-xl-2-512-ms,32902730,1.4069384336471558
pixart-alpha_pixart-sigma-xl-2-512-ms,32932491,-0.1564020812511444
pixart-alpha_pixart-sigma-xl-2-512-ms,33006578,1.6131221055984497
pixart-alpha_pixart-sigma-xl-2-512-ms,33478721,1.284906268119812
pixart-alpha_pixart-sigma-xl-2-512-ms,34475997,-1.6194390058517456
pixart-alpha_pixart-sigma-xl-2-512-ms,34578737,1.0942561626434326
pixart-alpha_pixart-sigma-xl-2-512-ms,34773230,-0.35815998911857605
pixart-alpha_pixart-sigma-xl-2-512-ms,36507085,2.1556246280670166
pixart-alpha_pixart-sigma-xl-2-512-ms,36678439,0.4724106192588806
pixart-alpha_pixart-sigma-xl-2-512-ms,37287360,1.0832215547561646
pixart-alpha_pixart-sigma-xl-2-512-ms,37319253,-0.7315008044242859
pixart-alpha_pixart-sigma-xl-2-512-ms,37547870,1.7485568523406982
pixart-alpha_pixart-sigma-xl-2-512-ms,37736408,1.5698256492614746
pixart-alpha_pixart-sigma-xl-2-512-ms,38014258,-0.4712010324001312
pixart-alpha_pixart-sigma-xl-2-512-ms,38297191,1.848067283630371
pixart-alpha_pixart-sigma-xl-2-512-ms,38402744,0.7158465385437012
pixart-alpha_pixart-sigma-xl-2-512-ms,38954086,-0.7302247285842896
pixart-alpha_pixart-sigma-xl-2-512-ms,39139190,0.7914072871208191
pixart-alpha_pixart-sigma-xl-2-512-ms,39560404,-0.8256259560585022
pixart-alpha_pixart-sigma-xl-2-512-ms,39566065,1.4241585731506348
pixart-alpha_pixart-sigma-xl-2-512-ms,39595218,1.9220103025436401
pixart-alpha_pixart-sigma-xl-2-512-ms,40825299,-0.9991685748100281
pixart-alpha_pixart-sigma-xl-2-512-ms,40945115,-1.1357749700546265
pixart-alpha_pixart-sigma-xl-2-512-ms,40995095,-0.05773331969976425
pixart-alpha_pixart-sigma-xl-2-512-ms,41015844,0.637317955493927
pixart-alpha_pixart-sigma-xl-2-512-ms,41031648,0.2156475931406021
pixart-alpha_pixart-sigma-xl-2-512-ms,41161074,-0.24287647008895874
pixart-alpha_pixart-sigma-xl-2-512-ms,41458919,0.5780271887779236
pixart-alpha_pixart-sigma-xl-2-512-ms,41565779,0.5893478393554688
pixart-alpha_pixart-sigma-xl-2-512-ms,41766391,-0.7164309620857239
pixart-alpha_pixart-sigma-xl-2-512-ms,41982710,0.6264609098434448
pixart-alpha_pixart-sigma-xl-2-512-ms,42048260,0.49259212613105774
pixart-alpha_pixart-sigma-xl-2-512-ms,42849420,-0.46233394742012024
pixart-alpha_pixart-sigma-xl-2-512-ms,42931583,0.9082251191139221
pixart-alpha_pixart-sigma-xl-2-512-ms,43060946,0.18324856460094452
pixart-alpha_pixart-sigma-xl-2-512-ms,43153800,1.7587506771087646
pixart-alpha_pixart-sigma-xl-2-512-ms,43161384,1.1860793828964233
pixart-alpha_pixart-sigma-xl-2-512-ms,43301379,2.4358932971954346
pixart-alpha_pixart-sigma-xl-2-512-ms,43304323,0.560937225818634
pixart-alpha_pixart-sigma-xl-2-512-ms,43367797,0.3920431435108185
pixart-alpha_pixart-sigma-xl-2-512-ms,43431032,1.6491575241088867
pixart-alpha_pixart-sigma-xl-2-512-ms,43631801,-1.4876954555511475
pixart-alpha_pixart-sigma-xl-2-512-ms,43735560,-0.5296218395233154
pixart-alpha_pixart-sigma-xl-2-512-ms,43858443,2.5582728385925293
pixart-alpha_pixart-sigma-xl-2-512-ms,43918624,-0.4989602267742157
pixart-alpha_pixart-sigma-xl-2-512-ms,44280552,-0.8607116937637329
pixart-alpha_pixart-sigma-xl-2-512-ms,44295589,1.4158728122711182
pixart-alpha_pixart-sigma-xl-2-512-ms,44621915,1.5821115970611572
pixart-alpha_pixart-sigma-xl-2-512-ms,44645737,1.8052483797073364
pixart-alpha_pixart-sigma-xl-2-512-ms,44838123,-0.5146209001541138
pixart-alpha_pixart-sigma-xl-2-512-ms,45258070,-0.8324883580207825
pixart-alpha_pixart-sigma-xl-2-512-ms,45297641,0.36270928382873535
pixart-alpha_pixart-sigma-xl-2-512-ms,45418454,1.6762449741363525
pixart-alpha_pixart-sigma-xl-2-512-ms,45564900,0.50201416015625
pixart-alpha_pixart-sigma-xl-2-512-ms,46150029,0.8261176943778992
pixart-alpha_pixart-sigma-xl-2-512-ms,46394736,-2.1293046474456787
pixart-alpha_pixart-sigma-xl-2-512-ms,46673664,1.8311246633529663
pixart-alpha_pixart-sigma-xl-2-512-ms,46994920,-0.6799845099449158
pixart-alpha_pixart-sigma-xl-2-512-ms,47009060,1.6246918439865112
pixart-alpha_pixart-sigma-xl-2-512-ms,47552953,1.6905384063720703
pixart-alpha_pixart-sigma-xl-2-512-ms,47595220,2.163846492767334
pixart-alpha_pixart-sigma-xl-2-512-ms,47819321,0.7380630373954773
pixart-alpha_pixart-sigma-xl-2-512-ms,48223384,0.945248544216156
pixart-alpha_pixart-sigma-xl-2-512-ms,48351897,-0.6085272431373596
pixart-alpha_pixart-sigma-xl-2-512-ms,48754831,0.23432570695877075
pixart-alpha_pixart-sigma-xl-2-512-ms,49054805,1.4911142587661743
pixart-alpha_pixart-sigma-xl-2-512-ms,49089576,1.3804717063903809
pixart-alpha_pixart-sigma-xl-2-512-ms,49300740,1.6113462448120117
pixart-alpha_pixart-sigma-xl-2-512-ms,49358811,1.2055091857910156
pixart-alpha_pixart-sigma-xl-2-512-ms,49462954,-1.6019437313079834
pixart-alpha_pixart-sigma-xl-2-512-ms,50262859,0.38603419065475464
pixart-alpha_pixart-sigma-xl-2-512-ms,50871471,0.689287006855011
pixart-alpha_pixart-sigma-xl-2-512-ms,50952217,-1.3741283416748047
pixart-alpha_pixart-sigma-xl-2-512-ms,51060824,0.8067342638969421
pixart-alpha_pixart-sigma-xl-2-512-ms,51314050,0.044324539601802826
pixart-alpha_pixart-sigma-xl-2-512-ms,51946990,-0.1791917085647583
pixart-alpha_pixart-sigma-xl-2-512-ms,52325745,0.6393241882324219
pixart-alpha_pixart-sigma-xl-2-512-ms,52474100,1.146578311920166
pixart-alpha_pixart-sigma-xl-2-512-ms,52516409,-0.6077338457107544
pixart-alpha_pixart-sigma-xl-2-512-ms,52711595,0.42328980565071106
pixart-alpha_pixart-sigma-xl-2-512-ms,53022028,1.1646970510482788
pixart-alpha_pixart-sigma-xl-2-512-ms,53205877,1.5137057304382324
pixart-alpha_pixart-sigma-xl-2-512-ms,53288018,0.7514339089393616
pixart-alpha_pixart-sigma-xl-2-512-ms,53443611,2.0611021518707275
pixart-alpha_pixart-sigma-xl-2-512-ms,53815934,0.24458493292331696
pixart-alpha_pixart-sigma-xl-2-512-ms,54495173,2.251465320587158
pixart-alpha_pixart-sigma-xl-2-512-ms,54931507,0.49476394057273865
pixart-alpha_pixart-sigma-xl-2-512-ms,55191509,0.5839322209358215
pixart-alpha_pixart-sigma-xl-2-512-ms,55255145,1.4006036520004272
pixart-alpha_pixart-sigma-xl-2-512-ms,55457672,2.1765964031219482
pixart-alpha_pixart-sigma-xl-2-512-ms,55588327,0.16884106397628784
pixart-alpha_pixart-sigma-xl-2-512-ms,55653646,1.3736152648925781
pixart-alpha_pixart-sigma-xl-2-512-ms,55658809,0.6913999915122986
pixart-alpha_pixart-sigma-xl-2-512-ms,55812974,0.6628158688545227
pixart-alpha_pixart-sigma-xl-2-512-ms,55819553,1.0594300031661987
pixart-alpha_pixart-sigma-xl-2-512-ms,55826966,0.8474658131599426
pixart-alpha_pixart-sigma-xl-2-512-ms,55983905,0.7581629157066345
pixart-alpha_pixart-sigma-xl-2-512-ms,56074056,1.8291244506835938
pixart-alpha_pixart-sigma-xl-2-512-ms,56112588,-0.7221211194992065
pixart-alpha_pixart-sigma-xl-2-512-ms,56121520,-0.24878455698490143
pixart-alpha_pixart-sigma-xl-2-512-ms,56250900,-0.9092174172401428
pixart-alpha_pixart-sigma-xl-2-512-ms,56458800,-0.15409331023693085
pixart-alpha_pixart-sigma-xl-2-512-ms,56792430,-0.26002994179725647
pixart-alpha_pixart-sigma-xl-2-512-ms,56982260,-0.07583601027727127
pixart-alpha_pixart-sigma-xl-2-512-ms,57673976,0.4787455201148987
pixart-alpha_pixart-sigma-xl-2-512-ms,57716963,1.9110015630722046
pixart-alpha_pixart-sigma-xl-2-512-ms,57729980,1.7133488655090332
pixart-alpha_pixart-sigma-xl-2-512-ms,57785005,-0.13907191157341003
pixart-alpha_pixart-sigma-xl-2-512-ms,57873614,0.34268927574157715
pixart-alpha_pixart-sigma-xl-2-512-ms,58727024,-1.2895722389221191
pixart-alpha_pixart-sigma-xl-2-512-ms,58761464,2.9241597652435303
pixart-alpha_pixart-sigma-xl-2-512-ms,59399259,0.6756395697593689
pixart-alpha_pixart-sigma-xl-2-512-ms,59976859,0.8495271801948547
pixart-alpha_pixart-sigma-xl-2-512-ms,60083345,-0.5917890071868896
pixart-alpha_pixart-sigma-xl-2-512-ms,60214770,-0.45493319630622864
pixart-alpha_pixart-sigma-xl-2-512-ms,60215376,-0.5760968327522278
pixart-alpha_pixart-sigma-xl-2-512-ms,60375309,-0.26330095529556274
pixart-alpha_pixart-sigma-xl-2-512-ms,60606896,1.4569611549377441
pixart-alpha_pixart-sigma-xl-2-512-ms,60668084,2.895728826522827
pixart-alpha_pixart-sigma-xl-2-512-ms,61035709,1.6876009702682495
pixart-alpha_pixart-sigma-xl-2-512-ms,61388266,0.12258944660425186
pixart-alpha_pixart-sigma-xl-2-512-ms,61627313,2.810842752456665
pixart-alpha_pixart-sigma-xl-2-512-ms,61635816,1.4749987125396729
pixart-alpha_pixart-sigma-xl-2-512-ms,61853324,0.30406489968299866
pixart-alpha_pixart-sigma-xl-2-512-ms,62408818,2.253626585006714
pixart-alpha_pixart-sigma-xl-2-512-ms,62841330,1.2835052013397217
pixart-alpha_pixart-sigma-xl-2-512-ms,63015570,1.6004887819290161
pixart-alpha_pixart-sigma-xl-2-512-ms,63336441,0.3620332181453705
pixart-alpha_pixart-sigma-xl-2-512-ms,63633117,1.955700397491455
pixart-alpha_pixart-sigma-xl-2-512-ms,64576544,0.2795262932777405
pixart-alpha_pixart-sigma-xl-2-512-ms,64687077,0.8145044445991516
pixart-alpha_pixart-sigma-xl-2-512-ms,64693533,0.009585799649357796
pixart-alpha_pixart-sigma-xl-2-512-ms,64856142,0.5219480991363525
pixart-alpha_pixart-sigma-xl-2-512-ms,65411270,1.127699613571167
pixart-alpha_pixart-sigma-xl-2-512-ms,65557844,2.143742799758911
pixart-alpha_pixart-sigma-xl-2-512-ms,65824677,-1.0348374843597412
pixart-alpha_pixart-sigma-xl-2-512-ms,65890875,2.654210329055786
pixart-alpha_pixart-sigma-xl-2-512-ms,65960228,0.09768347442150116
pixart-alpha_pixart-sigma-xl-2-512-ms,66668538,-0.9050219655036926
pixart-alpha_pixart-sigma-xl-2-512-ms,67344811,-0.020165404304862022
pixart-alpha_pixart-sigma-xl-2-512-ms,67949798,2.461439371109009
pixart-alpha_pixart-sigma-xl-2-512-ms,68246844,0.35962429642677307
pixart-alpha_pixart-sigma-xl-2-512-ms,68280322,-0.6789952516555786
pixart-alpha_pixart-sigma-xl-2-512-ms,68321683,1.463544249534607
pixart-alpha_pixart-sigma-xl-2-512-ms,68380669,0.8178421854972839
pixart-alpha_pixart-sigma-xl-2-512-ms,68575085,2.128939151763916
pixart-alpha_pixart-sigma-xl-2-512-ms,70380966,-0.47077324986457825
pixart-alpha_pixart-sigma-xl-2-512-ms,70494671,1.4940555095672607
pixart-alpha_pixart-sigma-xl-2-512-ms,71055464,-0.3408350348472595
pixart-alpha_pixart-sigma-xl-2-512-ms,71591839,-1.93562650680542
pixart-alpha_pixart-sigma-xl-2-512-ms,71828875,0.0781334638595581
pixart-alpha_pixart-sigma-xl-2-512-ms,71910823,1.0073683261871338
pixart-alpha_pixart-sigma-xl-2-512-ms,71959499,2.5610926151275635
pixart-alpha_pixart-sigma-xl-2-512-ms,72432241,2.0347342491149902
pixart-alpha_pixart-sigma-xl-2-512-ms,72553814,0.3249862492084503
pixart-alpha_pixart-sigma-xl-2-512-ms,73051579,2.493286609649658
pixart-alpha_pixart-sigma-xl-2-512-ms,73600586,-0.634149968624115
pixart-alpha_pixart-sigma-xl-2-512-ms,73616417,0.9743077158927917
pixart-alpha_pixart-sigma-xl-2-512-ms,73681289,0.22867168486118317
pixart-alpha_pixart-sigma-xl-2-512-ms,73962724,-0.11677110940217972
pixart-alpha_pixart-sigma-xl-2-512-ms,74175857,1.2186212539672852
pixart-alpha_pixart-sigma-xl-2-512-ms,75051801,0.6750208735466003
pixart-alpha_pixart-sigma-xl-2-512-ms,75787772,1.4980943202972412
pixart-alpha_pixart-sigma-xl-2-512-ms,75944980,0.6289506554603577
pixart-alpha_pixart-sigma-xl-2-512-ms,75964288,-0.8687438368797302
pixart-alpha_pixart-sigma-xl-2-512-ms,76066166,0.06010017544031143
pixart-alpha_pixart-sigma-xl-2-512-ms,76100398,1.1243170499801636
pixart-alpha_pixart-sigma-xl-2-512-ms,76425345,1.4525153636932373
pixart-alpha_pixart-sigma-xl-2-512-ms,77106105,0.0011576800607144833
pixart-alpha_pixart-sigma-xl-2-512-ms,77132310,-0.7422702312469482
pixart-alpha_pixart-sigma-xl-2-512-ms,77232534,1.9800796508789062
pixart-alpha_pixart-sigma-xl-2-512-ms,77312726,-0.9410431981086731
pixart-alpha_pixart-sigma-xl-2-512-ms,77358840,0.9878365993499756
pixart-alpha_pixart-sigma-xl-2-512-ms,77490593,-0.23633348941802979
pixart-alpha_pixart-sigma-xl-2-512-ms,77726888,0.7758265137672424
pixart-alpha_pixart-sigma-xl-2-512-ms,78735978,0.25061681866645813
pixart-alpha_pixart-sigma-xl-2-512-ms,79077085,1.4726730585098267
pixart-alpha_pixart-sigma-xl-2-512-ms,79212243,2.5613203048706055
pixart-alpha_pixart-sigma-xl-2-512-ms,79606917,0.48385685682296753
pixart-alpha_pixart-sigma-xl-2-512-ms,79918827,1.4062942266464233
pixart-alpha_pixart-sigma-xl-2-512-ms,80289373,-0.11652899533510208
pixart-alpha_pixart-sigma-xl-2-512-ms,80371125,0.2824470102787018
pixart-alpha_pixart-sigma-xl-2-512-ms,80540387,1.517608404159546
pixart-alpha_pixart-sigma-xl-2-512-ms,81135077,0.45717841386795044
pixart-alpha_pixart-sigma-xl-2-512-ms,81303945,2.981673240661621
pixart-alpha_pixart-sigma-xl-2-512-ms,81435593,-0.44129276275634766
pixart-alpha_pixart-sigma-xl-2-512-ms,82282590,1.0560072660446167
pixart-alpha_pixart-sigma-xl-2-512-ms,82696415,-0.42402932047843933
pixart-alpha_pixart-sigma-xl-2-512-ms,82916016,0.05515090376138687
pixart-alpha_pixart-sigma-xl-2-512-ms,83084473,1.3998669385910034
pixart-alpha_pixart-sigma-xl-2-512-ms,83418847,1.9672026634216309
pixart-alpha_pixart-sigma-xl-2-512-ms,84089324,-0.2285642772912979
pixart-alpha_pixart-sigma-xl-2-512-ms,84306831,2.296381711959839
pixart-alpha_pixart-sigma-xl-2-512-ms,84510135,1.3502713441848755
pixart-alpha_pixart-sigma-xl-2-512-ms,84788890,1.3377811908721924
pixart-alpha_pixart-sigma-xl-2-512-ms,84985982,0.5594731569290161
pixart-alpha_pixart-sigma-xl-2-512-ms,85191733,1.0314350128173828
pixart-alpha_pixart-sigma-xl-2-512-ms,86119145,0.9018542766571045
pixart-alpha_pixart-sigma-xl-2-512-ms,86340862,2.704439401626587
pixart-alpha_pixart-sigma-xl-2-512-ms,86341828,1.271745204925537
pixart-alpha_pixart-sigma-xl-2-512-ms,86537356,1.3146827220916748
pixart-alpha_pixart-sigma-xl-2-512-ms,86701636,2.7185842990875244
pixart-alpha_pixart-sigma-xl-2-512-ms,86714939,-0.4978475272655487
pixart-alpha_pixart-sigma-xl-2-512-ms,87574583,-0.26444166898727417
pixart-alpha_pixart-sigma-xl-2-512-ms,87699711,1.074365496635437
pixart-alpha_pixart-sigma-xl-2-512-ms,88016571,0.21046151220798492
pixart-alpha_pixart-sigma-xl-2-512-ms,88087492,0.46781125664711
pixart-alpha_pixart-sigma-xl-2-512-ms,89227603,1.8803153038024902
pixart-alpha_pixart-sigma-xl-2-512-ms,89539854,0.6547870635986328
pixart-alpha_pixart-sigma-xl-2-512-ms,89926787,0.8991394639015198
pixart-alpha_pixart-sigma-xl-2-512-ms,90244932,1.2971429824829102
pixart-alpha_pixart-sigma-xl-2-512-ms,90493027,1.404323935508728
pixart-alpha_pixart-sigma-xl-2-512-ms,90613035,0.9054908752441406
pixart-alpha_pixart-sigma-xl-2-512-ms,91368797,1.41949462890625
pixart-alpha_pixart-sigma-xl-2-512-ms,91784299,2.1959192752838135
pixart-alpha_pixart-sigma-xl-2-512-ms,91790573,2.1072916984558105
pixart-alpha_pixart-sigma-xl-2-512-ms,91834546,-0.1020507663488388
pixart-alpha_pixart-sigma-xl-2-512-ms,92068094,1.5872817039489746
pixart-alpha_pixart-sigma-xl-2-512-ms,92311656,0.6726765036582947
pixart-alpha_pixart-sigma-xl-2-512-ms,92709444,-0.7216368913650513
pixart-alpha_pixart-sigma-xl-2-512-ms,93114575,-1.4683231115341187
pixart-alpha_pixart-sigma-xl-2-512-ms,93256557,0.8713759779930115
pixart-alpha_pixart-sigma-xl-2-512-ms,93407716,0.5793731808662415
pixart-alpha_pixart-sigma-xl-2-512-ms,93436296,0.7765280604362488
pixart-alpha_pixart-sigma-xl-2-512-ms,93512057,2.247450113296509
pixart-alpha_pixart-sigma-xl-2-512-ms,94006560,-0.44226041436195374
pixart-alpha_pixart-sigma-xl-2-512-ms,94321535,2.0157437324523926
pixart-alpha_pixart-sigma-xl-2-512-ms,94532154,0.6568624377250671
pixart-alpha_pixart-sigma-xl-2-512-ms,95171107,0.6848552823066711
pixart-alpha_pixart-sigma-xl-2-512-ms,95228839,-0.9070596098899841
pixart-alpha_pixart-sigma-xl-2-512-ms,95325441,-0.13341009616851807
pixart-alpha_pixart-sigma-xl-2-512-ms,95450946,2.3940553665161133
pixart-alpha_pixart-sigma-xl-2-512-ms,95583911,0.48323526978492737
pixart-alpha_pixart-sigma-xl-2-512-ms,95718306,2.471219778060913
pixart-alpha_pixart-sigma-xl-2-512-ms,95737828,-0.8291016817092896
pixart-alpha_pixart-sigma-xl-2-512-ms,96448597,-0.28795015811920166
pixart-alpha_pixart-sigma-xl-2-512-ms,96482065,0.09180792421102524
pixart-alpha_pixart-sigma-xl-2-512-ms,96521920,2.40915846824646
pixart-alpha_pixart-sigma-xl-2-512-ms,96850153,2.0842769145965576
pixart-alpha_pixart-sigma-xl-2-512-ms,98113191,0.16517555713653564
pixart-alpha_pixart-sigma-xl-2-512-ms,98195317,0.4581620991230011
pixart-alpha_pixart-sigma-xl-2-512-ms,98254655,2.4613802433013916
pixart-alpha_pixart-sigma-xl-2-512-ms,98319500,0.8281524181365967
pixart-alpha_pixart-sigma-xl-2-512-ms,98642787,0.5146224498748779
pixart-alpha_pixart-sigma-xl-2-512-ms,98646702,-0.9221753478050232
pixart-alpha_pixart-sigma-xl-2-512-ms,98929226,-1.07773756980896
pixart-alpha_pixart-sigma-xl-2-512-ms,99178779,1.8589327335357666
pixart-alpha_pixart-sigma-xl-2-512-ms,99185892,0.5152199864387512
pixart-alpha_pixart-sigma-xl-2-512-ms,99211012,0.6816012263298035
pixart-alpha_pixart-sigma-xl-2-512-ms,99410560,0.17563121020793915
pixart-alpha_pixart-sigma-xl-2-512-ms,99862294,-1.5135278701782227
tencent-hunyuan_hunyuandit-v1.2-diffusers,138508,0.2402656227350235
tencent-hunyuan_hunyuandit-v1.2-diffusers,192051,-1.6264500617980957
tencent-hunyuan_hunyuandit-v1.2-diffusers,213186,-1.19987952709198
tencent-hunyuan_hunyuandit-v1.2-diffusers,232386,-0.29661545157432556
tencent-hunyuan_hunyuandit-v1.2-diffusers,232765,-0.6365857720375061
tencent-hunyuan_hunyuandit-v1.2-diffusers,258857,0.04262404888868332
tencent-hunyuan_hunyuandit-v1.2-diffusers,283090,-0.959316611289978
tencent-hunyuan_hunyuandit-v1.2-diffusers,285141,-1.3755087852478027
tencent-hunyuan_hunyuandit-v1.2-diffusers,399030,0.15116746723651886
tencent-hunyuan_hunyuandit-v1.2-diffusers,440189,0.21919594705104828
tencent-hunyuan_hunyuandit-v1.2-diffusers,445169,-0.9936613440513611
tencent-hunyuan_hunyuandit-v1.2-diffusers,486490,1.0839265584945679
tencent-hunyuan_hunyuandit-v1.2-diffusers,487072,-0.17715318500995636
tencent-hunyuan_hunyuandit-v1.2-diffusers,487326,1.1795306205749512
tencent-hunyuan_hunyuandit-v1.2-diffusers,489837,0.5117843747138977
tencent-hunyuan_hunyuandit-v1.2-diffusers,646833,1.871291160583496
tencent-hunyuan_hunyuandit-v1.2-diffusers,708860,0.8511478304862976
tencent-hunyuan_hunyuandit-v1.2-diffusers,717208,0.9063913226127625
tencent-hunyuan_hunyuandit-v1.2-diffusers,717468,0.7458613514900208
tencent-hunyuan_hunyuandit-v1.2-diffusers,735254,0.960959792137146
tencent-hunyuan_hunyuandit-v1.2-diffusers,762478,-1.0334705114364624
tencent-hunyuan_hunyuandit-v1.2-diffusers,825443,1.733755111694336
tencent-hunyuan_hunyuandit-v1.2-diffusers,831919,1.2156022787094116
tencent-hunyuan_hunyuandit-v1.2-diffusers,896677,-0.8326048851013184
tencent-hunyuan_hunyuandit-v1.2-diffusers,936620,0.6631079912185669
tencent-hunyuan_hunyuandit-v1.2-diffusers,974367,-0.21455778181552887
tencent-hunyuan_hunyuandit-v1.2-diffusers,993014,1.8565547466278076
tencent-hunyuan_hunyuandit-v1.2-diffusers,995855,1.038490653038025
tencent-hunyuan_hunyuandit-v1.2-diffusers,1113367,0.4089348018169403
tencent-hunyuan_hunyuandit-v1.2-diffusers,1171644,0.820263683795929
tencent-hunyuan_hunyuandit-v1.2-diffusers,1209135,0.7759009003639221
tencent-hunyuan_hunyuandit-v1.2-diffusers,1317294,-1.8120832443237305
tencent-hunyuan_hunyuandit-v1.2-diffusers,1317533,1.0589914321899414
tencent-hunyuan_hunyuandit-v1.2-diffusers,1321854,0.25995108485221863
tencent-hunyuan_hunyuandit-v1.2-diffusers,1377758,-1.5580991506576538
tencent-hunyuan_hunyuandit-v1.2-diffusers,1474832,0.437949001789093
tencent-hunyuan_hunyuandit-v1.2-diffusers,1516071,0.6772834658622742
tencent-hunyuan_hunyuandit-v1.2-diffusers,1566705,1.2525728940963745
tencent-hunyuan_hunyuandit-v1.2-diffusers,1640855,-0.3547099530696869
tencent-hunyuan_hunyuandit-v1.2-diffusers,1668603,-2.0693912506103516
tencent-hunyuan_hunyuandit-v1.2-diffusers,1678990,0.5006998181343079
tencent-hunyuan_hunyuandit-v1.2-diffusers,1699831,0.10971100628376007
tencent-hunyuan_hunyuandit-v1.2-diffusers,1707698,1.0611906051635742
tencent-hunyuan_hunyuandit-v1.2-diffusers,1727942,2.062748432159424
tencent-hunyuan_hunyuandit-v1.2-diffusers,2045760,0.5362938642501831
tencent-hunyuan_hunyuandit-v1.2-diffusers,2075049,-0.5008834004402161
tencent-hunyuan_hunyuandit-v1.2-diffusers,2075764,0.8424614667892456
tencent-hunyuan_hunyuandit-v1.2-diffusers,2241569,-0.5126002430915833
tencent-hunyuan_hunyuandit-v1.2-diffusers,2720725,-0.08711501210927963
tencent-hunyuan_hunyuandit-v1.2-diffusers,2721160,2.0939996242523193
tencent-hunyuan_hunyuandit-v1.2-diffusers,2730265,0.5151134133338928
tencent-hunyuan_hunyuandit-v1.2-diffusers,2744395,-0.7873738408088684
tencent-hunyuan_hunyuandit-v1.2-diffusers,2770078,1.9472858905792236
tencent-hunyuan_hunyuandit-v1.2-diffusers,2793684,0.913028359413147
tencent-hunyuan_hunyuandit-v1.2-diffusers,2803666,-1.1177797317504883
tencent-hunyuan_hunyuandit-v1.2-diffusers,2807731,1.2468656301498413
tencent-hunyuan_hunyuandit-v1.2-diffusers,2821943,1.9051812887191772
tencent-hunyuan_hunyuandit-v1.2-diffusers,2824319,1.7605934143066406
tencent-hunyuan_hunyuandit-v1.2-diffusers,2825442,-0.32432660460472107
tencent-hunyuan_hunyuandit-v1.2-diffusers,2852043,0.6211294531822205
tencent-hunyuan_hunyuandit-v1.2-diffusers,2870293,1.2106828689575195
tencent-hunyuan_hunyuandit-v1.2-diffusers,2870880,2.367098808288574
tencent-hunyuan_hunyuandit-v1.2-diffusers,2923535,2.1279220581054688
tencent-hunyuan_hunyuandit-v1.2-diffusers,2933112,3.146944284439087
tencent-hunyuan_hunyuandit-v1.2-diffusers,2963987,0.7786826491355896
tencent-hunyuan_hunyuandit-v1.2-diffusers,2991302,1.6676506996154785
tencent-hunyuan_hunyuandit-v1.2-diffusers,3024209,-0.4897979199886322
tencent-hunyuan_hunyuandit-v1.2-diffusers,3035832,1.1786160469055176
tencent-hunyuan_hunyuandit-v1.2-diffusers,3049457,0.5673474669456482
tencent-hunyuan_hunyuandit-v1.2-diffusers,3107488,1.5677871704101562
tencent-hunyuan_hunyuandit-v1.2-diffusers,3131388,1.5919849872589111
tencent-hunyuan_hunyuandit-v1.2-diffusers,3131669,0.7134895324707031
tencent-hunyuan_hunyuandit-v1.2-diffusers,3152830,-0.6425396203994751
tencent-hunyuan_hunyuandit-v1.2-diffusers,3249569,0.1571003794670105
tencent-hunyuan_hunyuandit-v1.2-diffusers,3262349,0.5930635333061218
tencent-hunyuan_hunyuandit-v1.2-diffusers,3288500,1.015733242034912
tencent-hunyuan_hunyuandit-v1.2-diffusers,3298716,2.6028146743774414
tencent-hunyuan_hunyuandit-v1.2-diffusers,3308246,-0.7581743001937866
tencent-hunyuan_hunyuandit-v1.2-diffusers,3309110,-0.4220450818538666
tencent-hunyuan_hunyuandit-v1.2-diffusers,3347220,0.2409021556377411
tencent-hunyuan_hunyuandit-v1.2-diffusers,3353281,2.113696336746216
tencent-hunyuan_hunyuandit-v1.2-diffusers,3366112,0.8778725266456604
tencent-hunyuan_hunyuandit-v1.2-diffusers,3411927,0.9839401841163635
tencent-hunyuan_hunyuandit-v1.2-diffusers,3456665,1.3790056705474854
tencent-hunyuan_hunyuandit-v1.2-diffusers,3563208,0.6157669425010681
tencent-hunyuan_hunyuandit-v1.2-diffusers,3580281,0.2212270200252533
tencent-hunyuan_hunyuandit-v1.2-diffusers,3603442,1.1755218505859375
tencent-hunyuan_hunyuandit-v1.2-diffusers,3607029,0.176677867770195
tencent-hunyuan_hunyuandit-v1.2-diffusers,3628071,0.23046569526195526
tencent-hunyuan_hunyuandit-v1.2-diffusers,3630383,1.948316216468811
tencent-hunyuan_hunyuandit-v1.2-diffusers,3676483,0.5631001591682434
tencent-hunyuan_hunyuandit-v1.2-diffusers,3679712,2.495511531829834
tencent-hunyuan_hunyuandit-v1.2-diffusers,3685307,-1.1507549285888672
tencent-hunyuan_hunyuandit-v1.2-diffusers,3703463,1.0620354413986206
tencent-hunyuan_hunyuandit-v1.2-diffusers,3714235,0.3675955832004547
tencent-hunyuan_hunyuandit-v1.2-diffusers,3728318,-0.8827404975891113
tencent-hunyuan_hunyuandit-v1.2-diffusers,3748162,1.3446656465530396
tencent-hunyuan_hunyuandit-v1.2-diffusers,3764276,0.15112216770648956
tencent-hunyuan_hunyuandit-v1.2-diffusers,3818090,1.623239278793335
tencent-hunyuan_hunyuandit-v1.2-diffusers,3842156,1.6456881761550903
tencent-hunyuan_hunyuandit-v1.2-diffusers,3880032,1.2016170024871826
tencent-hunyuan_hunyuandit-v1.2-diffusers,3889343,1.26508367061615
tencent-hunyuan_hunyuandit-v1.2-diffusers,3907654,-0.6266098022460938
tencent-hunyuan_hunyuandit-v1.2-diffusers,3940713,1.6444035768508911
tencent-hunyuan_hunyuandit-v1.2-diffusers,3975232,-0.1836775690317154
tencent-hunyuan_hunyuandit-v1.2-diffusers,3982060,0.3776039481163025
tencent-hunyuan_hunyuandit-v1.2-diffusers,3990474,3.2684969902038574
tencent-hunyuan_hunyuandit-v1.2-diffusers,4010305,2.286832332611084
tencent-hunyuan_hunyuandit-v1.2-diffusers,4025130,0.0061987279914319515
tencent-hunyuan_hunyuandit-v1.2-diffusers,4062807,-0.5309718251228333
tencent-hunyuan_hunyuandit-v1.2-diffusers,4123448,2.894981861114502
tencent-hunyuan_hunyuandit-v1.2-diffusers,4125853,-0.061639539897441864
tencent-hunyuan_hunyuandit-v1.2-diffusers,4140340,-0.30005037784576416
tencent-hunyuan_hunyuandit-v1.2-diffusers,4145056,-0.832310140132904
tencent-hunyuan_hunyuandit-v1.2-diffusers,4192521,2.866095781326294
tencent-hunyuan_hunyuandit-v1.2-diffusers,4259202,0.01765306480228901
tencent-hunyuan_hunyuandit-v1.2-diffusers,4285773,0.9828121662139893
tencent-hunyuan_hunyuandit-v1.2-diffusers,4345028,1.9413988590240479
tencent-hunyuan_hunyuandit-v1.2-diffusers,4387201,0.6055604815483093
tencent-hunyuan_hunyuandit-v1.2-diffusers,4416901,1.0203297138214111
tencent-hunyuan_hunyuandit-v1.2-diffusers,4455579,1.898857593536377
tencent-hunyuan_hunyuandit-v1.2-diffusers,4497570,2.656588554382324
tencent-hunyuan_hunyuandit-v1.2-diffusers,4534520,-1.4180314540863037
tencent-hunyuan_hunyuandit-v1.2-diffusers,4539203,0.1300172060728073
tencent-hunyuan_hunyuandit-v1.2-diffusers,4552551,1.500349521636963
tencent-hunyuan_hunyuandit-v1.2-diffusers,4596797,1.258975625038147
tencent-hunyuan_hunyuandit-v1.2-diffusers,4832208,-0.1571786254644394
tencent-hunyuan_hunyuandit-v1.2-diffusers,4930139,-0.08732109516859055
tencent-hunyuan_hunyuandit-v1.2-diffusers,5008085,0.7380387783050537
tencent-hunyuan_hunyuandit-v1.2-diffusers,5219923,-0.6272627115249634
tencent-hunyuan_hunyuandit-v1.2-diffusers,5316083,-0.23240773379802704
tencent-hunyuan_hunyuandit-v1.2-diffusers,5350912,0.8280056118965149
tencent-hunyuan_hunyuandit-v1.2-diffusers,5374860,-2.0112364292144775
tencent-hunyuan_hunyuandit-v1.2-diffusers,5410315,-0.7138828039169312
tencent-hunyuan_hunyuandit-v1.2-diffusers,5522784,-1.1077958345413208
tencent-hunyuan_hunyuandit-v1.2-diffusers,5728577,0.43589791655540466
tencent-hunyuan_hunyuandit-v1.2-diffusers,5752544,1.1957679986953735
tencent-hunyuan_hunyuandit-v1.2-diffusers,5794797,0.5691256523132324
tencent-hunyuan_hunyuandit-v1.2-diffusers,5895919,0.9671801328659058
tencent-hunyuan_hunyuandit-v1.2-diffusers,5958517,-0.7100289463996887
tencent-hunyuan_hunyuandit-v1.2-diffusers,6189776,2.0513083934783936
tencent-hunyuan_hunyuandit-v1.2-diffusers,6528587,-0.2852121889591217
tencent-hunyuan_hunyuandit-v1.2-diffusers,6584891,-0.3069877028465271
tencent-hunyuan_hunyuandit-v1.2-diffusers,6586355,0.8352079391479492
tencent-hunyuan_hunyuandit-v1.2-diffusers,6607809,-0.16923725605010986
tencent-hunyuan_hunyuandit-v1.2-diffusers,6615026,0.6347400546073914
tencent-hunyuan_hunyuandit-v1.2-diffusers,6615458,-0.5366412997245789
tencent-hunyuan_hunyuandit-v1.2-diffusers,6615818,-0.6729977130889893
tencent-hunyuan_hunyuandit-v1.2-diffusers,6616314,-0.39868786931037903
tencent-hunyuan_hunyuandit-v1.2-diffusers,6617011,0.40333446860313416
tencent-hunyuan_hunyuandit-v1.2-diffusers,6617413,-0.15441422164440155
tencent-hunyuan_hunyuandit-v1.2-diffusers,6729499,-1.0681535005569458
tencent-hunyuan_hunyuandit-v1.2-diffusers,6880664,-0.7560474276542664
tencent-hunyuan_hunyuandit-v1.2-diffusers,6883725,-2.184166193008423
tencent-hunyuan_hunyuandit-v1.2-diffusers,6946774,0.3336544632911682
tencent-hunyuan_hunyuandit-v1.2-diffusers,7025268,-0.7362203001976013
tencent-hunyuan_hunyuandit-v1.2-diffusers,7109847,-0.06281449645757675
tencent-hunyuan_hunyuandit-v1.2-diffusers,7116261,0.2531145215034485
tencent-hunyuan_hunyuandit-v1.2-diffusers,7150023,1.5253292322158813
tencent-hunyuan_hunyuandit-v1.2-diffusers,7163803,2.395434617996216
tencent-hunyuan_hunyuandit-v1.2-diffusers,7507098,0.3953304886817932
tencent-hunyuan_hunyuandit-v1.2-diffusers,7596684,-0.978475034236908
tencent-hunyuan_hunyuandit-v1.2-diffusers,7597365,1.1744288206100464
tencent-hunyuan_hunyuandit-v1.2-diffusers,7601809,0.988998532295227
tencent-hunyuan_hunyuandit-v1.2-diffusers,7605282,0.07020363956689835
tencent-hunyuan_hunyuandit-v1.2-diffusers,7606419,0.7703197598457336
tencent-hunyuan_hunyuandit-v1.2-diffusers,7607707,0.8568239808082581
tencent-hunyuan_hunyuandit-v1.2-diffusers,7608721,1.8950564861297607
tencent-hunyuan_hunyuandit-v1.2-diffusers,7625977,-0.018085910007357597
tencent-hunyuan_hunyuandit-v1.2-diffusers,7626721,0.39671745896339417
tencent-hunyuan_hunyuandit-v1.2-diffusers,7626833,2.311821460723877
tencent-hunyuan_hunyuandit-v1.2-diffusers,7627310,-0.024500196799635887
tencent-hunyuan_hunyuandit-v1.2-diffusers,7651454,2.0531296730041504
tencent-hunyuan_hunyuandit-v1.2-diffusers,7654438,0.5280419588088989
tencent-hunyuan_hunyuandit-v1.2-diffusers,7664468,0.8131127953529358
tencent-hunyuan_hunyuandit-v1.2-diffusers,7698915,-0.7498849630355835
tencent-hunyuan_hunyuandit-v1.2-diffusers,7700167,-0.0782184973359108
tencent-hunyuan_hunyuandit-v1.2-diffusers,7700868,0.8889073729515076
tencent-hunyuan_hunyuandit-v1.2-diffusers,7701244,-0.3546236455440521
tencent-hunyuan_hunyuandit-v1.2-diffusers,7702193,1.4062998294830322
tencent-hunyuan_hunyuandit-v1.2-diffusers,7710616,0.1987246870994568
tencent-hunyuan_hunyuandit-v1.2-diffusers,7834065,0.3917551040649414
tencent-hunyuan_hunyuandit-v1.2-diffusers,7854266,0.7111800909042358
tencent-hunyuan_hunyuandit-v1.2-diffusers,7854455,0.2846750020980835
tencent-hunyuan_hunyuandit-v1.2-diffusers,7871940,0.42679786682128906
tencent-hunyuan_hunyuandit-v1.2-diffusers,7891189,1.5584725141525269
tencent-hunyuan_hunyuandit-v1.2-diffusers,7897116,0.5046111345291138
tencent-hunyuan_hunyuandit-v1.2-diffusers,7914271,2.114798069000244
tencent-hunyuan_hunyuandit-v1.2-diffusers,7922764,1.222737193107605
tencent-hunyuan_hunyuandit-v1.2-diffusers,7929519,1.6924023628234863
tencent-hunyuan_hunyuandit-v1.2-diffusers,7933274,1.2589936256408691
tencent-hunyuan_hunyuandit-v1.2-diffusers,7933530,1.2584160566329956
tencent-hunyuan_hunyuandit-v1.2-diffusers,8089797,0.6771840453147888
tencent-hunyuan_hunyuandit-v1.2-diffusers,8095160,-0.6764594316482544
tencent-hunyuan_hunyuandit-v1.2-diffusers,8124208,2.445119619369507
tencent-hunyuan_hunyuandit-v1.2-diffusers,8339939,-0.6686205267906189
tencent-hunyuan_hunyuandit-v1.2-diffusers,8876291,1.6839414834976196
tencent-hunyuan_hunyuandit-v1.2-diffusers,9020389,-0.5993724465370178
tencent-hunyuan_hunyuandit-v1.2-diffusers,9044146,1.7480947971343994
tencent-hunyuan_hunyuandit-v1.2-diffusers,9057052,0.9902949929237366
tencent-hunyuan_hunyuandit-v1.2-diffusers,9427682,-0.5766921639442444
tencent-hunyuan_hunyuandit-v1.2-diffusers,9580065,-0.30194801092147827
tencent-hunyuan_hunyuandit-v1.2-diffusers,9719434,0.44804394245147705
tencent-hunyuan_hunyuandit-v1.2-diffusers,9793248,0.6933848857879639
tencent-hunyuan_hunyuandit-v1.2-diffusers,9794211,1.7156083583831787
tencent-hunyuan_hunyuandit-v1.2-diffusers,9862621,0.40621837973594666
tencent-hunyuan_hunyuandit-v1.2-diffusers,9875188,0.5831874012947083
tencent-hunyuan_hunyuandit-v1.2-diffusers,9984659,1.4012255668640137
tencent-hunyuan_hunyuandit-v1.2-diffusers,10012874,-0.6808305978775024
tencent-hunyuan_hunyuandit-v1.2-diffusers,10024569,-1.4126542806625366
tencent-hunyuan_hunyuandit-v1.2-diffusers,10080493,0.6987951993942261
tencent-hunyuan_hunyuandit-v1.2-diffusers,10106452,2.6387970447540283
tencent-hunyuan_hunyuandit-v1.2-diffusers,10198409,0.7401064038276672
tencent-hunyuan_hunyuandit-v1.2-diffusers,10333317,1.5547031164169312
tencent-hunyuan_hunyuandit-v1.2-diffusers,10408552,1.9599493741989136
tencent-hunyuan_hunyuandit-v1.2-diffusers,10444677,0.8551696538925171
tencent-hunyuan_hunyuandit-v1.2-diffusers,10453357,0.341126948595047
tencent-hunyuan_hunyuandit-v1.2-diffusers,10548623,1.553651213645935
tencent-hunyuan_hunyuandit-v1.2-diffusers,10572128,2.220529079437256
tencent-hunyuan_hunyuandit-v1.2-diffusers,10794014,0.11801527440547943
tencent-hunyuan_hunyuandit-v1.2-diffusers,10939743,0.8009352684020996
tencent-hunyuan_hunyuandit-v1.2-diffusers,11039909,1.679809331893921
tencent-hunyuan_hunyuandit-v1.2-diffusers,11334088,0.297438383102417
tencent-hunyuan_hunyuandit-v1.2-diffusers,11417672,0.5095928311347961
tencent-hunyuan_hunyuandit-v1.2-diffusers,11437577,0.3508831560611725
tencent-hunyuan_hunyuandit-v1.2-diffusers,11460338,-1.7097396850585938
tencent-hunyuan_hunyuandit-v1.2-diffusers,12345739,-0.2606257498264313
tencent-hunyuan_hunyuandit-v1.2-diffusers,12402348,-1.0701169967651367
tencent-hunyuan_hunyuandit-v1.2-diffusers,13221529,-1.552822232246399
tencent-hunyuan_hunyuandit-v1.2-diffusers,13290566,-0.24678762257099152
tencent-hunyuan_hunyuandit-v1.2-diffusers,13389475,0.4785570800304413
tencent-hunyuan_hunyuandit-v1.2-diffusers,13390139,0.09008633345365524
tencent-hunyuan_hunyuandit-v1.2-diffusers,13390405,-0.06561022251844406
tencent-hunyuan_hunyuandit-v1.2-diffusers,13392786,-0.22457630932331085
tencent-hunyuan_hunyuandit-v1.2-diffusers,13649361,-0.7538321614265442
tencent-hunyuan_hunyuandit-v1.2-diffusers,13716878,1.6966030597686768
tencent-hunyuan_hunyuandit-v1.2-diffusers,13884740,1.2509784698486328
tencent-hunyuan_hunyuandit-v1.2-diffusers,13915305,-1.249355435371399
tencent-hunyuan_hunyuandit-v1.2-diffusers,13931145,0.5022661685943604
tencent-hunyuan_hunyuandit-v1.2-diffusers,13984082,-0.07697346061468124
tencent-hunyuan_hunyuandit-v1.2-diffusers,14140678,0.4649931788444519
tencent-hunyuan_hunyuandit-v1.2-diffusers,14195315,0.4006221294403076
tencent-hunyuan_hunyuandit-v1.2-diffusers,14294568,1.5902328491210938
tencent-hunyuan_hunyuandit-v1.2-diffusers,14320813,1.1341339349746704
tencent-hunyuan_hunyuandit-v1.2-diffusers,14360436,0.5933184027671814
tencent-hunyuan_hunyuandit-v1.2-diffusers,14488317,1.5957562923431396
tencent-hunyuan_hunyuandit-v1.2-diffusers,14533937,1.0447309017181396
tencent-hunyuan_hunyuandit-v1.2-diffusers,14550987,1.7511101961135864
tencent-hunyuan_hunyuandit-v1.2-diffusers,14579933,-0.09886210411787033
tencent-hunyuan_hunyuandit-v1.2-diffusers,14606290,-0.6223082542419434
tencent-hunyuan_hunyuandit-v1.2-diffusers,14620257,0.609350323677063
tencent-hunyuan_hunyuandit-v1.2-diffusers,14632648,0.8941407799720764
tencent-hunyuan_hunyuandit-v1.2-diffusers,14647235,0.3517943024635315
tencent-hunyuan_hunyuandit-v1.2-diffusers,14654954,-0.815190851688385
tencent-hunyuan_hunyuandit-v1.2-diffusers,14686352,-0.6583680510520935
tencent-hunyuan_hunyuandit-v1.2-diffusers,14702875,-0.80357426404953
tencent-hunyuan_hunyuandit-v1.2-diffusers,14703190,-0.12651173770427704
tencent-hunyuan_hunyuandit-v1.2-diffusers,14807929,0.6154835224151611
tencent-hunyuan_hunyuandit-v1.2-diffusers,14809057,0.965187132358551
tencent-hunyuan_hunyuandit-v1.2-diffusers,14867690,0.010007822886109352
tencent-hunyuan_hunyuandit-v1.2-diffusers,14872875,0.20400992035865784
tencent-hunyuan_hunyuandit-v1.2-diffusers,14880557,0.25423625111579895
tencent-hunyuan_hunyuandit-v1.2-diffusers,14894140,-0.002098596189171076
tencent-hunyuan_hunyuandit-v1.2-diffusers,15180934,0.8711657524108887
tencent-hunyuan_hunyuandit-v1.2-diffusers,15970145,2.498256206512451
tencent-hunyuan_hunyuandit-v1.2-diffusers,17002912,1.2904953956604004
tencent-hunyuan_hunyuandit-v1.2-diffusers,17012379,0.6213635206222534
tencent-hunyuan_hunyuandit-v1.2-diffusers,17282800,-0.451724112033844
tencent-hunyuan_hunyuandit-v1.2-diffusers,17925539,0.6118310689926147
tencent-hunyuan_hunyuandit-v1.2-diffusers,18367104,2.2079434394836426
tencent-hunyuan_hunyuandit-v1.2-diffusers,18758723,0.04325494542717934
tencent-hunyuan_hunyuandit-v1.2-diffusers,19143128,1.3393718004226685
tencent-hunyuan_hunyuandit-v1.2-diffusers,19671124,-1.5281760692596436
tencent-hunyuan_hunyuandit-v1.2-diffusers,19855707,-1.0073046684265137
tencent-hunyuan_hunyuandit-v1.2-diffusers,19893872,0.15375429391860962
tencent-hunyuan_hunyuandit-v1.2-diffusers,20017667,1.836819052696228
tencent-hunyuan_hunyuandit-v1.2-diffusers,20128079,0.7035917639732361
tencent-hunyuan_hunyuandit-v1.2-diffusers,20471134,1.5517399311065674
tencent-hunyuan_hunyuandit-v1.2-diffusers,20495093,0.58549565076828
tencent-hunyuan_hunyuandit-v1.2-diffusers,20782430,-1.5136168003082275
tencent-hunyuan_hunyuandit-v1.2-diffusers,21377549,2.013594388961792
tencent-hunyuan_hunyuandit-v1.2-diffusers,21564446,-1.2280492782592773
tencent-hunyuan_hunyuandit-v1.2-diffusers,21620388,1.8512535095214844
tencent-hunyuan_hunyuandit-v1.2-diffusers,22149540,0.9774484038352966
tencent-hunyuan_hunyuandit-v1.2-diffusers,22738759,0.7578452229499817
tencent-hunyuan_hunyuandit-v1.2-diffusers,22767176,-0.5182438492774963
tencent-hunyuan_hunyuandit-v1.2-diffusers,23129661,-0.8698232173919678
tencent-hunyuan_hunyuandit-v1.2-diffusers,23185551,1.0655282735824585
tencent-hunyuan_hunyuandit-v1.2-diffusers,23232427,-0.9132143259048462
tencent-hunyuan_hunyuandit-v1.2-diffusers,23257851,-1.6459354162216187
tencent-hunyuan_hunyuandit-v1.2-diffusers,23620789,1.7594671249389648
tencent-hunyuan_hunyuandit-v1.2-diffusers,24808131,-0.6047965884208679
tencent-hunyuan_hunyuandit-v1.2-diffusers,24843217,0.3947235643863678
tencent-hunyuan_hunyuandit-v1.2-diffusers,24933378,0.39207562804222107
tencent-hunyuan_hunyuandit-v1.2-diffusers,24942232,0.227054163813591
tencent-hunyuan_hunyuandit-v1.2-diffusers,25290589,-0.07905296236276627
tencent-hunyuan_hunyuandit-v1.2-diffusers,25579216,-0.5966642498970032
tencent-hunyuan_hunyuandit-v1.2-diffusers,25685207,0.9864396452903748
tencent-hunyuan_hunyuandit-v1.2-diffusers,25776594,-1.5621600151062012
tencent-hunyuan_hunyuandit-v1.2-diffusers,26078214,0.7177125811576843
tencent-hunyuan_hunyuandit-v1.2-diffusers,26746434,0.8291593790054321
tencent-hunyuan_hunyuandit-v1.2-diffusers,26998039,1.3490480184555054
tencent-hunyuan_hunyuandit-v1.2-diffusers,27106238,2.1961371898651123
tencent-hunyuan_hunyuandit-v1.2-diffusers,27246777,1.0846261978149414
tencent-hunyuan_hunyuandit-v1.2-diffusers,27768637,-0.5631504654884338
tencent-hunyuan_hunyuandit-v1.2-diffusers,27871992,0.8239731192588806
tencent-hunyuan_hunyuandit-v1.2-diffusers,28190972,1.1472086906433105
tencent-hunyuan_hunyuandit-v1.2-diffusers,29094321,1.1563080549240112
tencent-hunyuan_hunyuandit-v1.2-diffusers,29148617,1.4521331787109375
tencent-hunyuan_hunyuandit-v1.2-diffusers,29161294,-0.33441197872161865
tencent-hunyuan_hunyuandit-v1.2-diffusers,29632917,0.8757105469703674
tencent-hunyuan_hunyuandit-v1.2-diffusers,29703209,-1.2886319160461426
tencent-hunyuan_hunyuandit-v1.2-diffusers,29779486,1.8274660110473633
tencent-hunyuan_hunyuandit-v1.2-diffusers,30028757,0.17589539289474487
tencent-hunyuan_hunyuandit-v1.2-diffusers,30225071,0.7667357921600342
tencent-hunyuan_hunyuandit-v1.2-diffusers,30373565,2.79097843170166
tencent-hunyuan_hunyuandit-v1.2-diffusers,30484086,0.29879602789878845
tencent-hunyuan_hunyuandit-v1.2-diffusers,30883080,0.9201799035072327
tencent-hunyuan_hunyuandit-v1.2-diffusers,31114750,1.6372929811477661
tencent-hunyuan_hunyuandit-v1.2-diffusers,31196176,0.9528093934059143
tencent-hunyuan_hunyuandit-v1.2-diffusers,31391857,0.415188193321228
tencent-hunyuan_hunyuandit-v1.2-diffusers,31595142,2.0611178874969482
tencent-hunyuan_hunyuandit-v1.2-diffusers,32152786,1.5925525426864624
tencent-hunyuan_hunyuandit-v1.2-diffusers,32327818,-0.01227269135415554
tencent-hunyuan_hunyuandit-v1.2-diffusers,32379732,1.5576200485229492
tencent-hunyuan_hunyuandit-v1.2-diffusers,32473966,-2.3748090267181396
tencent-hunyuan_hunyuandit-v1.2-diffusers,32902730,1.5442137718200684
tencent-hunyuan_hunyuandit-v1.2-diffusers,32932491,0.32911887764930725
tencent-hunyuan_hunyuandit-v1.2-diffusers,33006578,1.94749915599823
tencent-hunyuan_hunyuandit-v1.2-diffusers,33478721,1.3535736799240112
tencent-hunyuan_hunyuandit-v1.2-diffusers,34475997,-1.8147976398468018
tencent-hunyuan_hunyuandit-v1.2-diffusers,34578737,1.7477909326553345
tencent-hunyuan_hunyuandit-v1.2-diffusers,34773230,0.28012314438819885
tencent-hunyuan_hunyuandit-v1.2-diffusers,36507085,-0.4962666928768158
tencent-hunyuan_hunyuandit-v1.2-diffusers,36678439,-0.18244774639606476
tencent-hunyuan_hunyuandit-v1.2-diffusers,37287360,0.11421743035316467
tencent-hunyuan_hunyuandit-v1.2-diffusers,37319253,0.625221848487854
tencent-hunyuan_hunyuandit-v1.2-diffusers,37547870,1.0999011993408203
tencent-hunyuan_hunyuandit-v1.2-diffusers,37736408,1.3237981796264648
tencent-hunyuan_hunyuandit-v1.2-diffusers,38014258,0.8521366715431213
tencent-hunyuan_hunyuandit-v1.2-diffusers,38297191,3.0198118686676025
tencent-hunyuan_hunyuandit-v1.2-diffusers,38402744,0.303181529045105
tencent-hunyuan_hunyuandit-v1.2-diffusers,38954086,-0.07104799151420593
tencent-hunyuan_hunyuandit-v1.2-diffusers,39139190,1.4046779870986938
tencent-hunyuan_hunyuandit-v1.2-diffusers,39560404,0.7516319155693054
tencent-hunyuan_hunyuandit-v1.2-diffusers,39566065,1.9302347898483276
tencent-hunyuan_hunyuandit-v1.2-diffusers,39595218,1.8957716226577759
tencent-hunyuan_hunyuandit-v1.2-diffusers,40825299,1.3991384506225586
tencent-hunyuan_hunyuandit-v1.2-diffusers,40945115,0.12439955025911331
tencent-hunyuan_hunyuandit-v1.2-diffusers,40995095,1.3594274520874023
tencent-hunyuan_hunyuandit-v1.2-diffusers,41015844,1.4619238376617432
tencent-hunyuan_hunyuandit-v1.2-diffusers,41031648,-0.09539664536714554
tencent-hunyuan_hunyuandit-v1.2-diffusers,41161074,-0.5875805020332336
tencent-hunyuan_hunyuandit-v1.2-diffusers,41458919,1.4519939422607422
tencent-hunyuan_hunyuandit-v1.2-diffusers,41565779,0.10132928937673569
tencent-hunyuan_hunyuandit-v1.2-diffusers,41766391,2.4924161434173584
tencent-hunyuan_hunyuandit-v1.2-diffusers,41982710,-0.25121447443962097
tencent-hunyuan_hunyuandit-v1.2-diffusers,42048260,0.5926197171211243
tencent-hunyuan_hunyuandit-v1.2-diffusers,42849420,-0.981421947479248
tencent-hunyuan_hunyuandit-v1.2-diffusers,42931583,0.9188801050186157
tencent-hunyuan_hunyuandit-v1.2-diffusers,43060946,-0.6852946877479553
tencent-hunyuan_hunyuandit-v1.2-diffusers,43153800,1.6477606296539307
tencent-hunyuan_hunyuandit-v1.2-diffusers,43161384,1.696312427520752
tencent-hunyuan_hunyuandit-v1.2-diffusers,43301379,1.1642433404922485
tencent-hunyuan_hunyuandit-v1.2-diffusers,43304323,0.43609336018562317
tencent-hunyuan_hunyuandit-v1.2-diffusers,43367797,1.0023407936096191
tencent-hunyuan_hunyuandit-v1.2-diffusers,43431032,0.9660894274711609
tencent-hunyuan_hunyuandit-v1.2-diffusers,43631801,-0.9195064306259155
tencent-hunyuan_hunyuandit-v1.2-diffusers,43735560,-0.6639865040779114
tencent-hunyuan_hunyuandit-v1.2-diffusers,43858443,2.1322171688079834
tencent-hunyuan_hunyuandit-v1.2-diffusers,43918624,-0.885064959526062
tencent-hunyuan_hunyuandit-v1.2-diffusers,44280552,0.554802417755127
tencent-hunyuan_hunyuandit-v1.2-diffusers,44295589,0.19409041106700897
tencent-hunyuan_hunyuandit-v1.2-diffusers,44621915,-0.7574571967124939
tencent-hunyuan_hunyuandit-v1.2-diffusers,44645737,1.4805999994277954
tencent-hunyuan_hunyuandit-v1.2-diffusers,44838123,-0.5804120898246765
tencent-hunyuan_hunyuandit-v1.2-diffusers,45258070,-0.7375715374946594
tencent-hunyuan_hunyuandit-v1.2-diffusers,45297641,0.20051683485507965
tencent-hunyuan_hunyuandit-v1.2-diffusers,45418454,1.0975874662399292
tencent-hunyuan_hunyuandit-v1.2-diffusers,45564900,1.0072641372680664
tencent-hunyuan_hunyuandit-v1.2-diffusers,46150029,-0.31241950392723083
tencent-hunyuan_hunyuandit-v1.2-diffusers,46394736,1.3027117252349854
tencent-hunyuan_hunyuandit-v1.2-diffusers,46673664,-0.3181229531764984
tencent-hunyuan_hunyuandit-v1.2-diffusers,46994920,0.9432408213615417
tencent-hunyuan_hunyuandit-v1.2-diffusers,47009060,1.0595312118530273
tencent-hunyuan_hunyuandit-v1.2-diffusers,47552953,-0.18323522806167603
tencent-hunyuan_hunyuandit-v1.2-diffusers,47595220,0.3642212450504303
tencent-hunyuan_hunyuandit-v1.2-diffusers,47819321,-0.14737214148044586
tencent-hunyuan_hunyuandit-v1.2-diffusers,48223384,-0.16657482087612152
tencent-hunyuan_hunyuandit-v1.2-diffusers,48351897,-0.6703149676322937
tencent-hunyuan_hunyuandit-v1.2-diffusers,48754831,1.4010345935821533
tencent-hunyuan_hunyuandit-v1.2-diffusers,49054805,1.6618340015411377
tencent-hunyuan_hunyuandit-v1.2-diffusers,49089576,0.8534801602363586
tencent-hunyuan_hunyuandit-v1.2-diffusers,49300740,-0.2481427639722824
tencent-hunyuan_hunyuandit-v1.2-diffusers,49358811,-0.8740677237510681
tencent-hunyuan_hunyuandit-v1.2-diffusers,49462954,1.065396785736084
tencent-hunyuan_hunyuandit-v1.2-diffusers,50262859,0.9565622210502625
tencent-hunyuan_hunyuandit-v1.2-diffusers,50871471,0.773464024066925
tencent-hunyuan_hunyuandit-v1.2-diffusers,50952217,-1.115731954574585
tencent-hunyuan_hunyuandit-v1.2-diffusers,51060824,0.32415154576301575
tencent-hunyuan_hunyuandit-v1.2-diffusers,51314050,0.355074018239975
tencent-hunyuan_hunyuandit-v1.2-diffusers,51946990,-0.5127500891685486
tencent-hunyuan_hunyuandit-v1.2-diffusers,52325745,0.40935805439949036
tencent-hunyuan_hunyuandit-v1.2-diffusers,52474100,1.1826403141021729
tencent-hunyuan_hunyuandit-v1.2-diffusers,52516409,-0.3228318989276886
tencent-hunyuan_hunyuandit-v1.2-diffusers,52711595,0.12636812031269073
tencent-hunyuan_hunyuandit-v1.2-diffusers,53022028,0.5339994430541992
tencent-hunyuan_hunyuandit-v1.2-diffusers,53205877,0.6406347155570984
tencent-hunyuan_hunyuandit-v1.2-diffusers,53288018,0.48708465695381165
tencent-hunyuan_hunyuandit-v1.2-diffusers,53443611,1.3618522882461548
tencent-hunyuan_hunyuandit-v1.2-diffusers,53815934,-1.788192868232727
tencent-hunyuan_hunyuandit-v1.2-diffusers,54495173,0.6735091805458069
tencent-hunyuan_hunyuandit-v1.2-diffusers,54931507,0.717408299446106
tencent-hunyuan_hunyuandit-v1.2-diffusers,55191509,-0.0647386685013771
tencent-hunyuan_hunyuandit-v1.2-diffusers,55255145,1.7666983604431152
tencent-hunyuan_hunyuandit-v1.2-diffusers,55457672,0.059586264193058014
tencent-hunyuan_hunyuandit-v1.2-diffusers,55588327,0.06745944172143936
tencent-hunyuan_hunyuandit-v1.2-diffusers,55653646,1.996992826461792
tencent-hunyuan_hunyuandit-v1.2-diffusers,55658809,0.35142871737480164
tencent-hunyuan_hunyuandit-v1.2-diffusers,55812974,-0.6036863923072815
tencent-hunyuan_hunyuandit-v1.2-diffusers,55819553,-0.3905376195907593
tencent-hunyuan_hunyuandit-v1.2-diffusers,55826966,0.7354222536087036
tencent-hunyuan_hunyuandit-v1.2-diffusers,55983905,0.7045883536338806
tencent-hunyuan_hunyuandit-v1.2-diffusers,56074056,1.214612603187561
tencent-hunyuan_hunyuandit-v1.2-diffusers,56112588,-0.10493241250514984
tencent-hunyuan_hunyuandit-v1.2-diffusers,56121520,0.2779431939125061
tencent-hunyuan_hunyuandit-v1.2-diffusers,56250900,0.03869282454252243
tencent-hunyuan_hunyuandit-v1.2-diffusers,56458800,2.1939198970794678
tencent-hunyuan_hunyuandit-v1.2-diffusers,56792430,-0.8038813471794128
tencent-hunyuan_hunyuandit-v1.2-diffusers,56982260,-1.621851921081543
tencent-hunyuan_hunyuandit-v1.2-diffusers,57673976,0.30355143547058105
tencent-hunyuan_hunyuandit-v1.2-diffusers,57716963,1.822534203529358
tencent-hunyuan_hunyuandit-v1.2-diffusers,57729980,0.6360648274421692
tencent-hunyuan_hunyuandit-v1.2-diffusers,57785005,-0.2628805935382843
tencent-hunyuan_hunyuandit-v1.2-diffusers,57873614,1.854522943496704
tencent-hunyuan_hunyuandit-v1.2-diffusers,58727024,-1.3113774061203003
tencent-hunyuan_hunyuandit-v1.2-diffusers,58761464,2.333242654800415
tencent-hunyuan_hunyuandit-v1.2-diffusers,59399259,0.7202362418174744
tencent-hunyuan_hunyuandit-v1.2-diffusers,59976859,0.34173962473869324
tencent-hunyuan_hunyuandit-v1.2-diffusers,60083345,-0.9335646033287048
tencent-hunyuan_hunyuandit-v1.2-diffusers,60214770,-0.280740350484848
tencent-hunyuan_hunyuandit-v1.2-diffusers,60215376,-0.021406663581728935
tencent-hunyuan_hunyuandit-v1.2-diffusers,60375309,-0.543708324432373
tencent-hunyuan_hunyuandit-v1.2-diffusers,60606896,1.4803717136383057
tencent-hunyuan_hunyuandit-v1.2-diffusers,60668084,2.4136149883270264
tencent-hunyuan_hunyuandit-v1.2-diffusers,61035709,2.2021539211273193
tencent-hunyuan_hunyuandit-v1.2-diffusers,61388266,-0.5794447064399719
tencent-hunyuan_hunyuandit-v1.2-diffusers,61627313,1.8677080869674683
tencent-hunyuan_hunyuandit-v1.2-diffusers,61635816,0.709700882434845
tencent-hunyuan_hunyuandit-v1.2-diffusers,61853324,0.8581632375717163
tencent-hunyuan_hunyuandit-v1.2-diffusers,62408818,0.8542798161506653
tencent-hunyuan_hunyuandit-v1.2-diffusers,62841330,1.4673882722854614
tencent-hunyuan_hunyuandit-v1.2-diffusers,63015570,0.5616639256477356
tencent-hunyuan_hunyuandit-v1.2-diffusers,63336441,-1.1673868894577026
tencent-hunyuan_hunyuandit-v1.2-diffusers,63633117,-0.684527575969696
tencent-hunyuan_hunyuandit-v1.2-diffusers,64576544,0.2732449471950531
tencent-hunyuan_hunyuandit-v1.2-diffusers,64687077,-1.2133545875549316
tencent-hunyuan_hunyuandit-v1.2-diffusers,64693533,0.3251155912876129
tencent-hunyuan_hunyuandit-v1.2-diffusers,64856142,-0.33547958731651306
tencent-hunyuan_hunyuandit-v1.2-diffusers,65411270,-1.6269848346710205
tencent-hunyuan_hunyuandit-v1.2-diffusers,65557844,-1.0244814157485962
tencent-hunyuan_hunyuandit-v1.2-diffusers,65824677,-0.43921029567718506
tencent-hunyuan_hunyuandit-v1.2-diffusers,65890875,2.898029088973999
tencent-hunyuan_hunyuandit-v1.2-diffusers,65960228,1.07013738155365
tencent-hunyuan_hunyuandit-v1.2-diffusers,66668538,0.5707568526268005
tencent-hunyuan_hunyuandit-v1.2-diffusers,67344811,0.6293705701828003
tencent-hunyuan_hunyuandit-v1.2-diffusers,67949798,1.5314416885375977
tencent-hunyuan_hunyuandit-v1.2-diffusers,68246844,1.104626178741455
tencent-hunyuan_hunyuandit-v1.2-diffusers,68280322,-1.3501009941101074
tencent-hunyuan_hunyuandit-v1.2-diffusers,68321683,0.49427148699760437
tencent-hunyuan_hunyuandit-v1.2-diffusers,68380669,1.1152667999267578
tencent-hunyuan_hunyuandit-v1.2-diffusers,68575085,0.5357373356819153
tencent-hunyuan_hunyuandit-v1.2-diffusers,70380966,-1.7352209091186523
tencent-hunyuan_hunyuandit-v1.2-diffusers,70494671,0.5396009683609009
tencent-hunyuan_hunyuandit-v1.2-diffusers,71055464,0.2356562465429306
tencent-hunyuan_hunyuandit-v1.2-diffusers,71591839,-1.2390893697738647
tencent-hunyuan_hunyuandit-v1.2-diffusers,71828875,-0.15689300000667572
tencent-hunyuan_hunyuandit-v1.2-diffusers,71910823,0.9444944262504578
tencent-hunyuan_hunyuandit-v1.2-diffusers,71959499,2.4266414642333984
tencent-hunyuan_hunyuandit-v1.2-diffusers,72432241,2.465625762939453
tencent-hunyuan_hunyuandit-v1.2-diffusers,72553814,1.8151775598526
tencent-hunyuan_hunyuandit-v1.2-diffusers,73051579,-0.38055068254470825
tencent-hunyuan_hunyuandit-v1.2-diffusers,73600586,-0.7505283355712891
tencent-hunyuan_hunyuandit-v1.2-diffusers,73616417,0.5812720060348511
tencent-hunyuan_hunyuandit-v1.2-diffusers,73681289,-1.1154879331588745
tencent-hunyuan_hunyuandit-v1.2-diffusers,73962724,-1.3584020137786865
tencent-hunyuan_hunyuandit-v1.2-diffusers,74175857,0.25626927614212036
tencent-hunyuan_hunyuandit-v1.2-diffusers,75051801,1.1984355449676514
tencent-hunyuan_hunyuandit-v1.2-diffusers,75787772,-0.15061916410923004
tencent-hunyuan_hunyuandit-v1.2-diffusers,75944980,-1.102830410003662
tencent-hunyuan_hunyuandit-v1.2-diffusers,75964288,0.9117351174354553
tencent-hunyuan_hunyuandit-v1.2-diffusers,76066166,2.7799429893493652
tencent-hunyuan_hunyuandit-v1.2-diffusers,76100398,1.134814739227295
tencent-hunyuan_hunyuandit-v1.2-diffusers,76425345,1.7740694284439087
tencent-hunyuan_hunyuandit-v1.2-diffusers,77106105,-0.7354150414466858
tencent-hunyuan_hunyuandit-v1.2-diffusers,77132310,1.540002703666687
tencent-hunyuan_hunyuandit-v1.2-diffusers,77232534,2.3629367351531982
tencent-hunyuan_hunyuandit-v1.2-diffusers,77312726,-0.5221460461616516
tencent-hunyuan_hunyuandit-v1.2-diffusers,77358840,0.8812195062637329
tencent-hunyuan_hunyuandit-v1.2-diffusers,77490593,-0.9365658760070801
tencent-hunyuan_hunyuandit-v1.2-diffusers,77726888,0.17241980135440826
tencent-hunyuan_hunyuandit-v1.2-diffusers,78735978,1.0510234832763672
tencent-hunyuan_hunyuandit-v1.2-diffusers,79077085,1.169230341911316
tencent-hunyuan_hunyuandit-v1.2-diffusers,79212243,3.2425053119659424
tencent-hunyuan_hunyuandit-v1.2-diffusers,79606917,1.0733144283294678
tencent-hunyuan_hunyuandit-v1.2-diffusers,79918827,0.6474959850311279
tencent-hunyuan_hunyuandit-v1.2-diffusers,80289373,-0.6223062872886658
tencent-hunyuan_hunyuandit-v1.2-diffusers,80371125,-0.7755460739135742
tencent-hunyuan_hunyuandit-v1.2-diffusers,80540387,0.6751081347465515
tencent-hunyuan_hunyuandit-v1.2-diffusers,81135077,1.0539414882659912
tencent-hunyuan_hunyuandit-v1.2-diffusers,81303945,1.136054277420044
tencent-hunyuan_hunyuandit-v1.2-diffusers,81435593,-0.02876531146466732
tencent-hunyuan_hunyuandit-v1.2-diffusers,82282590,2.3421003818511963
tencent-hunyuan_hunyuandit-v1.2-diffusers,82696415,0.49331316351890564
tencent-hunyuan_hunyuandit-v1.2-diffusers,82916016,1.0292338132858276
tencent-hunyuan_hunyuandit-v1.2-diffusers,83084473,1.086188554763794
tencent-hunyuan_hunyuandit-v1.2-diffusers,83418847,1.7024784088134766
tencent-hunyuan_hunyuandit-v1.2-diffusers,84089324,-0.16004379093647003
tencent-hunyuan_hunyuandit-v1.2-diffusers,84306831,1.8491053581237793
tencent-hunyuan_hunyuandit-v1.2-diffusers,84510135,-0.15084408223628998
tencent-hunyuan_hunyuandit-v1.2-diffusers,84788890,1.610674262046814
tencent-hunyuan_hunyuandit-v1.2-diffusers,84985982,0.6518704295158386
tencent-hunyuan_hunyuandit-v1.2-diffusers,85191733,2.0422182083129883
tencent-hunyuan_hunyuandit-v1.2-diffusers,86119145,0.7392972111701965
tencent-hunyuan_hunyuandit-v1.2-diffusers,86340862,1.1871381998062134
tencent-hunyuan_hunyuandit-v1.2-diffusers,86341828,-0.8187577128410339
tencent-hunyuan_hunyuandit-v1.2-diffusers,86537356,0.1788889765739441
tencent-hunyuan_hunyuandit-v1.2-diffusers,86701636,1.9431579113006592
tencent-hunyuan_hunyuandit-v1.2-diffusers,86714939,-2.1132473945617676
tencent-hunyuan_hunyuandit-v1.2-diffusers,87574583,1.1099423170089722
tencent-hunyuan_hunyuandit-v1.2-diffusers,87699711,0.5737590789794922
tencent-hunyuan_hunyuandit-v1.2-diffusers,88016571,-0.424386203289032
tencent-hunyuan_hunyuandit-v1.2-diffusers,88087492,-0.6046198010444641
tencent-hunyuan_hunyuandit-v1.2-diffusers,89227603,2.6642301082611084
tencent-hunyuan_hunyuandit-v1.2-diffusers,89539854,-1.427009105682373
tencent-hunyuan_hunyuandit-v1.2-diffusers,89926787,-0.18549057841300964
tencent-hunyuan_hunyuandit-v1.2-diffusers,90244932,1.3762742280960083
tencent-hunyuan_hunyuandit-v1.2-diffusers,90493027,-0.8397589325904846
tencent-hunyuan_hunyuandit-v1.2-diffusers,90613035,-0.8055192828178406
tencent-hunyuan_hunyuandit-v1.2-diffusers,91368797,2.005298137664795
tencent-hunyuan_hunyuandit-v1.2-diffusers,91784299,0.7047654986381531
tencent-hunyuan_hunyuandit-v1.2-diffusers,91790573,2.1334939002990723
tencent-hunyuan_hunyuandit-v1.2-diffusers,91834546,-1.457261085510254
tencent-hunyuan_hunyuandit-v1.2-diffusers,92068094,2.1068406105041504
tencent-hunyuan_hunyuandit-v1.2-diffusers,92311656,0.4278685748577118
tencent-hunyuan_hunyuandit-v1.2-diffusers,92709444,0.6631984114646912
tencent-hunyuan_hunyuandit-v1.2-diffusers,93114575,1.5769596099853516
tencent-hunyuan_hunyuandit-v1.2-diffusers,93256557,0.015964308753609657
tencent-hunyuan_hunyuandit-v1.2-diffusers,93407716,0.2106063812971115
tencent-hunyuan_hunyuandit-v1.2-diffusers,93436296,1.2157585620880127
tencent-hunyuan_hunyuandit-v1.2-diffusers,93512057,1.059061050415039
tencent-hunyuan_hunyuandit-v1.2-diffusers,94006560,0.5291215777397156
tencent-hunyuan_hunyuandit-v1.2-diffusers,94321535,1.746077537536621
tencent-hunyuan_hunyuandit-v1.2-diffusers,94532154,1.5479679107666016
tencent-hunyuan_hunyuandit-v1.2-diffusers,95171107,-0.6011514663696289
tencent-hunyuan_hunyuandit-v1.2-diffusers,95228839,-0.8746230006217957
tencent-hunyuan_hunyuandit-v1.2-diffusers,95325441,0.6663141250610352
tencent-hunyuan_hunyuandit-v1.2-diffusers,95450946,2.5821502208709717
tencent-hunyuan_hunyuandit-v1.2-diffusers,95583911,-0.44984832406044006
tencent-hunyuan_hunyuandit-v1.2-diffusers,95718306,2.1900219917297363
tencent-hunyuan_hunyuandit-v1.2-diffusers,95737828,0.11914188414812088
tencent-hunyuan_hunyuandit-v1.2-diffusers,96448597,1.0506160259246826
tencent-hunyuan_hunyuandit-v1.2-diffusers,96482065,-0.2417573481798172
tencent-hunyuan_hunyuandit-v1.2-diffusers,96521920,-0.03678533434867859
tencent-hunyuan_hunyuandit-v1.2-diffusers,96850153,2.13908052444458
tencent-hunyuan_hunyuandit-v1.2-diffusers,98113191,1.5739132165908813
tencent-hunyuan_hunyuandit-v1.2-diffusers,98195317,-0.02825351618230343
tencent-hunyuan_hunyuandit-v1.2-diffusers,98254655,2.1410939693450928
tencent-hunyuan_hunyuandit-v1.2-diffusers,98319500,0.8148404359817505
tencent-hunyuan_hunyuandit-v1.2-diffusers,98642787,0.2370866984128952
tencent-hunyuan_hunyuandit-v1.2-diffusers,98646702,-0.6324160099029541
tencent-hunyuan_hunyuandit-v1.2-diffusers,98929226,-0.8998154401779175
tencent-hunyuan_hunyuandit-v1.2-diffusers,99178779,1.0644495487213135
tencent-hunyuan_hunyuandit-v1.2-diffusers,99185892,0.7401622533798218
tencent-hunyuan_hunyuandit-v1.2-diffusers,99211012,0.7581255435943604
tencent-hunyuan_hunyuandit-v1.2-diffusers,99410560,1.0265476703643799
tencent-hunyuan_hunyuandit-v1.2-diffusers,99862294,0.22857753932476044
black-forest-labs_flux.1-dev,138508,-0.7434943914413452
black-forest-labs_flux.1-dev,192051,-0.6856479048728943
black-forest-labs_flux.1-dev,213186,1.0734291076660156
black-forest-labs_flux.1-dev,232386,0.6251488327980042
black-forest-labs_flux.1-dev,232765,0.16253025829792023
black-forest-labs_flux.1-dev,258857,-1.5996627807617188
black-forest-labs_flux.1-dev,283090,0.8971724510192871
black-forest-labs_flux.1-dev,285141,1.0461764335632324
black-forest-labs_flux.1-dev,399030,-0.916681706905365
black-forest-labs_flux.1-dev,440189,-0.049189962446689606
black-forest-labs_flux.1-dev,445169,0.6903903484344482
black-forest-labs_flux.1-dev,486490,1.0723934173583984
black-forest-labs_flux.1-dev,487072,0.9828740954399109
black-forest-labs_flux.1-dev,487326,-0.6626154780387878
black-forest-labs_flux.1-dev,489837,-0.6849265098571777
black-forest-labs_flux.1-dev,646833,0.9610028862953186
black-forest-labs_flux.1-dev,708860,2.1606733798980713
black-forest-labs_flux.1-dev,717208,-0.22443853318691254
black-forest-labs_flux.1-dev,717468,0.7990632653236389
black-forest-labs_flux.1-dev,735254,1.8376760482788086
black-forest-labs_flux.1-dev,762478,2.017866849899292
black-forest-labs_flux.1-dev,825443,1.1298407316207886
black-forest-labs_flux.1-dev,831919,0.7920159101486206
black-forest-labs_flux.1-dev,896677,0.259499728679657
black-forest-labs_flux.1-dev,936620,1.2596421241760254
black-forest-labs_flux.1-dev,974367,0.7817270755767822
black-forest-labs_flux.1-dev,993014,0.8252887725830078
black-forest-labs_flux.1-dev,995855,-0.6351916193962097
black-forest-labs_flux.1-dev,1113367,-0.010657032951712608
black-forest-labs_flux.1-dev,1171644,0.16968534886837006
black-forest-labs_flux.1-dev,1209135,1.4192084074020386
black-forest-labs_flux.1-dev,1317294,1.484853744506836
black-forest-labs_flux.1-dev,1317533,0.9678501486778259
black-forest-labs_flux.1-dev,1321854,1.1596614122390747
black-forest-labs_flux.1-dev,1377758,0.8420235514640808
black-forest-labs_flux.1-dev,1474832,0.18141260743141174
black-forest-labs_flux.1-dev,1516071,2.2187325954437256
black-forest-labs_flux.1-dev,1566705,2.226278305053711
black-forest-labs_flux.1-dev,1640855,0.22195999324321747
black-forest-labs_flux.1-dev,1668603,1.406568169593811
black-forest-labs_flux.1-dev,1678990,1.5027861595153809
black-forest-labs_flux.1-dev,1699831,0.39619454741477966
black-forest-labs_flux.1-dev,1707698,0.33389148116111755
black-forest-labs_flux.1-dev,1727942,2.259517192840576
black-forest-labs_flux.1-dev,2045760,0.040696881711483
black-forest-labs_flux.1-dev,2075049,-1.0216729640960693
black-forest-labs_flux.1-dev,2075764,0.8784797787666321
black-forest-labs_flux.1-dev,2241569,-1.1880446672439575
black-forest-labs_flux.1-dev,2720725,0.932109534740448
black-forest-labs_flux.1-dev,2721160,-0.46839722990989685
black-forest-labs_flux.1-dev,2730265,0.6237683892250061
black-forest-labs_flux.1-dev,2744395,1.1477675437927246
black-forest-labs_flux.1-dev,2770078,1.5115500688552856
black-forest-labs_flux.1-dev,2793684,1.9114611148834229
black-forest-labs_flux.1-dev,2803666,1.4679666757583618
black-forest-labs_flux.1-dev,2807731,2.269619941711426
black-forest-labs_flux.1-dev,2821943,2.2905383110046387
black-forest-labs_flux.1-dev,2824319,0.04304005950689316
black-forest-labs_flux.1-dev,2825442,1.010790228843689
black-forest-labs_flux.1-dev,2852043,1.5720220804214478
black-forest-labs_flux.1-dev,2870293,3.2286033630371094
black-forest-labs_flux.1-dev,2870880,2.3621742725372314
black-forest-labs_flux.1-dev,2923535,1.9292529821395874
black-forest-labs_flux.1-dev,2933112,2.841167688369751
black-forest-labs_flux.1-dev,2963987,2.255977153778076
black-forest-labs_flux.1-dev,2991302,0.7425200343132019
black-forest-labs_flux.1-dev,3024209,1.2287580966949463
black-forest-labs_flux.1-dev,3035832,-0.5700901746749878
black-forest-labs_flux.1-dev,3049457,3.216109275817871
black-forest-labs_flux.1-dev,3107488,1.438289761543274
black-forest-labs_flux.1-dev,3131388,1.5012693405151367
black-forest-labs_flux.1-dev,3131669,1.9605156183242798
black-forest-labs_flux.1-dev,3152830,0.6086862087249756
black-forest-labs_flux.1-dev,3249569,1.3609329462051392
black-forest-labs_flux.1-dev,3262349,0.992152988910675
black-forest-labs_flux.1-dev,3288500,1.3320484161376953
black-forest-labs_flux.1-dev,3298716,1.8952535390853882
black-forest-labs_flux.1-dev,3308246,3.315822124481201
black-forest-labs_flux.1-dev,3309110,-1.0548481941223145
black-forest-labs_flux.1-dev,3347220,1.6839759349822998
black-forest-labs_flux.1-dev,3353281,-1.116771936416626
black-forest-labs_flux.1-dev,3366112,1.0298887491226196
black-forest-labs_flux.1-dev,3411927,1.7941803932189941
black-forest-labs_flux.1-dev,3456665,0.7890900373458862
black-forest-labs_flux.1-dev,3563208,1.0229055881500244
black-forest-labs_flux.1-dev,3580281,0.8526405692100525
black-forest-labs_flux.1-dev,3603442,1.56473708152771
black-forest-labs_flux.1-dev,3607029,0.5274638533592224
black-forest-labs_flux.1-dev,3628071,0.22759856283664703
black-forest-labs_flux.1-dev,3630383,0.6404126286506653
black-forest-labs_flux.1-dev,3676483,2.488039016723633
black-forest-labs_flux.1-dev,3679712,1.6933600902557373
black-forest-labs_flux.1-dev,3685307,1.1440553665161133
black-forest-labs_flux.1-dev,3703463,1.1069215536117554
black-forest-labs_flux.1-dev,3714235,0.26859089732170105
black-forest-labs_flux.1-dev,3728318,1.0067241191864014
black-forest-labs_flux.1-dev,3748162,0.8708950877189636
black-forest-labs_flux.1-dev,3764276,-0.2636238932609558
black-forest-labs_flux.1-dev,3818090,1.5647263526916504
black-forest-labs_flux.1-dev,3842156,2.442126989364624
black-forest-labs_flux.1-dev,3880032,0.8810127377510071
black-forest-labs_flux.1-dev,3889343,0.9046013951301575
black-forest-labs_flux.1-dev,3907654,1.232304573059082
black-forest-labs_flux.1-dev,3940713,0.6143411993980408
black-forest-labs_flux.1-dev,3975232,2.2084269523620605
black-forest-labs_flux.1-dev,3982060,1.6426916122436523
black-forest-labs_flux.1-dev,3990474,1.9782435894012451
black-forest-labs_flux.1-dev,4010305,1.9490492343902588
black-forest-labs_flux.1-dev,4025130,1.6674063205718994
black-forest-labs_flux.1-dev,4062807,-0.8315261006355286
black-forest-labs_flux.1-dev,4123448,2.0303196907043457
black-forest-labs_flux.1-dev,4125853,1.2969355583190918
black-forest-labs_flux.1-dev,4140340,0.6876910924911499
black-forest-labs_flux.1-dev,4145056,0.7227926850318909
black-forest-labs_flux.1-dev,4192521,1.6410269737243652
black-forest-labs_flux.1-dev,4259202,-1.0604441165924072
black-forest-labs_flux.1-dev,4285773,0.5737113356590271
black-forest-labs_flux.1-dev,4345028,0.973339855670929
black-forest-labs_flux.1-dev,4387201,0.673271119594574
black-forest-labs_flux.1-dev,4416901,-1.5965365171432495
black-forest-labs_flux.1-dev,4455579,-0.26829421520233154
black-forest-labs_flux.1-dev,4497570,0.6001965403556824
black-forest-labs_flux.1-dev,4534520,-0.35060372948646545
black-forest-labs_flux.1-dev,4539203,0.4569045603275299
black-forest-labs_flux.1-dev,4552551,1.22003173828125
black-forest-labs_flux.1-dev,4596797,0.4791245460510254
black-forest-labs_flux.1-dev,4832208,0.47370776534080505
black-forest-labs_flux.1-dev,4930139,1.93716299533844
black-forest-labs_flux.1-dev,5008085,0.9155328869819641
black-forest-labs_flux.1-dev,5219923,0.5367630124092102
black-forest-labs_flux.1-dev,5316083,0.5710484385490417
black-forest-labs_flux.1-dev,5350912,1.1957937479019165
black-forest-labs_flux.1-dev,5374860,0.9969063401222229
black-forest-labs_flux.1-dev,5410315,0.14322739839553833
black-forest-labs_flux.1-dev,5522784,0.6924030184745789
black-forest-labs_flux.1-dev,5728577,-0.14243163168430328
black-forest-labs_flux.1-dev,5752544,1.375937819480896
black-forest-labs_flux.1-dev,5794797,-0.11297625303268433
black-forest-labs_flux.1-dev,5895919,2.0105209350585938
black-forest-labs_flux.1-dev,5958517,0.8821703791618347
black-forest-labs_flux.1-dev,6189776,-0.8341071009635925
black-forest-labs_flux.1-dev,6528587,0.5559314489364624
black-forest-labs_flux.1-dev,6584891,1.1636555194854736
black-forest-labs_flux.1-dev,6586355,0.21613648533821106
black-forest-labs_flux.1-dev,6607809,-1.0604801177978516
black-forest-labs_flux.1-dev,6615026,0.21962788701057434
black-forest-labs_flux.1-dev,6615458,1.4553414583206177
black-forest-labs_flux.1-dev,6615818,1.0362228155136108
black-forest-labs_flux.1-dev,6616314,0.08728946000337601
black-forest-labs_flux.1-dev,6617011,1.5825655460357666
black-forest-labs_flux.1-dev,6617413,-0.9946441650390625
black-forest-labs_flux.1-dev,6729499,2.2147233486175537
black-forest-labs_flux.1-dev,6880664,-0.011816045269370079
black-forest-labs_flux.1-dev,6883725,-1.2130225896835327
black-forest-labs_flux.1-dev,6946774,2.9053306579589844
black-forest-labs_flux.1-dev,7025268,1.7245923280715942
black-forest-labs_flux.1-dev,7109847,-0.9042232632637024
black-forest-labs_flux.1-dev,7116261,1.0358301401138306
black-forest-labs_flux.1-dev,7150023,2.5374794006347656
black-forest-labs_flux.1-dev,7163803,0.12965936958789825
black-forest-labs_flux.1-dev,7507098,2.219305992126465
black-forest-labs_flux.1-dev,7596684,0.42206642031669617
black-forest-labs_flux.1-dev,7597365,-1.0747630596160889
black-forest-labs_flux.1-dev,7601809,-0.10309311747550964
black-forest-labs_flux.1-dev,7605282,-0.6305913329124451
black-forest-labs_flux.1-dev,7606419,-0.19582952558994293
black-forest-labs_flux.1-dev,7607707,0.27758365869522095
black-forest-labs_flux.1-dev,7608721,1.8165297508239746
black-forest-labs_flux.1-dev,7625977,1.3610788583755493
black-forest-labs_flux.1-dev,7626721,1.8668643236160278
black-forest-labs_flux.1-dev,7626833,0.3880060613155365
black-forest-labs_flux.1-dev,7627310,0.6658897995948792
black-forest-labs_flux.1-dev,7651454,2.122190475463867
black-forest-labs_flux.1-dev,7654438,1.2342510223388672
black-forest-labs_flux.1-dev,7664468,0.010486731305718422
black-forest-labs_flux.1-dev,7698915,1.7271051406860352
black-forest-labs_flux.1-dev,7700167,0.5633649826049805
black-forest-labs_flux.1-dev,7700868,0.7041603922843933
black-forest-labs_flux.1-dev,7701244,0.9159864783287048
black-forest-labs_flux.1-dev,7702193,0.22897613048553467
black-forest-labs_flux.1-dev,7710616,0.9239169955253601
black-forest-labs_flux.1-dev,7834065,1.8909482955932617
black-forest-labs_flux.1-dev,7854266,-1.4371143579483032
black-forest-labs_flux.1-dev,7854455,0.5599175095558167
black-forest-labs_flux.1-dev,7871940,-0.9288464188575745
black-forest-labs_flux.1-dev,7891189,1.261533498764038
black-forest-labs_flux.1-dev,7897116,0.6710813641548157
black-forest-labs_flux.1-dev,7914271,2.407515048980713
black-forest-labs_flux.1-dev,7922764,-0.4216727912425995
black-forest-labs_flux.1-dev,7929519,1.7072045803070068
black-forest-labs_flux.1-dev,7933274,2.058115005493164
black-forest-labs_flux.1-dev,7933530,2.6434109210968018
black-forest-labs_flux.1-dev,8089797,0.7921372056007385
black-forest-labs_flux.1-dev,8095160,2.7050113677978516
black-forest-labs_flux.1-dev,8124208,1.8786721229553223
black-forest-labs_flux.1-dev,8339939,-0.18229927122592926
black-forest-labs_flux.1-dev,8876291,-0.7881147265434265
black-forest-labs_flux.1-dev,9020389,1.5473698377609253
black-forest-labs_flux.1-dev,9044146,0.22146356105804443
black-forest-labs_flux.1-dev,9057052,2.5490334033966064
black-forest-labs_flux.1-dev,9427682,2.098841667175293
black-forest-labs_flux.1-dev,9580065,1.2568011283874512
black-forest-labs_flux.1-dev,9719434,1.7269072532653809
black-forest-labs_flux.1-dev,9793248,-0.40960457921028137
black-forest-labs_flux.1-dev,9794211,1.6978765726089478
black-forest-labs_flux.1-dev,9862621,1.202457308769226
black-forest-labs_flux.1-dev,9875188,-0.007983526214957237
black-forest-labs_flux.1-dev,9984659,0.9081533551216125
black-forest-labs_flux.1-dev,10012874,0.3547360599040985
black-forest-labs_flux.1-dev,10024569,-0.4213993549346924
black-forest-labs_flux.1-dev,10080493,0.8362978100776672
black-forest-labs_flux.1-dev,10106452,1.3012754917144775
black-forest-labs_flux.1-dev,10198409,0.285112202167511
black-forest-labs_flux.1-dev,10333317,-0.2595069110393524
black-forest-labs_flux.1-dev,10408552,2.926548957824707
black-forest-labs_flux.1-dev,10444677,0.9496104121208191
black-forest-labs_flux.1-dev,10453357,-0.8119632601737976
black-forest-labs_flux.1-dev,10548623,1.0058835744857788
black-forest-labs_flux.1-dev,10572128,1.1826117038726807
black-forest-labs_flux.1-dev,10794014,1.232627511024475
black-forest-labs_flux.1-dev,10939743,0.5541120767593384
black-forest-labs_flux.1-dev,11039909,1.621843934059143
black-forest-labs_flux.1-dev,11334088,0.023378899320960045
black-forest-labs_flux.1-dev,11417672,1.1147651672363281
black-forest-labs_flux.1-dev,11437577,0.188245490193367
black-forest-labs_flux.1-dev,11460338,-0.006434401962906122
black-forest-labs_flux.1-dev,12345739,0.002675152849406004
black-forest-labs_flux.1-dev,12402348,1.16579008102417
black-forest-labs_flux.1-dev,13221529,-1.5960206985473633
black-forest-labs_flux.1-dev,13290566,0.9113749861717224
black-forest-labs_flux.1-dev,13389475,0.9014429450035095
black-forest-labs_flux.1-dev,13390139,1.6572809219360352
black-forest-labs_flux.1-dev,13390405,1.6231610774993896
black-forest-labs_flux.1-dev,13392786,-0.5515912175178528
black-forest-labs_flux.1-dev,13649361,-1.4374194145202637
black-forest-labs_flux.1-dev,13716878,2.5775952339172363
black-forest-labs_flux.1-dev,13884740,1.4262855052947998
black-forest-labs_flux.1-dev,13915305,0.484665185213089
black-forest-labs_flux.1-dev,13931145,2.4201900959014893
black-forest-labs_flux.1-dev,13984082,-0.2068978101015091
black-forest-labs_flux.1-dev,14140678,1.335567593574524
black-forest-labs_flux.1-dev,14195315,0.436276376247406
black-forest-labs_flux.1-dev,14294568,0.04889794439077377
black-forest-labs_flux.1-dev,14320813,1.039658546447754
black-forest-labs_flux.1-dev,14360436,1.1928980350494385
black-forest-labs_flux.1-dev,14488317,1.7454438209533691
black-forest-labs_flux.1-dev,14533937,0.6074401140213013
black-forest-labs_flux.1-dev,14550987,0.35494983196258545
black-forest-labs_flux.1-dev,14579933,0.740142285823822
black-forest-labs_flux.1-dev,14606290,0.09025810658931732
black-forest-labs_flux.1-dev,14620257,1.2552862167358398
black-forest-labs_flux.1-dev,14632648,-0.16322048008441925
black-forest-labs_flux.1-dev,14647235,0.7322526574134827
black-forest-labs_flux.1-dev,14654954,2.536405563354492
black-forest-labs_flux.1-dev,14686352,1.2667187452316284
black-forest-labs_flux.1-dev,14702875,1.4169654846191406
black-forest-labs_flux.1-dev,14703190,1.0289113521575928
black-forest-labs_flux.1-dev,14807929,0.4490915834903717
black-forest-labs_flux.1-dev,14809057,-0.4397345781326294
black-forest-labs_flux.1-dev,14867690,-0.9078772068023682
black-forest-labs_flux.1-dev,14872875,0.4066042900085449
black-forest-labs_flux.1-dev,14880557,2.6600420475006104
black-forest-labs_flux.1-dev,14894140,-0.5056471228599548
black-forest-labs_flux.1-dev,15180934,1.478454351425171
black-forest-labs_flux.1-dev,15970145,1.8088290691375732
black-forest-labs_flux.1-dev,17002912,1.6204915046691895
black-forest-labs_flux.1-dev,17012379,1.0832479000091553
black-forest-labs_flux.1-dev,17282800,0.33143553137779236
black-forest-labs_flux.1-dev,17925539,1.204439401626587
black-forest-labs_flux.1-dev,18367104,1.4224575757980347
black-forest-labs_flux.1-dev,18758723,-1.543959140777588
black-forest-labs_flux.1-dev,19143128,0.7024059891700745
black-forest-labs_flux.1-dev,19671124,0.4643602967262268
black-forest-labs_flux.1-dev,19855707,0.8054687976837158
black-forest-labs_flux.1-dev,19893872,1.6495916843414307
black-forest-labs_flux.1-dev,20017667,0.8687770962715149
black-forest-labs_flux.1-dev,20128079,1.6579797267913818
black-forest-labs_flux.1-dev,20471134,0.18531470000743866
black-forest-labs_flux.1-dev,20495093,1.4439443349838257
black-forest-labs_flux.1-dev,20782430,0.48301562666893005
black-forest-labs_flux.1-dev,21377549,1.1758443117141724
black-forest-labs_flux.1-dev,21564446,0.575092613697052
black-forest-labs_flux.1-dev,21620388,2.124290943145752
black-forest-labs_flux.1-dev,22149540,-0.22786308825016022
black-forest-labs_flux.1-dev,22738759,1.7703040838241577
black-forest-labs_flux.1-dev,22767176,1.8777315616607666
black-forest-labs_flux.1-dev,23129661,0.6340176463127136
black-forest-labs_flux.1-dev,23185551,0.2524597644805908
black-forest-labs_flux.1-dev,23232427,1.2503814697265625
black-forest-labs_flux.1-dev,23257851,-1.7234203815460205
black-forest-labs_flux.1-dev,23620789,1.9952447414398193
black-forest-labs_flux.1-dev,24808131,0.15365467965602875
black-forest-labs_flux.1-dev,24843217,1.8504807949066162
black-forest-labs_flux.1-dev,24933378,0.41544753313064575
black-forest-labs_flux.1-dev,24942232,1.1342331171035767
black-forest-labs_flux.1-dev,25290589,-1.8994489908218384
black-forest-labs_flux.1-dev,25579216,-0.04900293052196503
black-forest-labs_flux.1-dev,25685207,2.1335034370422363
black-forest-labs_flux.1-dev,25776594,-0.293447881937027
black-forest-labs_flux.1-dev,26078214,2.723478078842163
black-forest-labs_flux.1-dev,26746434,0.36488670110702515
black-forest-labs_flux.1-dev,26998039,1.1614245176315308
black-forest-labs_flux.1-dev,27106238,2.609509229660034
black-forest-labs_flux.1-dev,27246777,1.8011260032653809
black-forest-labs_flux.1-dev,27768637,1.426864743232727
black-forest-labs_flux.1-dev,27871992,0.7843158841133118
black-forest-labs_flux.1-dev,28190972,0.11289390176534653
black-forest-labs_flux.1-dev,29094321,0.821572482585907
black-forest-labs_flux.1-dev,29148617,0.2444104254245758
black-forest-labs_flux.1-dev,29161294,0.7617955207824707
black-forest-labs_flux.1-dev,29632917,0.5945407748222351
black-forest-labs_flux.1-dev,29703209,0.46093857288360596
black-forest-labs_flux.1-dev,29779486,0.9787784218788147
black-forest-labs_flux.1-dev,30028757,0.47489237785339355
black-forest-labs_flux.1-dev,30225071,-0.7190670371055603
black-forest-labs_flux.1-dev,30373565,0.5003991723060608
black-forest-labs_flux.1-dev,30484086,0.24057035148143768
black-forest-labs_flux.1-dev,30883080,-0.8325157761573792
black-forest-labs_flux.1-dev,31114750,1.490403413772583
black-forest-labs_flux.1-dev,31196176,2.0471739768981934
black-forest-labs_flux.1-dev,31391857,1.8878724575042725
black-forest-labs_flux.1-dev,31595142,2.6466100215911865
black-forest-labs_flux.1-dev,32152786,0.8992769122123718
black-forest-labs_flux.1-dev,32327818,-0.42837128043174744
black-forest-labs_flux.1-dev,32379732,1.0909243822097778
black-forest-labs_flux.1-dev,32473966,-0.13732729852199554
black-forest-labs_flux.1-dev,32902730,1.5744434595108032
black-forest-labs_flux.1-dev,32932491,1.1526542901992798
black-forest-labs_flux.1-dev,33006578,-1.1192526817321777
black-forest-labs_flux.1-dev,33478721,0.6986545324325562
black-forest-labs_flux.1-dev,34475997,-1.6483163833618164
black-forest-labs_flux.1-dev,34578737,1.3632705211639404
black-forest-labs_flux.1-dev,34773230,-0.3032883107662201
black-forest-labs_flux.1-dev,36507085,0.5583505034446716
black-forest-labs_flux.1-dev,36678439,-0.48778077960014343
black-forest-labs_flux.1-dev,37287360,-0.8224051594734192
black-forest-labs_flux.1-dev,37319253,-0.5467574000358582
black-forest-labs_flux.1-dev,37547870,3.2134909629821777
black-forest-labs_flux.1-dev,37736408,1.4885029792785645
black-forest-labs_flux.1-dev,38014258,-0.3334881365299225
black-forest-labs_flux.1-dev,38297191,0.6478250026702881
black-forest-labs_flux.1-dev,38402744,-0.2576555609703064
black-forest-labs_flux.1-dev,38954086,0.910879373550415
black-forest-labs_flux.1-dev,39139190,1.8484550714492798
black-forest-labs_flux.1-dev,39560404,0.6719485521316528
black-forest-labs_flux.1-dev,39566065,1.7282702922821045
black-forest-labs_flux.1-dev,39595218,2.2994558811187744
black-forest-labs_flux.1-dev,40825299,0.940944254398346
black-forest-labs_flux.1-dev,40945115,0.5211293697357178
black-forest-labs_flux.1-dev,40995095,1.304929494857788
black-forest-labs_flux.1-dev,41015844,0.6731469035148621
black-forest-labs_flux.1-dev,41031648,0.5218510031700134
black-forest-labs_flux.1-dev,41161074,0.26258763670921326
black-forest-labs_flux.1-dev,41458919,-0.9650089144706726
black-forest-labs_flux.1-dev,41565779,1.2846812009811401
black-forest-labs_flux.1-dev,41766391,0.9187936186790466
black-forest-labs_flux.1-dev,41982710,0.8967118263244629
black-forest-labs_flux.1-dev,42048260,0.758511483669281
black-forest-labs_flux.1-dev,42849420,3.6614646911621094
black-forest-labs_flux.1-dev,42931583,0.5596342086791992
black-forest-labs_flux.1-dev,43060946,0.7351298928260803
black-forest-labs_flux.1-dev,43153800,1.006033182144165
black-forest-labs_flux.1-dev,43161384,2.117210865020752
black-forest-labs_flux.1-dev,43301379,2.123328447341919
black-forest-labs_flux.1-dev,43304323,2.160367012023926
black-forest-labs_flux.1-dev,43367797,0.7266900539398193
black-forest-labs_flux.1-dev,43431032,1.4681400060653687
black-forest-labs_flux.1-dev,43631801,0.9800909757614136
black-forest-labs_flux.1-dev,43735560,0.2879931926727295
black-forest-labs_flux.1-dev,43858443,1.4868512153625488
black-forest-labs_flux.1-dev,43918624,0.8761875033378601
black-forest-labs_flux.1-dev,44280552,0.7846315503120422
black-forest-labs_flux.1-dev,44295589,0.9505497813224792
black-forest-labs_flux.1-dev,44621915,0.11000598967075348
black-forest-labs_flux.1-dev,44645737,1.665100336074829
black-forest-labs_flux.1-dev,44838123,1.2236802577972412
black-forest-labs_flux.1-dev,45258070,-0.8887484669685364
black-forest-labs_flux.1-dev,45297641,-0.5772849321365356
black-forest-labs_flux.1-dev,45418454,0.49850907921791077
black-forest-labs_flux.1-dev,45564900,1.0377907752990723
black-forest-labs_flux.1-dev,46150029,1.1368719339370728
black-forest-labs_flux.1-dev,46394736,1.272923469543457
black-forest-labs_flux.1-dev,46673664,1.6661800146102905
black-forest-labs_flux.1-dev,46994920,-1.0062586069107056
black-forest-labs_flux.1-dev,47009060,0.24816380441188812
black-forest-labs_flux.1-dev,47552953,1.549116611480713
black-forest-labs_flux.1-dev,47595220,0.6320262551307678
black-forest-labs_flux.1-dev,47819321,0.35888975858688354
black-forest-labs_flux.1-dev,48223384,1.0152987241744995
black-forest-labs_flux.1-dev,48351897,-0.2158374935388565
black-forest-labs_flux.1-dev,48754831,2.3640217781066895
black-forest-labs_flux.1-dev,49054805,1.4312750101089478
black-forest-labs_flux.1-dev,49089576,2.2210893630981445
black-forest-labs_flux.1-dev,49300740,1.2243093252182007
black-forest-labs_flux.1-dev,49358811,-0.5263054966926575
black-forest-labs_flux.1-dev,49462954,0.5185517072677612
black-forest-labs_flux.1-dev,50262859,0.8410163521766663
black-forest-labs_flux.1-dev,50871471,0.29464027285575867
black-forest-labs_flux.1-dev,50952217,-0.1764983832836151
black-forest-labs_flux.1-dev,51060824,-0.35354605317115784
black-forest-labs_flux.1-dev,51314050,0.2489340454339981
black-forest-labs_flux.1-dev,51946990,0.6472829580307007
black-forest-labs_flux.1-dev,52325745,0.6140034198760986
black-forest-labs_flux.1-dev,52474100,2.157578706741333
black-forest-labs_flux.1-dev,52516409,0.8788190484046936
black-forest-labs_flux.1-dev,52711595,1.6849489212036133
black-forest-labs_flux.1-dev,53022028,3.1862335205078125
black-forest-labs_flux.1-dev,53205877,-2.035362720489502
black-forest-labs_flux.1-dev,53288018,1.1464554071426392
black-forest-labs_flux.1-dev,53443611,1.7186040878295898
black-forest-labs_flux.1-dev,53815934,0.5801160931587219
black-forest-labs_flux.1-dev,54495173,1.6785485744476318
black-forest-labs_flux.1-dev,54931507,1.9668214321136475
black-forest-labs_flux.1-dev,55191509,1.391695261001587
black-forest-labs_flux.1-dev,55255145,0.3343732953071594
black-forest-labs_flux.1-dev,55457672,0.7348726987838745
black-forest-labs_flux.1-dev,55588327,0.7609922289848328
black-forest-labs_flux.1-dev,55653646,1.0950349569320679
black-forest-labs_flux.1-dev,55658809,0.7016549706459045
black-forest-labs_flux.1-dev,55812974,-0.08344382792711258
black-forest-labs_flux.1-dev,55819553,2.813446283340454
black-forest-labs_flux.1-dev,55826966,1.6237105131149292
black-forest-labs_flux.1-dev,55983905,-0.6244737505912781
black-forest-labs_flux.1-dev,56074056,1.6009666919708252
black-forest-labs_flux.1-dev,56112588,0.6239261031150818
black-forest-labs_flux.1-dev,56121520,0.5765220522880554
black-forest-labs_flux.1-dev,56250900,0.35930874943733215
black-forest-labs_flux.1-dev,56458800,0.8654830455780029
black-forest-labs_flux.1-dev,56792430,0.22551791369915009
black-forest-labs_flux.1-dev,56982260,0.5480324029922485
black-forest-labs_flux.1-dev,57673976,1.6506046056747437
black-forest-labs_flux.1-dev,57716963,1.147571325302124
black-forest-labs_flux.1-dev,57729980,0.15753909945487976
black-forest-labs_flux.1-dev,57785005,1.227414608001709
black-forest-labs_flux.1-dev,57873614,0.24963714182376862
black-forest-labs_flux.1-dev,58727024,0.28878363966941833
black-forest-labs_flux.1-dev,58761464,1.912394642829895
black-forest-labs_flux.1-dev,59399259,-0.10685897618532181
black-forest-labs_flux.1-dev,59976859,0.4345122277736664
black-forest-labs_flux.1-dev,60083345,-0.5671675801277161
black-forest-labs_flux.1-dev,60214770,0.11985822767019272
black-forest-labs_flux.1-dev,60215376,1.1406822204589844
black-forest-labs_flux.1-dev,60375309,0.8708497881889343
black-forest-labs_flux.1-dev,60606896,1.0991686582565308
black-forest-labs_flux.1-dev,60668084,2.230273723602295
black-forest-labs_flux.1-dev,61035709,1.459989070892334
black-forest-labs_flux.1-dev,61388266,1.6788595914840698
black-forest-labs_flux.1-dev,61627313,2.212075710296631
black-forest-labs_flux.1-dev,61635816,1.4043242931365967
black-forest-labs_flux.1-dev,61853324,-0.11588026583194733
black-forest-labs_flux.1-dev,62408818,-0.7001107335090637
black-forest-labs_flux.1-dev,62841330,0.5759972929954529
black-forest-labs_flux.1-dev,63015570,0.9116583466529846
black-forest-labs_flux.1-dev,63336441,-0.5464872121810913
black-forest-labs_flux.1-dev,63633117,2.1643075942993164
black-forest-labs_flux.1-dev,64576544,0.6498038172721863
black-forest-labs_flux.1-dev,64687077,-1.5806926488876343
black-forest-labs_flux.1-dev,64693533,0.9812951683998108
black-forest-labs_flux.1-dev,64856142,3.497851610183716
black-forest-labs_flux.1-dev,65411270,0.3653773069381714
black-forest-labs_flux.1-dev,65557844,0.36291101574897766
black-forest-labs_flux.1-dev,65824677,-0.5497016906738281
black-forest-labs_flux.1-dev,65890875,1.2958576679229736
black-forest-labs_flux.1-dev,65960228,0.10686779022216797
black-forest-labs_flux.1-dev,66668538,0.1257013976573944
black-forest-labs_flux.1-dev,67344811,1.2749683856964111
black-forest-labs_flux.1-dev,67949798,1.3071484565734863
black-forest-labs_flux.1-dev,68246844,0.6265413165092468
black-forest-labs_flux.1-dev,68280322,-0.6512911319732666
black-forest-labs_flux.1-dev,68321683,1.6371612548828125
black-forest-labs_flux.1-dev,68380669,2.8807613849639893
black-forest-labs_flux.1-dev,68575085,0.29269659519195557
black-forest-labs_flux.1-dev,70380966,0.5407494902610779
black-forest-labs_flux.1-dev,70494671,2.0088584423065186
black-forest-labs_flux.1-dev,71055464,2.2444469928741455
black-forest-labs_flux.1-dev,71591839,-0.9528293013572693
black-forest-labs_flux.1-dev,71828875,1.3505442142486572
black-forest-labs_flux.1-dev,71910823,1.0288712978363037
black-forest-labs_flux.1-dev,71959499,1.8322982788085938
black-forest-labs_flux.1-dev,72432241,1.1165845394134521
black-forest-labs_flux.1-dev,72553814,1.220833420753479
black-forest-labs_flux.1-dev,73051579,0.41277390718460083
black-forest-labs_flux.1-dev,73600586,1.0711363554000854
black-forest-labs_flux.1-dev,73616417,2.8928146362304688
black-forest-labs_flux.1-dev,73681289,-0.34903544187545776
black-forest-labs_flux.1-dev,73962724,0.6608934998512268
black-forest-labs_flux.1-dev,74175857,-0.38816213607788086
black-forest-labs_flux.1-dev,75051801,0.978459358215332
black-forest-labs_flux.1-dev,75787772,0.16114318370819092
black-forest-labs_flux.1-dev,75944980,1.5016907453536987
black-forest-labs_flux.1-dev,75964288,0.09504442662000656
black-forest-labs_flux.1-dev,76066166,-0.22611181437969208
black-forest-labs_flux.1-dev,76100398,0.8483278155326843
black-forest-labs_flux.1-dev,76425345,2.306671380996704
black-forest-labs_flux.1-dev,77106105,0.02320902980864048
black-forest-labs_flux.1-dev,77132310,1.4390370845794678
black-forest-labs_flux.1-dev,77232534,0.8147420883178711
black-forest-labs_flux.1-dev,77312726,0.7099554538726807
black-forest-labs_flux.1-dev,77358840,1.3179690837860107
black-forest-labs_flux.1-dev,77490593,1.3344318866729736
black-forest-labs_flux.1-dev,77726888,1.8798623085021973
black-forest-labs_flux.1-dev,78735978,1.1114054918289185
black-forest-labs_flux.1-dev,79077085,2.0968406200408936
black-forest-labs_flux.1-dev,79212243,2.8359742164611816
black-forest-labs_flux.1-dev,79606917,2.046133518218994
black-forest-labs_flux.1-dev,79918827,1.1923527717590332
black-forest-labs_flux.1-dev,80289373,0.7633104920387268
black-forest-labs_flux.1-dev,80371125,1.0307061672210693
black-forest-labs_flux.1-dev,80540387,1.1328309774398804
black-forest-labs_flux.1-dev,81135077,-0.9313331246376038
black-forest-labs_flux.1-dev,81303945,2.2453529834747314
black-forest-labs_flux.1-dev,81435593,1.0263350009918213
black-forest-labs_flux.1-dev,82282590,1.7405283451080322
black-forest-labs_flux.1-dev,82696415,0.0885644406080246
black-forest-labs_flux.1-dev,82916016,0.35449281334877014
black-forest-labs_flux.1-dev,83084473,1.447495460510254
black-forest-labs_flux.1-dev,83418847,2.1825129985809326
black-forest-labs_flux.1-dev,84089324,1.3039108514785767
black-forest-labs_flux.1-dev,84306831,0.8035525679588318
black-forest-labs_flux.1-dev,84510135,-0.35245421528816223
black-forest-labs_flux.1-dev,84788890,1.5721931457519531
black-forest-labs_flux.1-dev,84985982,1.031374454498291
black-forest-labs_flux.1-dev,85191733,1.0671541690826416
black-forest-labs_flux.1-dev,86119145,-0.3040124475955963
black-forest-labs_flux.1-dev,86340862,1.5608912706375122
black-forest-labs_flux.1-dev,86341828,1.232461929321289
black-forest-labs_flux.1-dev,86537356,-0.059173084795475006
black-forest-labs_flux.1-dev,86701636,1.4136161804199219
black-forest-labs_flux.1-dev,86714939,1.697120189666748
black-forest-labs_flux.1-dev,87574583,-0.8193331956863403
black-forest-labs_flux.1-dev,87699711,2.4738974571228027
black-forest-labs_flux.1-dev,88016571,-0.3635041415691376
black-forest-labs_flux.1-dev,88087492,-0.29734858870506287
black-forest-labs_flux.1-dev,89227603,1.4531306028366089
black-forest-labs_flux.1-dev,89539854,-0.37592586874961853
black-forest-labs_flux.1-dev,89926787,1.5615187883377075
black-forest-labs_flux.1-dev,90244932,0.1848354935646057
black-forest-labs_flux.1-dev,90493027,1.3783513307571411
black-forest-labs_flux.1-dev,90613035,-0.9210296869277954
black-forest-labs_flux.1-dev,91368797,0.3646921217441559
black-forest-labs_flux.1-dev,91784299,1.96164870262146
black-forest-labs_flux.1-dev,91790573,-0.3247199058532715
black-forest-labs_flux.1-dev,91834546,0.4350065290927887
black-forest-labs_flux.1-dev,92068094,1.0579580068588257
black-forest-labs_flux.1-dev,92311656,-0.15839414298534393
black-forest-labs_flux.1-dev,92709444,1.3947278261184692
black-forest-labs_flux.1-dev,93114575,0.7951077222824097
black-forest-labs_flux.1-dev,93256557,0.8089662194252014
black-forest-labs_flux.1-dev,93407716,1.3676432371139526
black-forest-labs_flux.1-dev,93436296,-0.27443620562553406
black-forest-labs_flux.1-dev,93512057,0.03689394146203995
black-forest-labs_flux.1-dev,94006560,-0.29691582918167114
black-forest-labs_flux.1-dev,94321535,1.4735749959945679
black-forest-labs_flux.1-dev,94532154,0.5700165629386902
black-forest-labs_flux.1-dev,95171107,0.3290922939777374
black-forest-labs_flux.1-dev,95228839,0.9036921262741089
black-forest-labs_flux.1-dev,95325441,0.40743494033813477
black-forest-labs_flux.1-dev,95450946,1.673710823059082
black-forest-labs_flux.1-dev,95583911,1.4940437078475952
black-forest-labs_flux.1-dev,95718306,1.9181486368179321
black-forest-labs_flux.1-dev,95737828,0.7781650424003601
black-forest-labs_flux.1-dev,96448597,0.9101735949516296
black-forest-labs_flux.1-dev,96482065,0.6676456332206726
black-forest-labs_flux.1-dev,96521920,-0.5070843696594238
black-forest-labs_flux.1-dev,96850153,2.4067509174346924
black-forest-labs_flux.1-dev,98113191,0.4777590334415436
black-forest-labs_flux.1-dev,98195317,0.3460070788860321
black-forest-labs_flux.1-dev,98254655,3.6568052768707275
black-forest-labs_flux.1-dev,98319500,0.7071962356567383
black-forest-labs_flux.1-dev,98642787,0.8060116767883301
black-forest-labs_flux.1-dev,98646702,0.01874029077589512
black-forest-labs_flux.1-dev,98929226,0.412334680557251
black-forest-labs_flux.1-dev,99178779,2.5678203105926514
black-forest-labs_flux.1-dev,99185892,0.18657198548316956
black-forest-labs_flux.1-dev,99211012,0.792395293712616
black-forest-labs_flux.1-dev,99410560,0.2130601555109024
black-forest-labs_flux.1-dev,99862294,2.3437585830688477
kandinsky-community_kandinsky-3,138508,-1.785573959350586
kandinsky-community_kandinsky-3,192051,-0.6433570981025696
kandinsky-community_kandinsky-3,213186,-1.2166097164154053
kandinsky-community_kandinsky-3,232386,-0.43018731474876404
kandinsky-community_kandinsky-3,232765,-1.8441369533538818
kandinsky-community_kandinsky-3,258857,-0.19043464958667755
kandinsky-community_kandinsky-3,283090,-2.245788335800171
kandinsky-community_kandinsky-3,285141,1.51744544506073
kandinsky-community_kandinsky-3,399030,-0.25869524478912354
kandinsky-community_kandinsky-3,440189,0.3311673700809479
kandinsky-community_kandinsky-3,445169,-2.762333631515503
kandinsky-community_kandinsky-3,486490,-2.3064541816711426
kandinsky-community_kandinsky-3,487072,-2.367337465286255
kandinsky-community_kandinsky-3,487326,2.094464063644409
kandinsky-community_kandinsky-3,489837,-1.3015555143356323
kandinsky-community_kandinsky-3,646833,2.654383659362793
kandinsky-community_kandinsky-3,708860,0.667492151260376
kandinsky-community_kandinsky-3,717208,-1.2635631561279297
kandinsky-community_kandinsky-3,717468,-1.6226427555084229
kandinsky-community_kandinsky-3,735254,2.0600998401641846
kandinsky-community_kandinsky-3,762478,1.2574013471603394
kandinsky-community_kandinsky-3,825443,0.4147861897945404
kandinsky-community_kandinsky-3,831919,1.783219814300537
kandinsky-community_kandinsky-3,896677,2.6068480014801025
kandinsky-community_kandinsky-3,936620,-0.46227893233299255
kandinsky-community_kandinsky-3,974367,-0.004387697670608759
kandinsky-community_kandinsky-3,993014,-2.2125985622406006
kandinsky-community_kandinsky-3,995855,0.16247203946113586
kandinsky-community_kandinsky-3,1113367,0.14908964931964874
kandinsky-community_kandinsky-3,1171644,0.529026210308075
kandinsky-community_kandinsky-3,1209135,0.6566828489303589
kandinsky-community_kandinsky-3,1317294,-0.4156714975833893
kandinsky-community_kandinsky-3,1317533,2.125223159790039
kandinsky-community_kandinsky-3,1321854,0.9156903624534607
kandinsky-community_kandinsky-3,1377758,-2.1986582279205322
kandinsky-community_kandinsky-3,1474832,-1.7300361394882202
kandinsky-community_kandinsky-3,1516071,0.8977477550506592
kandinsky-community_kandinsky-3,1566705,0.08943227678537369
kandinsky-community_kandinsky-3,1640855,0.8270009756088257
kandinsky-community_kandinsky-3,1668603,0.1580802947282791
kandinsky-community_kandinsky-3,1678990,1.0646514892578125
kandinsky-community_kandinsky-3,1699831,-0.16470150649547577
kandinsky-community_kandinsky-3,1707698,-1.0821839570999146
kandinsky-community_kandinsky-3,1727942,1.891424298286438
kandinsky-community_kandinsky-3,2045760,1.6348007917404175
kandinsky-community_kandinsky-3,2075049,-0.5168631076812744
kandinsky-community_kandinsky-3,2075764,0.8050110936164856
kandinsky-community_kandinsky-3,2241569,-0.8584287166595459
kandinsky-community_kandinsky-3,2720725,-0.1156114861369133
kandinsky-community_kandinsky-3,2721160,1.2909263372421265
kandinsky-community_kandinsky-3,2730265,0.2555054724216461
kandinsky-community_kandinsky-3,2744395,0.2648526728153229
kandinsky-community_kandinsky-3,2770078,0.9235804677009583
kandinsky-community_kandinsky-3,2793684,0.3797149062156677
kandinsky-community_kandinsky-3,2803666,0.016551898792386055
kandinsky-community_kandinsky-3,2807731,1.3637844324111938
kandinsky-community_kandinsky-3,2821943,2.1325125694274902
kandinsky-community_kandinsky-3,2824319,0.4550843834877014
kandinsky-community_kandinsky-3,2825442,-0.9105952382087708
kandinsky-community_kandinsky-3,2852043,0.9512209296226501
kandinsky-community_kandinsky-3,2870293,2.451995849609375
kandinsky-community_kandinsky-3,2870880,2.3250296115875244
kandinsky-community_kandinsky-3,2923535,0.8319275379180908
kandinsky-community_kandinsky-3,2933112,1.5260621309280396
kandinsky-community_kandinsky-3,2963987,1.2161277532577515
kandinsky-community_kandinsky-3,2991302,1.0681039094924927
kandinsky-community_kandinsky-3,3024209,-0.5647059679031372
kandinsky-community_kandinsky-3,3035832,1.609558343887329
kandinsky-community_kandinsky-3,3049457,2.0741117000579834
kandinsky-community_kandinsky-3,3107488,-0.7668989300727844
kandinsky-community_kandinsky-3,3131388,-0.8376840353012085
kandinsky-community_kandinsky-3,3131669,0.23534634709358215
kandinsky-community_kandinsky-3,3152830,0.4996913969516754
kandinsky-community_kandinsky-3,3249569,0.6916581392288208
kandinsky-community_kandinsky-3,3262349,0.9599007368087769
kandinsky-community_kandinsky-3,3288500,1.1818814277648926
kandinsky-community_kandinsky-3,3298716,1.2108509540557861
kandinsky-community_kandinsky-3,3308246,0.5612275004386902
kandinsky-community_kandinsky-3,3309110,-0.9490335583686829
kandinsky-community_kandinsky-3,3347220,1.7579201459884644
kandinsky-community_kandinsky-3,3353281,2.374884843826294
kandinsky-community_kandinsky-3,3366112,0.04309409111738205
kandinsky-community_kandinsky-3,3411927,2.222538948059082
kandinsky-community_kandinsky-3,3456665,0.5529323220252991
kandinsky-community_kandinsky-3,3563208,0.4713449776172638
kandinsky-community_kandinsky-3,3580281,1.193603515625
kandinsky-community_kandinsky-3,3603442,-0.053620997816324234
kandinsky-community_kandinsky-3,3607029,0.3670330047607422
kandinsky-community_kandinsky-3,3628071,-1.6275148391723633
kandinsky-community_kandinsky-3,3630383,2.2581214904785156
kandinsky-community_kandinsky-3,3676483,0.40802130103111267
kandinsky-community_kandinsky-3,3679712,3.558750629425049
kandinsky-community_kandinsky-3,3685307,-0.8949951529502869
kandinsky-community_kandinsky-3,3703463,-1.0908441543579102
kandinsky-community_kandinsky-3,3714235,-0.22446927428245544
kandinsky-community_kandinsky-3,3728318,-1.634221076965332
kandinsky-community_kandinsky-3,3748162,0.5901950001716614
kandinsky-community_kandinsky-3,3764276,-0.7440885901451111
kandinsky-community_kandinsky-3,3818090,-0.693078339099884
kandinsky-community_kandinsky-3,3842156,2.5276360511779785
kandinsky-community_kandinsky-3,3880032,-1.2059006690979004
kandinsky-community_kandinsky-3,3889343,2.1241698265075684
kandinsky-community_kandinsky-3,3907654,1.617890477180481
kandinsky-community_kandinsky-3,3940713,0.8995646834373474
kandinsky-community_kandinsky-3,3975232,0.8847472071647644
kandinsky-community_kandinsky-3,3982060,0.9166585206985474
kandinsky-community_kandinsky-3,3990474,2.445448637008667
kandinsky-community_kandinsky-3,4010305,0.6390687823295593
kandinsky-community_kandinsky-3,4025130,-0.08089431375265121
kandinsky-community_kandinsky-3,4062807,-1.2952861785888672
kandinsky-community_kandinsky-3,4123448,1.7397156953811646
kandinsky-community_kandinsky-3,4125853,-0.5308867692947388
kandinsky-community_kandinsky-3,4140340,0.19343334436416626
kandinsky-community_kandinsky-3,4145056,0.34335899353027344
kandinsky-community_kandinsky-3,4192521,1.749102234840393
kandinsky-community_kandinsky-3,4259202,0.39383643865585327
kandinsky-community_kandinsky-3,4285773,2.139091730117798
kandinsky-community_kandinsky-3,4345028,1.764567494392395
kandinsky-community_kandinsky-3,4387201,0.2897936999797821
kandinsky-community_kandinsky-3,4416901,-2.1231765747070312
kandinsky-community_kandinsky-3,4455579,0.30158182978630066
kandinsky-community_kandinsky-3,4497570,0.012248607352375984
kandinsky-community_kandinsky-3,4534520,-1.3431448936462402
kandinsky-community_kandinsky-3,4539203,1.0225967168807983
kandinsky-community_kandinsky-3,4552551,1.7921082973480225
kandinsky-community_kandinsky-3,4596797,1.3881791830062866
kandinsky-community_kandinsky-3,4832208,2.2146668434143066
kandinsky-community_kandinsky-3,4930139,2.0645244121551514
kandinsky-community_kandinsky-3,5008085,-0.5972062945365906
kandinsky-community_kandinsky-3,5219923,-2.120882511138916
kandinsky-community_kandinsky-3,5316083,0.7916569113731384
kandinsky-community_kandinsky-3,5350912,0.671181321144104
kandinsky-community_kandinsky-3,5374860,-0.4399309456348419
kandinsky-community_kandinsky-3,5410315,-0.008480450138449669
kandinsky-community_kandinsky-3,5522784,-2.1453425884246826
kandinsky-community_kandinsky-3,5728577,2.0678722858428955
kandinsky-community_kandinsky-3,5752544,0.6819162368774414
kandinsky-community_kandinsky-3,5794797,0.9426347613334656
kandinsky-community_kandinsky-3,5895919,1.9108420610427856
kandinsky-community_kandinsky-3,5958517,0.8979363441467285
kandinsky-community_kandinsky-3,6189776,1.456273078918457
kandinsky-community_kandinsky-3,6528587,-0.3743024468421936
kandinsky-community_kandinsky-3,6584891,-1.0485036373138428
kandinsky-community_kandinsky-3,6586355,0.036586321890354156
kandinsky-community_kandinsky-3,6607809,-0.15368899703025818
kandinsky-community_kandinsky-3,6615026,0.922989010810852
kandinsky-community_kandinsky-3,6615458,1.506920337677002
kandinsky-community_kandinsky-3,6615818,0.48317253589630127
kandinsky-community_kandinsky-3,6616314,1.094866394996643
kandinsky-community_kandinsky-3,6617011,1.8133931159973145
kandinsky-community_kandinsky-3,6617413,1.0964018106460571
kandinsky-community_kandinsky-3,6729499,2.3637359142303467
kandinsky-community_kandinsky-3,6880664,-0.934934139251709
kandinsky-community_kandinsky-3,6883725,-1.3234692811965942
kandinsky-community_kandinsky-3,6946774,1.0521657466888428
kandinsky-community_kandinsky-3,7025268,-0.23588459193706512
kandinsky-community_kandinsky-3,7109847,0.7628185153007507
kandinsky-community_kandinsky-3,7116261,0.5789415240287781
kandinsky-community_kandinsky-3,7150023,1.7366901636123657
kandinsky-community_kandinsky-3,7163803,-0.8567375540733337
kandinsky-community_kandinsky-3,7507098,-1.3099634647369385
kandinsky-community_kandinsky-3,7596684,-0.1481505185365677
kandinsky-community_kandinsky-3,7597365,0.46220287680625916
kandinsky-community_kandinsky-3,7601809,-1.3427624702453613
kandinsky-community_kandinsky-3,7605282,-1.635329008102417
kandinsky-community_kandinsky-3,7606419,-0.07593213766813278
kandinsky-community_kandinsky-3,7607707,0.5049771666526794
kandinsky-community_kandinsky-3,7608721,1.3696727752685547
kandinsky-community_kandinsky-3,7625977,-1.2062091827392578
kandinsky-community_kandinsky-3,7626721,1.5331568717956543
kandinsky-community_kandinsky-3,7626833,1.6790927648544312
kandinsky-community_kandinsky-3,7627310,0.4959031641483307
kandinsky-community_kandinsky-3,7651454,-0.131905660033226
kandinsky-community_kandinsky-3,7654438,0.6485244631767273
kandinsky-community_kandinsky-3,7664468,1.1961004734039307
kandinsky-community_kandinsky-3,7698915,1.5169697999954224
kandinsky-community_kandinsky-3,7700167,1.110068917274475
kandinsky-community_kandinsky-3,7700868,1.8323357105255127
kandinsky-community_kandinsky-3,7701244,0.31522050499916077
kandinsky-community_kandinsky-3,7702193,2.112055540084839
kandinsky-community_kandinsky-3,7710616,-0.1553707718849182
kandinsky-community_kandinsky-3,7834065,-0.4804397523403168
kandinsky-community_kandinsky-3,7854266,0.1287841945886612
kandinsky-community_kandinsky-3,7854455,0.29177698493003845
kandinsky-community_kandinsky-3,7871940,0.12632517516613007
kandinsky-community_kandinsky-3,7891189,1.420945644378662
kandinsky-community_kandinsky-3,7897116,1.1016091108322144
kandinsky-community_kandinsky-3,7914271,1.4533259868621826
kandinsky-community_kandinsky-3,7922764,1.706632375717163
kandinsky-community_kandinsky-3,7929519,0.2057129591703415
kandinsky-community_kandinsky-3,7933274,0.7446717023849487
kandinsky-community_kandinsky-3,7933530,1.1712568998336792
kandinsky-community_kandinsky-3,8089797,-0.05346531420946121
kandinsky-community_kandinsky-3,8095160,1.235947847366333
kandinsky-community_kandinsky-3,8124208,0.2968653440475464
kandinsky-community_kandinsky-3,8339939,-0.4919380843639374
kandinsky-community_kandinsky-3,8876291,1.9462153911590576
kandinsky-community_kandinsky-3,9020389,0.47655871510505676
kandinsky-community_kandinsky-3,9044146,-0.24844589829444885
kandinsky-community_kandinsky-3,9057052,3.677619218826294
kandinsky-community_kandinsky-3,9427682,2.1032819747924805
kandinsky-community_kandinsky-3,9580065,0.8448575139045715
kandinsky-community_kandinsky-3,9719434,0.9726191163063049
kandinsky-community_kandinsky-3,9793248,1.5136291980743408
kandinsky-community_kandinsky-3,9794211,-1.4436546564102173
kandinsky-community_kandinsky-3,9862621,1.6325345039367676
kandinsky-community_kandinsky-3,9875188,1.8407679796218872
kandinsky-community_kandinsky-3,9984659,1.3301258087158203
kandinsky-community_kandinsky-3,10012874,-1.7369029521942139
kandinsky-community_kandinsky-3,10024569,-0.049380190670490265
kandinsky-community_kandinsky-3,10080493,0.6291289329528809
kandinsky-community_kandinsky-3,10106452,-1.9488567113876343
kandinsky-community_kandinsky-3,10198409,-0.7795338034629822
kandinsky-community_kandinsky-3,10333317,1.64003586769104
kandinsky-community_kandinsky-3,10408552,0.2519407570362091
kandinsky-community_kandinsky-3,10444677,0.6716074347496033
kandinsky-community_kandinsky-3,10453357,0.3596947491168976
kandinsky-community_kandinsky-3,10548623,0.6196330189704895
kandinsky-community_kandinsky-3,10572128,2.362745523452759
kandinsky-community_kandinsky-3,10794014,0.4548022449016571
kandinsky-community_kandinsky-3,10939743,0.4298054277896881
kandinsky-community_kandinsky-3,11039909,1.1502225399017334
kandinsky-community_kandinsky-3,11334088,0.0906832218170166
kandinsky-community_kandinsky-3,11417672,-0.3675327003002167
kandinsky-community_kandinsky-3,11437577,-1.0066100358963013
kandinsky-community_kandinsky-3,11460338,-0.6308792233467102
kandinsky-community_kandinsky-3,12345739,0.15877701342105865
kandinsky-community_kandinsky-3,12402348,-1.088520884513855
kandinsky-community_kandinsky-3,13221529,-2.2531936168670654
kandinsky-community_kandinsky-3,13290566,0.09934750944375992
kandinsky-community_kandinsky-3,13389475,0.4669177830219269
kandinsky-community_kandinsky-3,13390139,0.6921930313110352
kandinsky-community_kandinsky-3,13390405,1.1818557977676392
kandinsky-community_kandinsky-3,13392786,1.27814519405365
kandinsky-community_kandinsky-3,13649361,-0.6374714970588684
kandinsky-community_kandinsky-3,13716878,2.1962056159973145
kandinsky-community_kandinsky-3,13884740,-1.3259965181350708
kandinsky-community_kandinsky-3,13915305,-0.8453738689422607
kandinsky-community_kandinsky-3,13931145,1.204125165939331
kandinsky-community_kandinsky-3,13984082,0.5619694590568542
kandinsky-community_kandinsky-3,14140678,2.0887300968170166
kandinsky-community_kandinsky-3,14195315,0.7244136333465576
kandinsky-community_kandinsky-3,14294568,1.1725183725357056
kandinsky-community_kandinsky-3,14320813,-0.6574644446372986
kandinsky-community_kandinsky-3,14360436,0.1684853434562683
kandinsky-community_kandinsky-3,14488317,0.5825271606445312
kandinsky-community_kandinsky-3,14533937,-1.1301779747009277
kandinsky-community_kandinsky-3,14550987,0.5282486081123352
kandinsky-community_kandinsky-3,14579933,0.06647834181785583
kandinsky-community_kandinsky-3,14606290,-1.1766798496246338
kandinsky-community_kandinsky-3,14620257,0.5136783123016357
kandinsky-community_kandinsky-3,14632648,-0.9132241010665894
kandinsky-community_kandinsky-3,14647235,-1.9913831949234009
kandinsky-community_kandinsky-3,14654954,-0.7622867226600647
kandinsky-community_kandinsky-3,14686352,-1.4046560525894165
kandinsky-community_kandinsky-3,14702875,-0.1772221326828003
kandinsky-community_kandinsky-3,14703190,-1.9415345191955566
kandinsky-community_kandinsky-3,14807929,-0.6460384726524353
kandinsky-community_kandinsky-3,14809057,0.7101497054100037
kandinsky-community_kandinsky-3,14867690,-0.7633020281791687
kandinsky-community_kandinsky-3,14872875,-1.6917216777801514
kandinsky-community_kandinsky-3,14880557,1.3814289569854736
kandinsky-community_kandinsky-3,14894140,-0.5694783926010132
kandinsky-community_kandinsky-3,15180934,-0.07873239368200302
kandinsky-community_kandinsky-3,15970145,1.3803932666778564
kandinsky-community_kandinsky-3,17002912,1.7084197998046875
kandinsky-community_kandinsky-3,17012379,-0.2037850171327591
kandinsky-community_kandinsky-3,17282800,-0.5230877995491028
kandinsky-community_kandinsky-3,17925539,1.775413990020752
kandinsky-community_kandinsky-3,18367104,1.6380844116210938
kandinsky-community_kandinsky-3,18758723,0.43741318583488464
kandinsky-community_kandinsky-3,19143128,1.6082799434661865
kandinsky-community_kandinsky-3,19671124,0.5179750919342041
kandinsky-community_kandinsky-3,19855707,-1.3001744747161865
kandinsky-community_kandinsky-3,19893872,0.8239604830741882
kandinsky-community_kandinsky-3,20017667,1.2711883783340454
kandinsky-community_kandinsky-3,20128079,0.918388843536377
kandinsky-community_kandinsky-3,20471134,1.9129348993301392
kandinsky-community_kandinsky-3,20495093,2.412025213241577
kandinsky-community_kandinsky-3,20782430,-2.1068291664123535
kandinsky-community_kandinsky-3,21377549,1.7470022439956665
kandinsky-community_kandinsky-3,21564446,-0.13452190160751343
kandinsky-community_kandinsky-3,21620388,2.078005075454712
kandinsky-community_kandinsky-3,22149540,2.069777011871338
kandinsky-community_kandinsky-3,22738759,1.7633553743362427
kandinsky-community_kandinsky-3,22767176,0.5876708626747131
kandinsky-community_kandinsky-3,23129661,0.12443865090608597
kandinsky-community_kandinsky-3,23185551,0.5055519938468933
kandinsky-community_kandinsky-3,23232427,-0.696681797504425
kandinsky-community_kandinsky-3,23257851,-1.2118810415267944
kandinsky-community_kandinsky-3,23620789,0.7947465181350708
kandinsky-community_kandinsky-3,24808131,0.9377607703208923
kandinsky-community_kandinsky-3,24843217,1.9166678190231323
kandinsky-community_kandinsky-3,24933378,0.19407077133655548
kandinsky-community_kandinsky-3,24942232,1.8003793954849243
kandinsky-community_kandinsky-3,25290589,-1.3474732637405396
kandinsky-community_kandinsky-3,25579216,-1.1131316423416138
kandinsky-community_kandinsky-3,25685207,3.4372637271881104
kandinsky-community_kandinsky-3,25776594,0.14038726687431335
kandinsky-community_kandinsky-3,26078214,2.5118966102600098
kandinsky-community_kandinsky-3,26746434,0.4582018554210663
kandinsky-community_kandinsky-3,26998039,1.3744850158691406
kandinsky-community_kandinsky-3,27106238,2.0037496089935303
kandinsky-community_kandinsky-3,27246777,1.5713505744934082
kandinsky-community_kandinsky-3,27768637,-0.6406879425048828
kandinsky-community_kandinsky-3,27871992,1.2004927396774292
kandinsky-community_kandinsky-3,28190972,2.1646318435668945
kandinsky-community_kandinsky-3,29094321,0.821783721446991
kandinsky-community_kandinsky-3,29148617,0.5593734979629517
kandinsky-community_kandinsky-3,29161294,-0.7917070388793945
kandinsky-community_kandinsky-3,29632917,0.4663597643375397
kandinsky-community_kandinsky-3,29703209,-0.3074593245983124
kandinsky-community_kandinsky-3,29779486,2.4874801635742188
kandinsky-community_kandinsky-3,30028757,1.8703296184539795
kandinsky-community_kandinsky-3,30225071,0.06325872987508774
kandinsky-community_kandinsky-3,30373565,2.4702374935150146
kandinsky-community_kandinsky-3,30484086,0.6800617575645447
kandinsky-community_kandinsky-3,30883080,0.9083465337753296
kandinsky-community_kandinsky-3,31114750,2.252122640609741
kandinsky-community_kandinsky-3,31196176,-1.3360235691070557
kandinsky-community_kandinsky-3,31391857,0.6769995093345642
kandinsky-community_kandinsky-3,31595142,1.7287929058074951
kandinsky-community_kandinsky-3,32152786,1.464815378189087
kandinsky-community_kandinsky-3,32327818,-1.033549189567566
kandinsky-community_kandinsky-3,32379732,1.1597856283187866
kandinsky-community_kandinsky-3,32473966,0.6164808869361877
kandinsky-community_kandinsky-3,32902730,1.0158460140228271
kandinsky-community_kandinsky-3,32932491,0.1809481382369995
kandinsky-community_kandinsky-3,33006578,1.3558995723724365
kandinsky-community_kandinsky-3,33478721,-1.874994158744812
kandinsky-community_kandinsky-3,34475997,-2.9176876544952393
kandinsky-community_kandinsky-3,34578737,1.437227725982666
kandinsky-community_kandinsky-3,34773230,-1.1254042387008667
kandinsky-community_kandinsky-3,36507085,1.9054338932037354
kandinsky-community_kandinsky-3,36678439,-0.9075727462768555
kandinsky-community_kandinsky-3,37287360,1.9565975666046143
kandinsky-community_kandinsky-3,37319253,-0.1499379426240921
kandinsky-community_kandinsky-3,37547870,1.1060268878936768
kandinsky-community_kandinsky-3,37736408,1.085117220878601
kandinsky-community_kandinsky-3,38014258,-0.6635045409202576
kandinsky-community_kandinsky-3,38297191,1.9672120809555054
kandinsky-community_kandinsky-3,38402744,1.8227207660675049
kandinsky-community_kandinsky-3,38954086,-1.0835760831832886
kandinsky-community_kandinsky-3,39139190,-0.43014076352119446
kandinsky-community_kandinsky-3,39560404,-0.7308134436607361
kandinsky-community_kandinsky-3,39566065,0.9131974577903748
kandinsky-community_kandinsky-3,39595218,1.5772968530654907
kandinsky-community_kandinsky-3,40825299,2.3004095554351807
kandinsky-community_kandinsky-3,40945115,-0.006465217564254999
kandinsky-community_kandinsky-3,40995095,-0.3426676392555237
kandinsky-community_kandinsky-3,41015844,2.053921699523926
kandinsky-community_kandinsky-3,41031648,0.2027283012866974
kandinsky-community_kandinsky-3,41161074,1.2942171096801758
kandinsky-community_kandinsky-3,41458919,-1.042739987373352
kandinsky-community_kandinsky-3,41565779,0.1680385023355484
kandinsky-community_kandinsky-3,41766391,-0.48456740379333496
kandinsky-community_kandinsky-3,41982710,-0.2349078208208084
kandinsky-community_kandinsky-3,42048260,1.2121919393539429
kandinsky-community_kandinsky-3,42849420,2.2226645946502686
kandinsky-community_kandinsky-3,42931583,1.9118103981018066
kandinsky-community_kandinsky-3,43060946,1.13689124584198
kandinsky-community_kandinsky-3,43153800,0.7719975113868713
kandinsky-community_kandinsky-3,43161384,0.7347909808158875
kandinsky-community_kandinsky-3,43301379,0.37881577014923096
kandinsky-community_kandinsky-3,43304323,1.54739511013031
kandinsky-community_kandinsky-3,43367797,-0.4592362940311432
kandinsky-community_kandinsky-3,43431032,2.265759229660034
kandinsky-community_kandinsky-3,43631801,-2.182389259338379
kandinsky-community_kandinsky-3,43735560,-0.5645931363105774
kandinsky-community_kandinsky-3,43858443,2.2444143295288086
kandinsky-community_kandinsky-3,43918624,0.4335898458957672
kandinsky-community_kandinsky-3,44280552,0.3255387246608734
kandinsky-community_kandinsky-3,44295589,2.2538602352142334
kandinsky-community_kandinsky-3,44621915,0.8398244976997375
kandinsky-community_kandinsky-3,44645737,1.1192975044250488
kandinsky-community_kandinsky-3,44838123,1.1201906204223633
kandinsky-community_kandinsky-3,45258070,-1.8049838542938232
kandinsky-community_kandinsky-3,45297641,1.775214672088623
kandinsky-community_kandinsky-3,45418454,1.2980561256408691
kandinsky-community_kandinsky-3,45564900,-2.45772647857666
kandinsky-community_kandinsky-3,46150029,-1.3669514656066895
kandinsky-community_kandinsky-3,46394736,1.2166907787322998
kandinsky-community_kandinsky-3,46673664,1.687328815460205
kandinsky-community_kandinsky-3,46994920,-0.7672629356384277
kandinsky-community_kandinsky-3,47009060,1.2417887449264526
kandinsky-community_kandinsky-3,47552953,1.60780668258667
kandinsky-community_kandinsky-3,47595220,-0.1288498342037201
kandinsky-community_kandinsky-3,47819321,1.3295025825500488
kandinsky-community_kandinsky-3,48223384,-0.7287023663520813
kandinsky-community_kandinsky-3,48351897,-1.5224894285202026
kandinsky-community_kandinsky-3,48754831,1.026884913444519
kandinsky-community_kandinsky-3,49054805,0.551910936832428
kandinsky-community_kandinsky-3,49089576,0.23729057610034943
kandinsky-community_kandinsky-3,49300740,-0.6219890713691711
kandinsky-community_kandinsky-3,49358811,0.9558125138282776
kandinsky-community_kandinsky-3,49462954,-0.5563284754753113
kandinsky-community_kandinsky-3,50262859,0.664369523525238
kandinsky-community_kandinsky-3,50871471,1.935163140296936
kandinsky-community_kandinsky-3,50952217,0.05851844698190689
kandinsky-community_kandinsky-3,51060824,0.47561854124069214
kandinsky-community_kandinsky-3,51314050,-1.2968428134918213
kandinsky-community_kandinsky-3,51946990,1.5170481204986572
kandinsky-community_kandinsky-3,52325745,0.8538829684257507
kandinsky-community_kandinsky-3,52474100,-1.2493966817855835
kandinsky-community_kandinsky-3,52516409,1.415305256843567
kandinsky-community_kandinsky-3,52711595,1.9717161655426025
kandinsky-community_kandinsky-3,53022028,1.187402367591858
kandinsky-community_kandinsky-3,53205877,1.0646823644638062
kandinsky-community_kandinsky-3,53288018,-0.24553515017032623
kandinsky-community_kandinsky-3,53443611,1.624531626701355
kandinsky-community_kandinsky-3,53815934,-1.391995906829834
kandinsky-community_kandinsky-3,54495173,2.204702615737915
kandinsky-community_kandinsky-3,54931507,-0.7023952007293701
kandinsky-community_kandinsky-3,55191509,1.2835160493850708
kandinsky-community_kandinsky-3,55255145,1.65157151222229
kandinsky-community_kandinsky-3,55457672,1.8810348510742188
kandinsky-community_kandinsky-3,55588327,0.14154554903507233
kandinsky-community_kandinsky-3,55653646,0.5607585310935974
kandinsky-community_kandinsky-3,55658809,-0.6060615181922913
kandinsky-community_kandinsky-3,55812974,-2.5645647048950195
kandinsky-community_kandinsky-3,55819553,-0.0890938863158226
kandinsky-community_kandinsky-3,55826966,0.6162672638893127
kandinsky-community_kandinsky-3,55983905,0.1869056224822998
kandinsky-community_kandinsky-3,56074056,0.29908594489097595
kandinsky-community_kandinsky-3,56112588,-0.9568775296211243
kandinsky-community_kandinsky-3,56121520,-1.2211331129074097
kandinsky-community_kandinsky-3,56250900,0.12849824130535126
kandinsky-community_kandinsky-3,56458800,1.4850205183029175
kandinsky-community_kandinsky-3,56792430,-0.23541904985904694
kandinsky-community_kandinsky-3,56982260,0.14901359379291534
kandinsky-community_kandinsky-3,57673976,-0.4627935588359833
kandinsky-community_kandinsky-3,57716963,2.1997134685516357
kandinsky-community_kandinsky-3,57729980,1.4065325260162354
kandinsky-community_kandinsky-3,57785005,0.4340820908546448
kandinsky-community_kandinsky-3,57873614,0.5968185067176819
kandinsky-community_kandinsky-3,58727024,0.1849721223115921
kandinsky-community_kandinsky-3,58761464,1.382803201675415
kandinsky-community_kandinsky-3,59399259,0.2297215461730957
kandinsky-community_kandinsky-3,59976859,2.6814844608306885
kandinsky-community_kandinsky-3,60083345,-1.6571404933929443
kandinsky-community_kandinsky-3,60214770,-1.6772438287734985
kandinsky-community_kandinsky-3,60215376,0.38112837076187134
kandinsky-community_kandinsky-3,60375309,0.49171650409698486
kandinsky-community_kandinsky-3,60606896,1.290552020072937
kandinsky-community_kandinsky-3,60668084,1.3365033864974976
kandinsky-community_kandinsky-3,61035709,0.9578529000282288
kandinsky-community_kandinsky-3,61388266,-2.2367944717407227
kandinsky-community_kandinsky-3,61627313,1.4194806814193726
kandinsky-community_kandinsky-3,61635816,0.8258860111236572
kandinsky-community_kandinsky-3,61853324,1.107049822807312
kandinsky-community_kandinsky-3,62408818,-0.5805455446243286
kandinsky-community_kandinsky-3,62841330,1.16998291015625
kandinsky-community_kandinsky-3,63015570,0.46023690700531006
kandinsky-community_kandinsky-3,63336441,0.8265576958656311
kandinsky-community_kandinsky-3,63633117,0.9918217062950134
kandinsky-community_kandinsky-3,64576544,0.45907241106033325
kandinsky-community_kandinsky-3,64687077,-0.92806476354599
kandinsky-community_kandinsky-3,64693533,1.2982227802276611
kandinsky-community_kandinsky-3,64856142,2.3199262619018555
kandinsky-community_kandinsky-3,65411270,1.4592294692993164
kandinsky-community_kandinsky-3,65557844,1.0457055568695068
kandinsky-community_kandinsky-3,65824677,-2.307605266571045
kandinsky-community_kandinsky-3,65890875,1.8570595979690552
kandinsky-community_kandinsky-3,65960228,-0.41303008794784546
kandinsky-community_kandinsky-3,66668538,-1.8717466592788696
kandinsky-community_kandinsky-3,67344811,1.8142364025115967
kandinsky-community_kandinsky-3,67949798,1.6867082118988037
kandinsky-community_kandinsky-3,68246844,-0.3033060133457184
kandinsky-community_kandinsky-3,68280322,0.024096840992569923
kandinsky-community_kandinsky-3,68321683,1.2830313444137573
kandinsky-community_kandinsky-3,68380669,1.186908483505249
kandinsky-community_kandinsky-3,68575085,2.6691579818725586
kandinsky-community_kandinsky-3,70380966,-1.6082124710083008
kandinsky-community_kandinsky-3,70494671,0.5665799975395203
kandinsky-community_kandinsky-3,71055464,2.3522727489471436
kandinsky-community_kandinsky-3,71591839,-1.3649425506591797
kandinsky-community_kandinsky-3,71828875,-2.4269800186157227
kandinsky-community_kandinsky-3,71910823,0.13032405078411102
kandinsky-community_kandinsky-3,71959499,1.0557754039764404
kandinsky-community_kandinsky-3,72432241,-0.5125079154968262
kandinsky-community_kandinsky-3,72553814,1.3522324562072754
kandinsky-community_kandinsky-3,73051579,1.8705750703811646
kandinsky-community_kandinsky-3,73600586,-0.7584387063980103
kandinsky-community_kandinsky-3,73616417,2.261075258255005
kandinsky-community_kandinsky-3,73681289,0.07426735013723373
kandinsky-community_kandinsky-3,73962724,1.3112421035766602
kandinsky-community_kandinsky-3,74175857,-0.9084896445274353
kandinsky-community_kandinsky-3,75051801,0.253945529460907
kandinsky-community_kandinsky-3,75787772,0.9253578782081604
kandinsky-community_kandinsky-3,75944980,0.11302342265844345
kandinsky-community_kandinsky-3,75964288,-0.4031786322593689
kandinsky-community_kandinsky-3,76066166,2.890406370162964
kandinsky-community_kandinsky-3,76100398,0.6810036897659302
kandinsky-community_kandinsky-3,76425345,2.0074477195739746
kandinsky-community_kandinsky-3,77106105,-0.4211476147174835
kandinsky-community_kandinsky-3,77132310,0.5778390765190125
kandinsky-community_kandinsky-3,77232534,1.6455570459365845
kandinsky-community_kandinsky-3,77312726,-0.8486714959144592
kandinsky-community_kandinsky-3,77358840,2.218660593032837
kandinsky-community_kandinsky-3,77490593,0.7431292533874512
kandinsky-community_kandinsky-3,77726888,2.1882545948028564
kandinsky-community_kandinsky-3,78735978,0.7116737365722656
kandinsky-community_kandinsky-3,79077085,1.7661453485488892
kandinsky-community_kandinsky-3,79212243,2.4935407638549805
kandinsky-community_kandinsky-3,79606917,1.0385823249816895
kandinsky-community_kandinsky-3,79918827,1.5251985788345337
kandinsky-community_kandinsky-3,80289373,-0.41702646017074585
kandinsky-community_kandinsky-3,80371125,0.01875067688524723
kandinsky-community_kandinsky-3,80540387,0.5361710786819458
kandinsky-community_kandinsky-3,81135077,1.3101389408111572
kandinsky-community_kandinsky-3,81303945,2.729099750518799
kandinsky-community_kandinsky-3,81435593,0.03674105554819107
kandinsky-community_kandinsky-3,82282590,-0.405458003282547
kandinsky-community_kandinsky-3,82696415,-0.6728461384773254
kandinsky-community_kandinsky-3,82916016,-1.612596869468689
kandinsky-community_kandinsky-3,83084473,1.4904696941375732
kandinsky-community_kandinsky-3,83418847,-0.09458800405263901
kandinsky-community_kandinsky-3,84089324,-1.1880182027816772
kandinsky-community_kandinsky-3,84306831,1.5164340734481812
kandinsky-community_kandinsky-3,84510135,-0.606341540813446
kandinsky-community_kandinsky-3,84788890,0.9740050435066223
kandinsky-community_kandinsky-3,84985982,0.34096330404281616
kandinsky-community_kandinsky-3,85191733,-0.16928645968437195
kandinsky-community_kandinsky-3,86119145,1.2974627017974854
kandinsky-community_kandinsky-3,86340862,2.0495903491973877
kandinsky-community_kandinsky-3,86341828,1.0422935485839844
kandinsky-community_kandinsky-3,86537356,1.8329005241394043
kandinsky-community_kandinsky-3,86701636,2.2279627323150635
kandinsky-community_kandinsky-3,86714939,-0.4625847041606903
kandinsky-community_kandinsky-3,87574583,-1.3339061737060547
kandinsky-community_kandinsky-3,87699711,0.7108479738235474
kandinsky-community_kandinsky-3,88016571,-1.2421761751174927
kandinsky-community_kandinsky-3,88087492,2.676809310913086
kandinsky-community_kandinsky-3,89227603,1.9997053146362305
kandinsky-community_kandinsky-3,89539854,-1.7966926097869873
kandinsky-community_kandinsky-3,89926787,1.9564852714538574
kandinsky-community_kandinsky-3,90244932,0.6373212337493896
kandinsky-community_kandinsky-3,90493027,0.19842873513698578
kandinsky-community_kandinsky-3,90613035,0.6664257645606995
kandinsky-community_kandinsky-3,91368797,2.1105499267578125
kandinsky-community_kandinsky-3,91784299,1.6096745729446411
kandinsky-community_kandinsky-3,91790573,2.0086796283721924
kandinsky-community_kandinsky-3,91834546,0.7370457053184509
kandinsky-community_kandinsky-3,92068094,1.4060178995132446
kandinsky-community_kandinsky-3,92311656,-0.49145761132240295
kandinsky-community_kandinsky-3,92709444,-1.0077440738677979
kandinsky-community_kandinsky-3,93114575,1.2701423168182373
kandinsky-community_kandinsky-3,93256557,0.6021742224693298
kandinsky-community_kandinsky-3,93407716,-0.17178328335285187
kandinsky-community_kandinsky-3,93436296,0.4172179400920868
kandinsky-community_kandinsky-3,93512057,1.3517050743103027
kandinsky-community_kandinsky-3,94006560,1.3409650325775146
kandinsky-community_kandinsky-3,94321535,0.9349575638771057
kandinsky-community_kandinsky-3,94532154,0.8188105821609497
kandinsky-community_kandinsky-3,95171107,-0.9040221571922302
kandinsky-community_kandinsky-3,95228839,0.4078693687915802
kandinsky-community_kandinsky-3,95325441,1.3455326557159424
kandinsky-community_kandinsky-3,95450946,0.8935276865959167
kandinsky-community_kandinsky-3,95583911,-1.594716191291809
kandinsky-community_kandinsky-3,95718306,2.947319269180298
kandinsky-community_kandinsky-3,95737828,-0.5107738375663757
kandinsky-community_kandinsky-3,96448597,0.9952557682991028
kandinsky-community_kandinsky-3,96482065,0.19289161264896393
kandinsky-community_kandinsky-3,96521920,0.8701730370521545
kandinsky-community_kandinsky-3,96850153,1.9466298818588257
kandinsky-community_kandinsky-3,98113191,-0.3454708158969879
kandinsky-community_kandinsky-3,98195317,-1.8477754592895508
kandinsky-community_kandinsky-3,98254655,-0.5373628735542297
kandinsky-community_kandinsky-3,98319500,0.8603197932243347
kandinsky-community_kandinsky-3,98642787,-0.24341754615306854
kandinsky-community_kandinsky-3,98646702,1.3642830848693848
kandinsky-community_kandinsky-3,98929226,0.09407826513051987
kandinsky-community_kandinsky-3,99178779,-0.2158096879720688
kandinsky-community_kandinsky-3,99185892,0.46879473328590393
kandinsky-community_kandinsky-3,99211012,-0.18624398112297058
kandinsky-community_kandinsky-3,99410560,-1.6165735721588135
kandinsky-community_kandinsky-3,99862294,1.4859906435012817
playgroundai_playground-v2.5-1024px-aesthetic,138508,-0.7694256901741028
playgroundai_playground-v2.5-1024px-aesthetic,192051,2.085272789001465
playgroundai_playground-v2.5-1024px-aesthetic,213186,0.7923604846000671
playgroundai_playground-v2.5-1024px-aesthetic,232386,0.672911524772644
playgroundai_playground-v2.5-1024px-aesthetic,232765,1.039036750793457
playgroundai_playground-v2.5-1024px-aesthetic,258857,-0.003936162684112787
playgroundai_playground-v2.5-1024px-aesthetic,283090,0.5393009781837463
playgroundai_playground-v2.5-1024px-aesthetic,285141,0.8355430960655212
playgroundai_playground-v2.5-1024px-aesthetic,399030,0.6562101244926453
playgroundai_playground-v2.5-1024px-aesthetic,440189,0.9333939552307129
playgroundai_playground-v2.5-1024px-aesthetic,445169,-0.5644257664680481
playgroundai_playground-v2.5-1024px-aesthetic,486490,0.6642239689826965
playgroundai_playground-v2.5-1024px-aesthetic,487072,-0.8336795568466187
playgroundai_playground-v2.5-1024px-aesthetic,487326,2.082352638244629
playgroundai_playground-v2.5-1024px-aesthetic,489837,0.22316527366638184
playgroundai_playground-v2.5-1024px-aesthetic,646833,2.980130910873413
playgroundai_playground-v2.5-1024px-aesthetic,708860,0.29024162888526917
playgroundai_playground-v2.5-1024px-aesthetic,717208,2.0434136390686035
playgroundai_playground-v2.5-1024px-aesthetic,717468,0.6290438771247864
playgroundai_playground-v2.5-1024px-aesthetic,735254,-0.07685882598161697
playgroundai_playground-v2.5-1024px-aesthetic,762478,2.302334785461426
playgroundai_playground-v2.5-1024px-aesthetic,825443,1.6324265003204346
playgroundai_playground-v2.5-1024px-aesthetic,831919,1.3061463832855225
playgroundai_playground-v2.5-1024px-aesthetic,896677,0.418202668428421
playgroundai_playground-v2.5-1024px-aesthetic,936620,1.317060947418213
playgroundai_playground-v2.5-1024px-aesthetic,974367,-1.5303583145141602
playgroundai_playground-v2.5-1024px-aesthetic,993014,0.9837325215339661
playgroundai_playground-v2.5-1024px-aesthetic,995855,1.3753228187561035
playgroundai_playground-v2.5-1024px-aesthetic,1113367,0.4424308240413666
playgroundai_playground-v2.5-1024px-aesthetic,1171644,1.2061911821365356
playgroundai_playground-v2.5-1024px-aesthetic,1209135,0.6931491494178772
playgroundai_playground-v2.5-1024px-aesthetic,1317294,0.2943841218948364
playgroundai_playground-v2.5-1024px-aesthetic,1317533,0.19803744554519653
playgroundai_playground-v2.5-1024px-aesthetic,1321854,1.0705689191818237
playgroundai_playground-v2.5-1024px-aesthetic,1377758,0.36954718828201294
playgroundai_playground-v2.5-1024px-aesthetic,1474832,-0.2560283839702606
playgroundai_playground-v2.5-1024px-aesthetic,1516071,-0.4657110869884491
playgroundai_playground-v2.5-1024px-aesthetic,1566705,-0.6972997784614563
playgroundai_playground-v2.5-1024px-aesthetic,1640855,0.9947277903556824
playgroundai_playground-v2.5-1024px-aesthetic,1668603,-0.08551584929227829
playgroundai_playground-v2.5-1024px-aesthetic,1678990,0.9361252784729004
playgroundai_playground-v2.5-1024px-aesthetic,1699831,-0.4894748628139496
playgroundai_playground-v2.5-1024px-aesthetic,1707698,-0.3887850344181061
playgroundai_playground-v2.5-1024px-aesthetic,1727942,1.581455945968628
playgroundai_playground-v2.5-1024px-aesthetic,2045760,2.385120153427124
playgroundai_playground-v2.5-1024px-aesthetic,2075049,0.24739454686641693
playgroundai_playground-v2.5-1024px-aesthetic,2075764,1.0072296857833862
playgroundai_playground-v2.5-1024px-aesthetic,2241569,-0.22931042313575745
playgroundai_playground-v2.5-1024px-aesthetic,2720725,1.6476346254348755
playgroundai_playground-v2.5-1024px-aesthetic,2721160,1.421318531036377
playgroundai_playground-v2.5-1024px-aesthetic,2730265,1.3724219799041748
playgroundai_playground-v2.5-1024px-aesthetic,2744395,0.15663306415081024
playgroundai_playground-v2.5-1024px-aesthetic,2770078,1.0304582118988037
playgroundai_playground-v2.5-1024px-aesthetic,2793684,1.5024086236953735
playgroundai_playground-v2.5-1024px-aesthetic,2803666,-0.761721134185791
playgroundai_playground-v2.5-1024px-aesthetic,2807731,2.2129225730895996
playgroundai_playground-v2.5-1024px-aesthetic,2821943,2.0009734630584717
playgroundai_playground-v2.5-1024px-aesthetic,2824319,1.654314637184143
playgroundai_playground-v2.5-1024px-aesthetic,2825442,0.7946633696556091
playgroundai_playground-v2.5-1024px-aesthetic,2852043,0.04209280014038086
playgroundai_playground-v2.5-1024px-aesthetic,2870293,0.5832037925720215
playgroundai_playground-v2.5-1024px-aesthetic,2870880,1.844964623451233
playgroundai_playground-v2.5-1024px-aesthetic,2923535,0.5476458668708801
playgroundai_playground-v2.5-1024px-aesthetic,2933112,2.4946022033691406
playgroundai_playground-v2.5-1024px-aesthetic,2963987,1.2738738059997559
playgroundai_playground-v2.5-1024px-aesthetic,2991302,1.7970449924468994
playgroundai_playground-v2.5-1024px-aesthetic,3024209,0.6418285965919495
playgroundai_playground-v2.5-1024px-aesthetic,3035832,2.2849652767181396
playgroundai_playground-v2.5-1024px-aesthetic,3049457,1.7410653829574585
playgroundai_playground-v2.5-1024px-aesthetic,3107488,0.23062612116336823
playgroundai_playground-v2.5-1024px-aesthetic,3131388,1.4908753633499146
playgroundai_playground-v2.5-1024px-aesthetic,3131669,1.6584317684173584
playgroundai_playground-v2.5-1024px-aesthetic,3152830,-0.16197694838047028
playgroundai_playground-v2.5-1024px-aesthetic,3249569,0.8998938798904419
playgroundai_playground-v2.5-1024px-aesthetic,3262349,-0.7690179944038391
playgroundai_playground-v2.5-1024px-aesthetic,3288500,1.1513746976852417
playgroundai_playground-v2.5-1024px-aesthetic,3298716,1.7200067043304443
playgroundai_playground-v2.5-1024px-aesthetic,3308246,0.21891430020332336
playgroundai_playground-v2.5-1024px-aesthetic,3309110,-1.2255803346633911
playgroundai_playground-v2.5-1024px-aesthetic,3347220,-0.03668879717588425
playgroundai_playground-v2.5-1024px-aesthetic,3353281,2.51074481010437
playgroundai_playground-v2.5-1024px-aesthetic,3366112,-0.17743103206157684
playgroundai_playground-v2.5-1024px-aesthetic,3411927,1.1680524349212646
playgroundai_playground-v2.5-1024px-aesthetic,3456665,0.5163121223449707
playgroundai_playground-v2.5-1024px-aesthetic,3563208,1.1765384674072266
playgroundai_playground-v2.5-1024px-aesthetic,3580281,1.4749119281768799
playgroundai_playground-v2.5-1024px-aesthetic,3603442,2.1860671043395996
playgroundai_playground-v2.5-1024px-aesthetic,3607029,1.1595674753189087
playgroundai_playground-v2.5-1024px-aesthetic,3628071,0.722528874874115
playgroundai_playground-v2.5-1024px-aesthetic,3630383,2.123690605163574
playgroundai_playground-v2.5-1024px-aesthetic,3676483,1.92019784450531
playgroundai_playground-v2.5-1024px-aesthetic,3679712,1.4632625579833984
playgroundai_playground-v2.5-1024px-aesthetic,3685307,-0.15208451449871063
playgroundai_playground-v2.5-1024px-aesthetic,3703463,0.12836720049381256
playgroundai_playground-v2.5-1024px-aesthetic,3714235,0.4409063756465912
playgroundai_playground-v2.5-1024px-aesthetic,3728318,0.7854308485984802
playgroundai_playground-v2.5-1024px-aesthetic,3748162,2.446363687515259
playgroundai_playground-v2.5-1024px-aesthetic,3764276,-0.10717130452394485
playgroundai_playground-v2.5-1024px-aesthetic,3818090,1.0771901607513428
playgroundai_playground-v2.5-1024px-aesthetic,3842156,2.3175432682037354
playgroundai_playground-v2.5-1024px-aesthetic,3880032,1.0637898445129395
playgroundai_playground-v2.5-1024px-aesthetic,3889343,2.1203956604003906
playgroundai_playground-v2.5-1024px-aesthetic,3907654,2.0796849727630615
playgroundai_playground-v2.5-1024px-aesthetic,3940713,0.6159432530403137
playgroundai_playground-v2.5-1024px-aesthetic,3975232,0.6444216370582581
playgroundai_playground-v2.5-1024px-aesthetic,3982060,-0.5666549801826477
playgroundai_playground-v2.5-1024px-aesthetic,3990474,2.341949701309204
playgroundai_playground-v2.5-1024px-aesthetic,4010305,2.58723521232605
playgroundai_playground-v2.5-1024px-aesthetic,4025130,0.034739233553409576
playgroundai_playground-v2.5-1024px-aesthetic,4062807,-0.3511306345462799
playgroundai_playground-v2.5-1024px-aesthetic,4123448,1.5115728378295898
playgroundai_playground-v2.5-1024px-aesthetic,4125853,0.9486644864082336
playgroundai_playground-v2.5-1024px-aesthetic,4140340,-0.04407064616680145
playgroundai_playground-v2.5-1024px-aesthetic,4145056,-0.08484788239002228
playgroundai_playground-v2.5-1024px-aesthetic,4192521,3.0821309089660645
playgroundai_playground-v2.5-1024px-aesthetic,4259202,-0.054858796298503876
playgroundai_playground-v2.5-1024px-aesthetic,4285773,0.9493475556373596
playgroundai_playground-v2.5-1024px-aesthetic,4345028,1.4762102365493774
playgroundai_playground-v2.5-1024px-aesthetic,4387201,-1.8816131353378296
playgroundai_playground-v2.5-1024px-aesthetic,4416901,-0.5642868876457214
playgroundai_playground-v2.5-1024px-aesthetic,4455579,0.9496897459030151
playgroundai_playground-v2.5-1024px-aesthetic,4497570,0.21623817086219788
playgroundai_playground-v2.5-1024px-aesthetic,4534520,-1.4178634881973267
playgroundai_playground-v2.5-1024px-aesthetic,4539203,0.8830817341804504
playgroundai_playground-v2.5-1024px-aesthetic,4552551,1.4764193296432495
playgroundai_playground-v2.5-1024px-aesthetic,4596797,1.7642168998718262
playgroundai_playground-v2.5-1024px-aesthetic,4832208,1.0472171306610107
playgroundai_playground-v2.5-1024px-aesthetic,4930139,1.5786739587783813
playgroundai_playground-v2.5-1024px-aesthetic,5008085,-0.36875876784324646
playgroundai_playground-v2.5-1024px-aesthetic,5219923,0.7916719317436218
playgroundai_playground-v2.5-1024px-aesthetic,5316083,1.4409549236297607
playgroundai_playground-v2.5-1024px-aesthetic,5350912,0.2343096286058426
playgroundai_playground-v2.5-1024px-aesthetic,5374860,0.31796514987945557
playgroundai_playground-v2.5-1024px-aesthetic,5410315,0.8961659073829651
playgroundai_playground-v2.5-1024px-aesthetic,5522784,-0.1407168209552765
playgroundai_playground-v2.5-1024px-aesthetic,5728577,0.7700144648551941
playgroundai_playground-v2.5-1024px-aesthetic,5752544,1.2958401441574097
playgroundai_playground-v2.5-1024px-aesthetic,5794797,0.7799859046936035
playgroundai_playground-v2.5-1024px-aesthetic,5895919,1.1201207637786865
playgroundai_playground-v2.5-1024px-aesthetic,5958517,0.176462784409523
playgroundai_playground-v2.5-1024px-aesthetic,6189776,1.4104204177856445
playgroundai_playground-v2.5-1024px-aesthetic,6528587,0.3087928593158722
playgroundai_playground-v2.5-1024px-aesthetic,6584891,0.40970173478126526
playgroundai_playground-v2.5-1024px-aesthetic,6586355,1.317566156387329
playgroundai_playground-v2.5-1024px-aesthetic,6607809,-0.9137919545173645
playgroundai_playground-v2.5-1024px-aesthetic,6615026,0.6229580640792847
playgroundai_playground-v2.5-1024px-aesthetic,6615458,-0.44916290044784546
playgroundai_playground-v2.5-1024px-aesthetic,6615818,0.22800688445568085
playgroundai_playground-v2.5-1024px-aesthetic,6616314,0.4249626696109772
playgroundai_playground-v2.5-1024px-aesthetic,6617011,0.39647963643074036
playgroundai_playground-v2.5-1024px-aesthetic,6617413,-0.3412063717842102
playgroundai_playground-v2.5-1024px-aesthetic,6729499,0.6466347575187683
playgroundai_playground-v2.5-1024px-aesthetic,6880664,-0.40211591124534607
playgroundai_playground-v2.5-1024px-aesthetic,6883725,-0.34318438172340393
playgroundai_playground-v2.5-1024px-aesthetic,6946774,0.2419682890176773
playgroundai_playground-v2.5-1024px-aesthetic,7025268,0.29065945744514465
playgroundai_playground-v2.5-1024px-aesthetic,7109847,0.6160328388214111
playgroundai_playground-v2.5-1024px-aesthetic,7116261,1.4404184818267822
playgroundai_playground-v2.5-1024px-aesthetic,7150023,2.7730631828308105
playgroundai_playground-v2.5-1024px-aesthetic,7163803,1.6171761751174927
playgroundai_playground-v2.5-1024px-aesthetic,7507098,2.583465576171875
playgroundai_playground-v2.5-1024px-aesthetic,7596684,0.8191627860069275
playgroundai_playground-v2.5-1024px-aesthetic,7597365,1.8698290586471558
playgroundai_playground-v2.5-1024px-aesthetic,7601809,1.2962393760681152
playgroundai_playground-v2.5-1024px-aesthetic,7605282,0.9357311129570007
playgroundai_playground-v2.5-1024px-aesthetic,7606419,0.37476953864097595
playgroundai_playground-v2.5-1024px-aesthetic,7607707,0.8454886674880981
playgroundai_playground-v2.5-1024px-aesthetic,7608721,1.6870782375335693
playgroundai_playground-v2.5-1024px-aesthetic,7625977,1.1777620315551758
playgroundai_playground-v2.5-1024px-aesthetic,7626721,2.278953790664673
playgroundai_playground-v2.5-1024px-aesthetic,7626833,1.9439061880111694
playgroundai_playground-v2.5-1024px-aesthetic,7627310,1.3971035480499268
playgroundai_playground-v2.5-1024px-aesthetic,7651454,1.8858215808868408
playgroundai_playground-v2.5-1024px-aesthetic,7654438,1.2814825773239136
playgroundai_playground-v2.5-1024px-aesthetic,7664468,1.5013617277145386
playgroundai_playground-v2.5-1024px-aesthetic,7698915,0.11011772602796555
playgroundai_playground-v2.5-1024px-aesthetic,7700167,0.3030855655670166
playgroundai_playground-v2.5-1024px-aesthetic,7700868,0.17144329845905304
playgroundai_playground-v2.5-1024px-aesthetic,7701244,0.6538726091384888
playgroundai_playground-v2.5-1024px-aesthetic,7702193,2.167748212814331
playgroundai_playground-v2.5-1024px-aesthetic,7710616,0.797757089138031
playgroundai_playground-v2.5-1024px-aesthetic,7834065,1.8333121538162231
playgroundai_playground-v2.5-1024px-aesthetic,7854266,0.3020510971546173
playgroundai_playground-v2.5-1024px-aesthetic,7854455,1.387995958328247
playgroundai_playground-v2.5-1024px-aesthetic,7871940,1.5205434560775757
playgroundai_playground-v2.5-1024px-aesthetic,7891189,1.2599149942398071
playgroundai_playground-v2.5-1024px-aesthetic,7897116,1.4098135232925415
playgroundai_playground-v2.5-1024px-aesthetic,7914271,1.381949782371521
playgroundai_playground-v2.5-1024px-aesthetic,7922764,1.835432767868042
playgroundai_playground-v2.5-1024px-aesthetic,7929519,2.271845817565918
playgroundai_playground-v2.5-1024px-aesthetic,7933274,1.634150743484497
playgroundai_playground-v2.5-1024px-aesthetic,7933530,1.5524147748947144
playgroundai_playground-v2.5-1024px-aesthetic,8089797,2.6230549812316895
playgroundai_playground-v2.5-1024px-aesthetic,8095160,-0.1532634198665619
playgroundai_playground-v2.5-1024px-aesthetic,8124208,2.5725455284118652
playgroundai_playground-v2.5-1024px-aesthetic,8339939,0.2976146936416626
playgroundai_playground-v2.5-1024px-aesthetic,8876291,1.9945182800292969
playgroundai_playground-v2.5-1024px-aesthetic,9020389,0.5860311985015869
playgroundai_playground-v2.5-1024px-aesthetic,9044146,1.3011444807052612
playgroundai_playground-v2.5-1024px-aesthetic,9057052,-0.061145633459091187
playgroundai_playground-v2.5-1024px-aesthetic,9427682,1.8846713304519653
playgroundai_playground-v2.5-1024px-aesthetic,9580065,3.6571884155273438
playgroundai_playground-v2.5-1024px-aesthetic,9719434,1.1694504022598267
playgroundai_playground-v2.5-1024px-aesthetic,9793248,0.7903798222541809
playgroundai_playground-v2.5-1024px-aesthetic,9794211,1.0839719772338867
playgroundai_playground-v2.5-1024px-aesthetic,9862621,2.26515793800354
playgroundai_playground-v2.5-1024px-aesthetic,9875188,-0.1996442675590515
playgroundai_playground-v2.5-1024px-aesthetic,9984659,1.325365662574768
playgroundai_playground-v2.5-1024px-aesthetic,10012874,-1.1957989931106567
playgroundai_playground-v2.5-1024px-aesthetic,10024569,-0.06023655831813812
playgroundai_playground-v2.5-1024px-aesthetic,10080493,0.9291204214096069
playgroundai_playground-v2.5-1024px-aesthetic,10106452,1.3188356161117554
playgroundai_playground-v2.5-1024px-aesthetic,10198409,-1.9162875413894653
playgroundai_playground-v2.5-1024px-aesthetic,10333317,1.9910227060317993
playgroundai_playground-v2.5-1024px-aesthetic,10408552,1.8160489797592163
playgroundai_playground-v2.5-1024px-aesthetic,10444677,1.4206438064575195
playgroundai_playground-v2.5-1024px-aesthetic,10453357,1.730770230293274
playgroundai_playground-v2.5-1024px-aesthetic,10548623,-0.1722615510225296
playgroundai_playground-v2.5-1024px-aesthetic,10572128,2.248744010925293
playgroundai_playground-v2.5-1024px-aesthetic,10794014,1.7579264640808105
playgroundai_playground-v2.5-1024px-aesthetic,10939743,0.9700946807861328
playgroundai_playground-v2.5-1024px-aesthetic,11039909,1.8460476398468018
playgroundai_playground-v2.5-1024px-aesthetic,11334088,0.48257148265838623
playgroundai_playground-v2.5-1024px-aesthetic,11417672,1.138107180595398
playgroundai_playground-v2.5-1024px-aesthetic,11437577,1.3240340948104858
playgroundai_playground-v2.5-1024px-aesthetic,11460338,-0.2530958950519562
playgroundai_playground-v2.5-1024px-aesthetic,12345739,0.3716776371002197
playgroundai_playground-v2.5-1024px-aesthetic,12402348,-0.07613175362348557
playgroundai_playground-v2.5-1024px-aesthetic,13221529,-1.4711354970932007
playgroundai_playground-v2.5-1024px-aesthetic,13290566,1.495858073234558
playgroundai_playground-v2.5-1024px-aesthetic,13389475,-1.1183671951293945
playgroundai_playground-v2.5-1024px-aesthetic,13390139,-0.6026322841644287
playgroundai_playground-v2.5-1024px-aesthetic,13390405,-0.729255735874176
playgroundai_playground-v2.5-1024px-aesthetic,13392786,-0.9601760506629944
playgroundai_playground-v2.5-1024px-aesthetic,13649361,0.19747351109981537
playgroundai_playground-v2.5-1024px-aesthetic,13716878,2.5696871280670166
playgroundai_playground-v2.5-1024px-aesthetic,13884740,0.7673116326332092
playgroundai_playground-v2.5-1024px-aesthetic,13915305,0.5915377736091614
playgroundai_playground-v2.5-1024px-aesthetic,13931145,1.5843803882598877
playgroundai_playground-v2.5-1024px-aesthetic,13984082,0.5792424082756042
playgroundai_playground-v2.5-1024px-aesthetic,14140678,0.024285318329930305
playgroundai_playground-v2.5-1024px-aesthetic,14195315,0.854337751865387
playgroundai_playground-v2.5-1024px-aesthetic,14294568,0.6735745072364807
playgroundai_playground-v2.5-1024px-aesthetic,14320813,1.1471205949783325
playgroundai_playground-v2.5-1024px-aesthetic,14360436,1.214049220085144
playgroundai_playground-v2.5-1024px-aesthetic,14488317,2.6200098991394043
playgroundai_playground-v2.5-1024px-aesthetic,14533937,1.655631422996521
playgroundai_playground-v2.5-1024px-aesthetic,14550987,1.9190880060195923
playgroundai_playground-v2.5-1024px-aesthetic,14579933,0.9866759777069092
playgroundai_playground-v2.5-1024px-aesthetic,14606290,0.9854965806007385
playgroundai_playground-v2.5-1024px-aesthetic,14620257,-0.31715020537376404
playgroundai_playground-v2.5-1024px-aesthetic,14632648,-0.16104504466056824
playgroundai_playground-v2.5-1024px-aesthetic,14647235,0.22370587289333344
playgroundai_playground-v2.5-1024px-aesthetic,14654954,1.072393536567688
playgroundai_playground-v2.5-1024px-aesthetic,14686352,0.44063982367515564
playgroundai_playground-v2.5-1024px-aesthetic,14702875,0.5360215902328491
playgroundai_playground-v2.5-1024px-aesthetic,14703190,0.776940643787384
playgroundai_playground-v2.5-1024px-aesthetic,14807929,0.8415070176124573
playgroundai_playground-v2.5-1024px-aesthetic,14809057,0.8947932124137878
playgroundai_playground-v2.5-1024px-aesthetic,14867690,1.549339771270752
playgroundai_playground-v2.5-1024px-aesthetic,14872875,-1.7280261516571045
playgroundai_playground-v2.5-1024px-aesthetic,14880557,1.604189395904541
playgroundai_playground-v2.5-1024px-aesthetic,14894140,1.4582877159118652
playgroundai_playground-v2.5-1024px-aesthetic,15180934,1.2178560495376587
playgroundai_playground-v2.5-1024px-aesthetic,15970145,-0.10633092373609543
playgroundai_playground-v2.5-1024px-aesthetic,17002912,2.044935464859009
playgroundai_playground-v2.5-1024px-aesthetic,17012379,0.44792136549949646
playgroundai_playground-v2.5-1024px-aesthetic,17282800,-1.1027504205703735
playgroundai_playground-v2.5-1024px-aesthetic,17925539,1.0780634880065918
playgroundai_playground-v2.5-1024px-aesthetic,18367104,1.9163317680358887
playgroundai_playground-v2.5-1024px-aesthetic,18758723,0.9801930785179138
playgroundai_playground-v2.5-1024px-aesthetic,19143128,0.9178417325019836
playgroundai_playground-v2.5-1024px-aesthetic,19671124,-0.15793731808662415
playgroundai_playground-v2.5-1024px-aesthetic,19855707,-0.5856320261955261
playgroundai_playground-v2.5-1024px-aesthetic,19893872,1.2460532188415527
playgroundai_playground-v2.5-1024px-aesthetic,20017667,1.6930078268051147
playgroundai_playground-v2.5-1024px-aesthetic,20128079,1.3693435192108154
playgroundai_playground-v2.5-1024px-aesthetic,20471134,2.0814297199249268
playgroundai_playground-v2.5-1024px-aesthetic,20495093,2.774956226348877
playgroundai_playground-v2.5-1024px-aesthetic,20782430,-0.2985338270664215
playgroundai_playground-v2.5-1024px-aesthetic,21377549,1.2924120426177979
playgroundai_playground-v2.5-1024px-aesthetic,21564446,0.5616531372070312
playgroundai_playground-v2.5-1024px-aesthetic,21620388,1.83980131149292
playgroundai_playground-v2.5-1024px-aesthetic,22149540,-0.13256797194480896
playgroundai_playground-v2.5-1024px-aesthetic,22738759,1.6681655645370483
playgroundai_playground-v2.5-1024px-aesthetic,22767176,-0.5992588400840759
playgroundai_playground-v2.5-1024px-aesthetic,23129661,1.3376513719558716
playgroundai_playground-v2.5-1024px-aesthetic,23185551,-0.27126380801200867
playgroundai_playground-v2.5-1024px-aesthetic,23232427,0.46917250752449036
playgroundai_playground-v2.5-1024px-aesthetic,23257851,0.05925370007753372
playgroundai_playground-v2.5-1024px-aesthetic,23620789,0.609863817691803
playgroundai_playground-v2.5-1024px-aesthetic,24808131,1.4393994808197021
playgroundai_playground-v2.5-1024px-aesthetic,24843217,0.1411719024181366
playgroundai_playground-v2.5-1024px-aesthetic,24933378,1.947640061378479
playgroundai_playground-v2.5-1024px-aesthetic,24942232,1.5644397735595703
playgroundai_playground-v2.5-1024px-aesthetic,25290589,-1.0752445459365845
playgroundai_playground-v2.5-1024px-aesthetic,25579216,0.21573659777641296
playgroundai_playground-v2.5-1024px-aesthetic,25685207,0.5638123154640198
playgroundai_playground-v2.5-1024px-aesthetic,25776594,1.074449062347412
playgroundai_playground-v2.5-1024px-aesthetic,26078214,0.6459739804267883
playgroundai_playground-v2.5-1024px-aesthetic,26746434,0.7922737002372742
playgroundai_playground-v2.5-1024px-aesthetic,26998039,1.767350435256958
playgroundai_playground-v2.5-1024px-aesthetic,27106238,1.4577858448028564
playgroundai_playground-v2.5-1024px-aesthetic,27246777,1.831194281578064
playgroundai_playground-v2.5-1024px-aesthetic,27768637,0.09471550583839417
playgroundai_playground-v2.5-1024px-aesthetic,27871992,1.3195178508758545
playgroundai_playground-v2.5-1024px-aesthetic,28190972,2.6864044666290283
playgroundai_playground-v2.5-1024px-aesthetic,29094321,1.549536108970642
playgroundai_playground-v2.5-1024px-aesthetic,29148617,1.6657617092132568
playgroundai_playground-v2.5-1024px-aesthetic,29161294,-0.425438791513443
playgroundai_playground-v2.5-1024px-aesthetic,29632917,1.1813137531280518
playgroundai_playground-v2.5-1024px-aesthetic,29703209,0.6261579990386963
playgroundai_playground-v2.5-1024px-aesthetic,29779486,2.1295688152313232
playgroundai_playground-v2.5-1024px-aesthetic,30028757,1.898058533668518
playgroundai_playground-v2.5-1024px-aesthetic,30225071,1.3067797422409058
playgroundai_playground-v2.5-1024px-aesthetic,30373565,1.7210768461227417
playgroundai_playground-v2.5-1024px-aesthetic,30484086,1.0251480340957642
playgroundai_playground-v2.5-1024px-aesthetic,30883080,0.6972317695617676
playgroundai_playground-v2.5-1024px-aesthetic,31114750,2.2286970615386963
playgroundai_playground-v2.5-1024px-aesthetic,31196176,0.94673091173172
playgroundai_playground-v2.5-1024px-aesthetic,31391857,2.1342811584472656
playgroundai_playground-v2.5-1024px-aesthetic,31595142,1.5189926624298096
playgroundai_playground-v2.5-1024px-aesthetic,32152786,1.8913483619689941
playgroundai_playground-v2.5-1024px-aesthetic,32327818,-0.45874708890914917
playgroundai_playground-v2.5-1024px-aesthetic,32379732,1.4964793920516968
playgroundai_playground-v2.5-1024px-aesthetic,32473966,-1.6009777784347534
playgroundai_playground-v2.5-1024px-aesthetic,32902730,1.8002221584320068
playgroundai_playground-v2.5-1024px-aesthetic,32932491,-0.3007446229457855
playgroundai_playground-v2.5-1024px-aesthetic,33006578,1.8206610679626465
playgroundai_playground-v2.5-1024px-aesthetic,33478721,0.9207599759101868
playgroundai_playground-v2.5-1024px-aesthetic,34475997,-1.3923382759094238
playgroundai_playground-v2.5-1024px-aesthetic,34578737,2.0512607097625732
playgroundai_playground-v2.5-1024px-aesthetic,34773230,-0.06555535644292831
playgroundai_playground-v2.5-1024px-aesthetic,36507085,2.000417947769165
playgroundai_playground-v2.5-1024px-aesthetic,36678439,0.11312516778707504
playgroundai_playground-v2.5-1024px-aesthetic,37287360,1.3655037879943848
playgroundai_playground-v2.5-1024px-aesthetic,37319253,-0.42677396535873413
playgroundai_playground-v2.5-1024px-aesthetic,37547870,2.5060222148895264
playgroundai_playground-v2.5-1024px-aesthetic,37736408,1.6053457260131836
playgroundai_playground-v2.5-1024px-aesthetic,38014258,0.8828606605529785
playgroundai_playground-v2.5-1024px-aesthetic,38297191,2.8673291206359863
playgroundai_playground-v2.5-1024px-aesthetic,38402744,0.010709056630730629
playgroundai_playground-v2.5-1024px-aesthetic,38954086,-0.7392361164093018
playgroundai_playground-v2.5-1024px-aesthetic,39139190,0.928932249546051
playgroundai_playground-v2.5-1024px-aesthetic,39560404,0.7114822268486023
playgroundai_playground-v2.5-1024px-aesthetic,39566065,2.282644748687744
playgroundai_playground-v2.5-1024px-aesthetic,39595218,2.0530803203582764
playgroundai_playground-v2.5-1024px-aesthetic,40825299,1.3959311246871948
playgroundai_playground-v2.5-1024px-aesthetic,40945115,0.40033793449401855
playgroundai_playground-v2.5-1024px-aesthetic,40995095,0.9277523756027222
playgroundai_playground-v2.5-1024px-aesthetic,41015844,1.5347225666046143
playgroundai_playground-v2.5-1024px-aesthetic,41031648,1.5385655164718628
playgroundai_playground-v2.5-1024px-aesthetic,41161074,0.6005858182907104
playgroundai_playground-v2.5-1024px-aesthetic,41458919,1.0349587202072144
playgroundai_playground-v2.5-1024px-aesthetic,41565779,-0.2269010692834854
playgroundai_playground-v2.5-1024px-aesthetic,41766391,2.426206350326538
playgroundai_playground-v2.5-1024px-aesthetic,41982710,-0.7010288834571838
playgroundai_playground-v2.5-1024px-aesthetic,42048260,0.3143203556537628
playgroundai_playground-v2.5-1024px-aesthetic,42849420,-0.7841910123825073
playgroundai_playground-v2.5-1024px-aesthetic,42931583,-0.6138876080513
playgroundai_playground-v2.5-1024px-aesthetic,43060946,-0.0009209574200212955
playgroundai_playground-v2.5-1024px-aesthetic,43153800,0.3634309470653534
playgroundai_playground-v2.5-1024px-aesthetic,43161384,2.0456509590148926
playgroundai_playground-v2.5-1024px-aesthetic,43301379,2.842219829559326
playgroundai_playground-v2.5-1024px-aesthetic,43304323,0.9015001058578491
playgroundai_playground-v2.5-1024px-aesthetic,43367797,0.8093406558036804
playgroundai_playground-v2.5-1024px-aesthetic,43431032,2.091813325881958
playgroundai_playground-v2.5-1024px-aesthetic,43631801,-0.9832206964492798
playgroundai_playground-v2.5-1024px-aesthetic,43735560,-0.558617889881134
playgroundai_playground-v2.5-1024px-aesthetic,43858443,2.9419827461242676
playgroundai_playground-v2.5-1024px-aesthetic,43918624,0.40483614802360535
playgroundai_playground-v2.5-1024px-aesthetic,44280552,0.7603062987327576
playgroundai_playground-v2.5-1024px-aesthetic,44295589,-0.26215240359306335
playgroundai_playground-v2.5-1024px-aesthetic,44621915,0.3803596496582031
playgroundai_playground-v2.5-1024px-aesthetic,44645737,2.523563861846924
playgroundai_playground-v2.5-1024px-aesthetic,44838123,-1.3039053678512573
playgroundai_playground-v2.5-1024px-aesthetic,45258070,-0.9934880137443542
playgroundai_playground-v2.5-1024px-aesthetic,45297641,-0.11098147928714752
playgroundai_playground-v2.5-1024px-aesthetic,45418454,1.0199427604675293
playgroundai_playground-v2.5-1024px-aesthetic,45564900,0.4196775257587433
playgroundai_playground-v2.5-1024px-aesthetic,46150029,0.23693981766700745
playgroundai_playground-v2.5-1024px-aesthetic,46394736,-0.30054420232772827
playgroundai_playground-v2.5-1024px-aesthetic,46673664,-0.06702405214309692
playgroundai_playground-v2.5-1024px-aesthetic,46994920,-1.0175681114196777
playgroundai_playground-v2.5-1024px-aesthetic,47009060,1.0646413564682007
playgroundai_playground-v2.5-1024px-aesthetic,47552953,0.8986586928367615
playgroundai_playground-v2.5-1024px-aesthetic,47595220,1.853074550628662
playgroundai_playground-v2.5-1024px-aesthetic,47819321,1.300833821296692
playgroundai_playground-v2.5-1024px-aesthetic,48223384,-0.38902178406715393
playgroundai_playground-v2.5-1024px-aesthetic,48351897,-0.5384986996650696
playgroundai_playground-v2.5-1024px-aesthetic,48754831,1.2932571172714233
playgroundai_playground-v2.5-1024px-aesthetic,49054805,1.0747748613357544
playgroundai_playground-v2.5-1024px-aesthetic,49089576,1.9148616790771484
playgroundai_playground-v2.5-1024px-aesthetic,49300740,1.862788438796997
playgroundai_playground-v2.5-1024px-aesthetic,49358811,0.13805942237377167
playgroundai_playground-v2.5-1024px-aesthetic,49462954,0.6880635023117065
playgroundai_playground-v2.5-1024px-aesthetic,50262859,1.496023416519165
playgroundai_playground-v2.5-1024px-aesthetic,50871471,1.4626388549804688
playgroundai_playground-v2.5-1024px-aesthetic,50952217,0.7855627536773682
playgroundai_playground-v2.5-1024px-aesthetic,51060824,0.2131417989730835
playgroundai_playground-v2.5-1024px-aesthetic,51314050,-0.6201837658882141
playgroundai_playground-v2.5-1024px-aesthetic,51946990,-0.43879055976867676
playgroundai_playground-v2.5-1024px-aesthetic,52325745,1.3315677642822266
playgroundai_playground-v2.5-1024px-aesthetic,52474100,1.3804876804351807
playgroundai_playground-v2.5-1024px-aesthetic,52516409,-1.113444209098816
playgroundai_playground-v2.5-1024px-aesthetic,52711595,0.14384755492210388
playgroundai_playground-v2.5-1024px-aesthetic,53022028,2.0504837036132812
playgroundai_playground-v2.5-1024px-aesthetic,53205877,1.3593766689300537
playgroundai_playground-v2.5-1024px-aesthetic,53288018,1.1989824771881104
playgroundai_playground-v2.5-1024px-aesthetic,53443611,1.5977743864059448
playgroundai_playground-v2.5-1024px-aesthetic,53815934,0.3417819142341614
playgroundai_playground-v2.5-1024px-aesthetic,54495173,1.232920527458191
playgroundai_playground-v2.5-1024px-aesthetic,54931507,0.4112619459629059
playgroundai_playground-v2.5-1024px-aesthetic,55191509,1.5924289226531982
playgroundai_playground-v2.5-1024px-aesthetic,55255145,1.4914273023605347
playgroundai_playground-v2.5-1024px-aesthetic,55457672,2.36621356010437
playgroundai_playground-v2.5-1024px-aesthetic,55588327,1.0682884454727173
playgroundai_playground-v2.5-1024px-aesthetic,55653646,0.6030848026275635
playgroundai_playground-v2.5-1024px-aesthetic,55658809,0.6790410280227661
playgroundai_playground-v2.5-1024px-aesthetic,55812974,0.5466769933700562
playgroundai_playground-v2.5-1024px-aesthetic,55819553,0.642118513584137
playgroundai_playground-v2.5-1024px-aesthetic,55826966,1.1736561059951782
playgroundai_playground-v2.5-1024px-aesthetic,55983905,1.5165843963623047
playgroundai_playground-v2.5-1024px-aesthetic,56074056,0.9442523717880249
playgroundai_playground-v2.5-1024px-aesthetic,56112588,-1.5049382448196411
playgroundai_playground-v2.5-1024px-aesthetic,56121520,0.31154271960258484
playgroundai_playground-v2.5-1024px-aesthetic,56250900,0.7195970416069031
playgroundai_playground-v2.5-1024px-aesthetic,56458800,0.5400117039680481
playgroundai_playground-v2.5-1024px-aesthetic,56792430,0.6862726211547852
playgroundai_playground-v2.5-1024px-aesthetic,56982260,-0.3750472366809845
playgroundai_playground-v2.5-1024px-aesthetic,57673976,0.6138693690299988
playgroundai_playground-v2.5-1024px-aesthetic,57716963,2.9099345207214355
playgroundai_playground-v2.5-1024px-aesthetic,57729980,1.4246923923492432
playgroundai_playground-v2.5-1024px-aesthetic,57785005,-0.3964846432209015
playgroundai_playground-v2.5-1024px-aesthetic,57873614,1.1568794250488281
playgroundai_playground-v2.5-1024px-aesthetic,58727024,-0.8085780739784241
playgroundai_playground-v2.5-1024px-aesthetic,58761464,1.1993660926818848
playgroundai_playground-v2.5-1024px-aesthetic,59399259,1.4223804473876953
playgroundai_playground-v2.5-1024px-aesthetic,59976859,-0.043315786868333817
playgroundai_playground-v2.5-1024px-aesthetic,60083345,-0.8598566651344299
playgroundai_playground-v2.5-1024px-aesthetic,60214770,0.1456080675125122
playgroundai_playground-v2.5-1024px-aesthetic,60215376,0.8265408277511597
playgroundai_playground-v2.5-1024px-aesthetic,60375309,0.9123406410217285
playgroundai_playground-v2.5-1024px-aesthetic,60606896,1.2691138982772827
playgroundai_playground-v2.5-1024px-aesthetic,60668084,1.8946521282196045
playgroundai_playground-v2.5-1024px-aesthetic,61035709,1.584812045097351
playgroundai_playground-v2.5-1024px-aesthetic,61388266,0.34996750950813293
playgroundai_playground-v2.5-1024px-aesthetic,61627313,0.997742235660553
playgroundai_playground-v2.5-1024px-aesthetic,61635816,0.408905953168869
playgroundai_playground-v2.5-1024px-aesthetic,61853324,0.6597786545753479
playgroundai_playground-v2.5-1024px-aesthetic,62408818,1.0788768529891968
playgroundai_playground-v2.5-1024px-aesthetic,62841330,0.20481248199939728
playgroundai_playground-v2.5-1024px-aesthetic,63015570,0.896826446056366
playgroundai_playground-v2.5-1024px-aesthetic,63336441,-0.5675337314605713
playgroundai_playground-v2.5-1024px-aesthetic,63633117,0.6372124552726746
playgroundai_playground-v2.5-1024px-aesthetic,64576544,1.1497058868408203
playgroundai_playground-v2.5-1024px-aesthetic,64687077,0.6561365723609924
playgroundai_playground-v2.5-1024px-aesthetic,64693533,0.03371526300907135
playgroundai_playground-v2.5-1024px-aesthetic,64856142,0.4328603446483612
playgroundai_playground-v2.5-1024px-aesthetic,65411270,-0.9244204163551331
playgroundai_playground-v2.5-1024px-aesthetic,65557844,1.6917164325714111
playgroundai_playground-v2.5-1024px-aesthetic,65824677,-0.6672861576080322
playgroundai_playground-v2.5-1024px-aesthetic,65890875,2.2176694869995117
playgroundai_playground-v2.5-1024px-aesthetic,65960228,0.2688513994216919
playgroundai_playground-v2.5-1024px-aesthetic,66668538,0.6609557271003723
playgroundai_playground-v2.5-1024px-aesthetic,67344811,0.6473571062088013
playgroundai_playground-v2.5-1024px-aesthetic,67949798,1.5422871112823486
playgroundai_playground-v2.5-1024px-aesthetic,68246844,1.973419427871704
playgroundai_playground-v2.5-1024px-aesthetic,68280322,0.9104394912719727
playgroundai_playground-v2.5-1024px-aesthetic,68321683,0.4851147532463074
playgroundai_playground-v2.5-1024px-aesthetic,68380669,-0.6297903060913086
playgroundai_playground-v2.5-1024px-aesthetic,68575085,1.9364640712738037
playgroundai_playground-v2.5-1024px-aesthetic,70380966,-0.400642067193985
playgroundai_playground-v2.5-1024px-aesthetic,70494671,1.1191632747650146
playgroundai_playground-v2.5-1024px-aesthetic,71055464,-0.19547824561595917
playgroundai_playground-v2.5-1024px-aesthetic,71591839,0.25207215547561646
playgroundai_playground-v2.5-1024px-aesthetic,71828875,0.32368776202201843
playgroundai_playground-v2.5-1024px-aesthetic,71910823,0.5268562436103821
playgroundai_playground-v2.5-1024px-aesthetic,71959499,2.921156644821167
playgroundai_playground-v2.5-1024px-aesthetic,72432241,2.3042171001434326
playgroundai_playground-v2.5-1024px-aesthetic,72553814,2.4460842609405518
playgroundai_playground-v2.5-1024px-aesthetic,73051579,2.3459784984588623
playgroundai_playground-v2.5-1024px-aesthetic,73600586,1.0506136417388916
playgroundai_playground-v2.5-1024px-aesthetic,73616417,2.272456407546997
playgroundai_playground-v2.5-1024px-aesthetic,73681289,-0.26021674275398254
playgroundai_playground-v2.5-1024px-aesthetic,73962724,-0.1699812114238739
playgroundai_playground-v2.5-1024px-aesthetic,74175857,0.18142849206924438
playgroundai_playground-v2.5-1024px-aesthetic,75051801,1.1736725568771362
playgroundai_playground-v2.5-1024px-aesthetic,75787772,0.6102902889251709
playgroundai_playground-v2.5-1024px-aesthetic,75944980,0.961955726146698
playgroundai_playground-v2.5-1024px-aesthetic,75964288,0.04849753528833389
playgroundai_playground-v2.5-1024px-aesthetic,76066166,1.0534785985946655
playgroundai_playground-v2.5-1024px-aesthetic,76100398,1.2320754528045654
playgroundai_playground-v2.5-1024px-aesthetic,76425345,0.15638591349124908
playgroundai_playground-v2.5-1024px-aesthetic,77106105,-0.150111585855484
playgroundai_playground-v2.5-1024px-aesthetic,77132310,2.3657946586608887
playgroundai_playground-v2.5-1024px-aesthetic,77232534,0.009052349254488945
playgroundai_playground-v2.5-1024px-aesthetic,77312726,-0.05804096534848213
playgroundai_playground-v2.5-1024px-aesthetic,77358840,2.3329639434814453
playgroundai_playground-v2.5-1024px-aesthetic,77490593,0.2426385134458542
playgroundai_playground-v2.5-1024px-aesthetic,77726888,0.7417427897453308
playgroundai_playground-v2.5-1024px-aesthetic,78735978,0.6735984683036804
playgroundai_playground-v2.5-1024px-aesthetic,79077085,-0.5671759247779846
playgroundai_playground-v2.5-1024px-aesthetic,79212243,3.090167999267578
playgroundai_playground-v2.5-1024px-aesthetic,79606917,0.8747411966323853
playgroundai_playground-v2.5-1024px-aesthetic,79918827,1.6734998226165771
playgroundai_playground-v2.5-1024px-aesthetic,80289373,0.7016517519950867
playgroundai_playground-v2.5-1024px-aesthetic,80371125,0.43581175804138184
playgroundai_playground-v2.5-1024px-aesthetic,80540387,-1.0134069919586182
playgroundai_playground-v2.5-1024px-aesthetic,81135077,0.14236244559288025
playgroundai_playground-v2.5-1024px-aesthetic,81303945,2.1797657012939453
playgroundai_playground-v2.5-1024px-aesthetic,81435593,-0.23283635079860687
playgroundai_playground-v2.5-1024px-aesthetic,82282590,2.0375235080718994
playgroundai_playground-v2.5-1024px-aesthetic,82696415,1.519309639930725
playgroundai_playground-v2.5-1024px-aesthetic,82916016,0.33921217918395996
playgroundai_playground-v2.5-1024px-aesthetic,83084473,2.186697006225586
playgroundai_playground-v2.5-1024px-aesthetic,83418847,0.13501031696796417
playgroundai_playground-v2.5-1024px-aesthetic,84089324,0.05566045641899109
playgroundai_playground-v2.5-1024px-aesthetic,84306831,2.3196444511413574
playgroundai_playground-v2.5-1024px-aesthetic,84510135,0.08215463161468506
playgroundai_playground-v2.5-1024px-aesthetic,84788890,1.4713213443756104
playgroundai_playground-v2.5-1024px-aesthetic,84985982,0.5081542134284973
playgroundai_playground-v2.5-1024px-aesthetic,85191733,-0.052053533494472504
playgroundai_playground-v2.5-1024px-aesthetic,86119145,1.2891814708709717
playgroundai_playground-v2.5-1024px-aesthetic,86340862,1.0229734182357788
playgroundai_playground-v2.5-1024px-aesthetic,86341828,1.2766538858413696
playgroundai_playground-v2.5-1024px-aesthetic,86537356,0.21174299716949463
playgroundai_playground-v2.5-1024px-aesthetic,86701636,1.814104437828064
playgroundai_playground-v2.5-1024px-aesthetic,86714939,-0.9258564114570618
playgroundai_playground-v2.5-1024px-aesthetic,87574583,0.27995404601097107
playgroundai_playground-v2.5-1024px-aesthetic,87699711,1.1346887350082397
playgroundai_playground-v2.5-1024px-aesthetic,88016571,-0.21814878284931183
playgroundai_playground-v2.5-1024px-aesthetic,88087492,2.0661048889160156
playgroundai_playground-v2.5-1024px-aesthetic,89227603,1.545819640159607
playgroundai_playground-v2.5-1024px-aesthetic,89539854,1.303216576576233
playgroundai_playground-v2.5-1024px-aesthetic,89926787,2.254732370376587
playgroundai_playground-v2.5-1024px-aesthetic,90244932,1.634657382965088
playgroundai_playground-v2.5-1024px-aesthetic,90493027,2.062069892883301
playgroundai_playground-v2.5-1024px-aesthetic,90613035,-1.444535493850708
playgroundai_playground-v2.5-1024px-aesthetic,91368797,0.2658464014530182
playgroundai_playground-v2.5-1024px-aesthetic,91784299,1.9606833457946777
playgroundai_playground-v2.5-1024px-aesthetic,91790573,2.2005527019500732
playgroundai_playground-v2.5-1024px-aesthetic,91834546,-0.7536765336990356
playgroundai_playground-v2.5-1024px-aesthetic,92068094,1.6633574962615967
playgroundai_playground-v2.5-1024px-aesthetic,92311656,2.16967511177063
playgroundai_playground-v2.5-1024px-aesthetic,92709444,-0.8940488696098328
playgroundai_playground-v2.5-1024px-aesthetic,93114575,1.5791171789169312
playgroundai_playground-v2.5-1024px-aesthetic,93256557,0.23295989632606506
playgroundai_playground-v2.5-1024px-aesthetic,93407716,0.25018003582954407
playgroundai_playground-v2.5-1024px-aesthetic,93436296,1.4865641593933105
playgroundai_playground-v2.5-1024px-aesthetic,93512057,2.0795884132385254
playgroundai_playground-v2.5-1024px-aesthetic,94006560,-0.21477842330932617
playgroundai_playground-v2.5-1024px-aesthetic,94321535,2.0010108947753906
playgroundai_playground-v2.5-1024px-aesthetic,94532154,0.5829535126686096
playgroundai_playground-v2.5-1024px-aesthetic,95171107,0.14788782596588135
playgroundai_playground-v2.5-1024px-aesthetic,95228839,-0.8019246459007263
playgroundai_playground-v2.5-1024px-aesthetic,95325441,2.5595967769622803
playgroundai_playground-v2.5-1024px-aesthetic,95450946,1.2791370153427124
playgroundai_playground-v2.5-1024px-aesthetic,95583911,1.1266160011291504
playgroundai_playground-v2.5-1024px-aesthetic,95718306,2.604121446609497
playgroundai_playground-v2.5-1024px-aesthetic,95737828,0.9535553455352783
playgroundai_playground-v2.5-1024px-aesthetic,96448597,1.6103473901748657
playgroundai_playground-v2.5-1024px-aesthetic,96482065,1.067969560623169
playgroundai_playground-v2.5-1024px-aesthetic,96521920,1.6241891384124756
playgroundai_playground-v2.5-1024px-aesthetic,96850153,2.0910696983337402
playgroundai_playground-v2.5-1024px-aesthetic,98113191,0.9287543892860413
playgroundai_playground-v2.5-1024px-aesthetic,98195317,-0.06970291584730148
playgroundai_playground-v2.5-1024px-aesthetic,98254655,1.9423061609268188
playgroundai_playground-v2.5-1024px-aesthetic,98319500,1.2402682304382324
playgroundai_playground-v2.5-1024px-aesthetic,98642787,1.4955930709838867
playgroundai_playground-v2.5-1024px-aesthetic,98646702,-0.09610094875097275
playgroundai_playground-v2.5-1024px-aesthetic,98929226,0.8370756506919861
playgroundai_playground-v2.5-1024px-aesthetic,99178779,1.863541841506958
playgroundai_playground-v2.5-1024px-aesthetic,99185892,1.033145785331726
playgroundai_playground-v2.5-1024px-aesthetic,99211012,0.9731158018112183
playgroundai_playground-v2.5-1024px-aesthetic,99410560,0.7390649914741516
playgroundai_playground-v2.5-1024px-aesthetic,99862294,1.484651803970337
prompthero_openjourney,138508,-1.09110426902771
prompthero_openjourney,192051,-1.8300824165344238
prompthero_openjourney,213186,-1.9498162269592285
prompthero_openjourney,232386,0.23549185693264008
prompthero_openjourney,232765,-2.8812825679779053
prompthero_openjourney,258857,-2.810852289199829
prompthero_openjourney,283090,0.6012740135192871
prompthero_openjourney,285141,0.37249109148979187
prompthero_openjourney,399030,-1.3790102005004883
prompthero_openjourney,440189,0.4491681754589081
prompthero_openjourney,445169,-1.9210256338119507
prompthero_openjourney,486490,-0.834388017654419
prompthero_openjourney,487072,-1.7172729969024658
prompthero_openjourney,487326,-0.0844813734292984
prompthero_openjourney,489837,-1.7221308946609497
prompthero_openjourney,646833,-1.6030943393707275
prompthero_openjourney,708860,1.4322614669799805
prompthero_openjourney,717208,-0.49426010251045227
prompthero_openjourney,717468,-1.0351183414459229
prompthero_openjourney,735254,-1.2987760305404663
prompthero_openjourney,762478,-0.17801053822040558
prompthero_openjourney,825443,-0.24729393422603607
prompthero_openjourney,831919,-2.537240982055664
prompthero_openjourney,896677,-2.1036388874053955
prompthero_openjourney,936620,-0.791542112827301
prompthero_openjourney,974367,-2.1281678676605225
prompthero_openjourney,993014,-1.1239941120147705
prompthero_openjourney,995855,-1.4273380041122437
prompthero_openjourney,1113367,-1.58121919631958
prompthero_openjourney,1171644,-1.4199814796447754
prompthero_openjourney,1209135,-0.535811722278595
prompthero_openjourney,1317294,-1.3371127843856812
prompthero_openjourney,1317533,-0.39850786328315735
prompthero_openjourney,1321854,-2.106353282928467
prompthero_openjourney,1377758,-1.975021481513977
prompthero_openjourney,1474832,-2.3758602142333984
prompthero_openjourney,1516071,-1.18564772605896
prompthero_openjourney,1566705,-1.410163402557373
prompthero_openjourney,1640855,-1.6621506214141846
prompthero_openjourney,1668603,-2.5134541988372803
prompthero_openjourney,1678990,0.5267800092697144
prompthero_openjourney,1699831,-0.7378385066986084
prompthero_openjourney,1707698,-0.7527925968170166
prompthero_openjourney,1727942,0.019520768895745277
prompthero_openjourney,2045760,-1.1615514755249023
prompthero_openjourney,2075049,-1.0113842487335205
prompthero_openjourney,2075764,-1.72304368019104
prompthero_openjourney,2241569,-2.0124707221984863
prompthero_openjourney,2720725,-2.6003830432891846
prompthero_openjourney,2721160,-1.5044424533843994
prompthero_openjourney,2730265,-1.5364680290222168
prompthero_openjourney,2744395,-1.158419132232666
prompthero_openjourney,2770078,0.9719914197921753
prompthero_openjourney,2793684,-0.38240084052085876
prompthero_openjourney,2803666,0.8478849530220032
prompthero_openjourney,2807731,0.5972866415977478
prompthero_openjourney,2821943,2.2712652683258057
prompthero_openjourney,2824319,-1.8986515998840332
prompthero_openjourney,2825442,-0.693569004535675
prompthero_openjourney,2852043,0.7018840909004211
prompthero_openjourney,2870293,0.9821112751960754
prompthero_openjourney,2870880,0.7323394417762756
prompthero_openjourney,2923535,-1.256533145904541
prompthero_openjourney,2933112,0.9205837249755859
prompthero_openjourney,2963987,1.2118959426879883
prompthero_openjourney,2991302,0.8134378790855408
prompthero_openjourney,3024209,1.0581116676330566
prompthero_openjourney,3035832,-0.4601646959781647
prompthero_openjourney,3049457,0.11219815164804459
prompthero_openjourney,3107488,-0.9234969019889832
prompthero_openjourney,3131388,-0.327468603849411
prompthero_openjourney,3131669,-1.0784111022949219
prompthero_openjourney,3152830,-0.7256454825401306
prompthero_openjourney,3249569,0.5724772810935974
prompthero_openjourney,3262349,1.2155672311782837
prompthero_openjourney,3288500,-1.4122066497802734
prompthero_openjourney,3298716,0.4682600200176239
prompthero_openjourney,3308246,0.4045877456665039
prompthero_openjourney,3309110,-0.7315214276313782
prompthero_openjourney,3347220,-2.3146088123321533
prompthero_openjourney,3353281,0.26293879747390747
prompthero_openjourney,3366112,-2.1214635372161865
prompthero_openjourney,3411927,-0.3705897629261017
prompthero_openjourney,3456665,-0.934399425983429
prompthero_openjourney,3563208,0.5180855393409729
prompthero_openjourney,3580281,-0.9105726480484009
prompthero_openjourney,3603442,-0.09625689685344696
prompthero_openjourney,3607029,-0.4715011417865753
prompthero_openjourney,3628071,-2.0311408042907715
prompthero_openjourney,3630383,1.9565749168395996
prompthero_openjourney,3676483,0.8698641657829285
prompthero_openjourney,3679712,1.3627010583877563
prompthero_openjourney,3685307,-1.1522105932235718
prompthero_openjourney,3703463,1.5175588130950928
prompthero_openjourney,3714235,-1.0698609352111816
prompthero_openjourney,3728318,0.4995861351490021
prompthero_openjourney,3748162,1.360924482345581
prompthero_openjourney,3764276,-0.9210501313209534
prompthero_openjourney,3818090,-2.3397388458251953
prompthero_openjourney,3842156,1.2001168727874756
prompthero_openjourney,3880032,-2.222820281982422
prompthero_openjourney,3889343,-1.110008955001831
prompthero_openjourney,3907654,0.6603935360908508
prompthero_openjourney,3940713,-0.25863248109817505
prompthero_openjourney,3975232,-1.5759750604629517
prompthero_openjourney,3982060,-0.760476291179657
prompthero_openjourney,3990474,2.063345432281494
prompthero_openjourney,4010305,0.5992435216903687
prompthero_openjourney,4025130,-0.928013265132904
prompthero_openjourney,4062807,-1.3700474500656128
prompthero_openjourney,4123448,1.1943674087524414
prompthero_openjourney,4125853,-0.22130823135375977
prompthero_openjourney,4140340,0.21250148117542267
prompthero_openjourney,4145056,-0.6815334558486938
prompthero_openjourney,4192521,2.400094747543335
prompthero_openjourney,4259202,0.963074266910553
prompthero_openjourney,4285773,-1.2585642337799072
prompthero_openjourney,4345028,0.8766529560089111
prompthero_openjourney,4387201,-0.8013500571250916
prompthero_openjourney,4416901,-1.7563142776489258
prompthero_openjourney,4455579,-1.2718212604522705
prompthero_openjourney,4497570,0.8234379887580872
prompthero_openjourney,4534520,-2.030769109725952
prompthero_openjourney,4539203,0.8053308725357056
prompthero_openjourney,4552551,1.0690197944641113
prompthero_openjourney,4596797,0.5991989970207214
prompthero_openjourney,4832208,0.7961764931678772
prompthero_openjourney,4930139,-0.06766199320554733
prompthero_openjourney,5008085,-0.9632192254066467
prompthero_openjourney,5219923,-0.25243061780929565
prompthero_openjourney,5316083,-2.174173593521118
prompthero_openjourney,5350912,-1.5704344511032104
prompthero_openjourney,5374860,-1.9216479063034058
prompthero_openjourney,5410315,-1.9272198677062988
prompthero_openjourney,5522784,-1.0954805612564087
prompthero_openjourney,5728577,-1.8985129594802856
prompthero_openjourney,5752544,-1.0797537565231323
prompthero_openjourney,5794797,-2.640084743499756
prompthero_openjourney,5895919,1.482657790184021
prompthero_openjourney,5958517,0.015545928850769997
prompthero_openjourney,6189776,0.08212598413228989
prompthero_openjourney,6528587,-2.8777544498443604
prompthero_openjourney,6584891,-1.533398985862732
prompthero_openjourney,6586355,-0.599965512752533
prompthero_openjourney,6607809,-3.1675069332122803
prompthero_openjourney,6615026,-1.782268762588501
prompthero_openjourney,6615458,-1.524776577949524
prompthero_openjourney,6615818,-1.2853251695632935
prompthero_openjourney,6616314,-1.4452438354492188
prompthero_openjourney,6617011,-0.6269410252571106
prompthero_openjourney,6617413,-0.7397951483726501
prompthero_openjourney,6729499,-1.2333507537841797
prompthero_openjourney,6880664,-1.5166711807250977
prompthero_openjourney,6883725,-1.8942006826400757
prompthero_openjourney,6946774,-0.17857304215431213
prompthero_openjourney,7025268,-0.6788068413734436
prompthero_openjourney,7109847,-1.9730455875396729
prompthero_openjourney,7116261,-2.123206615447998
prompthero_openjourney,7150023,0.44878464937210083
prompthero_openjourney,7163803,1.411710500717163
prompthero_openjourney,7507098,-1.2761640548706055
prompthero_openjourney,7596684,-0.04975447803735733
prompthero_openjourney,7597365,1.314947485923767
prompthero_openjourney,7601809,0.4263516068458557
prompthero_openjourney,7605282,-0.6616410613059998
prompthero_openjourney,7606419,0.4197559058666229
prompthero_openjourney,7607707,-2.000656843185425
prompthero_openjourney,7608721,0.4787043631076813
prompthero_openjourney,7625977,1.6154718399047852
prompthero_openjourney,7626721,1.3352456092834473
prompthero_openjourney,7626833,1.2169301509857178
prompthero_openjourney,7627310,-0.09306329488754272
prompthero_openjourney,7651454,0.8497636318206787
prompthero_openjourney,7654438,0.0966503918170929
prompthero_openjourney,7664468,0.9273098111152649
prompthero_openjourney,7698915,0.6335835456848145
prompthero_openjourney,7700167,-0.27167242765426636
prompthero_openjourney,7700868,0.9060481786727905
prompthero_openjourney,7701244,-1.551317811012268
prompthero_openjourney,7702193,1.1034021377563477
prompthero_openjourney,7710616,0.9606313109397888
prompthero_openjourney,7834065,-0.4577864110469818
prompthero_openjourney,7854266,-1.6436083316802979
prompthero_openjourney,7854455,-0.42679113149642944
prompthero_openjourney,7871940,-1.6600595712661743
prompthero_openjourney,7891189,1.3221904039382935
prompthero_openjourney,7897116,0.36861130595207214
prompthero_openjourney,7914271,0.733063817024231
prompthero_openjourney,7922764,0.3599017560482025
prompthero_openjourney,7929519,1.5317915678024292
prompthero_openjourney,7933274,-0.114674411714077
prompthero_openjourney,7933530,-0.3327530324459076
prompthero_openjourney,8089797,1.1217929124832153
prompthero_openjourney,8095160,0.5309175848960876
prompthero_openjourney,8124208,0.5338567495346069
prompthero_openjourney,8339939,0.2661728858947754
prompthero_openjourney,8876291,1.4712438583374023
prompthero_openjourney,9020389,0.2773413062095642
prompthero_openjourney,9044146,0.22767645120620728
prompthero_openjourney,9057052,0.9877107739448547
prompthero_openjourney,9427682,1.058958888053894
prompthero_openjourney,9580065,-0.4652654230594635
prompthero_openjourney,9719434,0.3657233715057373
prompthero_openjourney,9793248,-0.40322715044021606
prompthero_openjourney,9794211,-1.340673565864563
prompthero_openjourney,9862621,-0.0919518992304802
prompthero_openjourney,9875188,-0.5593516230583191
prompthero_openjourney,9984659,0.2844735085964203
prompthero_openjourney,10012874,-1.3125569820404053
prompthero_openjourney,10024569,-1.9194761514663696
prompthero_openjourney,10080493,-1.1231006383895874
prompthero_openjourney,10106452,-2.054368257522583
prompthero_openjourney,10198409,-1.1822339296340942
prompthero_openjourney,10333317,0.0047724260948598385
prompthero_openjourney,10408552,-0.07844715565443039
prompthero_openjourney,10444677,-0.5136761665344238
prompthero_openjourney,10453357,1.1622374057769775
prompthero_openjourney,10548623,-0.0802786573767662
prompthero_openjourney,10572128,-1.2218199968338013
prompthero_openjourney,10794014,-0.6500294804573059
prompthero_openjourney,10939743,-0.77360600233078
prompthero_openjourney,11039909,-0.8911237716674805
prompthero_openjourney,11334088,0.022957229986786842
prompthero_openjourney,11417672,-1.4348262548446655
prompthero_openjourney,11437577,-1.6218101978302002
prompthero_openjourney,11460338,-2.515575408935547
prompthero_openjourney,12345739,-0.997139036655426
prompthero_openjourney,12402348,-0.4165157973766327
prompthero_openjourney,13221529,-2.133013963699341
prompthero_openjourney,13290566,0.25607752799987793
prompthero_openjourney,13389475,-0.9298742413520813
prompthero_openjourney,13390139,0.2827067971229553
prompthero_openjourney,13390405,1.0383176803588867
prompthero_openjourney,13392786,1.2536215782165527
prompthero_openjourney,13649361,-2.634154796600342
prompthero_openjourney,13716878,0.6249167323112488
prompthero_openjourney,13884740,-2.0068647861480713
prompthero_openjourney,13915305,-1.1629656553268433
prompthero_openjourney,13931145,-0.44126859307289124
prompthero_openjourney,13984082,-0.43755730986595154
prompthero_openjourney,14140678,-0.33154231309890747
prompthero_openjourney,14195315,-0.878425657749176
prompthero_openjourney,14294568,-0.833487331867218
prompthero_openjourney,14320813,-0.47591885924339294
prompthero_openjourney,14360436,-0.272756427526474
prompthero_openjourney,14488317,-0.28480061888694763
prompthero_openjourney,14533937,-1.4021034240722656
prompthero_openjourney,14550987,1.0001225471496582
prompthero_openjourney,14579933,1.003998875617981
prompthero_openjourney,14606290,-3.3116331100463867
prompthero_openjourney,14620257,-1.188339114189148
prompthero_openjourney,14632648,-1.1967214345932007
prompthero_openjourney,14647235,-1.4319616556167603
prompthero_openjourney,14654954,0.5292503237724304
prompthero_openjourney,14686352,-1.6646331548690796
prompthero_openjourney,14702875,-0.5787275433540344
prompthero_openjourney,14703190,-0.3622170686721802
prompthero_openjourney,14807929,-2.901970386505127
prompthero_openjourney,14809057,-2.7091927528381348
prompthero_openjourney,14867690,-2.5583317279815674
prompthero_openjourney,14872875,-1.62382972240448
prompthero_openjourney,14880557,0.9574667811393738
prompthero_openjourney,14894140,-2.881408929824829
prompthero_openjourney,15180934,-2.269224166870117
prompthero_openjourney,15970145,0.5717615485191345
prompthero_openjourney,17002912,1.9495513439178467
prompthero_openjourney,17012379,-0.6751344203948975
prompthero_openjourney,17282800,-0.5225509405136108
prompthero_openjourney,17925539,-0.44407549500465393
prompthero_openjourney,18367104,0.9238391518592834
prompthero_openjourney,18758723,-2.1052560806274414
prompthero_openjourney,19143128,-1.9636898040771484
prompthero_openjourney,19671124,-2.090397357940674
prompthero_openjourney,19855707,-0.7877132296562195
prompthero_openjourney,19893872,-0.4204085171222687
prompthero_openjourney,20017667,-0.41636210680007935
prompthero_openjourney,20128079,-0.17532500624656677
prompthero_openjourney,20471134,-1.3307400941848755
prompthero_openjourney,20495093,-1.2890526056289673
prompthero_openjourney,20782430,-1.338468074798584
prompthero_openjourney,21377549,-1.5089173316955566
prompthero_openjourney,21564446,-3.4376797676086426
prompthero_openjourney,21620388,0.05923139303922653
prompthero_openjourney,22149540,-1.2598485946655273
prompthero_openjourney,22738759,-1.150516152381897
prompthero_openjourney,22767176,-1.1147537231445312
prompthero_openjourney,23129661,-1.8887734413146973
prompthero_openjourney,23185551,-1.5354223251342773
prompthero_openjourney,23232427,-1.360948085784912
prompthero_openjourney,23257851,-2.087646484375
prompthero_openjourney,23620789,1.0738916397094727
prompthero_openjourney,24808131,-0.04435756057500839
prompthero_openjourney,24843217,0.6692208051681519
prompthero_openjourney,24933378,-0.3859995901584625
prompthero_openjourney,24942232,-0.8474673628807068
prompthero_openjourney,25290589,-1.35445237159729
prompthero_openjourney,25579216,-2.9166438579559326
prompthero_openjourney,25685207,0.601222574710846
prompthero_openjourney,25776594,-1.871381163597107
prompthero_openjourney,26078214,-0.11972277611494064
prompthero_openjourney,26746434,-1.1950860023498535
prompthero_openjourney,26998039,-2.3929355144500732
prompthero_openjourney,27106238,-1.1717640161514282
prompthero_openjourney,27246777,-0.5893620252609253
prompthero_openjourney,27768637,-1.1954859495162964
prompthero_openjourney,27871992,0.3193088173866272
prompthero_openjourney,28190972,0.7374539375305176
prompthero_openjourney,29094321,-2.443882465362549
prompthero_openjourney,29148617,0.16588842868804932
prompthero_openjourney,29161294,-1.7475296258926392
prompthero_openjourney,29632917,0.4332214891910553
prompthero_openjourney,29703209,-1.7446613311767578
prompthero_openjourney,29779486,-1.1089892387390137
prompthero_openjourney,30028757,-1.1098712682724
prompthero_openjourney,30225071,-0.12207483500242233
prompthero_openjourney,30373565,-1.4810501337051392
prompthero_openjourney,30484086,-0.8737637400627136
prompthero_openjourney,30883080,-0.09913288801908493
prompthero_openjourney,31114750,-2.338701009750366
prompthero_openjourney,31196176,-0.8708219528198242
prompthero_openjourney,31391857,-0.402577668428421
prompthero_openjourney,31595142,-0.3794081211090088
prompthero_openjourney,32152786,0.8198323249816895
prompthero_openjourney,32327818,-1.4246889352798462
prompthero_openjourney,32379732,0.033797480165958405
prompthero_openjourney,32473966,-1.433174729347229
prompthero_openjourney,32902730,0.08840464800596237
prompthero_openjourney,32932491,0.06689786911010742
prompthero_openjourney,33006578,-1.6458637714385986
prompthero_openjourney,33478721,0.8666921854019165
prompthero_openjourney,34475997,-2.906205654144287
prompthero_openjourney,34578737,0.20029674470424652
prompthero_openjourney,34773230,-1.6799888610839844
prompthero_openjourney,36507085,-1.427229404449463
prompthero_openjourney,36678439,-2.200587272644043
prompthero_openjourney,37287360,-0.8199506998062134
prompthero_openjourney,37319253,-1.9132795333862305
prompthero_openjourney,37547870,1.7649967670440674
prompthero_openjourney,37736408,2.1345465183258057
prompthero_openjourney,38014258,-0.08490680903196335
prompthero_openjourney,38297191,2.0254690647125244
prompthero_openjourney,38402744,-0.9809959530830383
prompthero_openjourney,38954086,-2.286782741546631
prompthero_openjourney,39139190,0.6777923107147217
prompthero_openjourney,39560404,-2.237138509750366
prompthero_openjourney,39566065,-0.12044765800237656
prompthero_openjourney,39595218,0.4653448462486267
prompthero_openjourney,40825299,-0.39158865809440613
prompthero_openjourney,40945115,-1.2008808851242065
prompthero_openjourney,40995095,-0.1985694319009781
prompthero_openjourney,41015844,-0.6383090615272522
prompthero_openjourney,41031648,0.13751839101314545
prompthero_openjourney,41161074,-2.156726598739624
prompthero_openjourney,41458919,-2.9105477333068848
prompthero_openjourney,41565779,0.009422862902283669
prompthero_openjourney,41766391,-1.5804105997085571
prompthero_openjourney,41982710,-1.8994472026824951
prompthero_openjourney,42048260,-0.887981653213501
prompthero_openjourney,42849420,0.22462500631809235
prompthero_openjourney,42931583,-0.8774994015693665
prompthero_openjourney,43060946,-0.9100456833839417
prompthero_openjourney,43153800,-2.654677391052246
prompthero_openjourney,43161384,1.2574659585952759
prompthero_openjourney,43301379,0.25930285453796387
prompthero_openjourney,43304323,-1.5168063640594482
prompthero_openjourney,43367797,-0.8412190675735474
prompthero_openjourney,43431032,-0.5444468259811401
prompthero_openjourney,43631801,-2.1331162452697754
prompthero_openjourney,43735560,-1.655613660812378
prompthero_openjourney,43858443,1.4116266965866089
prompthero_openjourney,43918624,-1.702646255493164
prompthero_openjourney,44280552,-2.519923210144043
prompthero_openjourney,44295589,-1.5134941339492798
prompthero_openjourney,44621915,1.4039759635925293
prompthero_openjourney,44645737,0.48918280005455017
prompthero_openjourney,44838123,-1.5182764530181885
prompthero_openjourney,45258070,-1.2887459993362427
prompthero_openjourney,45297641,-2.4809305667877197
prompthero_openjourney,45418454,-0.04062899947166443
prompthero_openjourney,45564900,-0.2062365561723709
prompthero_openjourney,46150029,-0.2902344763278961
prompthero_openjourney,46394736,-0.2288234978914261
prompthero_openjourney,46673664,-0.6600087285041809
prompthero_openjourney,46994920,-1.8077969551086426
prompthero_openjourney,47009060,0.7260494828224182
prompthero_openjourney,47552953,-0.19676832854747772
prompthero_openjourney,47595220,-1.3360481262207031
prompthero_openjourney,47819321,0.6890214681625366
prompthero_openjourney,48223384,-0.846489429473877
prompthero_openjourney,48351897,-0.6168482899665833
prompthero_openjourney,48754831,-0.357804536819458
prompthero_openjourney,49054805,0.06666284799575806
prompthero_openjourney,49089576,0.5052679181098938
prompthero_openjourney,49300740,-1.16898512840271
prompthero_openjourney,49358811,-2.2458386421203613
prompthero_openjourney,49462954,-2.28049635887146
prompthero_openjourney,50262859,-0.21056018769741058
prompthero_openjourney,50871471,-0.3351138234138489
prompthero_openjourney,50952217,-0.5557342767715454
prompthero_openjourney,51060824,-1.7984888553619385
prompthero_openjourney,51314050,-1.932115077972412
prompthero_openjourney,51946990,-2.7047536373138428
prompthero_openjourney,52325745,-0.2571662366390228
prompthero_openjourney,52474100,-0.8321611881256104
prompthero_openjourney,52516409,0.19060936570167542
prompthero_openjourney,52711595,-0.024645095691084862
prompthero_openjourney,53022028,0.029724398627877235
prompthero_openjourney,53205877,0.28127676248550415
prompthero_openjourney,53288018,1.2865910530090332
prompthero_openjourney,53443611,0.41466331481933594
prompthero_openjourney,53815934,-1.9917352199554443
prompthero_openjourney,54495173,-0.7781229615211487
prompthero_openjourney,54931507,0.8336235880851746
prompthero_openjourney,55191509,-1.453251838684082
prompthero_openjourney,55255145,-0.1407194286584854
prompthero_openjourney,55457672,-3.2053747177124023
prompthero_openjourney,55588327,-2.130603313446045
prompthero_openjourney,55653646,-0.789745569229126
prompthero_openjourney,55658809,-2.5343801975250244
prompthero_openjourney,55812974,-1.7888548374176025
prompthero_openjourney,55819553,-1.6241300106048584
prompthero_openjourney,55826966,-0.11773160099983215
prompthero_openjourney,55983905,0.8130258917808533
prompthero_openjourney,56074056,0.48126375675201416
prompthero_openjourney,56112588,-1.6750458478927612
prompthero_openjourney,56121520,-0.3073342740535736
prompthero_openjourney,56250900,-1.1794085502624512
prompthero_openjourney,56458800,0.3259500563144684
prompthero_openjourney,56792430,-1.6028954982757568
prompthero_openjourney,56982260,-1.242492914199829
prompthero_openjourney,57673976,-2.504669189453125
prompthero_openjourney,57716963,0.7353069186210632
prompthero_openjourney,57729980,0.2543172538280487
prompthero_openjourney,57785005,-0.8230156898498535
prompthero_openjourney,57873614,-2.148244619369507
prompthero_openjourney,58727024,-0.9516476988792419
prompthero_openjourney,58761464,0.2666413187980652
prompthero_openjourney,59399259,-0.9654589295387268
prompthero_openjourney,59976859,-2.967599391937256
prompthero_openjourney,60083345,-2.356417655944824
prompthero_openjourney,60214770,-2.218409776687622
prompthero_openjourney,60215376,-0.709168553352356
prompthero_openjourney,60375309,-1.3217111825942993
prompthero_openjourney,60606896,-0.664804220199585
prompthero_openjourney,60668084,-0.08594434708356857
prompthero_openjourney,61035709,1.2792047262191772
prompthero_openjourney,61388266,-2.1922290325164795
prompthero_openjourney,61627313,2.4744811058044434
prompthero_openjourney,61635816,-2.9526572227478027
prompthero_openjourney,61853324,0.6099618673324585
prompthero_openjourney,62408818,-0.43995076417922974
prompthero_openjourney,62841330,-1.9416420459747314
prompthero_openjourney,63015570,0.00031034043058753014
prompthero_openjourney,63336441,-0.2138671725988388
prompthero_openjourney,63633117,-2.475121259689331
prompthero_openjourney,64576544,0.5467364192008972
prompthero_openjourney,64687077,-0.6434403657913208
prompthero_openjourney,64693533,-1.2792017459869385
prompthero_openjourney,64856142,0.20755769312381744
prompthero_openjourney,65411270,-1.5629541873931885
prompthero_openjourney,65557844,0.6717563271522522
prompthero_openjourney,65824677,-2.4099817276000977
prompthero_openjourney,65890875,-0.028393832966685295
prompthero_openjourney,65960228,-2.41711688041687
prompthero_openjourney,66668538,0.7132673859596252
prompthero_openjourney,67344811,-1.2235032320022583
prompthero_openjourney,67949798,1.1386699676513672
prompthero_openjourney,68246844,-3.022003650665283
prompthero_openjourney,68280322,-1.8163825273513794
prompthero_openjourney,68321683,-0.035331860184669495
prompthero_openjourney,68380669,-1.5272730588912964
prompthero_openjourney,68575085,1.027311086654663
prompthero_openjourney,70380966,0.12484847754240036
prompthero_openjourney,70494671,0.9335038661956787
prompthero_openjourney,71055464,0.9270524978637695
prompthero_openjourney,71591839,-2.119965076446533
prompthero_openjourney,71828875,-1.9129105806350708
prompthero_openjourney,71910823,-0.5369899868965149
prompthero_openjourney,71959499,1.3634662628173828
prompthero_openjourney,72432241,-0.8573207259178162
prompthero_openjourney,72553814,1.035650610923767
prompthero_openjourney,73051579,0.9443726539611816
prompthero_openjourney,73600586,-1.365135908126831
prompthero_openjourney,73616417,0.38897913694381714
prompthero_openjourney,73681289,-0.11972973495721817
prompthero_openjourney,73962724,-1.4408388137817383
prompthero_openjourney,74175857,-0.5188295841217041
prompthero_openjourney,75051801,0.08008220791816711
prompthero_openjourney,75787772,-1.6569499969482422
prompthero_openjourney,75944980,0.6339033246040344
prompthero_openjourney,75964288,1.1006582975387573
prompthero_openjourney,76066166,-1.4889652729034424
prompthero_openjourney,76100398,-1.6194742918014526
prompthero_openjourney,76425345,-0.5544284582138062
prompthero_openjourney,77106105,-0.1669781357049942
prompthero_openjourney,77132310,-0.6128641963005066
prompthero_openjourney,77232534,1.4569202661514282
prompthero_openjourney,77312726,-1.4505972862243652
prompthero_openjourney,77358840,-1.5987491607666016
prompthero_openjourney,77490593,0.2113233357667923
prompthero_openjourney,77726888,-0.9032685160636902
prompthero_openjourney,78735978,-1.687340259552002
prompthero_openjourney,79077085,-1.0874742269515991
prompthero_openjourney,79212243,1.3298258781433105
prompthero_openjourney,79606917,-0.44179731607437134
prompthero_openjourney,79918827,0.2555191218852997
prompthero_openjourney,80289373,-1.2958533763885498
prompthero_openjourney,80371125,-0.28345614671707153
prompthero_openjourney,80540387,0.1670721024274826
prompthero_openjourney,81135077,-1.7537810802459717
prompthero_openjourney,81303945,0.22336100041866302
prompthero_openjourney,81435593,-1.7728909254074097
prompthero_openjourney,82282590,1.9774343967437744
prompthero_openjourney,82696415,0.20621520280838013
prompthero_openjourney,82916016,-3.0608878135681152
prompthero_openjourney,83084473,-0.32641440629959106
prompthero_openjourney,83418847,0.6929678916931152
prompthero_openjourney,84089324,-1.927466630935669
prompthero_openjourney,84306831,1.2417359352111816
prompthero_openjourney,84510135,-1.202994465827942
prompthero_openjourney,84788890,0.43165579438209534
prompthero_openjourney,84985982,-1.2030364274978638
prompthero_openjourney,85191733,0.21216066181659698
prompthero_openjourney,86119145,-0.8292983174324036
prompthero_openjourney,86340862,-0.6289299726486206
prompthero_openjourney,86341828,-1.0574802160263062
prompthero_openjourney,86537356,-1.588245153427124
prompthero_openjourney,86701636,1.9529284238815308
prompthero_openjourney,86714939,-1.026562213897705
prompthero_openjourney,87574583,-0.891241192817688
prompthero_openjourney,87699711,0.44197162985801697
prompthero_openjourney,88016571,-1.204672932624817
prompthero_openjourney,88087492,-0.21543796360492706
prompthero_openjourney,89227603,-0.4909617304801941
prompthero_openjourney,89539854,-2.104854106903076
prompthero_openjourney,89926787,0.7080133557319641
prompthero_openjourney,90244932,1.5115338563919067
prompthero_openjourney,90493027,0.04009256511926651
prompthero_openjourney,90613035,-2.8576056957244873
prompthero_openjourney,91368797,-0.2788666784763336
prompthero_openjourney,91784299,1.8186895847320557
prompthero_openjourney,91790573,1.7216644287109375
prompthero_openjourney,91834546,-1.21183443069458
prompthero_openjourney,92068094,0.2861451804637909
prompthero_openjourney,92311656,-1.3652801513671875
prompthero_openjourney,92709444,-1.298642635345459
prompthero_openjourney,93114575,-0.14955754578113556
prompthero_openjourney,93256557,-0.6550677418708801
prompthero_openjourney,93407716,-0.9392053484916687
prompthero_openjourney,93436296,-2.882059335708618
prompthero_openjourney,93512057,0.9394040703773499
prompthero_openjourney,94006560,-0.8629834055900574
prompthero_openjourney,94321535,1.0107040405273438
prompthero_openjourney,94532154,0.18495188653469086
prompthero_openjourney,95171107,-0.6829699277877808
prompthero_openjourney,95228839,-1.0320487022399902
prompthero_openjourney,95325441,-0.47024276852607727
prompthero_openjourney,95450946,0.5548015832901001
prompthero_openjourney,95583911,-1.8112504482269287
prompthero_openjourney,95718306,1.2364280223846436
prompthero_openjourney,95737828,-1.0735915899276733
prompthero_openjourney,96448597,-1.2884215116500854
prompthero_openjourney,96482065,-2.3231770992279053
prompthero_openjourney,96521920,-0.8389648795127869
prompthero_openjourney,96850153,0.7760682702064514
prompthero_openjourney,98113191,-0.5969403386116028
prompthero_openjourney,98195317,-0.9402737021446228
prompthero_openjourney,98254655,-0.26919397711753845
prompthero_openjourney,98319500,-0.8672510385513306
prompthero_openjourney,98642787,0.4283770024776459
prompthero_openjourney,98646702,2.5315022468566895
prompthero_openjourney,98929226,-2.033903121948242
prompthero_openjourney,99178779,0.263057142496109
prompthero_openjourney,99185892,-1.6669384241104126
prompthero_openjourney,99211012,0.819284975528717
prompthero_openjourney,99410560,0.6463081240653992
prompthero_openjourney,99862294,0.8038308024406433
retrieval,138508,-1.6459792852401733
retrieval,192051,-0.13588671386241913
retrieval,213186,-0.29262396693229675
retrieval,232386,0.0047444491647183895
retrieval,232765,-0.3694416880607605
retrieval,258857,-0.00573078403249383
retrieval,283090,-0.32297155261039734
retrieval,285141,-0.028056344017386436
retrieval,399030,-0.36982229351997375
retrieval,440189,-1.0879493951797485
retrieval,445169,-0.1283978968858719
retrieval,486490,-0.5551783442497253
retrieval,487072,1.7160320281982422
retrieval,487326,0.8107907772064209
retrieval,489837,0.18494388461112976
retrieval,646833,-0.18305452167987823
retrieval,708860,-0.8064426779747009
retrieval,717208,0.5745221972465515
retrieval,717468,0.04676144942641258
retrieval,735254,-1.0319840908050537
retrieval,762478,0.5921140313148499
retrieval,825443,0.010976532474160194
retrieval,831919,-0.45458683371543884
retrieval,936620,0.5349522233009338
retrieval,974367,0.34557855129241943
retrieval,993014,1.1414989233016968
retrieval,1113367,-0.12069299072027206
retrieval,1171644,0.2837164103984833
retrieval,1209135,-1.5299875736236572
retrieval,1317294,-0.5539565682411194
retrieval,1317533,0.13136251270771027
retrieval,1321854,-0.9018331170082092
retrieval,1377758,-0.027304602786898613
retrieval,1474832,-1.3322384357452393
retrieval,1516071,0.3290503919124603
retrieval,1566705,-0.4905317425727844
retrieval,1640855,-1.2972416877746582
retrieval,1668603,0.21929819881916046
retrieval,1678990,-1.3665356636047363
retrieval,1699831,-0.8634947538375854
retrieval,1707698,0.001215705182403326
retrieval,1727942,1.0000770092010498
retrieval,2045760,-0.8698285222053528
retrieval,2075049,-0.7431225180625916
retrieval,2075764,0.5421530604362488
retrieval,2241569,0.18856604397296906
retrieval,2720725,0.3256440758705139
retrieval,2721160,-0.8928262591362
retrieval,2730265,-0.42760831117630005
retrieval,2744395,0.7351463437080383
retrieval,2770078,-0.2201751321554184
retrieval,2793684,-0.843594491481781
retrieval,2803666,0.8626057505607605
retrieval,2807731,0.07434221357107162
retrieval,2821943,0.7922277450561523
retrieval,2824319,-2.1056575775146484
retrieval,2825442,-0.18904076516628265
retrieval,2852043,-0.08126170188188553
retrieval,2870293,-0.10852286219596863
retrieval,2870880,-1.004052758216858
retrieval,2923535,-1.022579550743103
retrieval,2933112,1.120410442352295
retrieval,2963987,0.5307793021202087
retrieval,2991302,-0.9857539534568787
retrieval,3024209,-0.3298751413822174
retrieval,3035832,1.1356979608535767
retrieval,3049457,1.8242937326431274
retrieval,3107488,0.1474142223596573
retrieval,3131388,0.0815911516547203
retrieval,3131669,0.48824936151504517
retrieval,3152830,-1.430331826210022
retrieval,3249569,0.865467369556427
retrieval,3262349,0.39603373408317566
retrieval,3288500,0.9492761492729187
retrieval,3298716,-0.40532612800598145
retrieval,3308246,0.9398924708366394
retrieval,3309110,-1.493781328201294
retrieval,3347220,0.9138590693473816
retrieval,3353281,-1.8885228633880615
retrieval,3366112,0.12283452600240707
retrieval,3411927,-1.9773337841033936
retrieval,3456665,-0.020847177132964134
retrieval,3563208,-0.7233409285545349
retrieval,3580281,0.10111835598945618
retrieval,3603442,-0.044311024248600006
retrieval,3607029,0.13982649147510529
retrieval,3628071,0.2078741043806076
retrieval,3630383,0.0688285306096077
retrieval,3676483,-0.8332638144493103
retrieval,3679712,0.26245126128196716
retrieval,3685307,-2.0930161476135254
retrieval,3703463,-2.1472179889678955
retrieval,3714235,-2.1541783809661865
retrieval,3728318,-1.047640323638916
retrieval,3748162,0.8085072040557861
retrieval,3764276,-1.3189067840576172
retrieval,3818090,0.15021845698356628
retrieval,3842156,0.25951704382896423
retrieval,3880032,-0.9722353219985962
retrieval,3889343,-0.9674745798110962
retrieval,3907654,-2.4857261180877686
retrieval,3940713,0.06460817903280258
retrieval,3975232,-1.5066101551055908
retrieval,3982060,-0.5485596060752869
retrieval,3990474,-0.5638853907585144
retrieval,4010305,-0.5970731377601624
retrieval,4025130,-1.302823543548584
retrieval,4062807,-0.8247784376144409
retrieval,4123448,0.279924213886261
retrieval,4125853,-0.30938541889190674
retrieval,4140340,-0.11346443742513657
retrieval,4145056,-0.9914856553077698
retrieval,4192521,-0.11033972352743149
retrieval,4259202,0.4477611184120178
retrieval,4285773,-1.1217386722564697
retrieval,4345028,0.48997414112091064
retrieval,4387201,-0.039136238396167755
retrieval,4416901,-0.972058892250061
retrieval,4455579,-1.105158805847168
retrieval,4497570,-1.6170984506607056
retrieval,4534520,0.10248126089572906
retrieval,4539203,0.20889495313167572
retrieval,4552551,0.9194888472557068
retrieval,4596797,1.5660178661346436
retrieval,4832208,-1.768758773803711
retrieval,4930139,1.0709973573684692
retrieval,5008085,-0.08756285160779953
retrieval,5219923,-0.6673303246498108
retrieval,5316083,-0.558905303478241
retrieval,5350912,0.8256469964981079
retrieval,5374860,-0.1890469342470169
retrieval,5410315,-0.4799378514289856
retrieval,5522784,0.25753679871559143
retrieval,5728577,-0.405266672372818
retrieval,5752544,-0.42464420199394226
retrieval,5794797,-0.5699360370635986
retrieval,5895919,0.5448324084281921
retrieval,5958517,-1.216700792312622
retrieval,6189776,-1.5796386003494263
retrieval,6528587,-0.9445430040359497
retrieval,6584891,-0.3598937690258026
retrieval,6586355,-0.16345708072185516
retrieval,6607809,0.3492153584957123
retrieval,6615026,-0.07415880262851715
retrieval,6615458,-1.2232277393341064
retrieval,6615818,-0.44885149598121643
retrieval,6616314,-1.5606294870376587
retrieval,6617011,-0.8972903490066528
retrieval,6617413,-0.006538561079651117
retrieval,6729499,-0.5593417286872864
retrieval,6880664,-0.4558107852935791
retrieval,6883725,-0.6261462569236755
retrieval,6946774,-1.0241608619689941
retrieval,7025268,-1.4598509073257446
retrieval,7109847,-1.6641135215759277
retrieval,7116261,1.4444308280944824
retrieval,7150023,-0.1447620540857315
retrieval,7163803,1.2796053886413574
retrieval,7507098,0.699664294719696
retrieval,7596684,-0.361844927072525
retrieval,7601809,-0.11152499169111252
retrieval,7605282,-0.3956371247768402
retrieval,7606419,-0.3842223286628723
retrieval,7607707,-1.3540416955947876
retrieval,7608721,0.168556347489357
retrieval,7625977,0.14210961759090424
retrieval,7626721,1.1699291467666626
retrieval,7626833,-1.2129526138305664
retrieval,7627310,-0.7382593154907227
retrieval,7651454,-1.47566556930542
retrieval,7654438,-0.466696560382843
retrieval,7664468,-0.6132667660713196
retrieval,7698915,-0.4091159999370575
retrieval,7700167,-1.2760717868804932
retrieval,7700868,0.38289734721183777
retrieval,7701244,0.20144586265087128
retrieval,7702193,0.06894409656524658
retrieval,7710616,0.5734285712242126
retrieval,7834065,-0.4080149829387665
retrieval,7854266,-1.8942391872406006
retrieval,7854455,0.1424613744020462
retrieval,7871940,-0.6146916747093201
retrieval,7891189,0.6682029366493225
retrieval,7897116,1.0664019584655762
retrieval,7914271,0.9214857816696167
retrieval,7922764,1.0479984283447266
retrieval,7929519,1.5588878393173218
retrieval,7933274,0.8242186903953552
retrieval,7933530,0.05925951153039932
retrieval,8089797,-1.169680118560791
retrieval,8095160,0.1365690529346466
retrieval,8124208,1.3612879514694214
retrieval,8339939,0.3381121754646301
retrieval,8876291,-1.296945333480835
retrieval,9020389,0.10154063254594803
retrieval,9044146,-0.7301555871963501
retrieval,9057052,-0.9701406359672546
retrieval,9427682,0.9146620035171509
retrieval,9580065,-0.7590663433074951
retrieval,9719434,-1.2410825490951538
retrieval,9793248,-0.22940915822982788
retrieval,9794211,-0.4935772716999054
retrieval,9862621,-0.2740658223628998
retrieval,9875188,-0.12848322093486786
retrieval,9984659,-0.47698235511779785
retrieval,10012874,-0.5325129628181458
retrieval,10024569,-0.6397874355316162
retrieval,10080493,0.2396497130393982
retrieval,10106452,-1.6733349561691284
retrieval,10198409,-1.5269548892974854
retrieval,10333317,0.7779718637466431
retrieval,10408552,0.32249656319618225
retrieval,10444677,1.7993006706237793
retrieval,10453357,0.30883482098579407
retrieval,10548623,-1.682071566581726
retrieval,10572128,-1.9846103191375732
retrieval,10794014,1.5707919597625732
retrieval,10939743,0.4170730710029602
retrieval,11039909,0.2867630422115326
retrieval,11334088,1.71560537815094
retrieval,11417672,0.12911559641361237
retrieval,11437577,-0.4117185175418854
retrieval,11460338,-2.3171863555908203
retrieval,12345739,-0.32309457659721375
retrieval,12402348,-1.2591524124145508
retrieval,13221529,-1.736107349395752
retrieval,13290566,-0.29249459505081177
retrieval,13389475,0.8847821354866028
retrieval,13390139,-0.588874340057373
retrieval,13390405,-0.09278213232755661
retrieval,13392786,0.8523786664009094
retrieval,13649361,-0.31717297434806824
retrieval,13716878,-0.34164535999298096
retrieval,13884740,-0.8989867568016052
retrieval,13931145,1.5271759033203125
retrieval,13984082,-2.026425361633301
retrieval,14140678,1.127220630645752
retrieval,14195315,-0.6347571015357971
retrieval,14294568,1.128434181213379
retrieval,14320813,-1.8768657445907593
retrieval,14360436,-1.6048294305801392
retrieval,14488317,-0.006735666189342737
retrieval,14533937,-0.2996729910373688
retrieval,14550987,-0.07471728324890137
retrieval,14579933,-0.181766077876091
retrieval,14606290,0.2721628248691559
retrieval,14620257,-1.552280068397522
retrieval,14632648,-0.8253648281097412
retrieval,14647235,1.1508570909500122
retrieval,14654954,0.002089375164359808
retrieval,14686352,0.5463390946388245
retrieval,14702875,-0.13863469660282135
retrieval,14703190,-0.05118609964847565
retrieval,14807929,0.6167693734169006
retrieval,14809057,1.130482792854309
retrieval,14867690,0.599797248840332
retrieval,14872875,-0.9163678884506226
retrieval,14880557,0.16671769320964813
retrieval,14894140,-1.756925344467163
retrieval,15180934,0.12738367915153503
retrieval,15970145,-1.562114953994751
retrieval,17002912,-1.4325560331344604
retrieval,17012379,0.7860671877861023
retrieval,17282800,2.8981664180755615
retrieval,17925539,-0.435651034116745
retrieval,18367104,0.14069630205631256
retrieval,18758723,1.004806637763977
retrieval,19671124,-0.21468915045261383
retrieval,19855707,2.379492998123169
retrieval,19893872,-1.11972177028656
retrieval,20017667,-0.17623959481716156
retrieval,20128079,-0.6388817429542542
retrieval,20471134,-1.7181049585342407
retrieval,20495093,-0.3515661060810089
retrieval,20782430,-1.4188504219055176
retrieval,21377549,0.06661907583475113
retrieval,21564446,0.36585351824760437
retrieval,21620388,-0.5051698088645935
retrieval,22149540,0.14747299253940582
retrieval,22738759,-1.9196069240570068
retrieval,22767176,0.08672090619802475
retrieval,23129661,0.658348023891449
retrieval,23185551,-0.09227012097835541
retrieval,23232427,-1.2882508039474487
retrieval,23257851,-0.1711142212152481
retrieval,23620789,-0.2440091222524643
retrieval,24808131,1.7933802604675293
retrieval,24843217,-1.2455308437347412
retrieval,24933378,0.30883482098579407
retrieval,24942232,0.5158319473266602
retrieval,25290589,-0.5613324046134949
retrieval,25579216,0.5207075476646423
retrieval,25685207,-1.2017673254013062
retrieval,25776594,-2.0879697799682617
retrieval,26078214,-1.0564180612564087
retrieval,26746434,-0.053891345858573914
retrieval,26998039,0.07565663009881973
retrieval,27106238,-0.7665461897850037
retrieval,27246777,1.1033604145050049
retrieval,27768637,1.366855263710022
retrieval,27871992,0.24343611299991608
retrieval,28190972,-0.9332497119903564
retrieval,29094321,-1.128403902053833
retrieval,29148617,1.359886646270752
retrieval,29161294,-0.10449395328760147
retrieval,29632917,-0.361844927072525
retrieval,29703209,1.1677589416503906
retrieval,29779486,0.9032939076423645
retrieval,30028757,1.2647106647491455
retrieval,30225071,0.9845172762870789
retrieval,30373565,1.1936016082763672
retrieval,30484086,-0.12324118614196777
retrieval,30883080,0.9298321604728699
retrieval,31114750,-0.11675423383712769
retrieval,31196176,1.2367533445358276
retrieval,31391857,0.35854992270469666
retrieval,31595142,1.082356572151184
retrieval,32152786,1.0164930820465088
retrieval,32327818,-2.156259059906006
retrieval,32379732,0.126922607421875
retrieval,32473966,-0.3571118414402008
retrieval,32902730,-1.2500146627426147
retrieval,32932491,-1.62889564037323
retrieval,33006578,1.2790062427520752
retrieval,33478721,-2.349734306335449
retrieval,34475997,-1.736107349395752
retrieval,34578737,-0.3180796802043915
retrieval,34773230,-3.2289886474609375
retrieval,36507085,1.3677504062652588
retrieval,36678439,-0.552516758441925
retrieval,37287360,-0.75843745470047
retrieval,37319253,-0.7569982409477234
retrieval,37547870,-0.32109418511390686
retrieval,37736408,0.6011772751808167
retrieval,38014258,-0.4549447000026703
retrieval,38297191,-1.0992484092712402
retrieval,38402744,-1.6029645204544067
retrieval,38954086,0.9050455689430237
retrieval,39139190,-0.13546974956989288
retrieval,39566065,-0.10051877796649933
retrieval,39595218,1.0869646072387695
retrieval,40825299,-1.6048294305801392
retrieval,40945115,0.2035835087299347
retrieval,40995095,1.0346370935440063
retrieval,41015844,-0.05543706566095352
retrieval,41031648,1.412487506866455
retrieval,41161074,-0.17284975945949554
retrieval,41458919,1.1414989233016968
retrieval,41565779,0.03348048776388168
retrieval,41766391,0.3812061846256256
retrieval,41982710,-0.06062587350606918
retrieval,42048260,-0.9084808230400085
retrieval,42849420,0.7299464344978333
retrieval,42931583,-1.1187772750854492
retrieval,43060946,0.4387853443622589
retrieval,43153800,0.4042936861515045
retrieval,43161384,0.6442908644676208
retrieval,43301379,-0.5693835020065308
retrieval,43304323,-0.5134909749031067
retrieval,43367797,0.854189932346344
retrieval,43431032,-0.02890925668179989
retrieval,43631801,0.001982217188924551
retrieval,43735560,-0.8252137303352356
retrieval,43858443,1.390762209892273
retrieval,43918624,-0.7442046403884888
retrieval,44280552,0.012602457776665688
retrieval,44295589,0.06175585836172104
retrieval,44621915,1.2303036451339722
retrieval,44645737,0.44848471879959106
retrieval,44838123,-1.1844632625579834
retrieval,45258070,-1.499556303024292
retrieval,45297641,-0.4427921772003174
retrieval,45418454,-2.349734306335449
retrieval,45564900,-0.609429657459259
retrieval,46150029,-0.2407936304807663
retrieval,46394736,-2.221142053604126
retrieval,46673664,0.15551592409610748
retrieval,46994920,-1.3151360750198364
retrieval,47552953,1.0846962928771973
retrieval,47595220,0.5086114406585693
retrieval,47819321,1.3677504062652588
retrieval,48223384,-1.6645811796188354
retrieval,48351897,-0.6614537835121155
retrieval,48754831,2.6348299980163574
retrieval,49089576,0.23933856189250946
retrieval,49300740,0.16401001811027527
retrieval,49358811,-0.6461492776870728
retrieval,49462954,0.0935472920536995
retrieval,50262859,-0.8855003118515015
retrieval,50871471,-1.214500069618225
retrieval,50952217,-1.1995879411697388
retrieval,51060824,-1.0476082563400269
retrieval,51314050,-1.6568443775177002
retrieval,51946990,1.856494665145874
retrieval,52325745,0.32393866777420044
retrieval,52474100,0.1384790539741516
retrieval,52516409,0.14508549869060516
retrieval,52711595,-0.7490196228027344
retrieval,53022028,-0.978036105632782
retrieval,53288018,-0.648517370223999
retrieval,53443611,0.7364652752876282
retrieval,53815934,-0.5113354921340942
retrieval,54495173,0.35916295647621155
retrieval,54931507,-0.6064146757125854
retrieval,55191509,-1.6641135215759277
retrieval,55255145,1.1288950443267822
retrieval,55457672,0.1025603637099266
retrieval,55588327,0.6375731825828552
retrieval,55658809,-0.45534658432006836
retrieval,55812974,-0.5341141223907471
retrieval,55819553,0.07507527619600296
retrieval,55826966,0.6629040241241455
retrieval,55983905,-1.16764497756958
retrieval,56074056,2.65653657913208
retrieval,56112588,-1.811284065246582
retrieval,56121520,-1.1995879411697388
retrieval,56250900,-0.7502242922782898
retrieval,56458800,-0.5753235220909119
retrieval,56792430,-0.4805367588996887
retrieval,56982260,-0.6382388472557068
retrieval,57673976,-0.390576034784317
retrieval,57716963,-0.0018459470011293888
retrieval,57785005,-2.1053919792175293
retrieval,57873614,1.2302048206329346
retrieval,58727024,0.15207795798778534
retrieval,58761464,-0.11801721900701523
retrieval,59399259,-0.26172420382499695
retrieval,59976859,-1.214500069618225
retrieval,60083345,-0.8941977024078369
retrieval,60214770,0.6712973713874817
retrieval,60215376,1.0782430171966553
retrieval,60375309,-0.42432138323783875
retrieval,60606896,-0.1358586698770523
retrieval,60668084,-0.5239830613136292
retrieval,61035709,-1.3437427282333374
retrieval,61388266,-2.8305697441101074
retrieval,61627313,-0.09804946184158325
retrieval,61635816,-1.7953734397888184
retrieval,61853324,-0.9459591507911682
retrieval,62841330,0.9632279872894287
retrieval,63336441,0.2071966975927353
retrieval,63633117,-0.43590131402015686
retrieval,64576544,-0.0699586272239685
retrieval,64687077,-0.5734401345252991
retrieval,64693533,1.0706021785736084
retrieval,64856142,0.9542309045791626
retrieval,65411270,-0.5113354921340942
retrieval,65557844,0.23218220472335815
retrieval,65824677,-1.929334044456482
retrieval,65890875,-0.496958464384079
retrieval,65960228,-0.14165344834327698
retrieval,66668538,0.5734285712242126
retrieval,67344811,-2.1053919792175293
retrieval,67949798,-0.2169497162103653
retrieval,68246844,0.39072248339653015
retrieval,68280322,0.8861076831817627
retrieval,68321683,0.5951412320137024
retrieval,68380669,0.10189195722341537
retrieval,68575085,1.9331287145614624
retrieval,71055464,-0.7841370105743408
retrieval,71591839,0.573590874671936
retrieval,71828875,-1.3480393886566162
retrieval,71910823,-1.68239426612854
retrieval,71959499,-0.8330388069152832
retrieval,72432241,0.3812061846256256
retrieval,72553814,1.8914730548858643
retrieval,73051579,-0.6389482021331787
retrieval,73600586,0.7625296711921692
retrieval,73616417,0.413348913192749
retrieval,73681289,2.7746970653533936
retrieval,73962724,-0.1847323477268219
retrieval,74175857,0.9498845934867859
retrieval,75051801,-0.24918133020401
retrieval,75787772,-1.0447165966033936
retrieval,75944980,-0.0941770151257515
retrieval,75964288,-1.3544243574142456
retrieval,76066166,-0.9835220575332642
retrieval,76100398,-1.5255006551742554
retrieval,76425345,-0.8424851298332214
retrieval,77106105,-1.6563076972961426
retrieval,77132310,-0.9110710620880127
retrieval,77232534,-1.583785891532898
retrieval,77312726,1.3245549201965332
retrieval,77358840,-0.10683271288871765
retrieval,77490593,1.1933430433273315
retrieval,77726888,1.2634587287902832
retrieval,78735978,0.2733091413974762
retrieval,79077085,-1.4275792837142944
retrieval,79212243,-0.8534290790557861
retrieval,79606917,-1.062127947807312
retrieval,79918827,-0.9047081470489502
retrieval,80289373,-0.07904460281133652
retrieval,80371125,-1.437229871749878
retrieval,80540387,-0.6799941062927246
retrieval,81303945,1.051669955253601
retrieval,81435593,-1.476024866104126
retrieval,82282590,-1.4236668348312378
retrieval,82696415,0.8393695950508118
retrieval,82916016,0.560725212097168
retrieval,83084473,0.6474589705467224
retrieval,83418847,-0.7309244871139526
retrieval,84089324,0.3403012454509735
retrieval,84306831,-1.224605679512024
retrieval,84510135,-0.5767465829849243
retrieval,84788890,-0.37852364778518677
retrieval,84985982,1.3470431566238403
retrieval,85191733,0.020201200619339943
retrieval,86340862,0.6722363829612732
retrieval,86341828,1.5044113397598267
retrieval,86537356,-0.17284975945949554
retrieval,86701636,-0.5638853907585144
retrieval,86714939,0.9451488256454468
retrieval,87574583,-1.1756685972213745
retrieval,87699711,0.8240413665771484
retrieval,88016571,1.2222532033920288
retrieval,88087492,0.9138590693473816
retrieval,89227603,1.17750883102417
retrieval,89539854,0.30414316058158875
retrieval,89926787,1.7370413541793823
retrieval,90244932,-1.2022671699523926
retrieval,90493027,-0.04589046537876129
retrieval,90613035,-2.6663413047790527
retrieval,91784299,0.8085072040557861
retrieval,91790573,2.0169944763183594
retrieval,91834546,2.379492998123169
retrieval,92068094,-0.4781892001628876
retrieval,92311656,0.9263346791267395
retrieval,92709444,0.4272485077381134
retrieval,93114575,-1.7044397592544556
retrieval,93256557,-0.37149763107299805
retrieval,93407716,-0.007011687848716974
retrieval,93512057,-0.007047748658806086
retrieval,94006560,-1.0688884258270264
retrieval,94321535,-0.3808469772338867
retrieval,94532154,0.5872668027877808
retrieval,95171107,-1.1275839805603027
retrieval,95228839,-1.7813128232955933
retrieval,95325441,-0.5875663161277771
retrieval,95450946,-0.6427901387214661
retrieval,95583911,1.4444308280944824
retrieval,95718306,-0.8330388069152832
retrieval,95737828,-0.2678804397583008
retrieval,96448597,-1.6048294305801392
retrieval,96482065,-0.6508923172950745
retrieval,96521920,-0.7461624145507812
retrieval,96850153,1.0107395648956299
retrieval,98113191,0.5649614334106445
retrieval,98195317,0.7105438113212585
retrieval,98254655,-1.2500146627426147
retrieval,98319500,0.8757082223892212
retrieval,98642787,0.8956474661827087
retrieval,98646702,1.919663429260254
retrieval,98929226,-0.2245175689458847
retrieval,99178779,1.2572386264801025
retrieval,99185892,-0.4040825664997101
retrieval,99211012,-1.1193888187408447
retrieval,99410560,-0.18496741354465485
retrieval,99862294,1.0969289541244507
runwayml_stable-diffusion-v1-5,138508,-1.9121026992797852
runwayml_stable-diffusion-v1-5,192051,-2.144650936126709
runwayml_stable-diffusion-v1-5,213186,0.6745526194572449
runwayml_stable-diffusion-v1-5,232386,-1.6251975297927856
runwayml_stable-diffusion-v1-5,232765,-0.07237281650304794
runwayml_stable-diffusion-v1-5,258857,-0.8309283256530762
runwayml_stable-diffusion-v1-5,283090,-0.5866309404373169
runwayml_stable-diffusion-v1-5,285141,0.2835274338722229
runwayml_stable-diffusion-v1-5,399030,-3.0044162273406982
runwayml_stable-diffusion-v1-5,440189,-1.2580833435058594
runwayml_stable-diffusion-v1-5,445169,-2.665088415145874
runwayml_stable-diffusion-v1-5,486490,-1.1266663074493408
runwayml_stable-diffusion-v1-5,487072,-0.06379135698080063
runwayml_stable-diffusion-v1-5,487326,-2.037750720977783
runwayml_stable-diffusion-v1-5,489837,-2.160230875015259
runwayml_stable-diffusion-v1-5,646833,-1.9450459480285645
runwayml_stable-diffusion-v1-5,708860,1.6287930011749268
runwayml_stable-diffusion-v1-5,717208,-1.2888387441635132
runwayml_stable-diffusion-v1-5,717468,-0.015576189383864403
runwayml_stable-diffusion-v1-5,735254,-1.644959807395935
runwayml_stable-diffusion-v1-5,762478,-0.45601019263267517
runwayml_stable-diffusion-v1-5,825443,-0.5122093558311462
runwayml_stable-diffusion-v1-5,831919,-0.9388929009437561
runwayml_stable-diffusion-v1-5,896677,-2.0077412128448486
runwayml_stable-diffusion-v1-5,936620,-0.6931961178779602
runwayml_stable-diffusion-v1-5,974367,-1.7280231714248657
runwayml_stable-diffusion-v1-5,993014,-1.802384376525879
runwayml_stable-diffusion-v1-5,995855,-2.4551544189453125
runwayml_stable-diffusion-v1-5,1113367,0.9407175183296204
runwayml_stable-diffusion-v1-5,1171644,-1.3558369874954224
runwayml_stable-diffusion-v1-5,1209135,0.14015136659145355
runwayml_stable-diffusion-v1-5,1317294,-1.1538842916488647
runwayml_stable-diffusion-v1-5,1317533,1.677518606185913
runwayml_stable-diffusion-v1-5,1321854,-0.8496176600456238
runwayml_stable-diffusion-v1-5,1377758,-2.549853563308716
runwayml_stable-diffusion-v1-5,1474832,-0.8275213241577148
runwayml_stable-diffusion-v1-5,1516071,-0.35888704657554626
runwayml_stable-diffusion-v1-5,1566705,-1.6339149475097656
runwayml_stable-diffusion-v1-5,1640855,-2.610311508178711
runwayml_stable-diffusion-v1-5,1668603,-1.092591643333435
runwayml_stable-diffusion-v1-5,1678990,0.062038861215114594
runwayml_stable-diffusion-v1-5,1699831,-1.4658033847808838
runwayml_stable-diffusion-v1-5,1707698,-1.1918799877166748
runwayml_stable-diffusion-v1-5,1727942,-0.3234037756919861
runwayml_stable-diffusion-v1-5,2045760,-0.37059691548347473
runwayml_stable-diffusion-v1-5,2075049,-1.5933611392974854
runwayml_stable-diffusion-v1-5,2075764,-2.087791919708252
runwayml_stable-diffusion-v1-5,2241569,-0.956615686416626
runwayml_stable-diffusion-v1-5,2720725,-0.008338501676917076
runwayml_stable-diffusion-v1-5,2721160,-1.387953519821167
runwayml_stable-diffusion-v1-5,2730265,-0.914911687374115
runwayml_stable-diffusion-v1-5,2744395,-1.3980722427368164
runwayml_stable-diffusion-v1-5,2770078,-0.3752921521663666
runwayml_stable-diffusion-v1-5,2793684,-0.5367494821548462
runwayml_stable-diffusion-v1-5,2803666,-1.2286590337753296
runwayml_stable-diffusion-v1-5,2807731,1.123704433441162
runwayml_stable-diffusion-v1-5,2821943,1.9943891763687134
runwayml_stable-diffusion-v1-5,2824319,-1.5685033798217773
runwayml_stable-diffusion-v1-5,2825442,-1.4944804906845093
runwayml_stable-diffusion-v1-5,2852043,0.42961376905441284
runwayml_stable-diffusion-v1-5,2870293,0.401075541973114
runwayml_stable-diffusion-v1-5,2870880,0.8222364783287048
runwayml_stable-diffusion-v1-5,2923535,-1.7567720413208008
runwayml_stable-diffusion-v1-5,2933112,0.7028511166572571
runwayml_stable-diffusion-v1-5,2963987,0.9193727374076843
runwayml_stable-diffusion-v1-5,2991302,-1.535938024520874
runwayml_stable-diffusion-v1-5,3024209,0.534746527671814
runwayml_stable-diffusion-v1-5,3035832,-2.893848180770874
runwayml_stable-diffusion-v1-5,3049457,1.3873176574707031
runwayml_stable-diffusion-v1-5,3107488,-0.6851601600646973
runwayml_stable-diffusion-v1-5,3131388,2.144551992416382
runwayml_stable-diffusion-v1-5,3131669,-0.8275601863861084
runwayml_stable-diffusion-v1-5,3152830,-0.9132479429244995
runwayml_stable-diffusion-v1-5,3249569,-0.14388829469680786
runwayml_stable-diffusion-v1-5,3262349,-0.29631224274635315
runwayml_stable-diffusion-v1-5,3288500,0.36013665795326233
runwayml_stable-diffusion-v1-5,3298716,0.05078015476465225
runwayml_stable-diffusion-v1-5,3308246,0.8247320055961609
runwayml_stable-diffusion-v1-5,3309110,-1.4790188074111938
runwayml_stable-diffusion-v1-5,3347220,-1.3567039966583252
runwayml_stable-diffusion-v1-5,3353281,1.4208171367645264
runwayml_stable-diffusion-v1-5,3366112,-1.1104459762573242
runwayml_stable-diffusion-v1-5,3411927,1.3136956691741943
runwayml_stable-diffusion-v1-5,3456665,-1.2000329494476318
runwayml_stable-diffusion-v1-5,3563208,-0.32072019577026367
runwayml_stable-diffusion-v1-5,3580281,0.7363929748535156
runwayml_stable-diffusion-v1-5,3603442,-0.771277129650116
runwayml_stable-diffusion-v1-5,3607029,-0.3559872508049011
runwayml_stable-diffusion-v1-5,3628071,-1.9109699726104736
runwayml_stable-diffusion-v1-5,3630383,0.42214295268058777
runwayml_stable-diffusion-v1-5,3676483,0.8572943210601807
runwayml_stable-diffusion-v1-5,3679712,0.9132582545280457
runwayml_stable-diffusion-v1-5,3685307,-0.7958170771598816
runwayml_stable-diffusion-v1-5,3703463,0.35401394963264465
runwayml_stable-diffusion-v1-5,3714235,-0.613862156867981
runwayml_stable-diffusion-v1-5,3728318,-0.6773748397827148
runwayml_stable-diffusion-v1-5,3748162,0.6957970857620239
runwayml_stable-diffusion-v1-5,3764276,-1.0327870845794678
runwayml_stable-diffusion-v1-5,3818090,-2.9599547386169434
runwayml_stable-diffusion-v1-5,3842156,1.9681512117385864
runwayml_stable-diffusion-v1-5,3880032,-1.6686803102493286
runwayml_stable-diffusion-v1-5,3889343,-1.5013508796691895
runwayml_stable-diffusion-v1-5,3907654,0.8164170384407043
runwayml_stable-diffusion-v1-5,3940713,-1.1356037855148315
runwayml_stable-diffusion-v1-5,3975232,-0.7790549397468567
runwayml_stable-diffusion-v1-5,3982060,-0.33510127663612366
runwayml_stable-diffusion-v1-5,3990474,1.4449244737625122
runwayml_stable-diffusion-v1-5,4010305,-0.3111296594142914
runwayml_stable-diffusion-v1-5,4025130,-1.8104311227798462
runwayml_stable-diffusion-v1-5,4062807,-0.8631057739257812
runwayml_stable-diffusion-v1-5,4123448,0.13052265346050262
runwayml_stable-diffusion-v1-5,4125853,-0.445229709148407
runwayml_stable-diffusion-v1-5,4140340,-1.2475628852844238
runwayml_stable-diffusion-v1-5,4145056,-1.6637580394744873
runwayml_stable-diffusion-v1-5,4192521,0.9973832964897156
runwayml_stable-diffusion-v1-5,4259202,0.13767607510089874
runwayml_stable-diffusion-v1-5,4285773,0.09246989339590073
runwayml_stable-diffusion-v1-5,4345028,-0.553261399269104
runwayml_stable-diffusion-v1-5,4387201,-1.0693919658660889
runwayml_stable-diffusion-v1-5,4416901,-2.6995792388916016
runwayml_stable-diffusion-v1-5,4455579,0.25342053174972534
runwayml_stable-diffusion-v1-5,4497570,0.8652625679969788
runwayml_stable-diffusion-v1-5,4534520,-1.997348666191101
runwayml_stable-diffusion-v1-5,4539203,-0.4230569899082184
runwayml_stable-diffusion-v1-5,4552551,1.1342600584030151
runwayml_stable-diffusion-v1-5,4596797,0.018916720524430275
runwayml_stable-diffusion-v1-5,4832208,-2.4688475131988525
runwayml_stable-diffusion-v1-5,4930139,1.2328306436538696
runwayml_stable-diffusion-v1-5,5008085,-0.42878010869026184
runwayml_stable-diffusion-v1-5,5219923,-1.5433343648910522
runwayml_stable-diffusion-v1-5,5316083,-1.2361230850219727
runwayml_stable-diffusion-v1-5,5350912,-0.19397160410881042
runwayml_stable-diffusion-v1-5,5374860,-2.2515757083892822
runwayml_stable-diffusion-v1-5,5410315,-1.0555481910705566
runwayml_stable-diffusion-v1-5,5522784,-1.2744754552841187
runwayml_stable-diffusion-v1-5,5728577,-2.0259697437286377
runwayml_stable-diffusion-v1-5,5752544,-2.351168632507324
runwayml_stable-diffusion-v1-5,5794797,-0.834800660610199
runwayml_stable-diffusion-v1-5,5895919,-0.5994642376899719
runwayml_stable-diffusion-v1-5,5958517,-1.2145084142684937
runwayml_stable-diffusion-v1-5,6189776,0.396979957818985
runwayml_stable-diffusion-v1-5,6528587,-2.5910489559173584
runwayml_stable-diffusion-v1-5,6584891,-1.5046181678771973
runwayml_stable-diffusion-v1-5,6586355,-2.2406363487243652
runwayml_stable-diffusion-v1-5,6607809,-2.1549863815307617
runwayml_stable-diffusion-v1-5,6615026,-2.277168035507202
runwayml_stable-diffusion-v1-5,6615458,-1.0311758518218994
runwayml_stable-diffusion-v1-5,6615818,-0.5519365668296814
runwayml_stable-diffusion-v1-5,6616314,-0.7062209248542786
runwayml_stable-diffusion-v1-5,6617011,-0.26398685574531555
runwayml_stable-diffusion-v1-5,6617413,-0.043122969567775726
runwayml_stable-diffusion-v1-5,6729499,-3.6014461517333984
runwayml_stable-diffusion-v1-5,6880664,-1.9502403736114502
runwayml_stable-diffusion-v1-5,6883725,-2.5285706520080566
runwayml_stable-diffusion-v1-5,6946774,-0.1877661496400833
runwayml_stable-diffusion-v1-5,7025268,-0.806876003742218
runwayml_stable-diffusion-v1-5,7109847,-1.9180835485458374
runwayml_stable-diffusion-v1-5,7116261,-0.761530339717865
runwayml_stable-diffusion-v1-5,7150023,-1.7227318286895752
runwayml_stable-diffusion-v1-5,7163803,1.781665325164795
runwayml_stable-diffusion-v1-5,7507098,-1.9379972219467163
runwayml_stable-diffusion-v1-5,7596684,-1.1563539505004883
runwayml_stable-diffusion-v1-5,7597365,0.15208159387111664
runwayml_stable-diffusion-v1-5,7601809,0.8280823826789856
runwayml_stable-diffusion-v1-5,7605282,-0.32059529423713684
runwayml_stable-diffusion-v1-5,7606419,-2.025146007537842
runwayml_stable-diffusion-v1-5,7607707,-2.1369271278381348
runwayml_stable-diffusion-v1-5,7608721,0.1650480031967163
runwayml_stable-diffusion-v1-5,7625977,-0.027174105867743492
runwayml_stable-diffusion-v1-5,7626721,1.6069095134735107
runwayml_stable-diffusion-v1-5,7626833,1.1005895137786865
runwayml_stable-diffusion-v1-5,7627310,0.1421610414981842
runwayml_stable-diffusion-v1-5,7651454,0.5907537937164307
runwayml_stable-diffusion-v1-5,7654438,0.6680547595024109
runwayml_stable-diffusion-v1-5,7664468,-0.294992059469223
runwayml_stable-diffusion-v1-5,7698915,-0.01654466800391674
runwayml_stable-diffusion-v1-5,7700167,-0.3797123432159424
runwayml_stable-diffusion-v1-5,7700868,0.2843364179134369
runwayml_stable-diffusion-v1-5,7701244,-0.9059993624687195
runwayml_stable-diffusion-v1-5,7702193,-2.128338575363159
runwayml_stable-diffusion-v1-5,7710616,-0.00725956866517663
runwayml_stable-diffusion-v1-5,7834065,0.2973927855491638
runwayml_stable-diffusion-v1-5,7854266,-1.0988943576812744
runwayml_stable-diffusion-v1-5,7854455,-2.017528533935547
runwayml_stable-diffusion-v1-5,7871940,0.1821388155221939
runwayml_stable-diffusion-v1-5,7891189,0.42310014367103577
runwayml_stable-diffusion-v1-5,7897116,1.2871692180633545
runwayml_stable-diffusion-v1-5,7914271,1.9528076648712158
runwayml_stable-diffusion-v1-5,7922764,0.9728608727455139
runwayml_stable-diffusion-v1-5,7929519,0.42217889428138733
runwayml_stable-diffusion-v1-5,7933274,-0.4988269507884979
runwayml_stable-diffusion-v1-5,7933530,0.06997013092041016
runwayml_stable-diffusion-v1-5,8089797,-0.062210313975811005
runwayml_stable-diffusion-v1-5,8095160,-1.0715906620025635
runwayml_stable-diffusion-v1-5,8124208,1.3363275527954102
runwayml_stable-diffusion-v1-5,8339939,-1.6292022466659546
runwayml_stable-diffusion-v1-5,8876291,1.326249599456787
runwayml_stable-diffusion-v1-5,9020389,0.8336542248725891
runwayml_stable-diffusion-v1-5,9044146,-1.8740711212158203
runwayml_stable-diffusion-v1-5,9057052,0.12541860342025757
runwayml_stable-diffusion-v1-5,9427682,1.136913776397705
runwayml_stable-diffusion-v1-5,9580065,2.164450168609619
runwayml_stable-diffusion-v1-5,9719434,0.18579329550266266
runwayml_stable-diffusion-v1-5,9793248,-1.3139711618423462
runwayml_stable-diffusion-v1-5,9794211,-1.4302687644958496
runwayml_stable-diffusion-v1-5,9862621,-2.499692916870117
runwayml_stable-diffusion-v1-5,9875188,-0.35251694917678833
runwayml_stable-diffusion-v1-5,9984659,-1.4944285154342651
runwayml_stable-diffusion-v1-5,10012874,-2.4126148223876953
runwayml_stable-diffusion-v1-5,10024569,-1.5064915418624878
runwayml_stable-diffusion-v1-5,10080493,-1.619266390800476
runwayml_stable-diffusion-v1-5,10106452,-1.0248876810073853
runwayml_stable-diffusion-v1-5,10198409,-1.946942925453186
runwayml_stable-diffusion-v1-5,10333317,1.0806304216384888
runwayml_stable-diffusion-v1-5,10408552,-0.8615235686302185
runwayml_stable-diffusion-v1-5,10444677,0.1737833023071289
runwayml_stable-diffusion-v1-5,10453357,-2.0922155380249023
runwayml_stable-diffusion-v1-5,10548623,-0.0513015016913414
runwayml_stable-diffusion-v1-5,10572128,-2.817736864089966
runwayml_stable-diffusion-v1-5,10794014,-0.44884681701660156
runwayml_stable-diffusion-v1-5,10939743,0.20975714921951294
runwayml_stable-diffusion-v1-5,11039909,-2.2720484733581543
runwayml_stable-diffusion-v1-5,11334088,-0.052894867956638336
runwayml_stable-diffusion-v1-5,11417672,-0.5205602645874023
runwayml_stable-diffusion-v1-5,11437577,-1.0295122861862183
runwayml_stable-diffusion-v1-5,11460338,-1.1921261548995972
runwayml_stable-diffusion-v1-5,12345739,-1.8512036800384521
runwayml_stable-diffusion-v1-5,12402348,-1.7506496906280518
runwayml_stable-diffusion-v1-5,13221529,-3.2439992427825928
runwayml_stable-diffusion-v1-5,13290566,0.20298533141613007
runwayml_stable-diffusion-v1-5,13389475,1.2196118831634521
runwayml_stable-diffusion-v1-5,13390139,0.49975523352622986
runwayml_stable-diffusion-v1-5,13390405,0.5585816502571106
runwayml_stable-diffusion-v1-5,13392786,1.0781991481781006
runwayml_stable-diffusion-v1-5,13649361,-0.0006878883577883244
runwayml_stable-diffusion-v1-5,13716878,-0.014327337965369225
runwayml_stable-diffusion-v1-5,13884740,-1.2057881355285645
runwayml_stable-diffusion-v1-5,13915305,-1.0528347492218018
runwayml_stable-diffusion-v1-5,13931145,-1.1623413562774658
runwayml_stable-diffusion-v1-5,13984082,-0.7269498705863953
runwayml_stable-diffusion-v1-5,14140678,0.7646810412406921
runwayml_stable-diffusion-v1-5,14195315,-1.0278429985046387
runwayml_stable-diffusion-v1-5,14294568,-1.4173953533172607
runwayml_stable-diffusion-v1-5,14320813,0.538951575756073
runwayml_stable-diffusion-v1-5,14360436,-0.606789231300354
runwayml_stable-diffusion-v1-5,14488317,-2.13242506980896
runwayml_stable-diffusion-v1-5,14533937,-1.4034544229507446
runwayml_stable-diffusion-v1-5,14550987,-2.390937328338623
runwayml_stable-diffusion-v1-5,14579933,-2.7368249893188477
runwayml_stable-diffusion-v1-5,14606290,0.2685708999633789
runwayml_stable-diffusion-v1-5,14620257,-0.8402779698371887
runwayml_stable-diffusion-v1-5,14632648,-0.5955042243003845
runwayml_stable-diffusion-v1-5,14647235,-1.8758420944213867
runwayml_stable-diffusion-v1-5,14654954,-0.691900908946991
runwayml_stable-diffusion-v1-5,14686352,-0.7713718414306641
runwayml_stable-diffusion-v1-5,14702875,-1.275964379310608
runwayml_stable-diffusion-v1-5,14703190,-1.6178113222122192
runwayml_stable-diffusion-v1-5,14807929,-2.032414197921753
runwayml_stable-diffusion-v1-5,14809057,-1.0741465091705322
runwayml_stable-diffusion-v1-5,14867690,-1.8617256879806519
runwayml_stable-diffusion-v1-5,14872875,-1.6493771076202393
runwayml_stable-diffusion-v1-5,14880557,-0.01644825004041195
runwayml_stable-diffusion-v1-5,14894140,-1.2491607666015625
runwayml_stable-diffusion-v1-5,15180934,-2.3404762744903564
runwayml_stable-diffusion-v1-5,15970145,1.4237136840820312
runwayml_stable-diffusion-v1-5,17002912,-2.8161308765411377
runwayml_stable-diffusion-v1-5,17012379,-1.6522668600082397
runwayml_stable-diffusion-v1-5,17282800,-0.9199972748756409
runwayml_stable-diffusion-v1-5,17925539,0.6703588366508484
runwayml_stable-diffusion-v1-5,18367104,0.37515270709991455
runwayml_stable-diffusion-v1-5,18758723,-1.887912631034851
runwayml_stable-diffusion-v1-5,19143128,-1.2278399467468262
runwayml_stable-diffusion-v1-5,19671124,-1.371137261390686
runwayml_stable-diffusion-v1-5,19855707,-0.6773661971092224
runwayml_stable-diffusion-v1-5,19893872,-0.17025886476039886
runwayml_stable-diffusion-v1-5,20017667,-1.1545612812042236
runwayml_stable-diffusion-v1-5,20128079,-0.8159574866294861
runwayml_stable-diffusion-v1-5,20471134,-1.0888372659683228
runwayml_stable-diffusion-v1-5,20495093,1.3421645164489746
runwayml_stable-diffusion-v1-5,20782430,-2.1072351932525635
runwayml_stable-diffusion-v1-5,21377549,-1.214219093322754
runwayml_stable-diffusion-v1-5,21564446,-2.80245041847229
runwayml_stable-diffusion-v1-5,21620388,0.1871413141489029
runwayml_stable-diffusion-v1-5,22149540,-0.4735558331012726
runwayml_stable-diffusion-v1-5,22738759,-0.4835403859615326
runwayml_stable-diffusion-v1-5,22767176,-1.946112036705017
runwayml_stable-diffusion-v1-5,23129661,-1.0103336572647095
runwayml_stable-diffusion-v1-5,23185551,-1.9288407564163208
runwayml_stable-diffusion-v1-5,23232427,-1.0509626865386963
runwayml_stable-diffusion-v1-5,23257851,-1.9277794361114502
runwayml_stable-diffusion-v1-5,23620789,-0.8650594353675842
runwayml_stable-diffusion-v1-5,24808131,-0.13864196836948395
runwayml_stable-diffusion-v1-5,24843217,1.0215715169906616
runwayml_stable-diffusion-v1-5,24933378,-1.8161094188690186
runwayml_stable-diffusion-v1-5,24942232,-0.9202525019645691
runwayml_stable-diffusion-v1-5,25290589,-0.7431384921073914
runwayml_stable-diffusion-v1-5,25579216,-2.302201986312866
runwayml_stable-diffusion-v1-5,25685207,-0.8644710183143616
runwayml_stable-diffusion-v1-5,25776594,-1.73348069190979
runwayml_stable-diffusion-v1-5,26078214,-0.15523867309093475
runwayml_stable-diffusion-v1-5,26746434,-0.8139371275901794
runwayml_stable-diffusion-v1-5,26998039,-0.6154817938804626
runwayml_stable-diffusion-v1-5,27106238,1.1847472190856934
runwayml_stable-diffusion-v1-5,27246777,-1.4837236404418945
runwayml_stable-diffusion-v1-5,27768637,0.44201478362083435
runwayml_stable-diffusion-v1-5,27871992,0.19260749220848083
runwayml_stable-diffusion-v1-5,28190972,0.19300700724124908
runwayml_stable-diffusion-v1-5,29094321,-1.5668821334838867
runwayml_stable-diffusion-v1-5,29148617,0.7819185853004456
runwayml_stable-diffusion-v1-5,29161294,-1.534669280052185
runwayml_stable-diffusion-v1-5,29632917,0.7926079034805298
runwayml_stable-diffusion-v1-5,29703209,-0.5969969630241394
runwayml_stable-diffusion-v1-5,29779486,-0.8161848187446594
runwayml_stable-diffusion-v1-5,30028757,-2.2341225147247314
runwayml_stable-diffusion-v1-5,30225071,0.24319320917129517
runwayml_stable-diffusion-v1-5,30373565,2.31555438041687
runwayml_stable-diffusion-v1-5,30484086,-0.19337444007396698
runwayml_stable-diffusion-v1-5,30883080,-1.493403673171997
runwayml_stable-diffusion-v1-5,31114750,-2.5156188011169434
runwayml_stable-diffusion-v1-5,31196176,-0.4653584957122803
runwayml_stable-diffusion-v1-5,31391857,-3.2490017414093018
runwayml_stable-diffusion-v1-5,31595142,1.4663335084915161
runwayml_stable-diffusion-v1-5,32152786,0.6968657374382019
runwayml_stable-diffusion-v1-5,32327818,-1.7340389490127563
runwayml_stable-diffusion-v1-5,32379732,0.6576170921325684
runwayml_stable-diffusion-v1-5,32473966,0.08347886055707932
runwayml_stable-diffusion-v1-5,32902730,-0.8507104516029358
runwayml_stable-diffusion-v1-5,32932491,-0.2896972596645355
runwayml_stable-diffusion-v1-5,33006578,-0.8910701870918274
runwayml_stable-diffusion-v1-5,33478721,-1.2194857597351074
runwayml_stable-diffusion-v1-5,34475997,-2.085184097290039
runwayml_stable-diffusion-v1-5,34578737,2.3448781967163086
runwayml_stable-diffusion-v1-5,34773230,-2.207042932510376
runwayml_stable-diffusion-v1-5,36507085,-0.7198658585548401
runwayml_stable-diffusion-v1-5,36678439,-0.8925351500511169
runwayml_stable-diffusion-v1-5,37287360,-1.668765902519226
runwayml_stable-diffusion-v1-5,37319253,-1.2613543272018433
runwayml_stable-diffusion-v1-5,37547870,1.521041989326477
runwayml_stable-diffusion-v1-5,37736408,2.292023181915283
runwayml_stable-diffusion-v1-5,38014258,-0.7548311352729797
runwayml_stable-diffusion-v1-5,38297191,1.2271692752838135
runwayml_stable-diffusion-v1-5,38402744,-0.7448754906654358
runwayml_stable-diffusion-v1-5,38954086,-1.7491559982299805
runwayml_stable-diffusion-v1-5,39139190,1.1163761615753174
runwayml_stable-diffusion-v1-5,39560404,-2.034127950668335
runwayml_stable-diffusion-v1-5,39566065,1.4048495292663574
runwayml_stable-diffusion-v1-5,39595218,-0.338064581155777
runwayml_stable-diffusion-v1-5,40825299,-0.6720288395881653
runwayml_stable-diffusion-v1-5,40945115,-0.4255433976650238
runwayml_stable-diffusion-v1-5,40995095,-0.9673460721969604
runwayml_stable-diffusion-v1-5,41015844,-0.9825841188430786
runwayml_stable-diffusion-v1-5,41031648,-1.56650710105896
runwayml_stable-diffusion-v1-5,41161074,-2.322134494781494
runwayml_stable-diffusion-v1-5,41458919,-2.8230936527252197
runwayml_stable-diffusion-v1-5,41565779,-0.5840718150138855
runwayml_stable-diffusion-v1-5,41766391,-0.8960820436477661
runwayml_stable-diffusion-v1-5,41982710,-1.9800825119018555
runwayml_stable-diffusion-v1-5,42048260,0.18182601034641266
runwayml_stable-diffusion-v1-5,42849420,-0.35682904720306396
runwayml_stable-diffusion-v1-5,42931583,1.1015222072601318
runwayml_stable-diffusion-v1-5,43060946,-0.44198426604270935
runwayml_stable-diffusion-v1-5,43153800,-0.5085994601249695
runwayml_stable-diffusion-v1-5,43161384,-0.2728520631790161
runwayml_stable-diffusion-v1-5,43301379,-0.8228023052215576
runwayml_stable-diffusion-v1-5,43304323,-0.7348113656044006
runwayml_stable-diffusion-v1-5,43367797,-1.6947588920593262
runwayml_stable-diffusion-v1-5,43431032,0.8521962761878967
runwayml_stable-diffusion-v1-5,43631801,-0.2466098964214325
runwayml_stable-diffusion-v1-5,43735560,-2.3805654048919678
runwayml_stable-diffusion-v1-5,43858443,0.9089884757995605
runwayml_stable-diffusion-v1-5,43918624,-1.5507131814956665
runwayml_stable-diffusion-v1-5,44280552,-1.0330027341842651
runwayml_stable-diffusion-v1-5,44295589,-1.374608039855957
runwayml_stable-diffusion-v1-5,44621915,0.31083935499191284
runwayml_stable-diffusion-v1-5,44645737,-0.06337625533342361
runwayml_stable-diffusion-v1-5,44838123,0.1176457405090332
runwayml_stable-diffusion-v1-5,45258070,-1.429310917854309
runwayml_stable-diffusion-v1-5,45297641,-1.9767512083053589
runwayml_stable-diffusion-v1-5,45418454,0.28103598952293396
runwayml_stable-diffusion-v1-5,45564900,0.1862153559923172
runwayml_stable-diffusion-v1-5,46150029,-1.6725155115127563
runwayml_stable-diffusion-v1-5,46394736,-0.24925218522548676
runwayml_stable-diffusion-v1-5,46673664,-1.2453521490097046
runwayml_stable-diffusion-v1-5,46994920,-0.9336622357368469
runwayml_stable-diffusion-v1-5,47009060,0.5667468905448914
runwayml_stable-diffusion-v1-5,47552953,0.8994117379188538
runwayml_stable-diffusion-v1-5,47595220,-0.8421546816825867
runwayml_stable-diffusion-v1-5,47819321,-1.9540687799453735
runwayml_stable-diffusion-v1-5,48223384,-1.3071784973144531
runwayml_stable-diffusion-v1-5,48351897,-0.2689201533794403
runwayml_stable-diffusion-v1-5,48754831,1.1698013544082642
runwayml_stable-diffusion-v1-5,49054805,-0.38976410031318665
runwayml_stable-diffusion-v1-5,49089576,0.5956584811210632
runwayml_stable-diffusion-v1-5,49300740,-0.8323588371276855
runwayml_stable-diffusion-v1-5,49358811,-1.652838110923767
runwayml_stable-diffusion-v1-5,49462954,-1.3280959129333496
runwayml_stable-diffusion-v1-5,50262859,0.4061192572116852
runwayml_stable-diffusion-v1-5,50871471,-1.4442535638809204
runwayml_stable-diffusion-v1-5,50952217,-0.42993268370628357
runwayml_stable-diffusion-v1-5,51060824,-1.6885939836502075
runwayml_stable-diffusion-v1-5,51314050,-2.042149066925049
runwayml_stable-diffusion-v1-5,51946990,-1.042316198348999
runwayml_stable-diffusion-v1-5,52325745,-3.920360803604126
runwayml_stable-diffusion-v1-5,52474100,-0.8764870166778564
runwayml_stable-diffusion-v1-5,52516409,1.103185772895813
runwayml_stable-diffusion-v1-5,52711595,-0.9719117283821106
runwayml_stable-diffusion-v1-5,53022028,-0.20188957452774048
runwayml_stable-diffusion-v1-5,53205877,-0.32727351784706116
runwayml_stable-diffusion-v1-5,53288018,0.45419541001319885
runwayml_stable-diffusion-v1-5,53443611,0.1651846319437027
runwayml_stable-diffusion-v1-5,53815934,-0.2817227244377136
runwayml_stable-diffusion-v1-5,54495173,-0.13363535702228546
runwayml_stable-diffusion-v1-5,54931507,0.9496133327484131
runwayml_stable-diffusion-v1-5,55191509,-2.4486052989959717
runwayml_stable-diffusion-v1-5,55255145,1.126190423965454
runwayml_stable-diffusion-v1-5,55457672,-1.6874783039093018
runwayml_stable-diffusion-v1-5,55588327,-0.9818165898323059
runwayml_stable-diffusion-v1-5,55653646,-1.3304849863052368
runwayml_stable-diffusion-v1-5,55658809,0.5533132553100586
runwayml_stable-diffusion-v1-5,55812974,0.44963064789772034
runwayml_stable-diffusion-v1-5,55819553,-1.2586069107055664
runwayml_stable-diffusion-v1-5,55826966,-1.8878151178359985
runwayml_stable-diffusion-v1-5,55983905,-2.7998948097229004
runwayml_stable-diffusion-v1-5,56074056,-0.8365785479545593
runwayml_stable-diffusion-v1-5,56112588,-1.7847328186035156
runwayml_stable-diffusion-v1-5,56121520,-0.2634088099002838
runwayml_stable-diffusion-v1-5,56250900,-0.9275466799736023
runwayml_stable-diffusion-v1-5,56458800,-2.234825611114502
runwayml_stable-diffusion-v1-5,56792430,-1.3443320989608765
runwayml_stable-diffusion-v1-5,56982260,-0.9056649208068848
runwayml_stable-diffusion-v1-5,57673976,-0.3301980793476105
runwayml_stable-diffusion-v1-5,57716963,0.429180771112442
runwayml_stable-diffusion-v1-5,57729980,-0.3128334879875183
runwayml_stable-diffusion-v1-5,57785005,-1.7883208990097046
runwayml_stable-diffusion-v1-5,57873614,-1.7326383590698242
runwayml_stable-diffusion-v1-5,58727024,-1.8789587020874023
runwayml_stable-diffusion-v1-5,58761464,0.9267741441726685
runwayml_stable-diffusion-v1-5,59399259,-2.5848445892333984
runwayml_stable-diffusion-v1-5,59976859,-2.2324955463409424
runwayml_stable-diffusion-v1-5,60083345,-2.0580079555511475
runwayml_stable-diffusion-v1-5,60214770,-1.4060578346252441
runwayml_stable-diffusion-v1-5,60215376,-0.7457526922225952
runwayml_stable-diffusion-v1-5,60375309,-2.5921247005462646
runwayml_stable-diffusion-v1-5,60606896,-1.3255442380905151
runwayml_stable-diffusion-v1-5,60668084,-0.5129989981651306
runwayml_stable-diffusion-v1-5,61035709,0.18581710755825043
runwayml_stable-diffusion-v1-5,61388266,-2.9695098400115967
runwayml_stable-diffusion-v1-5,61627313,1.7326264381408691
runwayml_stable-diffusion-v1-5,61635816,-1.0250722169876099
runwayml_stable-diffusion-v1-5,61853324,0.04927651584148407
runwayml_stable-diffusion-v1-5,62408818,0.7975839972496033
runwayml_stable-diffusion-v1-5,62841330,0.3385905921459198
runwayml_stable-diffusion-v1-5,63015570,-1.4269468784332275
runwayml_stable-diffusion-v1-5,63336441,-1.1424520015716553
runwayml_stable-diffusion-v1-5,63633117,-0.3764478862285614
runwayml_stable-diffusion-v1-5,64576544,0.1526380032300949
runwayml_stable-diffusion-v1-5,64687077,-1.2313542366027832
runwayml_stable-diffusion-v1-5,64693533,-1.0789728164672852
runwayml_stable-diffusion-v1-5,64856142,0.6156366467475891
runwayml_stable-diffusion-v1-5,65411270,-0.2573237717151642
runwayml_stable-diffusion-v1-5,65557844,-0.7488542795181274
runwayml_stable-diffusion-v1-5,65824677,-1.5985881090164185
runwayml_stable-diffusion-v1-5,65890875,0.4188091456890106
runwayml_stable-diffusion-v1-5,65960228,-1.4986628293991089
runwayml_stable-diffusion-v1-5,66668538,0.7919846177101135
runwayml_stable-diffusion-v1-5,67344811,-0.8829454779624939
runwayml_stable-diffusion-v1-5,67949798,-0.07779201120138168
runwayml_stable-diffusion-v1-5,68246844,-0.4110797643661499
runwayml_stable-diffusion-v1-5,68280322,-1.6626214981079102
runwayml_stable-diffusion-v1-5,68321683,-1.455119013786316
runwayml_stable-diffusion-v1-5,68380669,-0.6950482726097107
runwayml_stable-diffusion-v1-5,68575085,1.149503469467163
runwayml_stable-diffusion-v1-5,70380966,-0.8688368201255798
runwayml_stable-diffusion-v1-5,70494671,0.5777812004089355
runwayml_stable-diffusion-v1-5,71055464,-0.10482820123434067
runwayml_stable-diffusion-v1-5,71591839,-1.638969898223877
runwayml_stable-diffusion-v1-5,71828875,-1.3324460983276367
runwayml_stable-diffusion-v1-5,71910823,-0.6881371140480042
runwayml_stable-diffusion-v1-5,71959499,0.15484358370304108
runwayml_stable-diffusion-v1-5,72432241,-1.4183658361434937
runwayml_stable-diffusion-v1-5,72553814,1.2724931240081787
runwayml_stable-diffusion-v1-5,73051579,0.06477801501750946
runwayml_stable-diffusion-v1-5,73600586,-0.7990318536758423
runwayml_stable-diffusion-v1-5,73616417,-0.9791310429573059
runwayml_stable-diffusion-v1-5,73681289,-0.1378796398639679
runwayml_stable-diffusion-v1-5,73962724,-2.202683687210083
runwayml_stable-diffusion-v1-5,74175857,-1.5313379764556885
runwayml_stable-diffusion-v1-5,75051801,-0.37672269344329834
runwayml_stable-diffusion-v1-5,75787772,-0.4512413740158081
runwayml_stable-diffusion-v1-5,75944980,1.0275177955627441
runwayml_stable-diffusion-v1-5,75964288,-0.8054141998291016
runwayml_stable-diffusion-v1-5,76066166,0.5311650633811951
runwayml_stable-diffusion-v1-5,76100398,-2.0610618591308594
runwayml_stable-diffusion-v1-5,76425345,0.6593964099884033
runwayml_stable-diffusion-v1-5,77106105,-0.7369412779808044
runwayml_stable-diffusion-v1-5,77132310,-0.17830947041511536
runwayml_stable-diffusion-v1-5,77232534,-0.899739146232605
runwayml_stable-diffusion-v1-5,77312726,0.3078645169734955
runwayml_stable-diffusion-v1-5,77358840,-3.316718578338623
runwayml_stable-diffusion-v1-5,77490593,-2.0260002613067627
runwayml_stable-diffusion-v1-5,77726888,-1.7648684978485107
runwayml_stable-diffusion-v1-5,78735978,-1.0115998983383179
runwayml_stable-diffusion-v1-5,79077085,-1.755936622619629
runwayml_stable-diffusion-v1-5,79212243,0.20629020035266876
runwayml_stable-diffusion-v1-5,79606917,0.7046802639961243
runwayml_stable-diffusion-v1-5,79918827,-0.7194317579269409
runwayml_stable-diffusion-v1-5,80289373,-2.0524518489837646
runwayml_stable-diffusion-v1-5,80371125,-0.5101511478424072
runwayml_stable-diffusion-v1-5,80540387,-0.5607429146766663
runwayml_stable-diffusion-v1-5,81135077,-3.0125765800476074
runwayml_stable-diffusion-v1-5,81303945,0.6996701955795288
runwayml_stable-diffusion-v1-5,81435593,-1.4867446422576904
runwayml_stable-diffusion-v1-5,82282590,0.4744141697883606
runwayml_stable-diffusion-v1-5,82696415,1.840315818786621
runwayml_stable-diffusion-v1-5,82916016,-0.44076675176620483
runwayml_stable-diffusion-v1-5,83084473,0.5150335431098938
runwayml_stable-diffusion-v1-5,83418847,0.25804954767227173
runwayml_stable-diffusion-v1-5,84089324,-0.9902395606040955
runwayml_stable-diffusion-v1-5,84306831,0.9897871017456055
runwayml_stable-diffusion-v1-5,84510135,1.6143388748168945
runwayml_stable-diffusion-v1-5,84788890,-1.0129822492599487
runwayml_stable-diffusion-v1-5,84985982,-0.7040509581565857
runwayml_stable-diffusion-v1-5,85191733,-0.5624966621398926
runwayml_stable-diffusion-v1-5,86119145,-0.6906077265739441
runwayml_stable-diffusion-v1-5,86340862,0.3085445165634155
runwayml_stable-diffusion-v1-5,86341828,-0.1726088523864746
runwayml_stable-diffusion-v1-5,86537356,-1.6775199174880981
runwayml_stable-diffusion-v1-5,86701636,0.9631935954093933
runwayml_stable-diffusion-v1-5,86714939,-1.2466545104980469
runwayml_stable-diffusion-v1-5,87574583,-2.233644723892212
runwayml_stable-diffusion-v1-5,87699711,-0.6156861782073975
runwayml_stable-diffusion-v1-5,88016571,-0.5194633603096008
runwayml_stable-diffusion-v1-5,88087492,-0.3292800188064575
runwayml_stable-diffusion-v1-5,89227603,0.9954971671104431
runwayml_stable-diffusion-v1-5,89539854,-1.8868193626403809
runwayml_stable-diffusion-v1-5,89926787,0.0958864614367485
runwayml_stable-diffusion-v1-5,90244932,-1.215076208114624
runwayml_stable-diffusion-v1-5,90493027,-1.7972456216812134
runwayml_stable-diffusion-v1-5,90613035,-0.8870885968208313
runwayml_stable-diffusion-v1-5,91368797,-0.39789167046546936
runwayml_stable-diffusion-v1-5,91784299,0.20159684121608734
runwayml_stable-diffusion-v1-5,91790573,0.029121028259396553
runwayml_stable-diffusion-v1-5,91834546,-1.65106999874115
runwayml_stable-diffusion-v1-5,92068094,0.892436146736145
runwayml_stable-diffusion-v1-5,92311656,0.04400314390659332
runwayml_stable-diffusion-v1-5,92709444,0.13226167857646942
runwayml_stable-diffusion-v1-5,93114575,-2.1252567768096924
runwayml_stable-diffusion-v1-5,93256557,0.024588773027062416
runwayml_stable-diffusion-v1-5,93407716,-0.8004607558250427
runwayml_stable-diffusion-v1-5,93436296,-1.3711999654769897
runwayml_stable-diffusion-v1-5,93512057,-0.7117154598236084
runwayml_stable-diffusion-v1-5,94006560,-0.2781592309474945
runwayml_stable-diffusion-v1-5,94321535,0.46515172719955444
runwayml_stable-diffusion-v1-5,94532154,0.6377082467079163
runwayml_stable-diffusion-v1-5,95171107,-1.3513413667678833
runwayml_stable-diffusion-v1-5,95228839,-1.7316210269927979
runwayml_stable-diffusion-v1-5,95325441,-1.2104911804199219
runwayml_stable-diffusion-v1-5,95450946,-0.1409914791584015
runwayml_stable-diffusion-v1-5,95583911,-0.3285348117351532
runwayml_stable-diffusion-v1-5,95718306,1.133605718612671
runwayml_stable-diffusion-v1-5,95737828,-1.7990697622299194
runwayml_stable-diffusion-v1-5,96448597,-1.0973877906799316
runwayml_stable-diffusion-v1-5,96482065,-1.4493887424468994
runwayml_stable-diffusion-v1-5,96521920,-0.9624410271644592
runwayml_stable-diffusion-v1-5,96850153,-1.2516785860061646
runwayml_stable-diffusion-v1-5,98113191,0.19428692758083344
runwayml_stable-diffusion-v1-5,98195317,-1.740167498588562
runwayml_stable-diffusion-v1-5,98254655,0.18457536399364471
runwayml_stable-diffusion-v1-5,98319500,-0.3659365177154541
runwayml_stable-diffusion-v1-5,98642787,0.14953568577766418
runwayml_stable-diffusion-v1-5,98646702,-1.4076035022735596
runwayml_stable-diffusion-v1-5,98929226,-1.917263388633728
runwayml_stable-diffusion-v1-5,99178779,-0.7738958597183228
runwayml_stable-diffusion-v1-5,99185892,-2.003136396408081
runwayml_stable-diffusion-v1-5,99211012,0.8551854491233826
runwayml_stable-diffusion-v1-5,99410560,-0.7819709181785583
runwayml_stable-diffusion-v1-5,99862294,-2.9174575805664062
stabilityai_sdxl-turbo,138508,-1.5357592105865479
stabilityai_sdxl-turbo,192051,-1.3439064025878906
stabilityai_sdxl-turbo,213186,1.8134915828704834
stabilityai_sdxl-turbo,232386,-1.744215488433838
stabilityai_sdxl-turbo,232765,0.5190523266792297
stabilityai_sdxl-turbo,258857,-0.7081401944160461
stabilityai_sdxl-turbo,283090,0.8102487921714783
stabilityai_sdxl-turbo,285141,-0.9058264493942261
stabilityai_sdxl-turbo,399030,-1.114256739616394
stabilityai_sdxl-turbo,440189,-0.4455665647983551
stabilityai_sdxl-turbo,445169,-0.6454373598098755
stabilityai_sdxl-turbo,486490,0.09979317337274551
stabilityai_sdxl-turbo,487072,-0.2081732302904129
stabilityai_sdxl-turbo,487326,0.4156457483768463
stabilityai_sdxl-turbo,489837,-0.450288861989975
stabilityai_sdxl-turbo,646833,0.5691559910774231
stabilityai_sdxl-turbo,708860,0.949783205986023
stabilityai_sdxl-turbo,717208,0.4556184709072113
stabilityai_sdxl-turbo,717468,-0.9033851027488708
stabilityai_sdxl-turbo,735254,0.9505777955055237
stabilityai_sdxl-turbo,762478,1.2664605379104614
stabilityai_sdxl-turbo,825443,0.4518641531467438
stabilityai_sdxl-turbo,831919,1.6483453512191772
stabilityai_sdxl-turbo,896677,0.2627424895763397
stabilityai_sdxl-turbo,936620,1.578890085220337
stabilityai_sdxl-turbo,974367,-2.0810201168060303
stabilityai_sdxl-turbo,993014,0.32135382294654846
stabilityai_sdxl-turbo,995855,-0.3782934844493866
stabilityai_sdxl-turbo,1113367,-0.45081889629364014
stabilityai_sdxl-turbo,1171644,0.7576520442962646
stabilityai_sdxl-turbo,1209135,0.519414484500885
stabilityai_sdxl-turbo,1317294,0.05094442516565323
stabilityai_sdxl-turbo,1317533,1.6505744457244873
stabilityai_sdxl-turbo,1321854,-0.6271041035652161
stabilityai_sdxl-turbo,1377758,-1.6265329122543335
stabilityai_sdxl-turbo,1474832,0.25597214698791504
stabilityai_sdxl-turbo,1516071,-0.7126005291938782
stabilityai_sdxl-turbo,1566705,0.38704270124435425
stabilityai_sdxl-turbo,1640855,-1.2152938842773438
stabilityai_sdxl-turbo,1668603,0.31150195002555847
stabilityai_sdxl-turbo,1678990,0.195196732878685
stabilityai_sdxl-turbo,1699831,0.7269372344017029
stabilityai_sdxl-turbo,1707698,-0.2006145864725113
stabilityai_sdxl-turbo,1727942,0.7519492506980896
stabilityai_sdxl-turbo,2045760,0.6469936370849609
stabilityai_sdxl-turbo,2075049,-0.5886399149894714
stabilityai_sdxl-turbo,2075764,-0.7268548607826233
stabilityai_sdxl-turbo,2241569,-1.7059578895568848
stabilityai_sdxl-turbo,2720725,0.6951614618301392
stabilityai_sdxl-turbo,2721160,1.5900683403015137
stabilityai_sdxl-turbo,2730265,-1.650701642036438
stabilityai_sdxl-turbo,2744395,-1.1473283767700195
stabilityai_sdxl-turbo,2770078,0.7435803413391113
stabilityai_sdxl-turbo,2793684,-1.4298555850982666
stabilityai_sdxl-turbo,2803666,-0.8072685599327087
stabilityai_sdxl-turbo,2807731,0.4508158564567566
stabilityai_sdxl-turbo,2821943,1.9327505826950073
stabilityai_sdxl-turbo,2824319,0.8502140045166016
stabilityai_sdxl-turbo,2825442,0.7937437891960144
stabilityai_sdxl-turbo,2852043,-0.33030450344085693
stabilityai_sdxl-turbo,2870293,1.0266399383544922
stabilityai_sdxl-turbo,2870880,1.129135012626648
stabilityai_sdxl-turbo,2923535,0.36337539553642273
stabilityai_sdxl-turbo,2933112,1.035020112991333
stabilityai_sdxl-turbo,2963987,1.2599818706512451
stabilityai_sdxl-turbo,2991302,1.2986454963684082
stabilityai_sdxl-turbo,3024209,0.7887643575668335
stabilityai_sdxl-turbo,3035832,-0.11128982156515121
stabilityai_sdxl-turbo,3049457,0.24425049126148224
stabilityai_sdxl-turbo,3107488,0.012272031977772713
stabilityai_sdxl-turbo,3131388,1.3446568250656128
stabilityai_sdxl-turbo,3131669,0.8688667416572571
stabilityai_sdxl-turbo,3152830,0.6248411536216736
stabilityai_sdxl-turbo,3249569,1.0642547607421875
stabilityai_sdxl-turbo,3262349,0.6406095027923584
stabilityai_sdxl-turbo,3288500,0.12641671299934387
stabilityai_sdxl-turbo,3298716,1.1293379068374634
stabilityai_sdxl-turbo,3308246,1.8894160985946655
stabilityai_sdxl-turbo,3309110,-1.0123488903045654
stabilityai_sdxl-turbo,3347220,1.500890851020813
stabilityai_sdxl-turbo,3353281,1.6642760038375854
stabilityai_sdxl-turbo,3366112,-0.5839471220970154
stabilityai_sdxl-turbo,3411927,1.133776068687439
stabilityai_sdxl-turbo,3456665,-0.9782724976539612
stabilityai_sdxl-turbo,3563208,-1.2229292392730713
stabilityai_sdxl-turbo,3580281,1.727561593055725
stabilityai_sdxl-turbo,3603442,0.8741921782493591
stabilityai_sdxl-turbo,3607029,-0.1244531199336052
stabilityai_sdxl-turbo,3628071,-1.0872292518615723
stabilityai_sdxl-turbo,3630383,0.6222686767578125
stabilityai_sdxl-turbo,3676483,1.8219130039215088
stabilityai_sdxl-turbo,3679712,1.3408583402633667
stabilityai_sdxl-turbo,3685307,-0.39194798469543457
stabilityai_sdxl-turbo,3703463,-0.06099095940589905
stabilityai_sdxl-turbo,3714235,1.1031885147094727
stabilityai_sdxl-turbo,3728318,1.2304935455322266
stabilityai_sdxl-turbo,3748162,0.03723154962062836
stabilityai_sdxl-turbo,3764276,-1.2073851823806763
stabilityai_sdxl-turbo,3818090,1.095484972000122
stabilityai_sdxl-turbo,3842156,2.1438534259796143
stabilityai_sdxl-turbo,3880032,0.9863678216934204
stabilityai_sdxl-turbo,3889343,-0.4696410298347473
stabilityai_sdxl-turbo,3907654,-0.09730442613363266
stabilityai_sdxl-turbo,3940713,-1.011496901512146
stabilityai_sdxl-turbo,3975232,-0.041867695748806
stabilityai_sdxl-turbo,3982060,0.21749475598335266
stabilityai_sdxl-turbo,3990474,0.9465818405151367
stabilityai_sdxl-turbo,4010305,1.1522060632705688
stabilityai_sdxl-turbo,4025130,0.17357519268989563
stabilityai_sdxl-turbo,4062807,-1.3805055618286133
stabilityai_sdxl-turbo,4123448,0.714534342288971
stabilityai_sdxl-turbo,4125853,-0.15276919305324554
stabilityai_sdxl-turbo,4140340,1.0655556917190552
stabilityai_sdxl-turbo,4145056,-0.2431817203760147
stabilityai_sdxl-turbo,4192521,0.9091475605964661
stabilityai_sdxl-turbo,4259202,1.572196364402771
stabilityai_sdxl-turbo,4285773,1.1488676071166992
stabilityai_sdxl-turbo,4345028,0.7090073227882385
stabilityai_sdxl-turbo,4387201,-1.2268495559692383
stabilityai_sdxl-turbo,4416901,-2.673588752746582
stabilityai_sdxl-turbo,4455579,0.14074304699897766
stabilityai_sdxl-turbo,4497570,-0.7657322883605957
stabilityai_sdxl-turbo,4534520,-1.5090962648391724
stabilityai_sdxl-turbo,4539203,0.21114231646060944
stabilityai_sdxl-turbo,4552551,0.9276630282402039
stabilityai_sdxl-turbo,4596797,1.021754503250122
stabilityai_sdxl-turbo,4832208,1.404975414276123
stabilityai_sdxl-turbo,4930139,0.5600374937057495
stabilityai_sdxl-turbo,5008085,-0.9606568217277527
stabilityai_sdxl-turbo,5219923,0.2976161241531372
stabilityai_sdxl-turbo,5316083,-2.8936991691589355
stabilityai_sdxl-turbo,5350912,0.9085217118263245
stabilityai_sdxl-turbo,5374860,-0.9077297449111938
stabilityai_sdxl-turbo,5410315,-0.8569584488868713
stabilityai_sdxl-turbo,5522784,-1.2607018947601318
stabilityai_sdxl-turbo,5728577,0.9612830281257629
stabilityai_sdxl-turbo,5752544,1.1294513940811157
stabilityai_sdxl-turbo,5794797,-0.8929476737976074
stabilityai_sdxl-turbo,5895919,0.7224724888801575
stabilityai_sdxl-turbo,5958517,-0.00235318997874856
stabilityai_sdxl-turbo,6189776,0.6971738338470459
stabilityai_sdxl-turbo,6528587,1.178741455078125
stabilityai_sdxl-turbo,6584891,-2.8663628101348877
stabilityai_sdxl-turbo,6586355,-1.308152675628662
stabilityai_sdxl-turbo,6607809,-1.7599760293960571
stabilityai_sdxl-turbo,6615026,0.695720374584198
stabilityai_sdxl-turbo,6615458,-0.895356297492981
stabilityai_sdxl-turbo,6615818,0.3219635784626007
stabilityai_sdxl-turbo,6616314,-0.9205651879310608
stabilityai_sdxl-turbo,6617011,-0.45394736528396606
stabilityai_sdxl-turbo,6617413,-0.9704107642173767
stabilityai_sdxl-turbo,6729499,0.6403180360794067
stabilityai_sdxl-turbo,6880664,-1.7835605144500732
stabilityai_sdxl-turbo,6883725,-1.9284086227416992
stabilityai_sdxl-turbo,6946774,0.7212225794792175
stabilityai_sdxl-turbo,7025268,0.11793091148138046
stabilityai_sdxl-turbo,7109847,0.5940321087837219
stabilityai_sdxl-turbo,7116261,0.2565130293369293
stabilityai_sdxl-turbo,7150023,1.6288056373596191
stabilityai_sdxl-turbo,7163803,1.032294750213623
stabilityai_sdxl-turbo,7507098,0.5657830834388733
stabilityai_sdxl-turbo,7596684,0.42438897490501404
stabilityai_sdxl-turbo,7597365,-0.08019813895225525
stabilityai_sdxl-turbo,7601809,-1.221678614616394
stabilityai_sdxl-turbo,7605282,-0.22227932512760162
stabilityai_sdxl-turbo,7606419,-1.6755975484848022
stabilityai_sdxl-turbo,7607707,-0.8019056916236877
stabilityai_sdxl-turbo,7608721,0.2128981649875641
stabilityai_sdxl-turbo,7625977,0.9540243148803711
stabilityai_sdxl-turbo,7626721,1.666595697402954
stabilityai_sdxl-turbo,7626833,1.2441678047180176
stabilityai_sdxl-turbo,7627310,-1.3880630731582642
stabilityai_sdxl-turbo,7651454,0.05163855105638504
stabilityai_sdxl-turbo,7654438,0.6790385842323303
stabilityai_sdxl-turbo,7664468,0.4340302050113678
stabilityai_sdxl-turbo,7698915,-0.23462609946727753
stabilityai_sdxl-turbo,7700167,0.5112502574920654
stabilityai_sdxl-turbo,7700868,0.3058968782424927
stabilityai_sdxl-turbo,7701244,1.2986023426055908
stabilityai_sdxl-turbo,7702193,1.169193148612976
stabilityai_sdxl-turbo,7710616,-1.5667190551757812
stabilityai_sdxl-turbo,7834065,0.026409516111016273
stabilityai_sdxl-turbo,7854266,0.0035099326632916927
stabilityai_sdxl-turbo,7854455,0.32514747977256775
stabilityai_sdxl-turbo,7871940,0.4790850579738617
stabilityai_sdxl-turbo,7891189,0.8489363789558411
stabilityai_sdxl-turbo,7897116,1.3407530784606934
stabilityai_sdxl-turbo,7914271,1.842220425605774
stabilityai_sdxl-turbo,7922764,0.9925079345703125
stabilityai_sdxl-turbo,7929519,1.8091319799423218
stabilityai_sdxl-turbo,7933274,1.145735740661621
stabilityai_sdxl-turbo,7933530,1.1293611526489258
stabilityai_sdxl-turbo,8089797,1.5146311521530151
stabilityai_sdxl-turbo,8095160,-0.17042472958564758
stabilityai_sdxl-turbo,8124208,0.030712435021996498
stabilityai_sdxl-turbo,8339939,-0.15130992233753204
stabilityai_sdxl-turbo,8876291,1.5776760578155518
stabilityai_sdxl-turbo,9020389,0.2434731274843216
stabilityai_sdxl-turbo,9044146,-0.5153370499610901
stabilityai_sdxl-turbo,9057052,-0.048949457705020905
stabilityai_sdxl-turbo,9427682,0.712394118309021
stabilityai_sdxl-turbo,9580065,2.085467576980591
stabilityai_sdxl-turbo,9719434,0.2003232091665268
stabilityai_sdxl-turbo,9793248,-0.0748443678021431
stabilityai_sdxl-turbo,9794211,-0.3109079897403717
stabilityai_sdxl-turbo,9862621,0.04386001452803612
stabilityai_sdxl-turbo,9875188,0.43820446729660034
stabilityai_sdxl-turbo,9984659,1.468956470489502
stabilityai_sdxl-turbo,10012874,-1.2491981983184814
stabilityai_sdxl-turbo,10024569,-1.4294729232788086
stabilityai_sdxl-turbo,10080493,0.5980996489524841
stabilityai_sdxl-turbo,10106452,-0.5820210576057434
stabilityai_sdxl-turbo,10198409,-0.7026170492172241
stabilityai_sdxl-turbo,10333317,0.5660905241966248
stabilityai_sdxl-turbo,10408552,0.8648943305015564
stabilityai_sdxl-turbo,10444677,-0.03724061697721481
stabilityai_sdxl-turbo,10453357,0.42444777488708496
stabilityai_sdxl-turbo,10548623,0.4437304437160492
stabilityai_sdxl-turbo,10572128,0.2590060234069824
stabilityai_sdxl-turbo,10794014,1.8392930030822754
stabilityai_sdxl-turbo,10939743,-0.055999062955379486
stabilityai_sdxl-turbo,11039909,0.6784595251083374
stabilityai_sdxl-turbo,11334088,-0.15440170466899872
stabilityai_sdxl-turbo,11417672,-0.7508209943771362
stabilityai_sdxl-turbo,11437577,-0.35516607761383057
stabilityai_sdxl-turbo,11460338,-1.2513023614883423
stabilityai_sdxl-turbo,12345739,1.3842213153839111
stabilityai_sdxl-turbo,12402348,-1.4481297731399536
stabilityai_sdxl-turbo,13221529,-2.9622561931610107
stabilityai_sdxl-turbo,13290566,-0.9115324020385742
stabilityai_sdxl-turbo,13389475,0.1083712950348854
stabilityai_sdxl-turbo,13390139,2.3899521827697754
stabilityai_sdxl-turbo,13390405,1.2129179239273071
stabilityai_sdxl-turbo,13392786,1.1191794872283936
stabilityai_sdxl-turbo,13649361,0.47339946031570435
stabilityai_sdxl-turbo,13716878,0.13408474624156952
stabilityai_sdxl-turbo,13884740,0.043997980654239655
stabilityai_sdxl-turbo,13915305,-0.3428329825401306
stabilityai_sdxl-turbo,13931145,0.17673073709011078
stabilityai_sdxl-turbo,13984082,-0.23474785685539246
stabilityai_sdxl-turbo,14140678,0.31049397587776184
stabilityai_sdxl-turbo,14195315,1.1945900917053223
stabilityai_sdxl-turbo,14294568,1.570724368095398
stabilityai_sdxl-turbo,14320813,-0.4157145321369171
stabilityai_sdxl-turbo,14360436,0.1843343824148178
stabilityai_sdxl-turbo,14488317,1.3873717784881592
stabilityai_sdxl-turbo,14533937,0.46791771054267883
stabilityai_sdxl-turbo,14550987,0.17949305474758148
stabilityai_sdxl-turbo,14579933,0.44279220700263977
stabilityai_sdxl-turbo,14606290,-0.20199723541736603
stabilityai_sdxl-turbo,14620257,-1.2440171241760254
stabilityai_sdxl-turbo,14632648,-0.058627478778362274
stabilityai_sdxl-turbo,14647235,0.3883931338787079
stabilityai_sdxl-turbo,14654954,-0.3245084583759308
stabilityai_sdxl-turbo,14686352,-0.08753738552331924
stabilityai_sdxl-turbo,14702875,-1.443020224571228
stabilityai_sdxl-turbo,14703190,-0.3189530074596405
stabilityai_sdxl-turbo,14807929,-0.6435511708259583
stabilityai_sdxl-turbo,14809057,-0.29122671484947205
stabilityai_sdxl-turbo,14867690,-0.5306462645530701
stabilityai_sdxl-turbo,14872875,-0.9698622226715088
stabilityai_sdxl-turbo,14880557,-0.2007857710123062
stabilityai_sdxl-turbo,14894140,-1.2039368152618408
stabilityai_sdxl-turbo,15180934,-0.9565613865852356
stabilityai_sdxl-turbo,15970145,0.5131416916847229
stabilityai_sdxl-turbo,17002912,1.6612950563430786
stabilityai_sdxl-turbo,17012379,-0.736169695854187
stabilityai_sdxl-turbo,17282800,-0.004342144820839167
stabilityai_sdxl-turbo,17925539,1.2975250482559204
stabilityai_sdxl-turbo,18367104,0.9404881596565247
stabilityai_sdxl-turbo,18758723,-0.24440394341945648
stabilityai_sdxl-turbo,19143128,-0.14946918189525604
stabilityai_sdxl-turbo,19671124,0.16707850992679596
stabilityai_sdxl-turbo,19855707,1.4522993564605713
stabilityai_sdxl-turbo,19893872,0.2437208741903305
stabilityai_sdxl-turbo,20017667,1.2436118125915527
stabilityai_sdxl-turbo,20128079,-0.02932717651128769
stabilityai_sdxl-turbo,20471134,-0.9364486336708069
stabilityai_sdxl-turbo,20495093,1.3824129104614258
stabilityai_sdxl-turbo,20782430,-1.1072088479995728
stabilityai_sdxl-turbo,21377549,0.9685027003288269
stabilityai_sdxl-turbo,21564446,-1.0345232486724854
stabilityai_sdxl-turbo,21620388,0.43356451392173767
stabilityai_sdxl-turbo,22149540,1.2097264528274536
stabilityai_sdxl-turbo,22738759,0.1959584802389145
stabilityai_sdxl-turbo,22767176,-2.144312620162964
stabilityai_sdxl-turbo,23129661,-0.008150598034262657
stabilityai_sdxl-turbo,23185551,-1.7767618894577026
stabilityai_sdxl-turbo,23232427,-0.8272359371185303
stabilityai_sdxl-turbo,23257851,-0.8468184471130371
stabilityai_sdxl-turbo,23620789,0.8585837483406067
stabilityai_sdxl-turbo,24808131,1.0100460052490234
stabilityai_sdxl-turbo,24843217,1.3014506101608276
stabilityai_sdxl-turbo,24933378,0.8731505274772644
stabilityai_sdxl-turbo,24942232,-0.2076416164636612
stabilityai_sdxl-turbo,25290589,1.460754632949829
stabilityai_sdxl-turbo,25579216,-0.6062424778938293
stabilityai_sdxl-turbo,25685207,0.8401800394058228
stabilityai_sdxl-turbo,25776594,-0.27932384610176086
stabilityai_sdxl-turbo,26078214,1.5777183771133423
stabilityai_sdxl-turbo,26746434,-0.18190856277942657
stabilityai_sdxl-turbo,26998039,-0.0900818482041359
stabilityai_sdxl-turbo,27106238,0.94596266746521
stabilityai_sdxl-turbo,27246777,0.5827370285987854
stabilityai_sdxl-turbo,27768637,1.6374218463897705
stabilityai_sdxl-turbo,27871992,1.0126514434814453
stabilityai_sdxl-turbo,28190972,1.5998780727386475
stabilityai_sdxl-turbo,29094321,0.8560798168182373
stabilityai_sdxl-turbo,29148617,-0.1537758708000183
stabilityai_sdxl-turbo,29161294,-1.6417834758758545
stabilityai_sdxl-turbo,29632917,0.21193712949752808
stabilityai_sdxl-turbo,29703209,0.0027134655974805355
stabilityai_sdxl-turbo,29779486,1.9032177925109863
stabilityai_sdxl-turbo,30028757,1.580343246459961
stabilityai_sdxl-turbo,30225071,1.3466975688934326
stabilityai_sdxl-turbo,30373565,1.6727051734924316
stabilityai_sdxl-turbo,30484086,0.3659461438655853
stabilityai_sdxl-turbo,30883080,-0.12903381884098053
stabilityai_sdxl-turbo,31114750,0.30112847685813904
stabilityai_sdxl-turbo,31196176,1.6169425249099731
stabilityai_sdxl-turbo,31391857,-0.14275018870830536
stabilityai_sdxl-turbo,31595142,0.8271521329879761
stabilityai_sdxl-turbo,32152786,1.9020633697509766
stabilityai_sdxl-turbo,32327818,-1.2314296960830688
stabilityai_sdxl-turbo,32379732,1.0296132564544678
stabilityai_sdxl-turbo,32473966,-0.41564425826072693
stabilityai_sdxl-turbo,32902730,1.0278929471969604
stabilityai_sdxl-turbo,32932491,-0.7025241255760193
stabilityai_sdxl-turbo,33006578,-0.01266535185277462
stabilityai_sdxl-turbo,33478721,-1.359424114227295
stabilityai_sdxl-turbo,34475997,-2.8246963024139404
stabilityai_sdxl-turbo,34578737,0.1500767320394516
stabilityai_sdxl-turbo,34773230,-1.260456919670105
stabilityai_sdxl-turbo,36507085,2.7183730602264404
stabilityai_sdxl-turbo,36678439,-0.8059087991714478
stabilityai_sdxl-turbo,37287360,1.835756540298462
stabilityai_sdxl-turbo,37319253,-0.33437368273735046
stabilityai_sdxl-turbo,37547870,1.0723938941955566
stabilityai_sdxl-turbo,37736408,0.5229913592338562
stabilityai_sdxl-turbo,38014258,0.7037007808685303
stabilityai_sdxl-turbo,38297191,1.638595700263977
stabilityai_sdxl-turbo,38402744,-0.08997169137001038
stabilityai_sdxl-turbo,38954086,-0.6816650629043579
stabilityai_sdxl-turbo,39139190,0.5979537963867188
stabilityai_sdxl-turbo,39560404,-0.04084315523505211
stabilityai_sdxl-turbo,39566065,-0.22461055219173431
stabilityai_sdxl-turbo,39595218,1.7501580715179443
stabilityai_sdxl-turbo,40825299,0.11957257241010666
stabilityai_sdxl-turbo,40945115,-0.4982927143573761
stabilityai_sdxl-turbo,40995095,-0.33844006061553955
stabilityai_sdxl-turbo,41015844,1.499022126197815
stabilityai_sdxl-turbo,41031648,-1.7373021841049194
stabilityai_sdxl-turbo,41161074,-1.2004308700561523
stabilityai_sdxl-turbo,41458919,-0.9329339265823364
stabilityai_sdxl-turbo,41565779,0.1462630182504654
stabilityai_sdxl-turbo,41766391,2.966223955154419
stabilityai_sdxl-turbo,41982710,-1.2102130651474
stabilityai_sdxl-turbo,42048260,0.38981935381889343
stabilityai_sdxl-turbo,42849420,-0.11775944381952286
stabilityai_sdxl-turbo,42931583,-0.4321654438972473
stabilityai_sdxl-turbo,43060946,0.053010642528533936
stabilityai_sdxl-turbo,43153800,0.21918420493602753
stabilityai_sdxl-turbo,43161384,0.979289710521698
stabilityai_sdxl-turbo,43301379,-0.7581043243408203
stabilityai_sdxl-turbo,43304323,1.142572283744812
stabilityai_sdxl-turbo,43367797,-0.41955193877220154
stabilityai_sdxl-turbo,43431032,1.5886211395263672
stabilityai_sdxl-turbo,43631801,-2.6144373416900635
stabilityai_sdxl-turbo,43735560,0.11863068491220474
stabilityai_sdxl-turbo,43858443,1.952085018157959
stabilityai_sdxl-turbo,43918624,-0.5209053754806519
stabilityai_sdxl-turbo,44280552,0.13555185496807098
stabilityai_sdxl-turbo,44295589,-1.3926721811294556
stabilityai_sdxl-turbo,44621915,0.5388851761817932
stabilityai_sdxl-turbo,44645737,0.9572426676750183
stabilityai_sdxl-turbo,44838123,0.24125297367572784
stabilityai_sdxl-turbo,45258070,-0.6172963976860046
stabilityai_sdxl-turbo,45297641,-0.5619763731956482
stabilityai_sdxl-turbo,45418454,-0.25343772768974304
stabilityai_sdxl-turbo,45564900,-0.22253750264644623
stabilityai_sdxl-turbo,46150029,1.0235788822174072
stabilityai_sdxl-turbo,46394736,0.48861733078956604
stabilityai_sdxl-turbo,46673664,0.7879553437232971
stabilityai_sdxl-turbo,46994920,-0.4977618455886841
stabilityai_sdxl-turbo,47009060,1.0427085161209106
stabilityai_sdxl-turbo,47552953,1.9794740676879883
stabilityai_sdxl-turbo,47595220,0.5244495868682861
stabilityai_sdxl-turbo,47819321,1.055809497833252
stabilityai_sdxl-turbo,48223384,0.14215469360351562
stabilityai_sdxl-turbo,48351897,-1.4200828075408936
stabilityai_sdxl-turbo,48754831,0.11184883862733841
stabilityai_sdxl-turbo,49054805,-0.67542564868927
stabilityai_sdxl-turbo,49089576,0.4130745530128479
stabilityai_sdxl-turbo,49300740,-0.10845880210399628
stabilityai_sdxl-turbo,49358811,1.152485966682434
stabilityai_sdxl-turbo,49462954,1.1993869543075562
stabilityai_sdxl-turbo,50262859,1.5850180387496948
stabilityai_sdxl-turbo,50871471,0.6486951112747192
stabilityai_sdxl-turbo,50952217,-0.6771383285522461
stabilityai_sdxl-turbo,51060824,-0.5492684245109558
stabilityai_sdxl-turbo,51314050,0.26532477140426636
stabilityai_sdxl-turbo,51946990,0.7054218649864197
stabilityai_sdxl-turbo,52325745,1.6837592124938965
stabilityai_sdxl-turbo,52474100,-0.36320915818214417
stabilityai_sdxl-turbo,52516409,1.273423194885254
stabilityai_sdxl-turbo,52711595,1.5956993103027344
stabilityai_sdxl-turbo,53022028,1.4214388132095337
stabilityai_sdxl-turbo,53205877,0.37257054448127747
stabilityai_sdxl-turbo,53288018,-0.4813946783542633
stabilityai_sdxl-turbo,53443611,0.8316318988800049
stabilityai_sdxl-turbo,53815934,-1.1008628606796265
stabilityai_sdxl-turbo,54495173,0.6064587235450745
stabilityai_sdxl-turbo,54931507,0.4939236342906952
stabilityai_sdxl-turbo,55191509,1.5986535549163818
stabilityai_sdxl-turbo,55255145,0.5595811009407043
stabilityai_sdxl-turbo,55457672,-1.396324872970581
stabilityai_sdxl-turbo,55588327,1.4541618824005127
stabilityai_sdxl-turbo,55653646,-1.6112346649169922
stabilityai_sdxl-turbo,55658809,0.21680434048175812
stabilityai_sdxl-turbo,55812974,-0.054734133183956146
stabilityai_sdxl-turbo,55819553,-0.9567182064056396
stabilityai_sdxl-turbo,55826966,0.381751149892807
stabilityai_sdxl-turbo,55983905,0.5908176898956299
stabilityai_sdxl-turbo,56074056,-0.7533493041992188
stabilityai_sdxl-turbo,56112588,-0.7792479395866394
stabilityai_sdxl-turbo,56121520,-1.3351962566375732
stabilityai_sdxl-turbo,56250900,0.18307046592235565
stabilityai_sdxl-turbo,56458800,-0.10309142619371414
stabilityai_sdxl-turbo,56792430,0.06994692236185074
stabilityai_sdxl-turbo,56982260,0.22277654707431793
stabilityai_sdxl-turbo,57673976,-2.7495005130767822
stabilityai_sdxl-turbo,57716963,2.365410089492798
stabilityai_sdxl-turbo,57729980,0.5596100687980652
stabilityai_sdxl-turbo,57785005,-0.6643111109733582
stabilityai_sdxl-turbo,57873614,-0.734887957572937
stabilityai_sdxl-turbo,58727024,-1.9479225873947144
stabilityai_sdxl-turbo,58761464,1.1535230875015259
stabilityai_sdxl-turbo,59399259,-0.15372225642204285
stabilityai_sdxl-turbo,59976859,2.0274012088775635
stabilityai_sdxl-turbo,60083345,-0.4166678488254547
stabilityai_sdxl-turbo,60214770,0.5493360161781311
stabilityai_sdxl-turbo,60215376,1.648000717163086
stabilityai_sdxl-turbo,60375309,-0.6297363638877869
stabilityai_sdxl-turbo,60606896,-0.38356462121009827
stabilityai_sdxl-turbo,60668084,1.1986110210418701
stabilityai_sdxl-turbo,61035709,1.2228195667266846
stabilityai_sdxl-turbo,61388266,-0.20749299228191376
stabilityai_sdxl-turbo,61627313,1.4860697984695435
stabilityai_sdxl-turbo,61635816,0.38075101375579834
stabilityai_sdxl-turbo,61853324,1.204866647720337
stabilityai_sdxl-turbo,62408818,-0.1046299859881401
stabilityai_sdxl-turbo,62841330,1.0104331970214844
stabilityai_sdxl-turbo,63015570,-0.19672667980194092
stabilityai_sdxl-turbo,63336441,-1.2946022748947144
stabilityai_sdxl-turbo,63633117,-0.8726856112480164
stabilityai_sdxl-turbo,64576544,-0.232075035572052
stabilityai_sdxl-turbo,64687077,-0.6954672336578369
stabilityai_sdxl-turbo,64693533,-0.21220631897449493
stabilityai_sdxl-turbo,64856142,1.6006944179534912
stabilityai_sdxl-turbo,65411270,-0.9170227646827698
stabilityai_sdxl-turbo,65557844,-0.1763526052236557
stabilityai_sdxl-turbo,65824677,-1.7503342628479004
stabilityai_sdxl-turbo,65890875,1.9840110540390015
stabilityai_sdxl-turbo,65960228,-0.7385319471359253
stabilityai_sdxl-turbo,66668538,-1.8966139554977417
stabilityai_sdxl-turbo,67344811,0.8893968462944031
stabilityai_sdxl-turbo,67949798,0.3248732388019562
stabilityai_sdxl-turbo,68246844,-0.19889715313911438
stabilityai_sdxl-turbo,68280322,-0.07489534467458725
stabilityai_sdxl-turbo,68321683,0.7805643081665039
stabilityai_sdxl-turbo,68380669,1.227966547012329
stabilityai_sdxl-turbo,68575085,2.8343803882598877
stabilityai_sdxl-turbo,70380966,-0.7240731120109558
stabilityai_sdxl-turbo,70494671,1.4638075828552246
stabilityai_sdxl-turbo,71055464,0.7641889452934265
stabilityai_sdxl-turbo,71591839,0.280301570892334
stabilityai_sdxl-turbo,71828875,-0.018923429772257805
stabilityai_sdxl-turbo,71910823,0.06960536539554596
stabilityai_sdxl-turbo,71959499,1.0398991107940674
stabilityai_sdxl-turbo,72432241,1.7877856492996216
stabilityai_sdxl-turbo,72553814,1.653390645980835
stabilityai_sdxl-turbo,73051579,1.134261965751648
stabilityai_sdxl-turbo,73600586,-1.1107761859893799
stabilityai_sdxl-turbo,73616417,2.1123995780944824
stabilityai_sdxl-turbo,73681289,0.4670279920101166
stabilityai_sdxl-turbo,73962724,-1.5368449687957764
stabilityai_sdxl-turbo,74175857,-0.012427499517798424
stabilityai_sdxl-turbo,75051801,-0.14117290079593658
stabilityai_sdxl-turbo,75787772,0.6070438027381897
stabilityai_sdxl-turbo,75944980,-0.09907495230436325
stabilityai_sdxl-turbo,75964288,0.028166035190224648
stabilityai_sdxl-turbo,76066166,1.9755033254623413
stabilityai_sdxl-turbo,76100398,-0.5102914571762085
stabilityai_sdxl-turbo,76425345,1.100712537765503
stabilityai_sdxl-turbo,77106105,-1.3416751623153687
stabilityai_sdxl-turbo,77132310,-0.13236691057682037
stabilityai_sdxl-turbo,77232534,0.49045783281326294
stabilityai_sdxl-turbo,77312726,0.8511779308319092
stabilityai_sdxl-turbo,77358840,1.2859206199645996
stabilityai_sdxl-turbo,77490593,0.37761834263801575
stabilityai_sdxl-turbo,77726888,0.49699506163597107
stabilityai_sdxl-turbo,78735978,1.0990461111068726
stabilityai_sdxl-turbo,79077085,0.29493004083633423
stabilityai_sdxl-turbo,79212243,0.6796718835830688
stabilityai_sdxl-turbo,79606917,-0.2547248303890228
stabilityai_sdxl-turbo,79918827,0.9464088678359985
stabilityai_sdxl-turbo,80289373,-1.6254419088363647
stabilityai_sdxl-turbo,80371125,-0.733657956123352
stabilityai_sdxl-turbo,80540387,0.07825120538473129
stabilityai_sdxl-turbo,81135077,-0.25884005427360535
stabilityai_sdxl-turbo,81303945,1.8187458515167236
stabilityai_sdxl-turbo,81435593,-1.201116681098938
stabilityai_sdxl-turbo,82282590,2.1750478744506836
stabilityai_sdxl-turbo,82696415,-0.5404908657073975
stabilityai_sdxl-turbo,82916016,-0.517355740070343
stabilityai_sdxl-turbo,83084473,0.9695715308189392
stabilityai_sdxl-turbo,83418847,0.5083308219909668
stabilityai_sdxl-turbo,84089324,-0.7885032892227173
stabilityai_sdxl-turbo,84306831,1.619990587234497
stabilityai_sdxl-turbo,84510135,0.8201704621315002
stabilityai_sdxl-turbo,84788890,0.8494784235954285
stabilityai_sdxl-turbo,84985982,0.5478436350822449
stabilityai_sdxl-turbo,85191733,-0.2566368281841278
stabilityai_sdxl-turbo,86119145,0.5252925753593445
stabilityai_sdxl-turbo,86340862,0.5649627447128296
stabilityai_sdxl-turbo,86341828,-0.6741984486579895
stabilityai_sdxl-turbo,86537356,-1.0249817371368408
stabilityai_sdxl-turbo,86701636,0.7076936364173889
stabilityai_sdxl-turbo,86714939,1.8331608772277832
stabilityai_sdxl-turbo,87574583,-0.5771368145942688
stabilityai_sdxl-turbo,87699711,0.9390455484390259
stabilityai_sdxl-turbo,88016571,-0.7562239170074463
stabilityai_sdxl-turbo,88087492,1.8409677743911743
stabilityai_sdxl-turbo,89227603,1.305403709411621
stabilityai_sdxl-turbo,89539854,-1.874284029006958
stabilityai_sdxl-turbo,89926787,0.8799098134040833
stabilityai_sdxl-turbo,90244932,-0.11106780916452408
stabilityai_sdxl-turbo,90493027,2.3649773597717285
stabilityai_sdxl-turbo,90613035,1.268398642539978
stabilityai_sdxl-turbo,91368797,-1.4592993259429932
stabilityai_sdxl-turbo,91784299,-0.3321019113063812
stabilityai_sdxl-turbo,91790573,1.576114535331726
stabilityai_sdxl-turbo,91834546,-0.13342615962028503
stabilityai_sdxl-turbo,92068094,0.6399547457695007
stabilityai_sdxl-turbo,92311656,-1.2874850034713745
stabilityai_sdxl-turbo,92709444,-0.046895794570446014
stabilityai_sdxl-turbo,93114575,-0.10140907019376755
stabilityai_sdxl-turbo,93256557,-0.12664683163166046
stabilityai_sdxl-turbo,93407716,-0.12620410323143005
stabilityai_sdxl-turbo,93436296,-0.3962373435497284
stabilityai_sdxl-turbo,93512057,0.08258943259716034
stabilityai_sdxl-turbo,94006560,-0.7072042226791382
stabilityai_sdxl-turbo,94321535,0.44157645106315613
stabilityai_sdxl-turbo,94532154,-0.02371186576783657
stabilityai_sdxl-turbo,95171107,-0.4360088109970093
stabilityai_sdxl-turbo,95228839,-0.5468524694442749
stabilityai_sdxl-turbo,95325441,-1.2911885976791382
stabilityai_sdxl-turbo,95450946,0.3567233681678772
stabilityai_sdxl-turbo,95583911,-1.0898399353027344
stabilityai_sdxl-turbo,95718306,1.1195485591888428
stabilityai_sdxl-turbo,95737828,0.2632487118244171
stabilityai_sdxl-turbo,96448597,0.11098887771368027
stabilityai_sdxl-turbo,96482065,-0.721955418586731
stabilityai_sdxl-turbo,96521920,-0.8306483030319214
stabilityai_sdxl-turbo,96850153,1.0015183687210083
stabilityai_sdxl-turbo,98113191,0.5077996253967285
stabilityai_sdxl-turbo,98195317,-0.6767569780349731
stabilityai_sdxl-turbo,98254655,1.032841444015503
stabilityai_sdxl-turbo,98319500,0.5125448107719421
stabilityai_sdxl-turbo,98642787,0.027575859799981117
stabilityai_sdxl-turbo,98646702,1.5229246616363525
stabilityai_sdxl-turbo,98929226,-0.48737549781799316
stabilityai_sdxl-turbo,99178779,0.039494410157203674
stabilityai_sdxl-turbo,99185892,-0.646618664264679
stabilityai_sdxl-turbo,99211012,0.6630235910415649
stabilityai_sdxl-turbo,99410560,-0.7113857865333557
stabilityai_sdxl-turbo,99862294,-0.24136821925640106
stabilityai_stable-diffusion-3-medium-diffusers,138508,-2.143458366394043
stabilityai_stable-diffusion-3-medium-diffusers,192051,-1.676571011543274
stabilityai_stable-diffusion-3-medium-diffusers,213186,0.13570813834667206
stabilityai_stable-diffusion-3-medium-diffusers,232386,-1.3184254169464111
stabilityai_stable-diffusion-3-medium-diffusers,232765,-0.5914880037307739
stabilityai_stable-diffusion-3-medium-diffusers,258857,0.021654421463608742
stabilityai_stable-diffusion-3-medium-diffusers,283090,-1.0412590503692627
stabilityai_stable-diffusion-3-medium-diffusers,285141,-0.1984795778989792
stabilityai_stable-diffusion-3-medium-diffusers,399030,0.07861199229955673
stabilityai_stable-diffusion-3-medium-diffusers,440189,-0.8489237427711487
stabilityai_stable-diffusion-3-medium-diffusers,445169,-0.8942108750343323
stabilityai_stable-diffusion-3-medium-diffusers,486490,-0.18953320384025574
stabilityai_stable-diffusion-3-medium-diffusers,487072,0.6350514888763428
stabilityai_stable-diffusion-3-medium-diffusers,487326,0.7868244051933289
stabilityai_stable-diffusion-3-medium-diffusers,489837,-0.4292757213115692
stabilityai_stable-diffusion-3-medium-diffusers,646833,0.9629868268966675
stabilityai_stable-diffusion-3-medium-diffusers,708860,0.49727627635002136
stabilityai_stable-diffusion-3-medium-diffusers,717208,-0.7277168035507202
stabilityai_stable-diffusion-3-medium-diffusers,717468,-0.06854581087827682
stabilityai_stable-diffusion-3-medium-diffusers,735254,0.12263933569192886
stabilityai_stable-diffusion-3-medium-diffusers,762478,2.2225871086120605
stabilityai_stable-diffusion-3-medium-diffusers,825443,-0.2910520136356354
stabilityai_stable-diffusion-3-medium-diffusers,831919,0.9055919051170349
stabilityai_stable-diffusion-3-medium-diffusers,896677,-0.5768831968307495
stabilityai_stable-diffusion-3-medium-diffusers,936620,-0.005963823292404413
stabilityai_stable-diffusion-3-medium-diffusers,974367,-1.0387767553329468
stabilityai_stable-diffusion-3-medium-diffusers,993014,1.0733393430709839
stabilityai_stable-diffusion-3-medium-diffusers,995855,-2.129518747329712
stabilityai_stable-diffusion-3-medium-diffusers,1113367,1.8086309432983398
stabilityai_stable-diffusion-3-medium-diffusers,1171644,0.48044347763061523
stabilityai_stable-diffusion-3-medium-diffusers,1209135,-1.7478095293045044
stabilityai_stable-diffusion-3-medium-diffusers,1317294,-1.0088903903961182
stabilityai_stable-diffusion-3-medium-diffusers,1317533,-0.11366873234510422
stabilityai_stable-diffusion-3-medium-diffusers,1321854,0.3457932770252228
stabilityai_stable-diffusion-3-medium-diffusers,1377758,-2.1129887104034424
stabilityai_stable-diffusion-3-medium-diffusers,1474832,-1.7052541971206665
stabilityai_stable-diffusion-3-medium-diffusers,1516071,-0.4476029574871063
stabilityai_stable-diffusion-3-medium-diffusers,1566705,-0.8040209412574768
stabilityai_stable-diffusion-3-medium-diffusers,1640855,-2.9625964164733887
stabilityai_stable-diffusion-3-medium-diffusers,1668603,-2.078413963317871
stabilityai_stable-diffusion-3-medium-diffusers,1678990,1.3313523530960083
stabilityai_stable-diffusion-3-medium-diffusers,1699831,0.04300297796726227
stabilityai_stable-diffusion-3-medium-diffusers,1707698,0.6493743658065796
stabilityai_stable-diffusion-3-medium-diffusers,1727942,0.38388577103614807
stabilityai_stable-diffusion-3-medium-diffusers,2045760,-0.8700677752494812
stabilityai_stable-diffusion-3-medium-diffusers,2075049,-0.08636567741632462
stabilityai_stable-diffusion-3-medium-diffusers,2075764,-0.015573589131236076
stabilityai_stable-diffusion-3-medium-diffusers,2241569,-0.7956641912460327
stabilityai_stable-diffusion-3-medium-diffusers,2720725,1.3201138973236084
stabilityai_stable-diffusion-3-medium-diffusers,2721160,1.7258790731430054
stabilityai_stable-diffusion-3-medium-diffusers,2730265,0.1026591807603836
stabilityai_stable-diffusion-3-medium-diffusers,2744395,-1.5699936151504517
stabilityai_stable-diffusion-3-medium-diffusers,2770078,1.688204288482666
stabilityai_stable-diffusion-3-medium-diffusers,2793684,1.2954683303833008
stabilityai_stable-diffusion-3-medium-diffusers,2803666,0.738774299621582
stabilityai_stable-diffusion-3-medium-diffusers,2807731,0.8946125507354736
stabilityai_stable-diffusion-3-medium-diffusers,2821943,2.312670946121216
stabilityai_stable-diffusion-3-medium-diffusers,2824319,0.5946636199951172
stabilityai_stable-diffusion-3-medium-diffusers,2825442,-0.8694393038749695
stabilityai_stable-diffusion-3-medium-diffusers,2852043,0.7066416144371033
stabilityai_stable-diffusion-3-medium-diffusers,2870293,0.3274344205856323
stabilityai_stable-diffusion-3-medium-diffusers,2870880,0.7945214509963989
stabilityai_stable-diffusion-3-medium-diffusers,2923535,1.3195304870605469
stabilityai_stable-diffusion-3-medium-diffusers,2933112,1.2940616607666016
stabilityai_stable-diffusion-3-medium-diffusers,2963987,1.6785086393356323
stabilityai_stable-diffusion-3-medium-diffusers,2991302,0.7730177044868469
stabilityai_stable-diffusion-3-medium-diffusers,3024209,0.3553955852985382
stabilityai_stable-diffusion-3-medium-diffusers,3035832,1.1621181964874268
stabilityai_stable-diffusion-3-medium-diffusers,3049457,-0.9301151037216187
stabilityai_stable-diffusion-3-medium-diffusers,3107488,-0.7106199860572815
stabilityai_stable-diffusion-3-medium-diffusers,3131388,0.712417721748352
stabilityai_stable-diffusion-3-medium-diffusers,3131669,-0.11257865279912949
stabilityai_stable-diffusion-3-medium-diffusers,3152830,1.0588040351867676
stabilityai_stable-diffusion-3-medium-diffusers,3249569,0.9914088845252991
stabilityai_stable-diffusion-3-medium-diffusers,3262349,1.628328561782837
stabilityai_stable-diffusion-3-medium-diffusers,3288500,1.3690404891967773
stabilityai_stable-diffusion-3-medium-diffusers,3298716,1.9699597358703613
stabilityai_stable-diffusion-3-medium-diffusers,3308246,3.49367356300354
stabilityai_stable-diffusion-3-medium-diffusers,3309110,-0.3476308286190033
stabilityai_stable-diffusion-3-medium-diffusers,3347220,1.4012385606765747
stabilityai_stable-diffusion-3-medium-diffusers,3353281,0.8453443050384521
stabilityai_stable-diffusion-3-medium-diffusers,3366112,-0.15583431720733643
stabilityai_stable-diffusion-3-medium-diffusers,3411927,0.15520593523979187
stabilityai_stable-diffusion-3-medium-diffusers,3456665,0.7905207276344299
stabilityai_stable-diffusion-3-medium-diffusers,3563208,0.6762860417366028
stabilityai_stable-diffusion-3-medium-diffusers,3580281,-2.8805325031280518
stabilityai_stable-diffusion-3-medium-diffusers,3603442,0.662606954574585
stabilityai_stable-diffusion-3-medium-diffusers,3607029,0.7422239184379578
stabilityai_stable-diffusion-3-medium-diffusers,3628071,0.9096497893333435
stabilityai_stable-diffusion-3-medium-diffusers,3630383,1.7678718566894531
stabilityai_stable-diffusion-3-medium-diffusers,3676483,0.2095784693956375
stabilityai_stable-diffusion-3-medium-diffusers,3679712,1.515272855758667
stabilityai_stable-diffusion-3-medium-diffusers,3685307,0.24438993632793427
stabilityai_stable-diffusion-3-medium-diffusers,3703463,1.6069499254226685
stabilityai_stable-diffusion-3-medium-diffusers,3714235,0.41846704483032227
stabilityai_stable-diffusion-3-medium-diffusers,3728318,0.2844814956188202
stabilityai_stable-diffusion-3-medium-diffusers,3748162,0.7503382563591003
stabilityai_stable-diffusion-3-medium-diffusers,3764276,-0.8147167563438416
stabilityai_stable-diffusion-3-medium-diffusers,3818090,0.5072517991065979
stabilityai_stable-diffusion-3-medium-diffusers,3842156,2.2650837898254395
stabilityai_stable-diffusion-3-medium-diffusers,3880032,1.9752249717712402
stabilityai_stable-diffusion-3-medium-diffusers,3889343,-1.4151722192764282
stabilityai_stable-diffusion-3-medium-diffusers,3907654,-0.35069188475608826
stabilityai_stable-diffusion-3-medium-diffusers,3940713,-0.24095456302165985
stabilityai_stable-diffusion-3-medium-diffusers,3975232,0.5264769196510315
stabilityai_stable-diffusion-3-medium-diffusers,3982060,0.8544901013374329
stabilityai_stable-diffusion-3-medium-diffusers,3990474,2.3323094844818115
stabilityai_stable-diffusion-3-medium-diffusers,4010305,1.6143862009048462
stabilityai_stable-diffusion-3-medium-diffusers,4025130,1.1736767292022705
stabilityai_stable-diffusion-3-medium-diffusers,4062807,-0.3950853645801544
stabilityai_stable-diffusion-3-medium-diffusers,4123448,1.5761175155639648
stabilityai_stable-diffusion-3-medium-diffusers,4125853,-0.21334832906723022
stabilityai_stable-diffusion-3-medium-diffusers,4140340,0.37463653087615967
stabilityai_stable-diffusion-3-medium-diffusers,4145056,0.6245793104171753
stabilityai_stable-diffusion-3-medium-diffusers,4192521,2.7261962890625
stabilityai_stable-diffusion-3-medium-diffusers,4259202,1.653496503829956
stabilityai_stable-diffusion-3-medium-diffusers,4285773,-1.5891060829162598
stabilityai_stable-diffusion-3-medium-diffusers,4345028,1.1473535299301147
stabilityai_stable-diffusion-3-medium-diffusers,4387201,-0.6195109486579895
stabilityai_stable-diffusion-3-medium-diffusers,4416901,-1.0411443710327148
stabilityai_stable-diffusion-3-medium-diffusers,4455579,1.5058798789978027
stabilityai_stable-diffusion-3-medium-diffusers,4497570,0.5130236744880676
stabilityai_stable-diffusion-3-medium-diffusers,4534520,-0.31123971939086914
stabilityai_stable-diffusion-3-medium-diffusers,4539203,0.19140686094760895
stabilityai_stable-diffusion-3-medium-diffusers,4552551,1.5536421537399292
stabilityai_stable-diffusion-3-medium-diffusers,4596797,0.954730212688446
stabilityai_stable-diffusion-3-medium-diffusers,4832208,-1.003618597984314
stabilityai_stable-diffusion-3-medium-diffusers,4930139,0.9768416285514832
stabilityai_stable-diffusion-3-medium-diffusers,5008085,-0.5263265371322632
stabilityai_stable-diffusion-3-medium-diffusers,5219923,-0.10324475914239883
stabilityai_stable-diffusion-3-medium-diffusers,5316083,0.5881864428520203
stabilityai_stable-diffusion-3-medium-diffusers,5350912,-0.04242797940969467
stabilityai_stable-diffusion-3-medium-diffusers,5374860,0.38972726464271545
stabilityai_stable-diffusion-3-medium-diffusers,5410315,-2.444645881652832
stabilityai_stable-diffusion-3-medium-diffusers,5522784,-0.3797060251235962
stabilityai_stable-diffusion-3-medium-diffusers,5728577,-0.4783007800579071
stabilityai_stable-diffusion-3-medium-diffusers,5752544,-1.5896683931350708
stabilityai_stable-diffusion-3-medium-diffusers,5794797,-0.7387405037879944
stabilityai_stable-diffusion-3-medium-diffusers,5895919,0.44742149114608765
stabilityai_stable-diffusion-3-medium-diffusers,5958517,-1.4071145057678223
stabilityai_stable-diffusion-3-medium-diffusers,6189776,1.6139793395996094
stabilityai_stable-diffusion-3-medium-diffusers,6528587,0.41951054334640503
stabilityai_stable-diffusion-3-medium-diffusers,6584891,-1.1365933418273926
stabilityai_stable-diffusion-3-medium-diffusers,6586355,-0.3081434667110443
stabilityai_stable-diffusion-3-medium-diffusers,6607809,-2.2995455265045166
stabilityai_stable-diffusion-3-medium-diffusers,6615026,-0.35868650674819946
stabilityai_stable-diffusion-3-medium-diffusers,6615458,-0.9191816449165344
stabilityai_stable-diffusion-3-medium-diffusers,6615818,-0.8228556513786316
stabilityai_stable-diffusion-3-medium-diffusers,6616314,-1.1706300973892212
stabilityai_stable-diffusion-3-medium-diffusers,6617011,0.40043187141418457
stabilityai_stable-diffusion-3-medium-diffusers,6617413,-0.4123973250389099
stabilityai_stable-diffusion-3-medium-diffusers,6729499,-0.33158424496650696
stabilityai_stable-diffusion-3-medium-diffusers,6880664,-2.1174423694610596
stabilityai_stable-diffusion-3-medium-diffusers,6883725,-0.6222206950187683
stabilityai_stable-diffusion-3-medium-diffusers,6946774,0.10880912840366364
stabilityai_stable-diffusion-3-medium-diffusers,7025268,-0.008010951802134514
stabilityai_stable-diffusion-3-medium-diffusers,7109847,0.3269402086734772
stabilityai_stable-diffusion-3-medium-diffusers,7116261,1.9321887493133545
stabilityai_stable-diffusion-3-medium-diffusers,7150023,1.657545566558838
stabilityai_stable-diffusion-3-medium-diffusers,7163803,0.7581893801689148
stabilityai_stable-diffusion-3-medium-diffusers,7507098,1.250905990600586
stabilityai_stable-diffusion-3-medium-diffusers,7596684,-1.0705838203430176
stabilityai_stable-diffusion-3-medium-diffusers,7597365,0.30099427700042725
stabilityai_stable-diffusion-3-medium-diffusers,7601809,1.4446063041687012
stabilityai_stable-diffusion-3-medium-diffusers,7605282,-1.1557438373565674
stabilityai_stable-diffusion-3-medium-diffusers,7606419,-1.6595956087112427
stabilityai_stable-diffusion-3-medium-diffusers,7607707,-0.6106725335121155
stabilityai_stable-diffusion-3-medium-diffusers,7608721,1.4943327903747559
stabilityai_stable-diffusion-3-medium-diffusers,7625977,1.6243929862976074
stabilityai_stable-diffusion-3-medium-diffusers,7626721,1.7061864137649536
stabilityai_stable-diffusion-3-medium-diffusers,7626833,1.8991460800170898
stabilityai_stable-diffusion-3-medium-diffusers,7627310,-0.44657257199287415
stabilityai_stable-diffusion-3-medium-diffusers,7651454,1.2600839138031006
stabilityai_stable-diffusion-3-medium-diffusers,7654438,0.6313371062278748
stabilityai_stable-diffusion-3-medium-diffusers,7664468,1.8337604999542236
stabilityai_stable-diffusion-3-medium-diffusers,7698915,0.3724542558193207
stabilityai_stable-diffusion-3-medium-diffusers,7700167,0.8937036395072937
stabilityai_stable-diffusion-3-medium-diffusers,7700868,-0.028204789385199547
stabilityai_stable-diffusion-3-medium-diffusers,7701244,0.6072352528572083
stabilityai_stable-diffusion-3-medium-diffusers,7702193,1.0696001052856445
stabilityai_stable-diffusion-3-medium-diffusers,7710616,1.2014089822769165
stabilityai_stable-diffusion-3-medium-diffusers,7834065,1.6093021631240845
stabilityai_stable-diffusion-3-medium-diffusers,7854266,0.9193888306617737
stabilityai_stable-diffusion-3-medium-diffusers,7854455,0.1495130956172943
stabilityai_stable-diffusion-3-medium-diffusers,7871940,0.5178940296173096
stabilityai_stable-diffusion-3-medium-diffusers,7891189,1.0644841194152832
stabilityai_stable-diffusion-3-medium-diffusers,7897116,1.4834964275360107
stabilityai_stable-diffusion-3-medium-diffusers,7914271,1.7102305889129639
stabilityai_stable-diffusion-3-medium-diffusers,7922764,1.251096248626709
stabilityai_stable-diffusion-3-medium-diffusers,7929519,1.461614727973938
stabilityai_stable-diffusion-3-medium-diffusers,7933274,1.0219191312789917
stabilityai_stable-diffusion-3-medium-diffusers,7933530,1.4034483432769775
stabilityai_stable-diffusion-3-medium-diffusers,8089797,0.3591127097606659
stabilityai_stable-diffusion-3-medium-diffusers,8095160,0.18964336812496185
stabilityai_stable-diffusion-3-medium-diffusers,8124208,1.6123367547988892
stabilityai_stable-diffusion-3-medium-diffusers,8339939,0.39796140789985657
stabilityai_stable-diffusion-3-medium-diffusers,8876291,-0.2500843107700348
stabilityai_stable-diffusion-3-medium-diffusers,9020389,0.9314829707145691
stabilityai_stable-diffusion-3-medium-diffusers,9044146,-1.6782091856002808
stabilityai_stable-diffusion-3-medium-diffusers,9057052,1.1826343536376953
stabilityai_stable-diffusion-3-medium-diffusers,9427682,0.6259517073631287
stabilityai_stable-diffusion-3-medium-diffusers,9580065,2.031399726867676
stabilityai_stable-diffusion-3-medium-diffusers,9719434,0.8171401619911194
stabilityai_stable-diffusion-3-medium-diffusers,9793248,1.674907922744751
stabilityai_stable-diffusion-3-medium-diffusers,9794211,0.1516191065311432
stabilityai_stable-diffusion-3-medium-diffusers,9862621,0.36121514439582825
stabilityai_stable-diffusion-3-medium-diffusers,9875188,-0.06685354560613632
stabilityai_stable-diffusion-3-medium-diffusers,9984659,0.41817590594291687
stabilityai_stable-diffusion-3-medium-diffusers,10012874,-0.3375599980354309
stabilityai_stable-diffusion-3-medium-diffusers,10024569,-2.0336577892303467
stabilityai_stable-diffusion-3-medium-diffusers,10080493,-0.4272078573703766
stabilityai_stable-diffusion-3-medium-diffusers,10106452,-0.42854490876197815
stabilityai_stable-diffusion-3-medium-diffusers,10198409,-1.1378706693649292
stabilityai_stable-diffusion-3-medium-diffusers,10333317,1.4538874626159668
stabilityai_stable-diffusion-3-medium-diffusers,10408552,0.9546452164649963
stabilityai_stable-diffusion-3-medium-diffusers,10444677,-0.10887492448091507
stabilityai_stable-diffusion-3-medium-diffusers,10453357,-0.3915010988712311
stabilityai_stable-diffusion-3-medium-diffusers,10548623,-0.6689082980155945
stabilityai_stable-diffusion-3-medium-diffusers,10572128,1.2979344129562378
stabilityai_stable-diffusion-3-medium-diffusers,10794014,0.6484493613243103
stabilityai_stable-diffusion-3-medium-diffusers,10939743,0.6010454297065735
stabilityai_stable-diffusion-3-medium-diffusers,11039909,-0.14951901137828827
stabilityai_stable-diffusion-3-medium-diffusers,11334088,0.5789943337440491
stabilityai_stable-diffusion-3-medium-diffusers,11417672,-0.7295433878898621
stabilityai_stable-diffusion-3-medium-diffusers,11437577,-2.1319875717163086
stabilityai_stable-diffusion-3-medium-diffusers,11460338,-2.6177494525909424
stabilityai_stable-diffusion-3-medium-diffusers,12345739,-2.0365633964538574
stabilityai_stable-diffusion-3-medium-diffusers,12402348,0.3847469389438629
stabilityai_stable-diffusion-3-medium-diffusers,13221529,-1.0347832441329956
stabilityai_stable-diffusion-3-medium-diffusers,13290566,0.005092599894851446
stabilityai_stable-diffusion-3-medium-diffusers,13389475,1.117720127105713
stabilityai_stable-diffusion-3-medium-diffusers,13390139,2.965996742248535
stabilityai_stable-diffusion-3-medium-diffusers,13390405,1.9646143913269043
stabilityai_stable-diffusion-3-medium-diffusers,13392786,1.4521987438201904
stabilityai_stable-diffusion-3-medium-diffusers,13649361,-1.0505326986312866
stabilityai_stable-diffusion-3-medium-diffusers,13716878,-0.4450796842575073
stabilityai_stable-diffusion-3-medium-diffusers,13884740,-0.8944841623306274
stabilityai_stable-diffusion-3-medium-diffusers,13915305,0.4501459300518036
stabilityai_stable-diffusion-3-medium-diffusers,13931145,0.2733980715274811
stabilityai_stable-diffusion-3-medium-diffusers,13984082,1.0250834226608276
stabilityai_stable-diffusion-3-medium-diffusers,14140678,1.057296633720398
stabilityai_stable-diffusion-3-medium-diffusers,14195315,-1.1677322387695312
stabilityai_stable-diffusion-3-medium-diffusers,14294568,0.9980328679084778
stabilityai_stable-diffusion-3-medium-diffusers,14320813,0.7879764437675476
stabilityai_stable-diffusion-3-medium-diffusers,14360436,1.324903964996338
stabilityai_stable-diffusion-3-medium-diffusers,14488317,1.0836693048477173
stabilityai_stable-diffusion-3-medium-diffusers,14533937,2.24135160446167
stabilityai_stable-diffusion-3-medium-diffusers,14550987,-0.1820957213640213
stabilityai_stable-diffusion-3-medium-diffusers,14579933,0.010510293766856194
stabilityai_stable-diffusion-3-medium-diffusers,14606290,0.050188809633255005
stabilityai_stable-diffusion-3-medium-diffusers,14620257,-0.7612271904945374
stabilityai_stable-diffusion-3-medium-diffusers,14632648,-1.1555800437927246
stabilityai_stable-diffusion-3-medium-diffusers,14647235,-1.2547454833984375
stabilityai_stable-diffusion-3-medium-diffusers,14654954,0.02961023338139057
stabilityai_stable-diffusion-3-medium-diffusers,14686352,-0.6107773780822754
stabilityai_stable-diffusion-3-medium-diffusers,14702875,-0.5306817293167114
stabilityai_stable-diffusion-3-medium-diffusers,14703190,-0.2619952857494354
stabilityai_stable-diffusion-3-medium-diffusers,14807929,1.1643567085266113
stabilityai_stable-diffusion-3-medium-diffusers,14809057,1.6464145183563232
stabilityai_stable-diffusion-3-medium-diffusers,14867690,-0.4143778085708618
stabilityai_stable-diffusion-3-medium-diffusers,14872875,-0.07739713042974472
stabilityai_stable-diffusion-3-medium-diffusers,14880557,1.7516539096832275
stabilityai_stable-diffusion-3-medium-diffusers,14894140,-2.9690632820129395
stabilityai_stable-diffusion-3-medium-diffusers,15180934,0.7194182276725769
stabilityai_stable-diffusion-3-medium-diffusers,15970145,1.0209457874298096
stabilityai_stable-diffusion-3-medium-diffusers,17002912,-0.14425931870937347
stabilityai_stable-diffusion-3-medium-diffusers,17012379,-0.4065336585044861
stabilityai_stable-diffusion-3-medium-diffusers,17282800,1.7013137340545654
stabilityai_stable-diffusion-3-medium-diffusers,17925539,0.6023122668266296
stabilityai_stable-diffusion-3-medium-diffusers,18367104,1.2288014888763428
stabilityai_stable-diffusion-3-medium-diffusers,18758723,-0.6649333834648132
stabilityai_stable-diffusion-3-medium-diffusers,19143128,0.49656739830970764
stabilityai_stable-diffusion-3-medium-diffusers,19671124,0.447115033864975
stabilityai_stable-diffusion-3-medium-diffusers,19855707,-0.29871419072151184
stabilityai_stable-diffusion-3-medium-diffusers,19893872,-0.04272656887769699
stabilityai_stable-diffusion-3-medium-diffusers,20017667,0.7662448287010193
stabilityai_stable-diffusion-3-medium-diffusers,20128079,0.17838212847709656
stabilityai_stable-diffusion-3-medium-diffusers,20471134,0.2669779360294342
stabilityai_stable-diffusion-3-medium-diffusers,20495093,2.131624698638916
stabilityai_stable-diffusion-3-medium-diffusers,20782430,-2.1365630626678467
stabilityai_stable-diffusion-3-medium-diffusers,21377549,-1.1665852069854736
stabilityai_stable-diffusion-3-medium-diffusers,21564446,-0.5551454424858093
stabilityai_stable-diffusion-3-medium-diffusers,21620388,2.0844013690948486
stabilityai_stable-diffusion-3-medium-diffusers,22149540,-0.41371142864227295
stabilityai_stable-diffusion-3-medium-diffusers,22738759,-0.6547040343284607
stabilityai_stable-diffusion-3-medium-diffusers,22767176,0.18862284719944
stabilityai_stable-diffusion-3-medium-diffusers,23129661,-1.9376819133758545
stabilityai_stable-diffusion-3-medium-diffusers,23185551,-1.498145341873169
stabilityai_stable-diffusion-3-medium-diffusers,23232427,-0.7918471693992615
stabilityai_stable-diffusion-3-medium-diffusers,23257851,-1.7652106285095215
stabilityai_stable-diffusion-3-medium-diffusers,23620789,1.0941661596298218
stabilityai_stable-diffusion-3-medium-diffusers,24808131,-0.48861438035964966
stabilityai_stable-diffusion-3-medium-diffusers,24843217,0.8794254660606384
stabilityai_stable-diffusion-3-medium-diffusers,24933378,-0.3093114197254181
stabilityai_stable-diffusion-3-medium-diffusers,24942232,0.7274383902549744
stabilityai_stable-diffusion-3-medium-diffusers,25290589,-1.3278813362121582
stabilityai_stable-diffusion-3-medium-diffusers,25579216,-0.8561474680900574
stabilityai_stable-diffusion-3-medium-diffusers,25685207,0.33539122343063354
stabilityai_stable-diffusion-3-medium-diffusers,25776594,-1.4650925397872925
stabilityai_stable-diffusion-3-medium-diffusers,26078214,-0.4562567472457886
stabilityai_stable-diffusion-3-medium-diffusers,26746434,1.0197882652282715
stabilityai_stable-diffusion-3-medium-diffusers,26998039,-1.7991797924041748
stabilityai_stable-diffusion-3-medium-diffusers,27106238,1.4842673540115356
stabilityai_stable-diffusion-3-medium-diffusers,27246777,1.468970537185669
stabilityai_stable-diffusion-3-medium-diffusers,27768637,0.6364603638648987
stabilityai_stable-diffusion-3-medium-diffusers,27871992,1.4046602249145508
stabilityai_stable-diffusion-3-medium-diffusers,28190972,0.3740729093551636
stabilityai_stable-diffusion-3-medium-diffusers,29094321,-2.665663957595825
stabilityai_stable-diffusion-3-medium-diffusers,29148617,-3.134072780609131
stabilityai_stable-diffusion-3-medium-diffusers,29161294,-0.5307395458221436
stabilityai_stable-diffusion-3-medium-diffusers,29632917,-0.8992335200309753
stabilityai_stable-diffusion-3-medium-diffusers,29703209,0.6043332815170288
stabilityai_stable-diffusion-3-medium-diffusers,29779486,-0.5799277424812317
stabilityai_stable-diffusion-3-medium-diffusers,30028757,-0.7527744770050049
stabilityai_stable-diffusion-3-medium-diffusers,30225071,0.8877765536308289
stabilityai_stable-diffusion-3-medium-diffusers,30373565,-0.2980809509754181
stabilityai_stable-diffusion-3-medium-diffusers,30484086,-0.2172284573316574
stabilityai_stable-diffusion-3-medium-diffusers,30883080,-1.690845251083374
stabilityai_stable-diffusion-3-medium-diffusers,31114750,0.20057988166809082
stabilityai_stable-diffusion-3-medium-diffusers,31196176,0.9129624962806702
stabilityai_stable-diffusion-3-medium-diffusers,31391857,0.9399574398994446
stabilityai_stable-diffusion-3-medium-diffusers,31595142,-0.3049636781215668
stabilityai_stable-diffusion-3-medium-diffusers,32152786,1.3609353303909302
stabilityai_stable-diffusion-3-medium-diffusers,32327818,-0.6375488042831421
stabilityai_stable-diffusion-3-medium-diffusers,32379732,0.9805330038070679
stabilityai_stable-diffusion-3-medium-diffusers,32473966,-1.283337116241455
stabilityai_stable-diffusion-3-medium-diffusers,32902730,1.785904049873352
stabilityai_stable-diffusion-3-medium-diffusers,32932491,-1.0337949991226196
stabilityai_stable-diffusion-3-medium-diffusers,33006578,-0.6770120859146118
stabilityai_stable-diffusion-3-medium-diffusers,33478721,1.1070915460586548
stabilityai_stable-diffusion-3-medium-diffusers,34475997,-1.6928504705429077
stabilityai_stable-diffusion-3-medium-diffusers,34578737,1.458909273147583
stabilityai_stable-diffusion-3-medium-diffusers,34773230,0.8390098214149475
stabilityai_stable-diffusion-3-medium-diffusers,36507085,-0.04053149372339249
stabilityai_stable-diffusion-3-medium-diffusers,36678439,0.522729218006134
stabilityai_stable-diffusion-3-medium-diffusers,37287360,1.1278940439224243
stabilityai_stable-diffusion-3-medium-diffusers,37319253,-0.8007874488830566
stabilityai_stable-diffusion-3-medium-diffusers,37547870,2.255805253982544
stabilityai_stable-diffusion-3-medium-diffusers,37736408,0.12894347310066223
stabilityai_stable-diffusion-3-medium-diffusers,38014258,0.2862025201320648
stabilityai_stable-diffusion-3-medium-diffusers,38297191,1.252834439277649
stabilityai_stable-diffusion-3-medium-diffusers,38402744,-1.4111804962158203
stabilityai_stable-diffusion-3-medium-diffusers,38954086,0.6412243247032166
stabilityai_stable-diffusion-3-medium-diffusers,39139190,0.44109705090522766
stabilityai_stable-diffusion-3-medium-diffusers,39560404,-0.23592598736286163
stabilityai_stable-diffusion-3-medium-diffusers,39566065,1.3586639165878296
stabilityai_stable-diffusion-3-medium-diffusers,39595218,1.8909869194030762
stabilityai_stable-diffusion-3-medium-diffusers,40825299,0.4745871424674988
stabilityai_stable-diffusion-3-medium-diffusers,40945115,-0.641413688659668
stabilityai_stable-diffusion-3-medium-diffusers,40995095,-1.2439911365509033
stabilityai_stable-diffusion-3-medium-diffusers,41015844,0.18509551882743835
stabilityai_stable-diffusion-3-medium-diffusers,41031648,0.44114795327186584
stabilityai_stable-diffusion-3-medium-diffusers,41161074,-1.978583574295044
stabilityai_stable-diffusion-3-medium-diffusers,41458919,-0.5111607909202576
stabilityai_stable-diffusion-3-medium-diffusers,41565779,0.34513044357299805
stabilityai_stable-diffusion-3-medium-diffusers,41766391,2.4810879230499268
stabilityai_stable-diffusion-3-medium-diffusers,41982710,-1.820900559425354
stabilityai_stable-diffusion-3-medium-diffusers,42048260,0.30633315443992615
stabilityai_stable-diffusion-3-medium-diffusers,42849420,3.3286936283111572
stabilityai_stable-diffusion-3-medium-diffusers,42931583,1.6504170894622803
stabilityai_stable-diffusion-3-medium-diffusers,43060946,-0.18213187158107758
stabilityai_stable-diffusion-3-medium-diffusers,43153800,-0.010377427563071251
stabilityai_stable-diffusion-3-medium-diffusers,43161384,-0.16514401137828827
stabilityai_stable-diffusion-3-medium-diffusers,43301379,0.9434651732444763
stabilityai_stable-diffusion-3-medium-diffusers,43304323,-0.5953695774078369
stabilityai_stable-diffusion-3-medium-diffusers,43367797,-1.1578742265701294
stabilityai_stable-diffusion-3-medium-diffusers,43431032,2.3535003662109375
stabilityai_stable-diffusion-3-medium-diffusers,43631801,-2.2601706981658936
stabilityai_stable-diffusion-3-medium-diffusers,43735560,-0.8193103671073914
stabilityai_stable-diffusion-3-medium-diffusers,43858443,1.1499053239822388
stabilityai_stable-diffusion-3-medium-diffusers,43918624,-2.7336583137512207
stabilityai_stable-diffusion-3-medium-diffusers,44280552,0.1381683200597763
stabilityai_stable-diffusion-3-medium-diffusers,44295589,-2.3566887378692627
stabilityai_stable-diffusion-3-medium-diffusers,44621915,0.4888306260108948
stabilityai_stable-diffusion-3-medium-diffusers,44645737,0.8176087737083435
stabilityai_stable-diffusion-3-medium-diffusers,44838123,-2.374290943145752
stabilityai_stable-diffusion-3-medium-diffusers,45258070,-1.4391380548477173
stabilityai_stable-diffusion-3-medium-diffusers,45297641,0.20070156455039978
stabilityai_stable-diffusion-3-medium-diffusers,45418454,1.010262370109558
stabilityai_stable-diffusion-3-medium-diffusers,45564900,0.16395680606365204
stabilityai_stable-diffusion-3-medium-diffusers,46150029,0.9629951119422913
stabilityai_stable-diffusion-3-medium-diffusers,46394736,-0.49222686886787415
stabilityai_stable-diffusion-3-medium-diffusers,46673664,-0.614892840385437
stabilityai_stable-diffusion-3-medium-diffusers,46994920,-0.5272130370140076
stabilityai_stable-diffusion-3-medium-diffusers,47009060,1.025667667388916
stabilityai_stable-diffusion-3-medium-diffusers,47552953,1.9635621309280396
stabilityai_stable-diffusion-3-medium-diffusers,47595220,-1.4465464353561401
stabilityai_stable-diffusion-3-medium-diffusers,47819321,-0.6007795929908752
stabilityai_stable-diffusion-3-medium-diffusers,48223384,-0.7980524301528931
stabilityai_stable-diffusion-3-medium-diffusers,48351897,-0.2966703772544861
stabilityai_stable-diffusion-3-medium-diffusers,48754831,-0.2698292136192322
stabilityai_stable-diffusion-3-medium-diffusers,49054805,-0.7677549123764038
stabilityai_stable-diffusion-3-medium-diffusers,49089576,1.4322811365127563
stabilityai_stable-diffusion-3-medium-diffusers,49300740,0.6515427827835083
stabilityai_stable-diffusion-3-medium-diffusers,49358811,0.3685300350189209
stabilityai_stable-diffusion-3-medium-diffusers,49462954,0.6027733683586121
stabilityai_stable-diffusion-3-medium-diffusers,50262859,2.1039092540740967
stabilityai_stable-diffusion-3-medium-diffusers,50871471,-0.6590609550476074
stabilityai_stable-diffusion-3-medium-diffusers,50952217,0.584638237953186
stabilityai_stable-diffusion-3-medium-diffusers,51060824,-0.1381472498178482
stabilityai_stable-diffusion-3-medium-diffusers,51314050,-1.2167434692382812
stabilityai_stable-diffusion-3-medium-diffusers,51946990,2.156834125518799
stabilityai_stable-diffusion-3-medium-diffusers,52325745,1.57817804813385
stabilityai_stable-diffusion-3-medium-diffusers,52474100,0.0405140295624733
stabilityai_stable-diffusion-3-medium-diffusers,52516409,-1.0997560024261475
stabilityai_stable-diffusion-3-medium-diffusers,52711595,1.3481557369232178
stabilityai_stable-diffusion-3-medium-diffusers,53022028,1.3452935218811035
stabilityai_stable-diffusion-3-medium-diffusers,53205877,-0.5835269093513489
stabilityai_stable-diffusion-3-medium-diffusers,53288018,0.1237216666340828
stabilityai_stable-diffusion-3-medium-diffusers,53443611,1.5510975122451782
stabilityai_stable-diffusion-3-medium-diffusers,53815934,-0.35127028822898865
stabilityai_stable-diffusion-3-medium-diffusers,54495173,0.08452668786048889
stabilityai_stable-diffusion-3-medium-diffusers,54931507,0.2675062119960785
stabilityai_stable-diffusion-3-medium-diffusers,55191509,-1.5294885635375977
stabilityai_stable-diffusion-3-medium-diffusers,55255145,1.0027053356170654
stabilityai_stable-diffusion-3-medium-diffusers,55457672,-0.0912315845489502
stabilityai_stable-diffusion-3-medium-diffusers,55588327,0.1890278458595276
stabilityai_stable-diffusion-3-medium-diffusers,55653646,-0.7924787998199463
stabilityai_stable-diffusion-3-medium-diffusers,55658809,-1.5145045518875122
stabilityai_stable-diffusion-3-medium-diffusers,55812974,-1.818134069442749
stabilityai_stable-diffusion-3-medium-diffusers,55819553,-0.26400840282440186
stabilityai_stable-diffusion-3-medium-diffusers,55826966,-1.3957374095916748
stabilityai_stable-diffusion-3-medium-diffusers,55983905,-0.8878613710403442
stabilityai_stable-diffusion-3-medium-diffusers,56074056,-0.2888123095035553
stabilityai_stable-diffusion-3-medium-diffusers,56112588,-1.792481541633606
stabilityai_stable-diffusion-3-medium-diffusers,56121520,0.3207545578479767
stabilityai_stable-diffusion-3-medium-diffusers,56250900,-0.20736169815063477
stabilityai_stable-diffusion-3-medium-diffusers,56458800,0.273245245218277
stabilityai_stable-diffusion-3-medium-diffusers,56792430,-1.0386979579925537
stabilityai_stable-diffusion-3-medium-diffusers,56982260,0.2272021770477295
stabilityai_stable-diffusion-3-medium-diffusers,57673976,0.5189672112464905
stabilityai_stable-diffusion-3-medium-diffusers,57716963,1.1249654293060303
stabilityai_stable-diffusion-3-medium-diffusers,57729980,0.18286508321762085
stabilityai_stable-diffusion-3-medium-diffusers,57785005,0.3268829882144928
stabilityai_stable-diffusion-3-medium-diffusers,57873614,-0.5512413382530212
stabilityai_stable-diffusion-3-medium-diffusers,58727024,-0.9359530210494995
stabilityai_stable-diffusion-3-medium-diffusers,58761464,1.0259795188903809
stabilityai_stable-diffusion-3-medium-diffusers,59399259,-2.379640579223633
stabilityai_stable-diffusion-3-medium-diffusers,59976859,1.9373834133148193
stabilityai_stable-diffusion-3-medium-diffusers,60083345,0.10717412084341049
stabilityai_stable-diffusion-3-medium-diffusers,60214770,-0.767044186592102
stabilityai_stable-diffusion-3-medium-diffusers,60215376,0.6616888046264648
stabilityai_stable-diffusion-3-medium-diffusers,60375309,-0.8944523334503174
stabilityai_stable-diffusion-3-medium-diffusers,60606896,0.18588875234127045
stabilityai_stable-diffusion-3-medium-diffusers,60668084,1.9660313129425049
stabilityai_stable-diffusion-3-medium-diffusers,61035709,0.9854605793952942
stabilityai_stable-diffusion-3-medium-diffusers,61388266,-0.7400467991828918
stabilityai_stable-diffusion-3-medium-diffusers,61627313,1.3309797048568726
stabilityai_stable-diffusion-3-medium-diffusers,61635816,1.0677744150161743
stabilityai_stable-diffusion-3-medium-diffusers,61853324,-0.7824633121490479
stabilityai_stable-diffusion-3-medium-diffusers,62408818,0.38451269268989563
stabilityai_stable-diffusion-3-medium-diffusers,62841330,0.6722225546836853
stabilityai_stable-diffusion-3-medium-diffusers,63015570,-0.956636905670166
stabilityai_stable-diffusion-3-medium-diffusers,63336441,-0.605006217956543
stabilityai_stable-diffusion-3-medium-diffusers,63633117,-0.20433743298053741
stabilityai_stable-diffusion-3-medium-diffusers,64576544,0.3389073312282562
stabilityai_stable-diffusion-3-medium-diffusers,64687077,-0.7058315873146057
stabilityai_stable-diffusion-3-medium-diffusers,64693533,0.30510959029197693
stabilityai_stable-diffusion-3-medium-diffusers,64856142,3.939175605773926
stabilityai_stable-diffusion-3-medium-diffusers,65411270,-2.0936665534973145
stabilityai_stable-diffusion-3-medium-diffusers,65557844,0.13609637320041656
stabilityai_stable-diffusion-3-medium-diffusers,65824677,-1.249411702156067
stabilityai_stable-diffusion-3-medium-diffusers,65890875,2.871724843978882
stabilityai_stable-diffusion-3-medium-diffusers,65960228,0.5991423726081848
stabilityai_stable-diffusion-3-medium-diffusers,66668538,1.18731689453125
stabilityai_stable-diffusion-3-medium-diffusers,67344811,0.8239255547523499
stabilityai_stable-diffusion-3-medium-diffusers,67949798,1.9396300315856934
stabilityai_stable-diffusion-3-medium-diffusers,68246844,-0.5404021143913269
stabilityai_stable-diffusion-3-medium-diffusers,68280322,-2.5020129680633545
stabilityai_stable-diffusion-3-medium-diffusers,68321683,0.6742765307426453
stabilityai_stable-diffusion-3-medium-diffusers,68380669,-2.076814651489258
stabilityai_stable-diffusion-3-medium-diffusers,68575085,1.5999171733856201
stabilityai_stable-diffusion-3-medium-diffusers,70380966,-1.4743602275848389
stabilityai_stable-diffusion-3-medium-diffusers,70494671,0.5696104168891907
stabilityai_stable-diffusion-3-medium-diffusers,71055464,0.9891203045845032
stabilityai_stable-diffusion-3-medium-diffusers,71591839,-2.309224843978882
stabilityai_stable-diffusion-3-medium-diffusers,71828875,-3.301210641860962
stabilityai_stable-diffusion-3-medium-diffusers,71910823,-1.0314003229141235
stabilityai_stable-diffusion-3-medium-diffusers,71959499,0.5383426547050476
stabilityai_stable-diffusion-3-medium-diffusers,72432241,2.3261754512786865
stabilityai_stable-diffusion-3-medium-diffusers,72553814,1.4822046756744385
stabilityai_stable-diffusion-3-medium-diffusers,73051579,-0.7169670462608337
stabilityai_stable-diffusion-3-medium-diffusers,73600586,0.25942155718803406
stabilityai_stable-diffusion-3-medium-diffusers,73616417,0.779077410697937
stabilityai_stable-diffusion-3-medium-diffusers,73681289,-0.17986248433589935
stabilityai_stable-diffusion-3-medium-diffusers,73962724,-1.1491224765777588
stabilityai_stable-diffusion-3-medium-diffusers,74175857,-0.9993605017662048
stabilityai_stable-diffusion-3-medium-diffusers,75051801,1.1865172386169434
stabilityai_stable-diffusion-3-medium-diffusers,75787772,-0.44302839040756226
stabilityai_stable-diffusion-3-medium-diffusers,75944980,0.6085485816001892
stabilityai_stable-diffusion-3-medium-diffusers,75964288,0.625788152217865
stabilityai_stable-diffusion-3-medium-diffusers,76066166,-0.9408824443817139
stabilityai_stable-diffusion-3-medium-diffusers,76100398,-0.23405204713344574
stabilityai_stable-diffusion-3-medium-diffusers,76425345,0.16252462565898895
stabilityai_stable-diffusion-3-medium-diffusers,77106105,-0.8972419500350952
stabilityai_stable-diffusion-3-medium-diffusers,77132310,-0.5422219038009644
stabilityai_stable-diffusion-3-medium-diffusers,77232534,1.4980908632278442
stabilityai_stable-diffusion-3-medium-diffusers,77312726,0.09025996178388596
stabilityai_stable-diffusion-3-medium-diffusers,77358840,1.0604331493377686
stabilityai_stable-diffusion-3-medium-diffusers,77490593,-1.7580883502960205
stabilityai_stable-diffusion-3-medium-diffusers,77726888,-0.08539438992738724
stabilityai_stable-diffusion-3-medium-diffusers,78735978,-1.0663286447525024
stabilityai_stable-diffusion-3-medium-diffusers,79077085,0.29808154702186584
stabilityai_stable-diffusion-3-medium-diffusers,79212243,1.9908347129821777
stabilityai_stable-diffusion-3-medium-diffusers,79606917,0.3919924199581146
stabilityai_stable-diffusion-3-medium-diffusers,79918827,1.6166837215423584
stabilityai_stable-diffusion-3-medium-diffusers,80289373,0.4215133786201477
stabilityai_stable-diffusion-3-medium-diffusers,80371125,0.9285603165626526
stabilityai_stable-diffusion-3-medium-diffusers,80540387,-1.1087590456008911
stabilityai_stable-diffusion-3-medium-diffusers,81135077,-1.5013692378997803
stabilityai_stable-diffusion-3-medium-diffusers,81303945,1.1396760940551758
stabilityai_stable-diffusion-3-medium-diffusers,81435593,0.3163626194000244
stabilityai_stable-diffusion-3-medium-diffusers,82282590,0.9236249923706055
stabilityai_stable-diffusion-3-medium-diffusers,82696415,-0.23010338842868805
stabilityai_stable-diffusion-3-medium-diffusers,82916016,0.09446399658918381
stabilityai_stable-diffusion-3-medium-diffusers,83084473,1.3557450771331787
stabilityai_stable-diffusion-3-medium-diffusers,83418847,1.3359980583190918
stabilityai_stable-diffusion-3-medium-diffusers,84089324,-0.09449247270822525
stabilityai_stable-diffusion-3-medium-diffusers,84306831,2.145512342453003
stabilityai_stable-diffusion-3-medium-diffusers,84510135,-1.7568169832229614
stabilityai_stable-diffusion-3-medium-diffusers,84788890,1.1328762769699097
stabilityai_stable-diffusion-3-medium-diffusers,84985982,-0.622100830078125
stabilityai_stable-diffusion-3-medium-diffusers,85191733,1.1604540348052979
stabilityai_stable-diffusion-3-medium-diffusers,86119145,-0.045601435005664825
stabilityai_stable-diffusion-3-medium-diffusers,86340862,-2.083634614944458
stabilityai_stable-diffusion-3-medium-diffusers,86341828,0.4641270935535431
stabilityai_stable-diffusion-3-medium-diffusers,86537356,-1.168200135231018
stabilityai_stable-diffusion-3-medium-diffusers,86701636,2.5520174503326416
stabilityai_stable-diffusion-3-medium-diffusers,86714939,-0.39146772027015686
stabilityai_stable-diffusion-3-medium-diffusers,87574583,-0.34349438548088074
stabilityai_stable-diffusion-3-medium-diffusers,87699711,0.11461824923753738
stabilityai_stable-diffusion-3-medium-diffusers,88016571,1.195446252822876
stabilityai_stable-diffusion-3-medium-diffusers,88087492,1.0618456602096558
stabilityai_stable-diffusion-3-medium-diffusers,89227603,1.3188798427581787
stabilityai_stable-diffusion-3-medium-diffusers,89539854,-0.8789909482002258
stabilityai_stable-diffusion-3-medium-diffusers,89926787,1.5638014078140259
stabilityai_stable-diffusion-3-medium-diffusers,90244932,0.9173344969749451
stabilityai_stable-diffusion-3-medium-diffusers,90493027,0.9874656200408936
stabilityai_stable-diffusion-3-medium-diffusers,90613035,1.0464609861373901
stabilityai_stable-diffusion-3-medium-diffusers,91368797,-1.265807032585144
stabilityai_stable-diffusion-3-medium-diffusers,91784299,-0.09234847873449326
stabilityai_stable-diffusion-3-medium-diffusers,91790573,2.317082405090332
stabilityai_stable-diffusion-3-medium-diffusers,91834546,0.44691023230552673
stabilityai_stable-diffusion-3-medium-diffusers,92068094,0.9306791424751282
stabilityai_stable-diffusion-3-medium-diffusers,92311656,-1.372125267982483
stabilityai_stable-diffusion-3-medium-diffusers,92709444,0.14744767546653748
stabilityai_stable-diffusion-3-medium-diffusers,93114575,0.922288715839386
stabilityai_stable-diffusion-3-medium-diffusers,93256557,0.6155720949172974
stabilityai_stable-diffusion-3-medium-diffusers,93407716,-0.14580503106117249
stabilityai_stable-diffusion-3-medium-diffusers,93436296,-0.381159245967865
stabilityai_stable-diffusion-3-medium-diffusers,93512057,0.7410538792610168
stabilityai_stable-diffusion-3-medium-diffusers,94006560,-1.2998348474502563
stabilityai_stable-diffusion-3-medium-diffusers,94321535,0.040073245763778687
stabilityai_stable-diffusion-3-medium-diffusers,94532154,0.3399197459220886
stabilityai_stable-diffusion-3-medium-diffusers,95171107,-0.8819891810417175
stabilityai_stable-diffusion-3-medium-diffusers,95228839,-1.3251347541809082
stabilityai_stable-diffusion-3-medium-diffusers,95325441,1.711779236793518
stabilityai_stable-diffusion-3-medium-diffusers,95450946,0.9209602475166321
stabilityai_stable-diffusion-3-medium-diffusers,95583911,2.272430896759033
stabilityai_stable-diffusion-3-medium-diffusers,95718306,0.2690194547176361
stabilityai_stable-diffusion-3-medium-diffusers,95737828,-1.0663466453552246
stabilityai_stable-diffusion-3-medium-diffusers,96448597,-0.089418925344944
stabilityai_stable-diffusion-3-medium-diffusers,96482065,0.012792007997632027
stabilityai_stable-diffusion-3-medium-diffusers,96521920,0.7129930853843689
stabilityai_stable-diffusion-3-medium-diffusers,96850153,1.2521518468856812
stabilityai_stable-diffusion-3-medium-diffusers,98113191,-0.7866566777229309
stabilityai_stable-diffusion-3-medium-diffusers,98195317,0.28133469820022583
stabilityai_stable-diffusion-3-medium-diffusers,98254655,2.2622628211975098
stabilityai_stable-diffusion-3-medium-diffusers,98319500,-2.2404749393463135
stabilityai_stable-diffusion-3-medium-diffusers,98642787,0.2907593250274658
stabilityai_stable-diffusion-3-medium-diffusers,98646702,1.9534056186676025
stabilityai_stable-diffusion-3-medium-diffusers,98929226,0.39993661642074585
stabilityai_stable-diffusion-3-medium-diffusers,99178779,1.1203222274780273
stabilityai_stable-diffusion-3-medium-diffusers,99185892,-0.7410480380058289
stabilityai_stable-diffusion-3-medium-diffusers,99211012,1.428356409072876
stabilityai_stable-diffusion-3-medium-diffusers,99410560,-0.3453880250453949
stabilityai_stable-diffusion-3-medium-diffusers,99862294,0.428996205329895
stabilityai_stable-diffusion-xl-base-1.0,138508,-2.5460269451141357
stabilityai_stable-diffusion-xl-base-1.0,192051,-1.109102487564087
stabilityai_stable-diffusion-xl-base-1.0,213186,1.0426075458526611
stabilityai_stable-diffusion-xl-base-1.0,232386,-1.627269983291626
stabilityai_stable-diffusion-xl-base-1.0,232765,-1.235993504524231
stabilityai_stable-diffusion-xl-base-1.0,258857,-0.45968595147132874
stabilityai_stable-diffusion-xl-base-1.0,283090,-0.11307767778635025
stabilityai_stable-diffusion-xl-base-1.0,285141,0.9618188738822937
stabilityai_stable-diffusion-xl-base-1.0,399030,-1.057896375656128
stabilityai_stable-diffusion-xl-base-1.0,440189,0.32029151916503906
stabilityai_stable-diffusion-xl-base-1.0,445169,-0.7351875305175781
stabilityai_stable-diffusion-xl-base-1.0,486490,-0.8478009104728699
stabilityai_stable-diffusion-xl-base-1.0,487072,0.47567999362945557
stabilityai_stable-diffusion-xl-base-1.0,487326,2.094763994216919
stabilityai_stable-diffusion-xl-base-1.0,489837,0.5393003821372986
stabilityai_stable-diffusion-xl-base-1.0,646833,1.6862497329711914
stabilityai_stable-diffusion-xl-base-1.0,708860,1.665799617767334
stabilityai_stable-diffusion-xl-base-1.0,717208,1.6633695363998413
stabilityai_stable-diffusion-xl-base-1.0,717468,0.7240999341011047
stabilityai_stable-diffusion-xl-base-1.0,735254,-0.033607177436351776
stabilityai_stable-diffusion-xl-base-1.0,762478,0.48273521661758423
stabilityai_stable-diffusion-xl-base-1.0,825443,0.5408418774604797
stabilityai_stable-diffusion-xl-base-1.0,831919,0.4895992875099182
stabilityai_stable-diffusion-xl-base-1.0,896677,-1.039040446281433
stabilityai_stable-diffusion-xl-base-1.0,936620,-0.31233006715774536
stabilityai_stable-diffusion-xl-base-1.0,974367,1.5111181735992432
stabilityai_stable-diffusion-xl-base-1.0,993014,0.8598973155021667
stabilityai_stable-diffusion-xl-base-1.0,995855,-0.15242180228233337
stabilityai_stable-diffusion-xl-base-1.0,1113367,0.08239660412073135
stabilityai_stable-diffusion-xl-base-1.0,1171644,0.6998283267021179
stabilityai_stable-diffusion-xl-base-1.0,1209135,-1.4824893474578857
stabilityai_stable-diffusion-xl-base-1.0,1317294,-1.0840510129928589
stabilityai_stable-diffusion-xl-base-1.0,1317533,2.928778886795044
stabilityai_stable-diffusion-xl-base-1.0,1321854,-0.20610970258712769
stabilityai_stable-diffusion-xl-base-1.0,1377758,-1.272216558456421
stabilityai_stable-diffusion-xl-base-1.0,1474832,0.48547497391700745
stabilityai_stable-diffusion-xl-base-1.0,1516071,0.488040030002594
stabilityai_stable-diffusion-xl-base-1.0,1566705,-0.8202902674674988
stabilityai_stable-diffusion-xl-base-1.0,1640855,0.7138525247573853
stabilityai_stable-diffusion-xl-base-1.0,1668603,0.7186302542686462
stabilityai_stable-diffusion-xl-base-1.0,1678990,0.8779686093330383
stabilityai_stable-diffusion-xl-base-1.0,1699831,0.2570033371448517
stabilityai_stable-diffusion-xl-base-1.0,1707698,1.3074536323547363
stabilityai_stable-diffusion-xl-base-1.0,1727942,1.1707044839859009
stabilityai_stable-diffusion-xl-base-1.0,2045760,0.4405547082424164
stabilityai_stable-diffusion-xl-base-1.0,2075049,-1.6120007038116455
stabilityai_stable-diffusion-xl-base-1.0,2075764,-1.5008764266967773
stabilityai_stable-diffusion-xl-base-1.0,2241569,0.42814382910728455
stabilityai_stable-diffusion-xl-base-1.0,2720725,-1.6931782960891724
stabilityai_stable-diffusion-xl-base-1.0,2721160,0.758227527141571
stabilityai_stable-diffusion-xl-base-1.0,2730265,0.6681554913520813
stabilityai_stable-diffusion-xl-base-1.0,2744395,-1.6826157569885254
stabilityai_stable-diffusion-xl-base-1.0,2770078,0.35755446553230286
stabilityai_stable-diffusion-xl-base-1.0,2793684,0.20900708436965942
stabilityai_stable-diffusion-xl-base-1.0,2803666,0.37922534346580505
stabilityai_stable-diffusion-xl-base-1.0,2807731,1.4695944786071777
stabilityai_stable-diffusion-xl-base-1.0,2821943,1.606532335281372
stabilityai_stable-diffusion-xl-base-1.0,2824319,0.7575815320014954
stabilityai_stable-diffusion-xl-base-1.0,2825442,0.46663931012153625
stabilityai_stable-diffusion-xl-base-1.0,2852043,0.19516971707344055
stabilityai_stable-diffusion-xl-base-1.0,2870293,1.5784339904785156
stabilityai_stable-diffusion-xl-base-1.0,2870880,0.16234515607357025
stabilityai_stable-diffusion-xl-base-1.0,2923535,-0.7672592401504517
stabilityai_stable-diffusion-xl-base-1.0,2933112,2.046435594558716
stabilityai_stable-diffusion-xl-base-1.0,2963987,1.1538059711456299
stabilityai_stable-diffusion-xl-base-1.0,2991302,0.4569520652294159
stabilityai_stable-diffusion-xl-base-1.0,3024209,0.5981542468070984
stabilityai_stable-diffusion-xl-base-1.0,3035832,0.20713269710540771
stabilityai_stable-diffusion-xl-base-1.0,3049457,2.559363603591919
stabilityai_stable-diffusion-xl-base-1.0,3107488,0.7268978953361511
stabilityai_stable-diffusion-xl-base-1.0,3131388,-0.00747619429603219
stabilityai_stable-diffusion-xl-base-1.0,3131669,-0.0650186538696289
stabilityai_stable-diffusion-xl-base-1.0,3152830,0.36895307898521423
stabilityai_stable-diffusion-xl-base-1.0,3249569,-0.7151690125465393
stabilityai_stable-diffusion-xl-base-1.0,3262349,1.6633070707321167
stabilityai_stable-diffusion-xl-base-1.0,3288500,-0.16569502651691437
stabilityai_stable-diffusion-xl-base-1.0,3298716,1.5532445907592773
stabilityai_stable-diffusion-xl-base-1.0,3308246,3.050694465637207
stabilityai_stable-diffusion-xl-base-1.0,3309110,0.5222482085227966
stabilityai_stable-diffusion-xl-base-1.0,3347220,0.21352793276309967
stabilityai_stable-diffusion-xl-base-1.0,3353281,1.6722934246063232
stabilityai_stable-diffusion-xl-base-1.0,3366112,-1.443355679512024
stabilityai_stable-diffusion-xl-base-1.0,3411927,-0.1072935089468956
stabilityai_stable-diffusion-xl-base-1.0,3456665,-0.12164458632469177
stabilityai_stable-diffusion-xl-base-1.0,3563208,-0.3326798975467682
stabilityai_stable-diffusion-xl-base-1.0,3580281,1.1777329444885254
stabilityai_stable-diffusion-xl-base-1.0,3603442,0.7590025067329407
stabilityai_stable-diffusion-xl-base-1.0,3607029,0.5104781985282898
stabilityai_stable-diffusion-xl-base-1.0,3628071,-0.5297559499740601
stabilityai_stable-diffusion-xl-base-1.0,3630383,2.393817901611328
stabilityai_stable-diffusion-xl-base-1.0,3676483,2.074369192123413
stabilityai_stable-diffusion-xl-base-1.0,3679712,1.3826909065246582
stabilityai_stable-diffusion-xl-base-1.0,3685307,-0.8936834931373596
stabilityai_stable-diffusion-xl-base-1.0,3703463,-0.6002099514007568
stabilityai_stable-diffusion-xl-base-1.0,3714235,0.004558842163532972
stabilityai_stable-diffusion-xl-base-1.0,3728318,-0.7417967319488525
stabilityai_stable-diffusion-xl-base-1.0,3748162,0.0763031616806984
stabilityai_stable-diffusion-xl-base-1.0,3764276,-0.34984973073005676
stabilityai_stable-diffusion-xl-base-1.0,3818090,0.312112420797348
stabilityai_stable-diffusion-xl-base-1.0,3842156,1.591121792793274
stabilityai_stable-diffusion-xl-base-1.0,3880032,1.799556016921997
stabilityai_stable-diffusion-xl-base-1.0,3889343,-0.2719624936580658
stabilityai_stable-diffusion-xl-base-1.0,3907654,0.7227576375007629
stabilityai_stable-diffusion-xl-base-1.0,3940713,1.9502817392349243
stabilityai_stable-diffusion-xl-base-1.0,3975232,0.7575039267539978
stabilityai_stable-diffusion-xl-base-1.0,3982060,-0.6300641298294067
stabilityai_stable-diffusion-xl-base-1.0,3990474,1.782212734222412
stabilityai_stable-diffusion-xl-base-1.0,4010305,-0.0028517753817141056
stabilityai_stable-diffusion-xl-base-1.0,4025130,-0.6033473014831543
stabilityai_stable-diffusion-xl-base-1.0,4062807,-0.6134841442108154
stabilityai_stable-diffusion-xl-base-1.0,4123448,0.9649595022201538
stabilityai_stable-diffusion-xl-base-1.0,4125853,-0.19854475557804108
stabilityai_stable-diffusion-xl-base-1.0,4140340,-0.34230098128318787
stabilityai_stable-diffusion-xl-base-1.0,4145056,-1.3586310148239136
stabilityai_stable-diffusion-xl-base-1.0,4192521,0.797430694103241
stabilityai_stable-diffusion-xl-base-1.0,4259202,-0.36332201957702637
stabilityai_stable-diffusion-xl-base-1.0,4285773,1.828444242477417
stabilityai_stable-diffusion-xl-base-1.0,4345028,0.9769571423530579
stabilityai_stable-diffusion-xl-base-1.0,4387201,-1.9176349639892578
stabilityai_stable-diffusion-xl-base-1.0,4416901,-1.3386214971542358
stabilityai_stable-diffusion-xl-base-1.0,4455579,1.4844374656677246
stabilityai_stable-diffusion-xl-base-1.0,4497570,-0.5013989806175232
stabilityai_stable-diffusion-xl-base-1.0,4534520,-0.6154254674911499
stabilityai_stable-diffusion-xl-base-1.0,4539203,0.7073364853858948
stabilityai_stable-diffusion-xl-base-1.0,4552551,1.8465545177459717
stabilityai_stable-diffusion-xl-base-1.0,4596797,0.46510985493659973
stabilityai_stable-diffusion-xl-base-1.0,4832208,0.9646883606910706
stabilityai_stable-diffusion-xl-base-1.0,4930139,2.083850145339966
stabilityai_stable-diffusion-xl-base-1.0,5008085,-1.3351691961288452
stabilityai_stable-diffusion-xl-base-1.0,5219923,-1.6634219884872437
stabilityai_stable-diffusion-xl-base-1.0,5316083,-1.314662218093872
stabilityai_stable-diffusion-xl-base-1.0,5350912,0.7532487511634827
stabilityai_stable-diffusion-xl-base-1.0,5374860,-0.2730974853038788
stabilityai_stable-diffusion-xl-base-1.0,5410315,-1.3550611734390259
stabilityai_stable-diffusion-xl-base-1.0,5522784,-1.5281982421875
stabilityai_stable-diffusion-xl-base-1.0,5728577,0.9468765258789062
stabilityai_stable-diffusion-xl-base-1.0,5752544,1.524753212928772
stabilityai_stable-diffusion-xl-base-1.0,5794797,0.10139966756105423
stabilityai_stable-diffusion-xl-base-1.0,5895919,1.7572332620620728
stabilityai_stable-diffusion-xl-base-1.0,5958517,0.8025408983230591
stabilityai_stable-diffusion-xl-base-1.0,6189776,1.3493072986602783
stabilityai_stable-diffusion-xl-base-1.0,6528587,1.984937310218811
stabilityai_stable-diffusion-xl-base-1.0,6584891,-1.7486412525177002
stabilityai_stable-diffusion-xl-base-1.0,6586355,-0.11881157010793686
stabilityai_stable-diffusion-xl-base-1.0,6607809,-1.7036105394363403
stabilityai_stable-diffusion-xl-base-1.0,6615026,-1.1024250984191895
stabilityai_stable-diffusion-xl-base-1.0,6615458,-0.24506892263889313
stabilityai_stable-diffusion-xl-base-1.0,6615818,0.5432894825935364
stabilityai_stable-diffusion-xl-base-1.0,6616314,-0.917934000492096
stabilityai_stable-diffusion-xl-base-1.0,6617011,1.6779260635375977
stabilityai_stable-diffusion-xl-base-1.0,6617413,1.163935661315918
stabilityai_stable-diffusion-xl-base-1.0,6729499,-0.7679769396781921
stabilityai_stable-diffusion-xl-base-1.0,6880664,-0.11718624085187912
stabilityai_stable-diffusion-xl-base-1.0,6883725,-1.5876654386520386
stabilityai_stable-diffusion-xl-base-1.0,6946774,1.0798434019088745
stabilityai_stable-diffusion-xl-base-1.0,7025268,0.1637590080499649
stabilityai_stable-diffusion-xl-base-1.0,7109847,1.4643000364303589
stabilityai_stable-diffusion-xl-base-1.0,7116261,1.3934125900268555
stabilityai_stable-diffusion-xl-base-1.0,7150023,1.843810796737671
stabilityai_stable-diffusion-xl-base-1.0,7163803,1.2091015577316284
stabilityai_stable-diffusion-xl-base-1.0,7507098,1.1561999320983887
stabilityai_stable-diffusion-xl-base-1.0,7596684,-1.3610477447509766
stabilityai_stable-diffusion-xl-base-1.0,7597365,0.6469318270683289
stabilityai_stable-diffusion-xl-base-1.0,7601809,-0.3207644522190094
stabilityai_stable-diffusion-xl-base-1.0,7605282,-1.30647611618042
stabilityai_stable-diffusion-xl-base-1.0,7606419,0.21452473104000092
stabilityai_stable-diffusion-xl-base-1.0,7607707,-1.2891981601715088
stabilityai_stable-diffusion-xl-base-1.0,7608721,1.9835962057113647
stabilityai_stable-diffusion-xl-base-1.0,7625977,0.6953779458999634
stabilityai_stable-diffusion-xl-base-1.0,7626721,1.4261274337768555
stabilityai_stable-diffusion-xl-base-1.0,7626833,1.5183724164962769
stabilityai_stable-diffusion-xl-base-1.0,7627310,-0.3838023841381073
stabilityai_stable-diffusion-xl-base-1.0,7651454,0.205186128616333
stabilityai_stable-diffusion-xl-base-1.0,7654438,0.3436112105846405
stabilityai_stable-diffusion-xl-base-1.0,7664468,1.0744149684906006
stabilityai_stable-diffusion-xl-base-1.0,7698915,-0.05778910964727402
stabilityai_stable-diffusion-xl-base-1.0,7700167,-0.4979536831378937
stabilityai_stable-diffusion-xl-base-1.0,7700868,0.41581931710243225
stabilityai_stable-diffusion-xl-base-1.0,7701244,0.948185920715332
stabilityai_stable-diffusion-xl-base-1.0,7702193,0.8587779998779297
stabilityai_stable-diffusion-xl-base-1.0,7710616,0.014643171802163124
stabilityai_stable-diffusion-xl-base-1.0,7834065,1.5469753742218018
stabilityai_stable-diffusion-xl-base-1.0,7854266,-1.4685094356536865
stabilityai_stable-diffusion-xl-base-1.0,7854455,1.0971264839172363
stabilityai_stable-diffusion-xl-base-1.0,7871940,0.2915512025356293
stabilityai_stable-diffusion-xl-base-1.0,7891189,1.779118537902832
stabilityai_stable-diffusion-xl-base-1.0,7897116,0.6240288615226746
stabilityai_stable-diffusion-xl-base-1.0,7914271,1.9592729806900024
stabilityai_stable-diffusion-xl-base-1.0,7922764,1.3166444301605225
stabilityai_stable-diffusion-xl-base-1.0,7929519,1.1114425659179688
stabilityai_stable-diffusion-xl-base-1.0,7933274,0.2627767026424408
stabilityai_stable-diffusion-xl-base-1.0,7933530,1.0761957168579102
stabilityai_stable-diffusion-xl-base-1.0,8089797,1.2514824867248535
stabilityai_stable-diffusion-xl-base-1.0,8095160,-0.06364118307828903
stabilityai_stable-diffusion-xl-base-1.0,8124208,0.4180765450000763
stabilityai_stable-diffusion-xl-base-1.0,8339939,0.8512886762619019
stabilityai_stable-diffusion-xl-base-1.0,8876291,1.674826741218567
stabilityai_stable-diffusion-xl-base-1.0,9020389,1.0581598281860352
stabilityai_stable-diffusion-xl-base-1.0,9044146,-0.6022793650627136
stabilityai_stable-diffusion-xl-base-1.0,9057052,-0.051843710243701935
stabilityai_stable-diffusion-xl-base-1.0,9427682,1.8867613077163696
stabilityai_stable-diffusion-xl-base-1.0,9580065,1.7988247871398926
stabilityai_stable-diffusion-xl-base-1.0,9719434,0.8173180818557739
stabilityai_stable-diffusion-xl-base-1.0,9793248,0.4440672695636749
stabilityai_stable-diffusion-xl-base-1.0,9794211,1.2277244329452515
stabilityai_stable-diffusion-xl-base-1.0,9862621,0.2591836750507355
stabilityai_stable-diffusion-xl-base-1.0,9875188,-0.5718098878860474
stabilityai_stable-diffusion-xl-base-1.0,9984659,0.9590908288955688
stabilityai_stable-diffusion-xl-base-1.0,10012874,-2.2924139499664307
stabilityai_stable-diffusion-xl-base-1.0,10024569,-1.814738154411316
stabilityai_stable-diffusion-xl-base-1.0,10080493,0.059400588274002075
stabilityai_stable-diffusion-xl-base-1.0,10106452,-0.01483633928000927
stabilityai_stable-diffusion-xl-base-1.0,10198409,-1.0602068901062012
stabilityai_stable-diffusion-xl-base-1.0,10333317,0.7170863747596741
stabilityai_stable-diffusion-xl-base-1.0,10408552,-0.30451011657714844
stabilityai_stable-diffusion-xl-base-1.0,10444677,1.2941505908966064
stabilityai_stable-diffusion-xl-base-1.0,10453357,0.7820225954055786
stabilityai_stable-diffusion-xl-base-1.0,10548623,0.7204073667526245
stabilityai_stable-diffusion-xl-base-1.0,10572128,0.009654009714722633
stabilityai_stable-diffusion-xl-base-1.0,10794014,-0.6233174204826355
stabilityai_stable-diffusion-xl-base-1.0,10939743,0.5700893998146057
stabilityai_stable-diffusion-xl-base-1.0,11039909,-0.29981502890586853
stabilityai_stable-diffusion-xl-base-1.0,11334088,0.3324224650859833
stabilityai_stable-diffusion-xl-base-1.0,11417672,-1.1119905710220337
stabilityai_stable-diffusion-xl-base-1.0,11437577,0.555452287197113
stabilityai_stable-diffusion-xl-base-1.0,11460338,-0.2869652509689331
stabilityai_stable-diffusion-xl-base-1.0,12345739,1.063037395477295
stabilityai_stable-diffusion-xl-base-1.0,12402348,-1.2668451070785522
stabilityai_stable-diffusion-xl-base-1.0,13221529,-2.6178412437438965
stabilityai_stable-diffusion-xl-base-1.0,13290566,0.9405575394630432
stabilityai_stable-diffusion-xl-base-1.0,13389475,0.04058612138032913
stabilityai_stable-diffusion-xl-base-1.0,13390139,2.0935676097869873
stabilityai_stable-diffusion-xl-base-1.0,13390405,2.733358860015869
stabilityai_stable-diffusion-xl-base-1.0,13392786,0.637790858745575
stabilityai_stable-diffusion-xl-base-1.0,13649361,1.8209037780761719
stabilityai_stable-diffusion-xl-base-1.0,13716878,0.6152209043502808
stabilityai_stable-diffusion-xl-base-1.0,13884740,0.30596688389778137
stabilityai_stable-diffusion-xl-base-1.0,13915305,0.49836769700050354
stabilityai_stable-diffusion-xl-base-1.0,13931145,1.1398035287857056
stabilityai_stable-diffusion-xl-base-1.0,13984082,-0.261014461517334
stabilityai_stable-diffusion-xl-base-1.0,14140678,0.3999377191066742
stabilityai_stable-diffusion-xl-base-1.0,14195315,-1.1028378009796143
stabilityai_stable-diffusion-xl-base-1.0,14294568,-0.6257073283195496
stabilityai_stable-diffusion-xl-base-1.0,14320813,0.006675028707832098
stabilityai_stable-diffusion-xl-base-1.0,14360436,0.23507271707057953
stabilityai_stable-diffusion-xl-base-1.0,14488317,2.154888153076172
stabilityai_stable-diffusion-xl-base-1.0,14533937,-0.46547314524650574
stabilityai_stable-diffusion-xl-base-1.0,14550987,0.1532638520002365
stabilityai_stable-diffusion-xl-base-1.0,14579933,-1.0608881711959839
stabilityai_stable-diffusion-xl-base-1.0,14606290,-1.0050313472747803
stabilityai_stable-diffusion-xl-base-1.0,14620257,-2.1519761085510254
stabilityai_stable-diffusion-xl-base-1.0,14632648,-0.9465579986572266
stabilityai_stable-diffusion-xl-base-1.0,14647235,0.9396464228630066
stabilityai_stable-diffusion-xl-base-1.0,14654954,1.2181739807128906
stabilityai_stable-diffusion-xl-base-1.0,14686352,-0.5038700699806213
stabilityai_stable-diffusion-xl-base-1.0,14702875,-0.8431799411773682
stabilityai_stable-diffusion-xl-base-1.0,14703190,-0.05410332977771759
stabilityai_stable-diffusion-xl-base-1.0,14807929,1.8744640350341797
stabilityai_stable-diffusion-xl-base-1.0,14809057,0.27076292037963867
stabilityai_stable-diffusion-xl-base-1.0,14867690,-0.30890950560569763
stabilityai_stable-diffusion-xl-base-1.0,14872875,-0.6223986744880676
stabilityai_stable-diffusion-xl-base-1.0,14880557,-0.07256569713354111
stabilityai_stable-diffusion-xl-base-1.0,14894140,-0.944076418876648
stabilityai_stable-diffusion-xl-base-1.0,15180934,0.6749561429023743
stabilityai_stable-diffusion-xl-base-1.0,15970145,0.7348180413246155
stabilityai_stable-diffusion-xl-base-1.0,17002912,1.4120296239852905
stabilityai_stable-diffusion-xl-base-1.0,17012379,-0.2694209814071655
stabilityai_stable-diffusion-xl-base-1.0,17282800,0.5442810654640198
stabilityai_stable-diffusion-xl-base-1.0,17925539,1.7070231437683105
stabilityai_stable-diffusion-xl-base-1.0,18367104,0.6383551955223083
stabilityai_stable-diffusion-xl-base-1.0,18758723,0.9152889847755432
stabilityai_stable-diffusion-xl-base-1.0,19143128,-0.3442075252532959
stabilityai_stable-diffusion-xl-base-1.0,19671124,-1.0165446996688843
stabilityai_stable-diffusion-xl-base-1.0,19855707,-0.5335623621940613
stabilityai_stable-diffusion-xl-base-1.0,19893872,0.7251710891723633
stabilityai_stable-diffusion-xl-base-1.0,20017667,0.5263263583183289
stabilityai_stable-diffusion-xl-base-1.0,20128079,0.2101123183965683
stabilityai_stable-diffusion-xl-base-1.0,20471134,0.6589412093162537
stabilityai_stable-diffusion-xl-base-1.0,20495093,1.3142321109771729
stabilityai_stable-diffusion-xl-base-1.0,20782430,-1.18965744972229
stabilityai_stable-diffusion-xl-base-1.0,21377549,0.2918111979961395
stabilityai_stable-diffusion-xl-base-1.0,21564446,0.664892315864563
stabilityai_stable-diffusion-xl-base-1.0,21620388,2.134840250015259
stabilityai_stable-diffusion-xl-base-1.0,22149540,-1.660416603088379
stabilityai_stable-diffusion-xl-base-1.0,22738759,0.7077733874320984
stabilityai_stable-diffusion-xl-base-1.0,22767176,0.28281453251838684
stabilityai_stable-diffusion-xl-base-1.0,23129661,0.38553592562675476
stabilityai_stable-diffusion-xl-base-1.0,23185551,-1.6338828802108765
stabilityai_stable-diffusion-xl-base-1.0,23232427,-0.4427889585494995
stabilityai_stable-diffusion-xl-base-1.0,23257851,-1.472960352897644
stabilityai_stable-diffusion-xl-base-1.0,23620789,0.1510380059480667
stabilityai_stable-diffusion-xl-base-1.0,24808131,1.3050689697265625
stabilityai_stable-diffusion-xl-base-1.0,24843217,0.45334795117378235
stabilityai_stable-diffusion-xl-base-1.0,24933378,1.5177165269851685
stabilityai_stable-diffusion-xl-base-1.0,24942232,0.16366517543792725
stabilityai_stable-diffusion-xl-base-1.0,25290589,0.8249419927597046
stabilityai_stable-diffusion-xl-base-1.0,25579216,-0.5336069464683533
stabilityai_stable-diffusion-xl-base-1.0,25685207,-0.7341110110282898
stabilityai_stable-diffusion-xl-base-1.0,25776594,0.1589968055486679
stabilityai_stable-diffusion-xl-base-1.0,26078214,0.2203095406293869
stabilityai_stable-diffusion-xl-base-1.0,26746434,0.2679307162761688
stabilityai_stable-diffusion-xl-base-1.0,26998039,1.0293428897857666
stabilityai_stable-diffusion-xl-base-1.0,27106238,2.382364273071289
stabilityai_stable-diffusion-xl-base-1.0,27246777,0.9390285611152649
stabilityai_stable-diffusion-xl-base-1.0,27768637,0.5238354802131653
stabilityai_stable-diffusion-xl-base-1.0,27871992,-0.519590437412262
stabilityai_stable-diffusion-xl-base-1.0,28190972,0.16259469091892242
stabilityai_stable-diffusion-xl-base-1.0,29094321,2.38545823097229
stabilityai_stable-diffusion-xl-base-1.0,29148617,-1.2117946147918701
stabilityai_stable-diffusion-xl-base-1.0,29161294,-1.8671858310699463
stabilityai_stable-diffusion-xl-base-1.0,29632917,-0.18041835725307465
stabilityai_stable-diffusion-xl-base-1.0,29703209,0.16998358070850372
stabilityai_stable-diffusion-xl-base-1.0,29779486,-0.14130379259586334
stabilityai_stable-diffusion-xl-base-1.0,30028757,-1.7192589044570923
stabilityai_stable-diffusion-xl-base-1.0,30225071,1.8465518951416016
stabilityai_stable-diffusion-xl-base-1.0,30373565,0.7960176467895508
stabilityai_stable-diffusion-xl-base-1.0,30484086,0.26056498289108276
stabilityai_stable-diffusion-xl-base-1.0,30883080,-1.4583719968795776
stabilityai_stable-diffusion-xl-base-1.0,31114750,-0.3040371239185333
stabilityai_stable-diffusion-xl-base-1.0,31196176,0.1475231945514679
stabilityai_stable-diffusion-xl-base-1.0,31391857,-0.39948251843452454
stabilityai_stable-diffusion-xl-base-1.0,31595142,1.855940818786621
stabilityai_stable-diffusion-xl-base-1.0,32152786,1.1154173612594604
stabilityai_stable-diffusion-xl-base-1.0,32327818,0.5327181220054626
stabilityai_stable-diffusion-xl-base-1.0,32379732,1.7383227348327637
stabilityai_stable-diffusion-xl-base-1.0,32473966,-1.1223102807998657
stabilityai_stable-diffusion-xl-base-1.0,32902730,1.2578628063201904
stabilityai_stable-diffusion-xl-base-1.0,32932491,0.44762879610061646
stabilityai_stable-diffusion-xl-base-1.0,33006578,0.40165406465530396
stabilityai_stable-diffusion-xl-base-1.0,33478721,1.08349609375
stabilityai_stable-diffusion-xl-base-1.0,34475997,-1.7624540328979492
stabilityai_stable-diffusion-xl-base-1.0,34578737,1.0575382709503174
stabilityai_stable-diffusion-xl-base-1.0,34773230,1.3395227193832397
stabilityai_stable-diffusion-xl-base-1.0,36507085,1.6260119676589966
stabilityai_stable-diffusion-xl-base-1.0,36678439,-0.21468675136566162
stabilityai_stable-diffusion-xl-base-1.0,37287360,1.2632570266723633
stabilityai_stable-diffusion-xl-base-1.0,37319253,-0.2892380356788635
stabilityai_stable-diffusion-xl-base-1.0,37547870,1.5881117582321167
stabilityai_stable-diffusion-xl-base-1.0,37736408,1.1576292514801025
stabilityai_stable-diffusion-xl-base-1.0,38014258,0.5337236523628235
stabilityai_stable-diffusion-xl-base-1.0,38297191,2.231924295425415
stabilityai_stable-diffusion-xl-base-1.0,38402744,-0.6600586175918579
stabilityai_stable-diffusion-xl-base-1.0,38954086,-1.174437165260315
stabilityai_stable-diffusion-xl-base-1.0,39139190,-0.17638728022575378
stabilityai_stable-diffusion-xl-base-1.0,39560404,0.057022057473659515
stabilityai_stable-diffusion-xl-base-1.0,39566065,0.10175350308418274
stabilityai_stable-diffusion-xl-base-1.0,39595218,0.5606285929679871
stabilityai_stable-diffusion-xl-base-1.0,40825299,0.35631826519966125
stabilityai_stable-diffusion-xl-base-1.0,40945115,0.31115588545799255
stabilityai_stable-diffusion-xl-base-1.0,40995095,-0.6178064942359924
stabilityai_stable-diffusion-xl-base-1.0,41015844,1.459188461303711
stabilityai_stable-diffusion-xl-base-1.0,41031648,0.5885494947433472
stabilityai_stable-diffusion-xl-base-1.0,41161074,-1.145003318786621
stabilityai_stable-diffusion-xl-base-1.0,41458919,0.872608482837677
stabilityai_stable-diffusion-xl-base-1.0,41565779,-0.08656608313322067
stabilityai_stable-diffusion-xl-base-1.0,41766391,2.814281463623047
stabilityai_stable-diffusion-xl-base-1.0,41982710,-0.5473999381065369
stabilityai_stable-diffusion-xl-base-1.0,42048260,0.10483760386705399
stabilityai_stable-diffusion-xl-base-1.0,42849420,0.6830946803092957
stabilityai_stable-diffusion-xl-base-1.0,42931583,-0.09341465681791306
stabilityai_stable-diffusion-xl-base-1.0,43060946,0.20947836339473724
stabilityai_stable-diffusion-xl-base-1.0,43153800,-1.974112629890442
stabilityai_stable-diffusion-xl-base-1.0,43161384,1.6718945503234863
stabilityai_stable-diffusion-xl-base-1.0,43301379,0.247362419962883
stabilityai_stable-diffusion-xl-base-1.0,43304323,1.6736886501312256
stabilityai_stable-diffusion-xl-base-1.0,43367797,0.23022668063640594
stabilityai_stable-diffusion-xl-base-1.0,43431032,0.8199346661567688
stabilityai_stable-diffusion-xl-base-1.0,43631801,-1.0551135540008545
stabilityai_stable-diffusion-xl-base-1.0,43735560,-0.8500174880027771
stabilityai_stable-diffusion-xl-base-1.0,43858443,3.2804486751556396
stabilityai_stable-diffusion-xl-base-1.0,43918624,-0.12637273967266083
stabilityai_stable-diffusion-xl-base-1.0,44280552,-1.2012364864349365
stabilityai_stable-diffusion-xl-base-1.0,44295589,-1.845329999923706
stabilityai_stable-diffusion-xl-base-1.0,44621915,0.7839999794960022
stabilityai_stable-diffusion-xl-base-1.0,44645737,-0.09927601367235184
stabilityai_stable-diffusion-xl-base-1.0,44838123,-0.9420432448387146
stabilityai_stable-diffusion-xl-base-1.0,45258070,-0.8182011842727661
stabilityai_stable-diffusion-xl-base-1.0,45297641,-1.2189780473709106
stabilityai_stable-diffusion-xl-base-1.0,45418454,0.8356730341911316
stabilityai_stable-diffusion-xl-base-1.0,45564900,0.5314159989356995
stabilityai_stable-diffusion-xl-base-1.0,46150029,0.6698359847068787
stabilityai_stable-diffusion-xl-base-1.0,46394736,0.8192960619926453
stabilityai_stable-diffusion-xl-base-1.0,46673664,0.3289377987384796
stabilityai_stable-diffusion-xl-base-1.0,46994920,0.442063570022583
stabilityai_stable-diffusion-xl-base-1.0,47009060,1.41342294216156
stabilityai_stable-diffusion-xl-base-1.0,47552953,0.8711426854133606
stabilityai_stable-diffusion-xl-base-1.0,47595220,2.3347818851470947
stabilityai_stable-diffusion-xl-base-1.0,47819321,2.262247323989868
stabilityai_stable-diffusion-xl-base-1.0,48223384,-0.5262304544448853
stabilityai_stable-diffusion-xl-base-1.0,48351897,-1.300161361694336
stabilityai_stable-diffusion-xl-base-1.0,48754831,0.48844319581985474
stabilityai_stable-diffusion-xl-base-1.0,49054805,-0.04640313237905502
stabilityai_stable-diffusion-xl-base-1.0,49089576,1.6636090278625488
stabilityai_stable-diffusion-xl-base-1.0,49300740,1.7170798778533936
stabilityai_stable-diffusion-xl-base-1.0,49358811,1.6448851823806763
stabilityai_stable-diffusion-xl-base-1.0,49462954,1.2398637533187866
stabilityai_stable-diffusion-xl-base-1.0,50262859,0.8272919058799744
stabilityai_stable-diffusion-xl-base-1.0,50871471,1.3263020515441895
stabilityai_stable-diffusion-xl-base-1.0,50952217,0.19154171645641327
stabilityai_stable-diffusion-xl-base-1.0,51060824,0.8191983103752136
stabilityai_stable-diffusion-xl-base-1.0,51314050,-1.8561482429504395
stabilityai_stable-diffusion-xl-base-1.0,51946990,0.6360662579536438
stabilityai_stable-diffusion-xl-base-1.0,52325745,-0.1858871728181839
stabilityai_stable-diffusion-xl-base-1.0,52474100,1.6889857053756714
stabilityai_stable-diffusion-xl-base-1.0,52516409,-0.8207568526268005
stabilityai_stable-diffusion-xl-base-1.0,52711595,0.290976881980896
stabilityai_stable-diffusion-xl-base-1.0,53022028,0.4791881740093231
stabilityai_stable-diffusion-xl-base-1.0,53205877,1.759784460067749
stabilityai_stable-diffusion-xl-base-1.0,53288018,-0.1737861931324005
stabilityai_stable-diffusion-xl-base-1.0,53443611,1.4926998615264893
stabilityai_stable-diffusion-xl-base-1.0,53815934,-1.1975035667419434
stabilityai_stable-diffusion-xl-base-1.0,54495173,-0.09695766866207123
stabilityai_stable-diffusion-xl-base-1.0,54931507,0.7378401756286621
stabilityai_stable-diffusion-xl-base-1.0,55191509,0.776146411895752
stabilityai_stable-diffusion-xl-base-1.0,55255145,0.507766842842102
stabilityai_stable-diffusion-xl-base-1.0,55457672,-0.07481686025857925
stabilityai_stable-diffusion-xl-base-1.0,55588327,0.8181602358818054
stabilityai_stable-diffusion-xl-base-1.0,55653646,-0.03907015174627304
stabilityai_stable-diffusion-xl-base-1.0,55658809,-0.3317176401615143
stabilityai_stable-diffusion-xl-base-1.0,55812974,-0.39181897044181824
stabilityai_stable-diffusion-xl-base-1.0,55819553,0.727035403251648
stabilityai_stable-diffusion-xl-base-1.0,55826966,0.5236842632293701
stabilityai_stable-diffusion-xl-base-1.0,55983905,-0.8013936877250671
stabilityai_stable-diffusion-xl-base-1.0,56074056,-0.32718512415885925
stabilityai_stable-diffusion-xl-base-1.0,56112588,-0.7162622809410095
stabilityai_stable-diffusion-xl-base-1.0,56121520,1.3089873790740967
stabilityai_stable-diffusion-xl-base-1.0,56250900,0.8134940266609192
stabilityai_stable-diffusion-xl-base-1.0,56458800,-1.3709462881088257
stabilityai_stable-diffusion-xl-base-1.0,56792430,0.1016574576497078
stabilityai_stable-diffusion-xl-base-1.0,56982260,-1.1825467348098755
stabilityai_stable-diffusion-xl-base-1.0,57673976,-1.5516371726989746
stabilityai_stable-diffusion-xl-base-1.0,57716963,1.2260302305221558
stabilityai_stable-diffusion-xl-base-1.0,57729980,-0.9577785134315491
stabilityai_stable-diffusion-xl-base-1.0,57785005,-1.2935198545455933
stabilityai_stable-diffusion-xl-base-1.0,57873614,0.8119050860404968
stabilityai_stable-diffusion-xl-base-1.0,58727024,-1.7043795585632324
stabilityai_stable-diffusion-xl-base-1.0,58761464,0.6647477746009827
stabilityai_stable-diffusion-xl-base-1.0,59399259,1.1830159425735474
stabilityai_stable-diffusion-xl-base-1.0,59976859,0.8209822177886963
stabilityai_stable-diffusion-xl-base-1.0,60083345,-0.8032112121582031
stabilityai_stable-diffusion-xl-base-1.0,60214770,-0.682743489742279
stabilityai_stable-diffusion-xl-base-1.0,60215376,0.25599226355552673
stabilityai_stable-diffusion-xl-base-1.0,60375309,-0.5631905198097229
stabilityai_stable-diffusion-xl-base-1.0,60606896,0.8891382813453674
stabilityai_stable-diffusion-xl-base-1.0,60668084,2.7381458282470703
stabilityai_stable-diffusion-xl-base-1.0,61035709,0.31293779611587524
stabilityai_stable-diffusion-xl-base-1.0,61388266,0.7308172583580017
stabilityai_stable-diffusion-xl-base-1.0,61627313,2.4102354049682617
stabilityai_stable-diffusion-xl-base-1.0,61635816,-0.6687906980514526
stabilityai_stable-diffusion-xl-base-1.0,61853324,0.8158408999443054
stabilityai_stable-diffusion-xl-base-1.0,62408818,1.6123607158660889
stabilityai_stable-diffusion-xl-base-1.0,62841330,-0.5113267302513123
stabilityai_stable-diffusion-xl-base-1.0,63015570,0.5216661095619202
stabilityai_stable-diffusion-xl-base-1.0,63336441,-0.4633871614933014
stabilityai_stable-diffusion-xl-base-1.0,63633117,-0.016595443710684776
stabilityai_stable-diffusion-xl-base-1.0,64576544,0.573495626449585
stabilityai_stable-diffusion-xl-base-1.0,64687077,-1.6873767375946045
stabilityai_stable-diffusion-xl-base-1.0,64693533,0.41224321722984314
stabilityai_stable-diffusion-xl-base-1.0,64856142,0.6276724934577942
stabilityai_stable-diffusion-xl-base-1.0,65411270,0.11599809676408768
stabilityai_stable-diffusion-xl-base-1.0,65557844,-0.7027750611305237
stabilityai_stable-diffusion-xl-base-1.0,65824677,-1.4175626039505005
stabilityai_stable-diffusion-xl-base-1.0,65890875,1.264897108078003
stabilityai_stable-diffusion-xl-base-1.0,65960228,-1.041250228881836
stabilityai_stable-diffusion-xl-base-1.0,66668538,0.2821616232395172
stabilityai_stable-diffusion-xl-base-1.0,67344811,-0.4819315969944
stabilityai_stable-diffusion-xl-base-1.0,67949798,0.2798045575618744
stabilityai_stable-diffusion-xl-base-1.0,68246844,0.23713141679763794
stabilityai_stable-diffusion-xl-base-1.0,68280322,-1.4441453218460083
stabilityai_stable-diffusion-xl-base-1.0,68321683,-0.06379809975624084
stabilityai_stable-diffusion-xl-base-1.0,68380669,0.6053951382637024
stabilityai_stable-diffusion-xl-base-1.0,68575085,2.5063042640686035
stabilityai_stable-diffusion-xl-base-1.0,70380966,-0.5543267726898193
stabilityai_stable-diffusion-xl-base-1.0,70494671,0.8817959427833557
stabilityai_stable-diffusion-xl-base-1.0,71055464,-0.11884800344705582
stabilityai_stable-diffusion-xl-base-1.0,71591839,1.0956099033355713
stabilityai_stable-diffusion-xl-base-1.0,71828875,-1.354119896888733
stabilityai_stable-diffusion-xl-base-1.0,71910823,-0.39549729228019714
stabilityai_stable-diffusion-xl-base-1.0,71959499,2.5537102222442627
stabilityai_stable-diffusion-xl-base-1.0,72432241,2.24641752243042
stabilityai_stable-diffusion-xl-base-1.0,72553814,1.6536892652511597
stabilityai_stable-diffusion-xl-base-1.0,73051579,1.3179901838302612
stabilityai_stable-diffusion-xl-base-1.0,73600586,-0.42705038189888
stabilityai_stable-diffusion-xl-base-1.0,73616417,1.6042996644973755
stabilityai_stable-diffusion-xl-base-1.0,73681289,0.43587175011634827
stabilityai_stable-diffusion-xl-base-1.0,73962724,-0.8327580690383911
stabilityai_stable-diffusion-xl-base-1.0,74175857,1.4969562292099
stabilityai_stable-diffusion-xl-base-1.0,75051801,0.5503942370414734
stabilityai_stable-diffusion-xl-base-1.0,75787772,0.7326205372810364
stabilityai_stable-diffusion-xl-base-1.0,75944980,-0.1503850370645523
stabilityai_stable-diffusion-xl-base-1.0,75964288,-0.2052300125360489
stabilityai_stable-diffusion-xl-base-1.0,76066166,1.3686964511871338
stabilityai_stable-diffusion-xl-base-1.0,76100398,-0.12141959369182587
stabilityai_stable-diffusion-xl-base-1.0,76425345,1.6361637115478516
stabilityai_stable-diffusion-xl-base-1.0,77106105,-0.47817927598953247
stabilityai_stable-diffusion-xl-base-1.0,77132310,-0.2876206934452057
stabilityai_stable-diffusion-xl-base-1.0,77232534,1.7094537019729614
stabilityai_stable-diffusion-xl-base-1.0,77312726,0.6363184452056885
stabilityai_stable-diffusion-xl-base-1.0,77358840,0.7150384783744812
stabilityai_stable-diffusion-xl-base-1.0,77490593,0.8545247912406921
stabilityai_stable-diffusion-xl-base-1.0,77726888,0.29838648438453674
stabilityai_stable-diffusion-xl-base-1.0,78735978,1.0881398916244507
stabilityai_stable-diffusion-xl-base-1.0,79077085,0.7022276520729065
stabilityai_stable-diffusion-xl-base-1.0,79212243,2.2150278091430664
stabilityai_stable-diffusion-xl-base-1.0,79606917,0.17113059759140015
stabilityai_stable-diffusion-xl-base-1.0,79918827,2.105579376220703
stabilityai_stable-diffusion-xl-base-1.0,80289373,0.11535150557756424
stabilityai_stable-diffusion-xl-base-1.0,80371125,0.687687873840332
stabilityai_stable-diffusion-xl-base-1.0,80540387,1.1306943893432617
stabilityai_stable-diffusion-xl-base-1.0,81135077,-0.06749004870653152
stabilityai_stable-diffusion-xl-base-1.0,81303945,0.01251443661749363
stabilityai_stable-diffusion-xl-base-1.0,81435593,0.6396167874336243
stabilityai_stable-diffusion-xl-base-1.0,82282590,2.313737392425537
stabilityai_stable-diffusion-xl-base-1.0,82696415,-1.4185055494308472
stabilityai_stable-diffusion-xl-base-1.0,82916016,-1.3548212051391602
stabilityai_stable-diffusion-xl-base-1.0,83084473,1.656708002090454
stabilityai_stable-diffusion-xl-base-1.0,83418847,1.9742214679718018
stabilityai_stable-diffusion-xl-base-1.0,84089324,-0.7677942514419556
stabilityai_stable-diffusion-xl-base-1.0,84306831,1.9226207733154297
stabilityai_stable-diffusion-xl-base-1.0,84510135,-1.40314519405365
stabilityai_stable-diffusion-xl-base-1.0,84788890,1.791784405708313
stabilityai_stable-diffusion-xl-base-1.0,84985982,0.06668073683977127
stabilityai_stable-diffusion-xl-base-1.0,85191733,1.2013521194458008
stabilityai_stable-diffusion-xl-base-1.0,86119145,0.6752578020095825
stabilityai_stable-diffusion-xl-base-1.0,86340862,0.1477632075548172
stabilityai_stable-diffusion-xl-base-1.0,86341828,-1.1942452192306519
stabilityai_stable-diffusion-xl-base-1.0,86537356,-0.6509103775024414
stabilityai_stable-diffusion-xl-base-1.0,86701636,-1.0955679416656494
stabilityai_stable-diffusion-xl-base-1.0,86714939,0.4172305762767792
stabilityai_stable-diffusion-xl-base-1.0,87574583,0.32972267270088196
stabilityai_stable-diffusion-xl-base-1.0,87699711,0.5756388306617737
stabilityai_stable-diffusion-xl-base-1.0,88016571,0.6297980546951294
stabilityai_stable-diffusion-xl-base-1.0,88087492,-0.6309544444084167
stabilityai_stable-diffusion-xl-base-1.0,89227603,0.7590458989143372
stabilityai_stable-diffusion-xl-base-1.0,89539854,-0.9951406121253967
stabilityai_stable-diffusion-xl-base-1.0,89926787,0.1453481763601303
stabilityai_stable-diffusion-xl-base-1.0,90244932,0.1828986555337906
stabilityai_stable-diffusion-xl-base-1.0,90493027,1.9013581275939941
stabilityai_stable-diffusion-xl-base-1.0,90613035,0.22298555076122284
stabilityai_stable-diffusion-xl-base-1.0,91368797,0.08226633071899414
stabilityai_stable-diffusion-xl-base-1.0,91784299,0.47882190346717834
stabilityai_stable-diffusion-xl-base-1.0,91790573,2.4428892135620117
stabilityai_stable-diffusion-xl-base-1.0,91834546,-0.2900474965572357
stabilityai_stable-diffusion-xl-base-1.0,92068094,1.4571754932403564
stabilityai_stable-diffusion-xl-base-1.0,92311656,-0.9915477633476257
stabilityai_stable-diffusion-xl-base-1.0,92709444,-1.7518439292907715
stabilityai_stable-diffusion-xl-base-1.0,93114575,0.07053857296705246
stabilityai_stable-diffusion-xl-base-1.0,93256557,0.5374029278755188
stabilityai_stable-diffusion-xl-base-1.0,93407716,-0.8400958776473999
stabilityai_stable-diffusion-xl-base-1.0,93436296,-0.9921436309814453
stabilityai_stable-diffusion-xl-base-1.0,93512057,0.43181705474853516
stabilityai_stable-diffusion-xl-base-1.0,94006560,-1.4219598770141602
stabilityai_stable-diffusion-xl-base-1.0,94321535,0.7290967106819153
stabilityai_stable-diffusion-xl-base-1.0,94532154,0.2512505352497101
stabilityai_stable-diffusion-xl-base-1.0,95171107,0.10289844125509262
stabilityai_stable-diffusion-xl-base-1.0,95228839,1.1958839893341064
stabilityai_stable-diffusion-xl-base-1.0,95325441,-0.796096682548523
stabilityai_stable-diffusion-xl-base-1.0,95450946,0.20168709754943848
stabilityai_stable-diffusion-xl-base-1.0,95583911,1.7082879543304443
stabilityai_stable-diffusion-xl-base-1.0,95718306,1.662969708442688
stabilityai_stable-diffusion-xl-base-1.0,95737828,-1.1361970901489258
stabilityai_stable-diffusion-xl-base-1.0,96448597,-0.388572633266449
stabilityai_stable-diffusion-xl-base-1.0,96482065,-1.0893713235855103
stabilityai_stable-diffusion-xl-base-1.0,96521920,-1.1603220701217651
stabilityai_stable-diffusion-xl-base-1.0,96850153,0.9357434511184692
stabilityai_stable-diffusion-xl-base-1.0,98113191,1.8040162324905396
stabilityai_stable-diffusion-xl-base-1.0,98195317,-1.4932810068130493
stabilityai_stable-diffusion-xl-base-1.0,98254655,0.7591177225112915
stabilityai_stable-diffusion-xl-base-1.0,98319500,-1.4917757511138916
stabilityai_stable-diffusion-xl-base-1.0,98642787,1.3935351371765137
stabilityai_stable-diffusion-xl-base-1.0,98646702,-0.18974584341049194
stabilityai_stable-diffusion-xl-base-1.0,98929226,-0.7895774245262146
stabilityai_stable-diffusion-xl-base-1.0,99178779,0.697797954082489
stabilityai_stable-diffusion-xl-base-1.0,99185892,-0.9440223574638367
stabilityai_stable-diffusion-xl-base-1.0,99211012,-1.0742764472961426
stabilityai_stable-diffusion-xl-base-1.0,99410560,0.12422401458024979
stabilityai_stable-diffusion-xl-base-1.0,99862294,1.5512404441833496
