model,wordnet_id,reward
deepfloyd_if-i-xl-v1.0,25176131,-1.3105162382125854
deepfloyd_if-i-xl-v1.0,5407119,-1.72495698928833
deepfloyd_if-i-xl-v1.0,72488427,2.621739625930786
deepfloyd_if-i-xl-v1.0,26371900,0.9171059727668762
deepfloyd_if-i-xl-v1.0,2253406,0.3007514178752899
deepfloyd_if-i-xl-v1.0,32799992,-0.2369976043701172
deepfloyd_if-i-xl-v1.0,3405725,0.44323107600212097
deepfloyd_if-i-xl-v1.0,48158769,-1.8811595439910889
deepfloyd_if-i-xl-v1.0,4970916,-1.0101226568222046
deepfloyd_if-i-xl-v1.0,43439649,-1.2446112632751465
deepfloyd_if-i-xl-v1.0,13390244,1.3482180833816528
deepfloyd_if-i-xl-v1.0,7872492,-1.5480955839157104
deepfloyd_if-i-xl-v1.0,42700105,-0.4710627794265747
deepfloyd_if-i-xl-v1.0,14885369,0.6292187571525574
deepfloyd_if-i-xl-v1.0,484362,-1.5037615299224854
deepfloyd_if-i-xl-v1.0,96901612,-1.8339924812316895
deepfloyd_if-i-xl-v1.0,45272674,-0.836846649646759
deepfloyd_if-i-xl-v1.0,1900347,-1.2436338663101196
deepfloyd_if-i-xl-v1.0,93287454,0.9313145875930786
deepfloyd_if-i-xl-v1.0,8386365,0.7030606269836426
deepfloyd_if-i-xl-v1.0,4415815,1.704581618309021
deepfloyd_if-i-xl-v1.0,71272708,0.29959169030189514
deepfloyd_if-i-xl-v1.0,29339489,0.4385244846343994
deepfloyd_if-i-xl-v1.0,4213105,0.2540562152862549
deepfloyd_if-i-xl-v1.0,72643947,-2.620309829711914
deepfloyd_if-i-xl-v1.0,38846472,-1.8720148801803589
deepfloyd_if-i-xl-v1.0,27162825,-0.8740602731704712
deepfloyd_if-i-xl-v1.0,22526844,-1.3574302196502686
deepfloyd_if-i-xl-v1.0,6186301,-0.10707030445337296
deepfloyd_if-i-xl-v1.0,7841907,0.9962050318717957
deepfloyd_if-i-xl-v1.0,4974575,-0.5814530253410339
deepfloyd_if-i-xl-v1.0,90408067,0.6586551666259766
deepfloyd_if-i-xl-v1.0,698609,-1.1763770580291748
deepfloyd_if-i-xl-v1.0,2716866,-1.862471580505371
deepfloyd_if-i-xl-v1.0,3040376,0.48647892475128174
deepfloyd_if-i-xl-v1.0,5328115,-2.617969274520874
deepfloyd_if-i-xl-v1.0,60579124,-2.559769630432129
deepfloyd_if-i-xl-v1.0,11596108,-3.745029926300049
deepfloyd_if-i-xl-v1.0,3460674,-1.0833115577697754
deepfloyd_if-i-xl-v1.0,839834,-1.6643282175064087
deepfloyd_if-i-xl-v1.0,86866807,-2.4504175186157227
deepfloyd_if-i-xl-v1.0,95450946,-0.1472274661064148
deepfloyd_if-i-xl-v1.0,4170037,1.5203360319137573
deepfloyd_if-i-xl-v1.0,7605040,-1.5242375135421753
deepfloyd_if-i-xl-v1.0,89221095,-0.5257530808448792
deepfloyd_if-i-xl-v1.0,95851097,-1.486581563949585
deepfloyd_if-i-xl-v1.0,1312908,-1.9920289516448975
deepfloyd_if-i-xl-v1.0,2908217,1.3294302225112915
deepfloyd_if-i-xl-v1.0,7114060,-1.1187970638275146
deepfloyd_if-i-xl-v1.0,23860855,-1.06327486038208
deepfloyd_if-i-xl-v1.0,61782322,-1.3082988262176514
deepfloyd_if-i-xl-v1.0,1156438,-0.6471257209777832
deepfloyd_if-i-xl-v1.0,49277743,-2.7909891605377197
deepfloyd_if-i-xl-v1.0,4959672,-1.1772061586380005
deepfloyd_if-i-xl-v1.0,72612178,-0.5992968678474426
deepfloyd_if-i-xl-v1.0,1678990,-0.13792981207370758
deepfloyd_if-i-xl-v1.0,65016379,-0.8860931396484375
deepfloyd_if-i-xl-v1.0,7448038,-1.707464575767517
deepfloyd_if-i-xl-v1.0,26393248,-1.1353538036346436
deepfloyd_if-i-xl-v1.0,64348125,-0.41169336438179016
deepfloyd_if-i-xl-v1.0,31968859,0.8278222680091858
deepfloyd_if-i-xl-v1.0,54795501,-3.359755754470825
deepfloyd_if-i-xl-v1.0,49334008,-0.7564466595649719
deepfloyd_if-i-xl-v1.0,80582351,-0.7177831530570984
deepfloyd_if-i-xl-v1.0,35684394,-0.9843016266822815
deepfloyd_if-i-xl-v1.0,41335508,0.9010293483734131
deepfloyd_if-i-xl-v1.0,85986140,-1.1077406406402588
deepfloyd_if-i-xl-v1.0,13282550,-1.941170334815979
deepfloyd_if-i-xl-v1.0,4112752,0.6618363857269287
deepfloyd_if-i-xl-v1.0,7896994,1.4097838401794434
deepfloyd_if-i-xl-v1.0,38297191,-0.023306049406528473
deepfloyd_if-i-xl-v1.0,487874,0.005818486679345369
deepfloyd_if-i-xl-v1.0,73195950,-0.34709393978118896
deepfloyd_if-i-xl-v1.0,5488943,0.07852911204099655
deepfloyd_if-i-xl-v1.0,73235584,1.7749603986740112
deepfloyd_if-i-xl-v1.0,17701072,0.2554709315299988
deepfloyd_if-i-xl-v1.0,85363317,-1.495093584060669
deepfloyd_if-i-xl-v1.0,70584915,-0.9908621907234192
deepfloyd_if-i-xl-v1.0,5250659,-3.573489189147949
deepfloyd_if-i-xl-v1.0,69164588,0.2340514063835144
deepfloyd_if-i-xl-v1.0,7650637,-0.23852671682834625
deepfloyd_if-i-xl-v1.0,7900406,0.08950134366750717
deepfloyd_if-i-xl-v1.0,74450341,-0.9221462607383728
deepfloyd_if-i-xl-v1.0,61250500,0.24145258963108063
deepfloyd_if-i-xl-v1.0,44556404,0.12832777202129364
deepfloyd_if-i-xl-v1.0,35017615,-1.350093126296997
deepfloyd_if-i-xl-v1.0,3258049,0.13082171976566315
deepfloyd_if-i-xl-v1.0,9409512,-0.05940992757678032
deepfloyd_if-i-xl-v1.0,13393155,0.4909832179546356
deepfloyd_if-i-xl-v1.0,11423471,-1.755111813545227
deepfloyd_if-i-xl-v1.0,65705077,-0.8581135272979736
deepfloyd_if-i-xl-v1.0,8466643,-0.6676440834999084
deepfloyd_if-i-xl-v1.0,87691904,1.0007190704345703
deepfloyd_if-i-xl-v1.0,3120778,0.7567217350006104
deepfloyd_if-i-xl-v1.0,4049405,0.43516552448272705
deepfloyd_if-i-xl-v1.0,33478721,-0.6581651568412781
deepfloyd_if-i-xl-v1.0,96455769,-2.3247125148773193
deepfloyd_if-i-xl-v1.0,2869737,-0.8386766910552979
deepfloyd_if-i-xl-v1.0,95360106,-3.0944323539733887
deepfloyd_if-i-xl-v1.0,29709830,0.32462427020072937
deepfloyd_if-i-xl-v1.0,1007463,-1.9994515180587769
deepfloyd_if-i-xl-v1.0,7700095,1.0097589492797852
deepfloyd_if-i-xl-v1.0,55776317,-1.2487164735794067
deepfloyd_if-i-xl-v1.0,87953533,-2.511631965637207
deepfloyd_if-i-xl-v1.0,2623934,1.047162652015686
deepfloyd_if-i-xl-v1.0,59976859,-0.28977733850479126
deepfloyd_if-i-xl-v1.0,5316083,-1.2212417125701904
deepfloyd_if-i-xl-v1.0,27127609,0.5265523791313171
deepfloyd_if-i-xl-v1.0,49253635,2.112687826156616
deepfloyd_if-i-xl-v1.0,54980329,-2.630655527114868
deepfloyd_if-i-xl-v1.0,75189545,-2.207209825515747
deepfloyd_if-i-xl-v1.0,87236802,-0.6502719521522522
deepfloyd_if-i-xl-v1.0,3274768,2.570878028869629
deepfloyd_if-i-xl-v1.0,13390963,1.606357216835022
deepfloyd_if-i-xl-v1.0,15660257,-0.14031575620174408
deepfloyd_if-i-xl-v1.0,13390405,2.349956750869751
deepfloyd_if-i-xl-v1.0,4092609,1.0533289909362793
deepfloyd_if-i-xl-v1.0,23534999,-3.0258140563964844
deepfloyd_if-i-xl-v1.0,3944400,2.8367514610290527
deepfloyd_if-i-xl-v1.0,47229046,1.493124008178711
deepfloyd_if-i-xl-v1.0,26344730,1.777518391609192
deepfloyd_if-i-xl-v1.0,64288087,-0.7701413035392761
deepfloyd_if-i-xl-v1.0,39580855,-0.8383830785751343
deepfloyd_if-i-xl-v1.0,86756267,-2.2193405628204346
deepfloyd_if-i-xl-v1.0,53572397,-2.0964488983154297
deepfloyd_if-i-xl-v1.0,47487339,0.09008365869522095
deepfloyd_if-i-xl-v1.0,10962718,-0.9399436116218567
deepfloyd_if-i-xl-v1.0,10120816,0.30694687366485596
deepfloyd_if-i-xl-v1.0,258400,0.28886741399765015
deepfloyd_if-i-xl-v1.0,1085130,0.219909206032753
deepfloyd_if-i-xl-v1.0,9778927,-0.24604901671409607
deepfloyd_if-i-xl-v1.0,94276419,1.5563839673995972
deepfloyd_if-i-xl-v1.0,2432395,-0.0604129359126091
deepfloyd_if-i-xl-v1.0,7626501,1.665272831916809
deepfloyd_if-i-xl-v1.0,94132969,2.3335747718811035
deepfloyd_if-i-xl-v1.0,13716686,-1.6454087495803833
deepfloyd_if-i-xl-v1.0,53716550,-1.2645907402038574
deepfloyd_if-i-xl-v1.0,70678701,-0.46957412362098694
deepfloyd_if-i-xl-v1.0,92894740,-0.9248363971710205
deepfloyd_if-i-xl-v1.0,7518698,-2.403648614883423
deepfloyd_if-i-xl-v1.0,47485554,-0.5504997968673706
deepfloyd_if-i-xl-v1.0,16846786,2.122969388961792
deepfloyd_if-i-xl-v1.0,7675962,0.5032191276550293
deepfloyd_if-i-xl-v1.0,6731697,-0.8928136825561523
deepfloyd_if-i-xl-v1.0,6881609,2.3608336448669434
deepfloyd_if-i-xl-v1.0,36853607,-1.1709526777267456
deepfloyd_if-i-xl-v1.0,14551822,-1.6420968770980835
deepfloyd_if-i-xl-v1.0,7665146,1.2952548265457153
deepfloyd_if-i-xl-v1.0,14929350,-2.583822250366211
deepfloyd_if-i-xl-v1.0,4273748,2.7233126163482666
deepfloyd_if-i-xl-v1.0,3595614,0.9081034064292908
deepfloyd_if-i-xl-v1.0,68736030,1.2521392107009888
deepfloyd_if-i-xl-v1.0,75817519,0.5217213034629822
deepfloyd_if-i-xl-v1.0,17250421,-2.0840466022491455
deepfloyd_if-i-xl-v1.0,20471715,2.2688050270080566
deepfloyd_if-i-xl-v1.0,52992863,0.2985065281391144
deepfloyd_if-i-xl-v1.0,32716209,0.4326947331428528
deepfloyd_if-i-xl-v1.0,53157997,1.2507809400558472
deepfloyd_if-i-xl-v1.0,165789,-1.3789762258529663
deepfloyd_if-i-xl-v1.0,21150082,-1.3201414346694946
deepfloyd_if-i-xl-v1.0,64241104,-2.623317003250122
deepfloyd_if-i-xl-v1.0,14700745,-1.0817393064498901
deepfloyd_if-i-xl-v1.0,7851767,1.0446442365646362
deepfloyd_if-i-xl-v1.0,73522979,-1.4153438806533813
deepfloyd_if-i-xl-v1.0,27115748,0.8222938179969788
deepfloyd_if-i-xl-v1.0,32649646,0.8723381757736206
deepfloyd_if-i-xl-v1.0,13392472,1.2929987907409668
deepfloyd_if-i-xl-v1.0,9872066,-1.71880304813385
deepfloyd_if-i-xl-v1.0,92300068,-1.7262051105499268
deepfloyd_if-i-xl-v1.0,84160141,0.677026629447937
deepfloyd_if-i-xl-v1.0,14193711,0.33786413073539734
deepfloyd_if-i-xl-v1.0,9238143,-3.1546781063079834
deepfloyd_if-i-xl-v1.0,485262,-1.2930636405944824
deepfloyd_if-i-xl-v1.0,7853762,2.9370052814483643
deepfloyd_if-i-xl-v1.0,4334599,0.1613113135099411
deepfloyd_if-i-xl-v1.0,4848642,-1.6678837537765503
deepfloyd_if-i-xl-v1.0,24809501,1.2385767698287964
deepfloyd_if-i-xl-v1.0,94259095,0.6025444269180298
deepfloyd_if-i-xl-v1.0,14902141,-0.2257995307445526
deepfloyd_if-i-xl-v1.0,6809360,0.7266691327095032
deepfloyd_if-i-xl-v1.0,13390525,1.0911623239517212
deepfloyd_if-i-xl-v1.0,51032852,0.2503349483013153
deepfloyd_if-i-xl-v1.0,42032953,0.7608457803726196
deepfloyd_if-i-xl-v1.0,4105893,0.5436566472053528
deepfloyd_if-i-xl-v1.0,7221176,-1.5999102592468262
deepfloyd_if-i-xl-v1.0,3357081,1.1496994495391846
deepfloyd_if-i-xl-v1.0,3097890,-1.5030758380889893
deepfloyd_if-i-xl-v1.0,9784564,-1.810258388519287
deepfloyd_if-i-xl-v1.0,35067527,-2.2114195823669434
deepfloyd_if-i-xl-v1.0,79247526,-1.1942543983459473
deepfloyd_if-i-xl-v1.0,8339706,0.18535418808460236
deepfloyd_if-i-xl-v1.0,7701597,0.7688652873039246
deepfloyd_if-i-xl-v1.0,17139506,-0.7297953367233276
deepfloyd_if-i-xl-v1.0,22128793,-2.277510643005371
deepfloyd_if-i-xl-v1.0,2958264,0.49805885553359985
deepfloyd_if-i-xl-v1.0,20813767,-0.1689743548631668
deepfloyd_if-i-xl-v1.0,21571856,-2.983948230743408
deepfloyd_if-i-xl-v1.0,44295589,-0.02865380048751831
deepfloyd_if-i-xl-v1.0,24268213,0.8854968547821045
deepfloyd_if-i-xl-v1.0,14294568,-1.091813087463379
deepfloyd_if-i-xl-v1.0,10249950,0.4167892634868622
deepfloyd_if-i-xl-v1.0,60871060,-2.2034497261047363
deepfloyd_if-i-xl-v1.0,13341052,-0.5161466002464294
deepfloyd_if-i-xl-v1.0,73513787,0.6812506318092346
deepfloyd_if-i-xl-v1.0,56250900,-0.011703893542289734
deepfloyd_if-i-xl-v1.0,77726888,1.0721652507781982
deepfloyd_if-i-xl-v1.0,16683885,-1.1257717609405518
deepfloyd_if-i-xl-v1.0,6615216,-1.2382363080978394
deepfloyd_if-i-xl-v1.0,6978180,0.32266074419021606
deepfloyd_if-i-xl-v1.0,43336178,2.432403087615967
deepfloyd_if-i-xl-v1.0,32910299,1.7347878217697144
deepfloyd_if-i-xl-v1.0,33820273,1.215253233909607
deepfloyd_if-i-xl-v1.0,61508014,2.7440292835235596
deepfloyd_if-i-xl-v1.0,71790556,-1.6490204334259033
deepfloyd_if-i-xl-v1.0,17389595,-0.5966418385505676
deepfloyd_if-i-xl-v1.0,66542088,-2.4744768142700195
deepfloyd_if-i-xl-v1.0,18622788,-0.19063620269298553
deepfloyd_if-i-xl-v1.0,3256166,0.9830603003501892
deepfloyd_if-i-xl-v1.0,283568,-0.32200127840042114
deepfloyd_if-i-xl-v1.0,3999621,1.588851809501648
deepfloyd_if-i-xl-v1.0,13649361,-0.4238845705986023
deepfloyd_if-i-xl-v1.0,55044971,-1.848874807357788
deepfloyd_if-i-xl-v1.0,31445703,1.9395310878753662
deepfloyd_if-i-xl-v1.0,4387400,-0.19182294607162476
deepfloyd_if-i-xl-v1.0,9112347,1.1272119283676147
deepfloyd_if-i-xl-v1.0,23550026,2.162480354309082
deepfloyd_if-i-xl-v1.0,484532,1.272747278213501
deepfloyd_if-i-xl-v1.0,3004146,1.697751760482788
deepfloyd_if-i-xl-v1.0,76513043,-0.9152437448501587
deepfloyd_if-i-xl-v1.0,58619052,0.7341946363449097
deepfloyd_if-i-xl-v1.0,1700470,-0.9437242150306702
deepfloyd_if-i-xl-v1.0,1219356,-1.9632198810577393
deepfloyd_if-i-xl-v1.0,33811506,-0.04253970831632614
deepfloyd_if-i-xl-v1.0,2939185,1.525601863861084
deepfloyd_if-i-xl-v1.0,78477963,0.6608022451400757
deepfloyd_if-i-xl-v1.0,484166,-2.4355061054229736
deepfloyd_if-i-xl-v1.0,3011892,0.026764165610074997
deepfloyd_if-i-xl-v1.0,76168485,-1.3151811361312866
deepfloyd_if-i-xl-v1.0,2857920,-1.4278560876846313
deepfloyd_if-i-xl-v1.0,13389864,1.3509207963943481
deepfloyd_if-i-xl-v1.0,28230803,0.10903219133615494
deepfloyd_if-i-xl-v1.0,255710,-2.300980806350708
deepfloyd_if-i-xl-v1.0,39139190,-0.3109852075576782
deepfloyd_if-i-xl-v1.0,58727024,-2.1219115257263184
deepfloyd_if-i-xl-v1.0,14872875,-0.9014890789985657
deepfloyd_if-i-xl-v1.0,87626249,-2.419280529022217
deepfloyd_if-i-xl-v1.0,62841330,0.12075593322515488
deepfloyd_if-i-xl-v1.0,60282819,-0.1183544173836708
deepfloyd_if-i-xl-v1.0,7606191,1.1068280935287476
deepfloyd_if-i-xl-v1.0,5654362,-2.277674674987793
deepfloyd_if-i-xl-v1.0,16766452,-1.4456855058670044
deepfloyd_if-i-xl-v1.0,84208735,-0.6990818381309509
deepfloyd_if-i-xl-v1.0,80293507,0.10633644461631775
deepfloyd_if-i-xl-v1.0,55144848,-1.119524598121643
deepfloyd_if-i-xl-v1.0,15219452,-0.10175400227308273
deepfloyd_if-i-xl-v1.0,1156899,-2.4617953300476074
deepfloyd_if-i-xl-v1.0,3724066,-1.6561622619628906
deepfloyd_if-i-xl-v1.0,712708,-0.9717690348625183
deepfloyd_if-i-xl-v1.0,62053601,-2.6152875423431396
deepfloyd_if-i-xl-v1.0,7853232,0.39973437786102295
deepfloyd_if-i-xl-v1.0,7608245,0.08775021880865097
deepfloyd_if-i-xl-v1.0,6615026,-0.3882778286933899
deepfloyd_if-i-xl-v1.0,75418473,0.18062390387058258
deepfloyd_if-i-xl-v1.0,32039825,-2.352311372756958
deepfloyd_if-i-xl-v1.0,95258670,-0.9965632557868958
deepfloyd_if-i-xl-v1.0,80900211,1.3671709299087524
deepfloyd_if-i-xl-v1.0,60907823,-1.8822686672210693
deepfloyd_if-i-xl-v1.0,85923129,0.031449250876903534
deepfloyd_if-i-xl-v1.0,91982540,-1.266210675239563
deepfloyd_if-i-xl-v1.0,49503226,1.1483783721923828
deepfloyd_if-i-xl-v1.0,1647543,-1.1067383289337158
deepfloyd_if-i-xl-v1.0,62785284,1.4541372060775757
deepfloyd_if-i-xl-v1.0,50141716,-0.16110099852085114
deepfloyd_if-i-xl-v1.0,13500605,-2.8471713066101074
deepfloyd_if-i-xl-v1.0,13392977,1.5539100170135498
deepfloyd_if-i-xl-v1.0,38384109,-0.13513652980327606
deepfloyd_if-i-xl-v1.0,80764398,-1.1953833103179932
deepfloyd_if-i-xl-v1.0,7507098,-1.1663738489151
deepfloyd_if-i-xl-v1.0,7844042,1.6426581144332886
deepfloyd_if-i-xl-v1.0,49808082,0.6134488582611084
deepfloyd_if-i-xl-v1.0,2684,0.021252907812595367
deepfloyd_if-i-xl-v1.0,13255145,1.4829130172729492
deepfloyd_if-i-xl-v1.0,49805097,-1.7919719219207764
deepfloyd_if-i-xl-v1.0,21620388,-0.39476531744003296
deepfloyd_if-i-xl-v1.0,16105868,1.810680627822876
deepfloyd_if-i-xl-v1.0,81508604,-2.5996649265289307
deepfloyd_if-i-xl-v1.0,36222549,-2.4878957271575928
deepfloyd_if-i-xl-v1.0,47920875,-1.967455506324768
deepfloyd_if-i-xl-v1.0,66989811,-0.5406481623649597
deepfloyd_if-i-xl-v1.0,81000992,0.4343055486679077
deepfloyd_if-i-xl-v1.0,52797535,-0.3034348785877228
deepfloyd_if-i-xl-v1.0,67965759,-0.5844897627830505
deepfloyd_if-i-xl-v1.0,46830278,2.342698097229004
deepfloyd_if-i-xl-v1.0,54064546,-0.3898750841617584
deepfloyd_if-i-xl-v1.0,2856463,-1.8970344066619873
deepfloyd_if-i-xl-v1.0,9935434,1.1339640617370605
deepfloyd_if-i-xl-v1.0,6254007,1.4513825178146362
deepfloyd_if-i-xl-v1.0,7735687,0.45327168703079224
deepfloyd_if-i-xl-v1.0,71991791,-0.7396010756492615
deepfloyd_if-i-xl-v1.0,4474466,0.3934262692928314
deepfloyd_if-i-xl-v1.0,91033905,2.6091232299804688
deepfloyd_if-i-xl-v1.0,63950415,-1.1358171701431274
deepfloyd_if-i-xl-v1.0,3309687,0.5134064555168152
deepfloyd_if-i-xl-v1.0,1799629,-0.06550360471010208
deepfloyd_if-i-xl-v1.0,4480201,0.6513616442680359
deepfloyd_if-i-xl-v1.0,52324532,1.0208195447921753
deepfloyd_if-i-xl-v1.0,98268620,0.06744728982448578
deepfloyd_if-i-xl-v1.0,93838376,-1.7385046482086182
deepfloyd_if-i-xl-v1.0,84089324,-1.7330988645553589
deepfloyd_if-i-xl-v1.0,56542691,0.12396413832902908
deepfloyd_if-i-xl-v1.0,32648423,0.1313617080450058
deepfloyd_if-i-xl-v1.0,13388111,0.06757789105176926
deepfloyd_if-i-xl-v1.0,55514503,1.1062750816345215
deepfloyd_if-i-xl-v1.0,69053775,-3.03244686126709
deepfloyd_if-i-xl-v1.0,8387806,-0.32050445675849915
deepfloyd_if-i-xl-v1.0,49384378,-1.1549009084701538
deepfloyd_if-i-xl-v1.0,99888646,1.0359152555465698
deepfloyd_if-i-xl-v1.0,42629092,0.17507754266262054
deepfloyd_if-i-xl-v1.0,2972533,-1.7711834907531738
deepfloyd_if-i-xl-v1.0,73799675,-0.6101393699645996
deepfloyd_if-i-xl-v1.0,93631459,-1.872554063796997
deepfloyd_if-i-xl-v1.0,21463039,-1.26566481590271
deepfloyd_if-i-xl-v1.0,62622374,0.2583431899547577
deepfloyd_if-i-xl-v1.0,23787339,0.29657578468322754
deepfloyd_if-i-xl-v1.0,16111057,0.09646260738372803
deepfloyd_if-i-xl-v1.0,1285338,-1.0344388484954834
deepfloyd_if-i-xl-v1.0,50265406,2.674556255340576
deepfloyd_if-i-xl-v1.0,63910894,0.4981763958930969
deepfloyd_if-i-xl-v1.0,79586833,-0.4542544484138489
deepfloyd_if-i-xl-v1.0,657728,-0.6301457285881042
deepfloyd_if-i-xl-v1.0,24462824,-1.9835294485092163
deepfloyd_if-i-xl-v1.0,4382334,0.8370081186294556
deepfloyd_if-i-xl-v1.0,46512778,2.2111339569091797
deepfloyd_if-i-xl-v1.0,9840050,0.11323192715644836
deepfloyd_if-i-xl-v1.0,7898895,0.3888176679611206
deepfloyd_if-i-xl-v1.0,9438466,-2.6502177715301514
deepfloyd_if-i-xl-v1.0,429034,2.5641636848449707
deepfloyd_if-i-xl-v1.0,50059436,0.4015454649925232
deepfloyd_if-i-xl-v1.0,50546712,1.0816326141357422
deepfloyd_if-i-xl-v1.0,90551775,1.1274093389511108
deepfloyd_if-i-xl-v1.0,10765679,-2.0642716884613037
deepfloyd_if-i-xl-v1.0,81020842,-0.36322012543678284
deepfloyd_if-i-xl-v1.0,10106452,-2.7797963619232178
deepfloyd_if-i-xl-v1.0,29124910,0.29733753204345703
deepfloyd_if-i-xl-v1.0,70653159,-2.1999635696411133
deepfloyd_if-i-xl-v1.0,3019434,1.1190158128738403
deepfloyd_if-i-xl-v1.0,4537889,1.0426450967788696
deepfloyd_if-i-xl-v1.0,50852688,-0.126724511384964
deepfloyd_if-i-xl-v1.0,18401368,-3.043102502822876
deepfloyd_if-i-xl-v1.0,93514151,-0.7712869644165039
deepfloyd_if-i-xl-v1.0,34439851,0.32875093817710876
deepfloyd_if-i-xl-v1.0,3876231,0.6457813382148743
deepfloyd_if-i-xl-v1.0,81836919,0.19586192071437836
deepfloyd_if-i-xl-v1.0,2082190,-1.9677855968475342
deepfloyd_if-i-xl-v1.0,95404859,-0.11250432580709457
deepfloyd_if-i-xl-v1.0,5730163,-0.27547305822372437
deepfloyd_if-i-xl-v1.0,1669070,2.3357698917388916
deepfloyd_if-i-xl-v1.0,25038436,-0.8128506541252136
deepfloyd_if-i-xl-v1.0,13374426,-1.1330875158309937
deepfloyd_if-i-xl-v1.0,33520697,-0.07487458735704422
deepfloyd_if-i-xl-v1.0,2718811,-1.2239595651626587
deepfloyd_if-i-xl-v1.0,14504726,-2.5510611534118652
deepfloyd_if-i-xl-v1.0,14960090,2.117469549179077
deepfloyd_if-i-xl-v1.0,59983939,-0.38976725935935974
deepfloyd_if-i-xl-v1.0,3850966,-1.545502781867981
deepfloyd_if-i-xl-v1.0,5512674,-2.24800181388855
deepfloyd_if-i-xl-v1.0,824767,-1.1297951936721802
deepfloyd_if-i-xl-v1.0,43891586,0.21991066634655
deepfloyd_if-i-xl-v1.0,485450,-0.9031603932380676
deepfloyd_if-i-xl-v1.0,36499000,-2.2024102210998535
deepfloyd_if-i-xl-v1.0,59791811,-2.170588493347168
deepfloyd_if-i-xl-v1.0,89778555,-2.5952706336975098
deepfloyd_if-i-xl-v1.0,14362179,-2.5335123538970947
deepfloyd_if-i-xl-v1.0,59439665,3.144542932510376
deepfloyd_if-i-xl-v1.0,3015254,-0.4045863151550293
deepfloyd_if-i-xl-v1.0,82282764,-2.0717034339904785
deepfloyd_if-i-xl-v1.0,51953789,1.1854486465454102
deepfloyd_if-i-xl-v1.0,79972225,-2.374268054962158
deepfloyd_if-i-xl-v1.0,85542515,2.5367813110351562
deepfloyd_if-i-xl-v1.0,63300372,-0.5936124920845032
deepfloyd_if-i-xl-v1.0,84851418,0.1866290420293808
deepfloyd_if-i-xl-v1.0,31595142,-0.7136911153793335
deepfloyd_if-i-xl-v1.0,41146010,-1.0890370607376099
deepfloyd_if-i-xl-v1.0,16066597,-1.3141425848007202
deepfloyd_if-i-xl-v1.0,40015479,-0.8262364268302917
deepfloyd_if-i-xl-v1.0,7666406,0.8011744618415833
deepfloyd_if-i-xl-v1.0,14946251,-0.11907170712947845
deepfloyd_if-i-xl-v1.0,79307342,1.3786470890045166
deepfloyd_if-i-xl-v1.0,92440304,-1.032677173614502
deepfloyd_if-i-xl-v1.0,137313,-2.1858651638031006
deepfloyd_if-i-xl-v1.0,94344159,0.36286628246307373
deepfloyd_if-i-xl-v1.0,486358,0.4932461977005005
deepfloyd_if-i-xl-v1.0,54495173,-1.1005423069000244
deepfloyd_if-i-xl-v1.0,1249724,-0.8790116906166077
deepfloyd_if-i-xl-v1.0,33732247,-1.1206196546554565
deepfloyd_if-i-xl-v1.0,39037282,0.44374537467956543
deepfloyd_if-i-xl-v1.0,67575368,2.3827922344207764
deepfloyd_if-i-xl-v1.0,84182856,-0.8756563663482666
deepfloyd_if-i-xl-v1.0,2459173,-1.5129075050354004
deepfloyd_if-i-xl-v1.0,3776460,0.5834121704101562
deepfloyd_if-i-xl-v1.0,87272902,-1.7618523836135864
deepfloyd_if-i-xl-v1.0,30487947,-0.20710624754428864
deepfloyd_if-i-xl-v1.0,48558214,-0.7679412364959717
deepfloyd_if-i-xl-v1.0,4154340,-0.31882745027542114
deepfloyd_if-i-xl-v1.0,30225071,0.7770870327949524
deepfloyd_if-i-xl-v1.0,53830617,0.4992624521255493
deepfloyd_if-i-xl-v1.0,30095734,-1.965328574180603
deepfloyd_if-i-xl-v1.0,50844265,-0.9145970344543457
deepfloyd_if-i-xl-v1.0,3902972,-2.3975906372070312
deepfloyd_if-i-xl-v1.0,73963841,0.5513611435890198
deepfloyd_if-i-xl-v1.0,49340311,-0.1293831318616867
deepfloyd_if-i-xl-v1.0,16318304,1.4799036979675293
deepfloyd_if-i-xl-v1.0,9614684,-1.5826702117919922
deepfloyd_if-i-xl-v1.0,97927504,1.1206974983215332
deepfloyd_if-i-xl-v1.0,27550909,0.057034313678741455
deepfloyd_if-i-xl-v1.0,97380146,0.17582423985004425
deepfloyd_if-i-xl-v1.0,39284065,-0.033271096646785736
deepfloyd_if-i-xl-v1.0,94532154,-1.8536430597305298
deepfloyd_if-i-xl-v1.0,285141,-2.1401913166046143
deepfloyd_if-i-xl-v1.0,15180934,-0.12735532224178314
deepfloyd_if-i-xl-v1.0,68321683,-0.056191571056842804
deepfloyd_if-i-xl-v1.0,43304323,-1.2369437217712402
deepfloyd_if-i-xl-v1.0,32932491,-1.1791930198669434
deepfloyd_if-i-xl-v1.0,39566065,0.47571179270744324
deepfloyd_if-i-xl-v1.0,14647235,-1.10523521900177
deepfloyd_if-i-xl-v1.0,38014258,0.8537999391555786
deepfloyd_if-i-xl-v1.0,64687077,1.7686923742294312
deepfloyd_if-i-xl-v1.0,3607029,-0.6965846419334412
deepfloyd_if-i-xl-v1.0,7701244,1.3507678508758545
deepfloyd_if-i-xl-v1.0,60215376,-1.6419212818145752
deepfloyd_if-i-xl-v1.0,13931145,-0.14099450409412384
deepfloyd_if-i-xl-v1.0,6946774,2.1068105697631836
deepfloyd_if-i-xl-v1.0,83418847,1.3005280494689941
deepfloyd_if-i-xl-v1.0,896677,-0.012011636048555374
deepfloyd_if-i-xl-v1.0,3685307,1.089281678199768
deepfloyd_if-i-xl-v1.0,1377758,-1.824267864227295
deepfloyd_if-i-xl-v1.0,19671124,-0.06567874550819397
deepfloyd_if-i-xl-v1.0,96850153,-0.2667553424835205
deepfloyd_if-i-xl-v1.0,39595218,-0.0924215167760849
deepfloyd_if-i-xl-v1.0,2825442,-1.62441086769104
deepfloyd_if-i-xl-v1.0,3728318,-1.5765380859375
deepfloyd_if-i-xl-v1.0,13290566,0.15801352262496948
deepfloyd_if-i-xl-v1.0,55653646,-2.9693048000335693
deepfloyd_if-i-xl-v1.0,79212243,0.993826687335968
deepfloyd_if-i-xl-v1.0,44645737,1.097574234008789
deepfloyd_if-i-xl-v1.0,70494671,2.0667905807495117
deepfloyd_if-i-xl-v1.0,489837,-1.6405014991760254
deepfloyd_if-i-xl-v1.0,4140340,-1.2443610429763794
deepfloyd_if-i-xl-v1.0,26078214,2.2164862155914307
deepfloyd_if-i-xl-v1.0,7605282,0.4421256184577942
deepfloyd_if-i-xl-v1.0,94006560,-2.101119041442871
deepfloyd_if-i-xl-v1.0,71910823,-0.06785984337329865
deepfloyd_if-i-xl-v1.0,4062807,0.2538367509841919
deepfloyd_if-i-xl-v1.0,53022028,2.2040891647338867
deepfloyd_if-i-xl-v1.0,4125853,-1.6564927101135254
deepfloyd_if-i-xl-v1.0,19855707,-0.004598281811922789
deepfloyd_if-i-xl-v1.0,42048260,-0.8176886439323425
deepfloyd_if-i-xl-v1.0,30484086,-1.392794132232666
deepfloyd_if-i-xl-v1.0,2720725,-1.0826603174209595
deepfloyd_if-i-xl-v1.0,10408552,-0.9537579417228699
deepfloyd_if-i-xl-v1.0,3982060,0.040971703827381134
deepfloyd_if-i-xl-v1.0,5958517,-1.9028501510620117
deepfloyd_if-i-xl-v1.0,3679712,1.5633023977279663
deepfloyd_if-i-xl-v1.0,52516409,1.2024224996566772
deepfloyd_if-i-xl-v1.0,9875188,0.216079980134964
deepfloyd_if-i-xl-v1.0,42931583,0.6233615279197693
deepfloyd_if-i-xl-v1.0,93407716,-1.5335705280303955
deepfloyd_if-i-xl-v1.0,65411270,-0.9276967644691467
deepfloyd_if-i-xl-v1.0,58761464,2.972943067550659
deepfloyd_if-i-xl-v1.0,3262349,0.10732095688581467
deepfloyd_if-i-xl-v1.0,84306831,0.9703944325447083
deepfloyd_if-i-xl-v1.0,14620257,-1.4243658781051636
deepfloyd_if-i-xl-v1.0,8876291,0.7406287789344788
deepfloyd_if-i-xl-v1.0,10939743,1.226994276046753
deepfloyd_if-i-xl-v1.0,68280322,0.20945870876312256
deepfloyd_if-i-xl-v1.0,65557844,1.1670897006988525
deepfloyd_if-i-xl-v1.0,91834546,2.6556661128997803
deepfloyd_if-i-xl-v1.0,48778998,2.4778506755828857
deepfloyd_if-i-xl-v1.0,81084879,-0.2262677699327469
deepfloyd_if-i-xl-v1.0,48827342,-0.5896827578544617
deepfloyd_if-i-xl-v1.0,24279280,-0.9451745748519897
deepfloyd_if-i-xl-v1.0,64804671,-1.17745041847229
deepfloyd_if-i-xl-v1.0,954751,-0.5701085329055786
deepfloyd_if-i-xl-v1.0,54741117,0.935075044631958
deepfloyd_if-i-xl-v1.0,3567116,-1.004372000694275
deepfloyd_if-i-xl-v1.0,3579142,-0.6912966966629028
deepfloyd_if-i-xl-v1.0,2770293,-1.7002700567245483
deepfloyd_if-i-xl-v1.0,487453,-0.4207943081855774
deepfloyd_if-i-xl-v1.0,25357915,-1.607101559638977
deepfloyd_if-i-xl-v1.0,5151701,-0.47665634751319885
deepfloyd_if-i-xl-v1.0,79562777,-1.4586340188980103
deepfloyd_if-i-xl-v1.0,23632794,2.600865125656128
deepfloyd_if-i-xl-v1.0,49835852,0.13309617340564728
deepfloyd_if-i-xl-v1.0,2723292,-0.9116966128349304
deepfloyd_if-i-xl-v1.0,30960746,-0.8094480633735657
deepfloyd_if-i-xl-v1.0,6126177,-0.07096412777900696
deepfloyd_if-i-xl-v1.0,51994569,-0.7707011699676514
deepfloyd_if-i-xl-v1.0,19088558,1.3681037425994873
deepfloyd_if-i-xl-v1.0,8856388,1.9679440259933472
deepfloyd_if-i-xl-v1.0,33670687,1.3756208419799805
deepfloyd_if-i-xl-v1.0,73767394,-2.660059928894043
deepfloyd_if-i-xl-v1.0,86763444,-0.8312975764274597
deepfloyd_if-i-xl-v1.0,40990377,1.846219539642334
deepfloyd_if-i-xl-v1.0,5160574,-0.4855806231498718
deepfloyd_if-i-xl-v1.0,14868967,-1.6627639532089233
deepfloyd_if-i-xl-v1.0,7666733,2.276885986328125
deepfloyd_if-i-xl-v1.0,52260046,-0.04817444831132889
deepfloyd_if-i-xl-v1.0,49901977,-0.12212266027927399
deepfloyd_if-i-xl-v1.0,7608641,-0.8421554565429688
deepfloyd_if-i-xl-v1.0,3464952,-0.2066233903169632
deepfloyd_if-i-xl-v1.0,13722757,-1.0327359437942505
deepfloyd_if-i-xl-v1.0,4445040,0.2256324738264084
deepfloyd_if-i-xl-v1.0,1316949,0.1689140349626541
deepfloyd_if-i-xl-v1.0,67004640,0.06579425185918808
deepfloyd_if-i-xl-v1.0,94954260,1.8468090295791626
deepfloyd_if-i-xl-v1.0,13968859,-2.0100417137145996
deepfloyd_if-i-xl-v1.0,84510135,0.7700285315513611
deepfloyd_if-i-xl-v1.0,33356609,-1.9175630807876587
deepfloyd_if-i-xl-v1.0,93355465,0.16349220275878906
deepfloyd_if-i-xl-v1.0,2403454,0.21205903589725494
deepfloyd_if-i-xl-v1.0,98295242,1.043460726737976
deepfloyd_if-i-xl-v1.0,14807737,0.37750422954559326
deepfloyd_if-i-xl-v1.0,82187094,-0.8938716053962708
deepfloyd_if-i-xl-v1.0,10801654,-0.21709968149662018
deepfloyd_if-i-xl-v1.0,44067878,-0.36948227882385254
deepfloyd_if-i-xl-v1.0,64468138,0.5558861494064331
deepfloyd_if-i-xl-v1.0,49281858,-1.8588547706604004
deepfloyd_if-i-xl-v1.0,2293715,-0.6522758603096008
deepfloyd_if-i-xl-v1.0,89906583,0.9658403396606445
deepfloyd_if-i-xl-v1.0,2166561,-0.4277927577495575
deepfloyd_if-i-xl-v1.0,4192521,1.0864529609680176
deepfloyd_if-i-xl-v1.0,77176143,0.08421928435564041
deepfloyd_if-i-xl-v1.0,43281009,0.6764782667160034
deepfloyd_if-i-xl-v1.0,10207169,0.6182361245155334
deepfloyd_if-i-xl-v1.0,13393427,1.0219647884368896
deepfloyd_if-i-xl-v1.0,90792893,0.37891340255737305
deepfloyd_if-i-xl-v1.0,7608980,-0.35807400941848755
deepfloyd_if-i-xl-v1.0,30649905,-1.4409898519515991
deepfloyd_if-i-xl-v1.0,32649465,-0.147161602973938
deepfloyd_if-i-xl-v1.0,83770744,0.435005247592926
deepfloyd_if-i-xl-v1.0,95655207,-0.3806656002998352
deepfloyd_if-i-xl-v1.0,75712061,0.1016935482621193
deepfloyd_if-i-xl-v1.0,40582181,-1.399876356124878
deepfloyd_if-i-xl-v1.0,34964210,-2.462374210357666
deepfloyd_if-i-xl-v1.0,74212159,2.6359245777130127
deepfloyd_if-i-xl-v1.0,80685264,-0.32171475887298584
deepfloyd_if-i-xl-v1.0,2963987,2.046283006668091
deepfloyd_if-i-xl-v1.0,72940495,0.37549129128456116
deepfloyd_if-i-xl-v1.0,31479295,-1.9193278551101685
deepfloyd_if-i-xl-v1.0,21740972,-0.3716798424720764
deepfloyd_if-i-xl-v1.0,9793248,0.27244365215301514
deepfloyd_if-i-xl-v1.0,50024219,2.2252562046051025
deepfloyd_if-i-xl-v1.0,37023685,-0.7310898303985596
deepfloyd_if-i-xl-v1.0,3744276,-0.1044064536690712
deepfloyd_if-i-xl-v1.0,36294018,0.4897773265838623
deepfloyd_if-i-xl-v1.0,5222456,-1.4486231803894043
deepfloyd_if-i-xl-v1.0,46265841,0.41061002016067505
deepfloyd_if-i-xl-v1.0,7854614,1.418524980545044
deepfloyd_if-i-xl-v1.0,81171971,-1.445465087890625
deepfloyd_if-i-xl-v1.0,14158812,-1.1251364946365356
deepfloyd_if-i-xl-v1.0,46239260,-1.7705403566360474
deepfloyd_if-i-xl-v1.0,13276519,-0.5528054237365723
deepfloyd_if-i-xl-v1.0,7832042,-1.244952917098999
deepfloyd_if-i-xl-v1.0,3948459,0.43183526396751404
deepfloyd_if-i-xl-v1.0,3676087,-0.14345870912075043
deepfloyd_if-i-xl-v1.0,53205877,-0.5294291973114014
deepfloyd_if-i-xl-v1.0,61420371,-0.7752122282981873
deepfloyd_if-i-xl-v1.0,74098561,-1.080277919769287
deepfloyd_if-i-xl-v1.0,2384741,-0.4251239597797394
deepfloyd_if-i-xl-v1.0,11344159,-1.3373491764068604
deepfloyd_if-i-xl-v1.0,6617866,-1.0692092180252075
deepfloyd_if-i-xl-v1.0,12100538,-1.4293313026428223
deepfloyd_if-i-xl-v1.0,18738180,-0.916313886642456
deepfloyd_if-i-xl-v1.0,3887066,-2.046157121658325
deepfloyd_if-i-xl-v1.0,49176952,0.04291685298085213
deepfloyd_if-i-xl-v1.0,440189,1.2144356966018677
deepfloyd_if-i-xl-v1.0,6880664,-1.162794589996338
deepfloyd_if-i-xl-v1.0,3049457,0.2769792377948761
deepfloyd_if-i-xl-v1.0,232765,-0.20684944093227386
deepfloyd_if-i-xl-v1.0,54931507,-0.3972575068473816
deepfloyd_if-i-xl-v1.0,55983905,-2.0008835792541504
deepfloyd_if-i-xl-v1.0,1317533,1.4147677421569824
deepfloyd_if-i-xl-v1.0,52325745,-3.0449044704437256
deepfloyd_if-i-xl-v1.0,77490593,0.12368126958608627
deepfloyd_if-i-xl-v1.0,11334088,0.7538131475448608
deepfloyd_if-i-xl-v1.0,7871940,1.4039207696914673
deepfloyd_if-i-xl-v1.0,14787520,1.2702738046646118
deepfloyd_if-i-xl-v1.0,26744373,1.9292720556259155
deepfloyd_if-i-xl-v1.0,19589122,-1.474379062652588
deepfloyd_if-i-xl-v1.0,12194554,0.757358193397522
deepfloyd_if-i-xl-v1.0,28969978,-0.4812029302120209
deepfloyd_if-i-xl-v1.0,42938758,-1.0898927450180054
deepfloyd_if-i-xl-v1.0,3339643,-2.1230292320251465
deepfloyd_if-i-xl-v1.0,20304383,0.7843342423439026
deepfloyd_if-i-xl-v1.0,4600730,-2.127229690551758
deepfloyd_if-i-xl-v1.0,4186455,-0.7268814444541931
deepfloyd_if-i-xl-v1.0,2956883,0.19492362439632416
deepfloyd_if-i-xl-v1.0,4233715,0.24213439226150513
deepfloyd_if-i-xl-v1.0,65698435,-0.8556438088417053
deepfloyd_if-i-xl-v1.0,5752544,-0.06534986943006516
deepfloyd_if-i-xl-v1.0,52999714,-0.9788320064544678
deepfloyd_if-i-xl-v1.0,44648248,1.3756166696548462
deepfloyd_if-i-xl-v1.0,52161346,0.8788416981697083
deepfloyd_if-i-xl-v1.0,35201778,1.2366046905517578
deepfloyd_if-i-xl-v1.0,28192869,1.1291708946228027
deepfloyd_if-i-xl-v1.0,90219376,-2.4867641925811768
deepfloyd_if-i-xl-v1.0,86558271,-0.8099547624588013
deepfloyd_if-i-xl-v1.0,5902786,-1.7615629434585571
deepfloyd_if-i-xl-v1.0,77227854,-0.5986584424972534
deepfloyd_if-i-xl-v1.0,3175081,2.2287533283233643
deepfloyd_if-i-xl-v1.0,1707698,0.019288696348667145
deepfloyd_if-i-xl-v1.0,5177483,0.8450701236724854
deepfloyd_if-i-xl-v1.0,15184755,-0.7180706858634949
deepfloyd_if-i-xl-v1.0,36548691,0.0632159635424614
deepfloyd_if-i-xl-v1.0,5310790,-2.1624300479888916
deepfloyd_if-i-xl-v1.0,4549122,1.0878132581710815
deepfloyd_if-i-xl-v1.0,60072667,-0.15612581372261047
deepfloyd_if-i-xl-v1.0,139367,-2.6260080337524414
deepfloyd_if-i-xl-v1.0,16117581,-1.8907228708267212
deepfloyd_if-i-xl-v1.0,47595810,-1.4840024709701538
deepfloyd_if-i-xl-v1.0,7925966,1.3776309490203857
deepfloyd_if-i-xl-v1.0,80949464,-0.3075920641422272
deepfloyd_if-i-xl-v1.0,62273667,1.6720927953720093
deepfloyd_if-i-xl-v1.0,57687763,-0.332680344581604
deepfloyd_if-i-xl-v1.0,76561220,-0.9579706788063049
deepfloyd_if-i-xl-v1.0,4046172,-0.5921037197113037
deepfloyd_if-i-xl-v1.0,25650011,0.4848593473434448
deepfloyd_if-i-xl-v1.0,2783324,1.237449049949646
deepfloyd_if-i-xl-v1.0,7592558,2.8610949516296387
deepfloyd_if-i-xl-v1.0,7882420,1.1734849214553833
deepfloyd_if-i-xl-v1.0,19493133,-1.295164942741394
deepfloyd_if-i-xl-v1.0,582388,-2.0129644870758057
deepfloyd_if-i-xl-v1.0,63721164,0.25423696637153625
deepfloyd_if-i-xl-v1.0,99192131,-2.0254383087158203
deepfloyd_if-i-xl-v1.0,7896060,0.9618170857429504
deepfloyd_if-i-xl-v1.0,14442985,-1.3470338582992554
deepfloyd_if-i-xl-v1.0,20441571,-0.5588698983192444
deepfloyd_if-i-xl-v1.0,14488912,-0.16907787322998047
deepfloyd_if-i-xl-v1.0,42308760,-0.7107523679733276
deepfloyd_if-i-xl-v1.0,7128527,0.2668556272983551
deepfloyd_if-i-xl-v1.0,7712559,0.7895086407661438
deepfloyd_if-i-xl-v1.0,5980412,-0.29391729831695557
deepfloyd_if-i-xl-v1.0,7239428,-0.11508740484714508
deepfloyd_if-i-xl-v1.0,7855317,0.31065577268600464
deepfloyd_if-i-xl-v1.0,2394477,-0.1118972972035408
deepfloyd_if-i-xl-v1.0,4555400,-1.1924347877502441
deepfloyd_if-i-xl-v1.0,76425345,0.4205954074859619
deepfloyd_if-i-xl-v1.0,7896560,1.742685317993164
deepfloyd_if-i-xl-v1.0,67793552,-1.0516680479049683
deepfloyd_if-i-xl-v1.0,838098,0.7925443649291992
deepfloyd_if-i-xl-v1.0,20471134,0.4783879518508911
deepfloyd_if-i-xl-v1.0,48624808,0.45721590518951416
deepfloyd_if-i-xl-v1.0,86154729,-1.62282395362854
deepfloyd_if-i-xl-v1.0,97662732,-0.01987658441066742
deepfloyd_if-i-xl-v1.0,4773596,-1.6816513538360596
deepfloyd_if-i-xl-v1.0,24808131,-2.520329236984253
deepfloyd_if-i-xl-v1.0,4467099,0.9574667811393738
deepfloyd_if-i-xl-v1.0,55372761,-2.438181161880493
deepfloyd_if-i-xl-v1.0,57729980,0.454110324382782
deepfloyd_if-i-xl-v1.0,14175313,0.45947176218032837
deepfloyd_if-i-xl-v1.0,7600394,0.03232104331254959
deepfloyd_if-i-xl-v1.0,95023734,-1.1679606437683105
deepfloyd_if-i-xl-v1.0,51037710,0.8637630939483643
deepfloyd_if-i-xl-v1.0,38925075,-2.225306272506714
deepfloyd_if-i-xl-v1.0,2724207,-1.786688208580017
deepfloyd_if-i-xl-v1.0,3119203,-0.16782096028327942
deepfloyd_if-i-xl-v1.0,95345193,0.9433924555778503
deepfloyd_if-i-xl-v1.0,42348065,-0.5193849205970764
deepfloyd_if-i-xl-v1.0,43776767,-0.696029782295227
deepfloyd_if-i-xl-v1.0,25674759,-0.12136612832546234
deepfloyd_if-i-xl-v1.0,11796913,0.5171182155609131
deepfloyd_if-i-xl-v1.0,4436542,-0.15020513534545898
deepfloyd_if-i-xl-v1.0,7148192,-0.10739678889513016
deepfloyd_if-i-xl-v1.0,93256557,0.35972172021865845
deepfloyd_if-i-xl-v1.0,60375309,-1.8136132955551147
deepfloyd_if-i-xl-v1.0,7710616,0.8605383634567261
deepfloyd_if-i-xl-v1.0,38954086,-2.1941230297088623
deepfloyd_if-i-xl-v1.0,717468,-1.4347683191299438
deepfloyd_if-i-xl-v1.0,7698915,-1.2363286018371582
deepfloyd_if-i-xl-v1.0,80540387,-0.740964412689209
deepfloyd_if-i-xl-v1.0,9427682,-1.5666135549545288
deepfloyd_if-i-xl-v1.0,71591839,-0.4086778163909912
deepfloyd_if-i-xl-v1.0,7109847,-1.8535667657852173
deepfloyd_if-i-xl-v1.0,7150023,-0.37736088037490845
deepfloyd_if-i-xl-v1.0,76708750,-2.2690978050231934
deepfloyd_if-i-xl-v1.0,4155889,-0.11875312030315399
deepfloyd_if-i-xl-v1.0,68357063,-2.4207942485809326
deepfloyd_if-i-xl-v1.0,52421820,0.3976278603076935
deepfloyd_if-i-xl-v1.0,34890398,-1.6349233388900757
deepfloyd_if-i-xl-v1.0,3196324,1.325116515159607
pixart-alpha_pixart-sigma-xl-2-512-ms,44691336,1.7358131408691406
pixart-alpha_pixart-sigma-xl-2-512-ms,13390139,0.4807102382183075
pixart-alpha_pixart-sigma-xl-2-512-ms,93010875,-0.6227549314498901
pixart-alpha_pixart-sigma-xl-2-512-ms,5407119,-0.10440003871917725
pixart-alpha_pixart-sigma-xl-2-512-ms,46372218,-0.4315456748008728
pixart-alpha_pixart-sigma-xl-2-512-ms,15152261,1.1315475702285767
pixart-alpha_pixart-sigma-xl-2-512-ms,4970916,-0.4013592600822449
pixart-alpha_pixart-sigma-xl-2-512-ms,23890282,-0.7984603047370911
pixart-alpha_pixart-sigma-xl-2-512-ms,6118563,-1.4874674081802368
pixart-alpha_pixart-sigma-xl-2-512-ms,7872492,-1.004838228225708
pixart-alpha_pixart-sigma-xl-2-512-ms,45778553,0.7764602303504944
pixart-alpha_pixart-sigma-xl-2-512-ms,484362,-0.2909315228462219
pixart-alpha_pixart-sigma-xl-2-512-ms,6474289,0.2080274075269699
pixart-alpha_pixart-sigma-xl-2-512-ms,45272674,0.8517100811004639
pixart-alpha_pixart-sigma-xl-2-512-ms,3930630,1.4691659212112427
pixart-alpha_pixart-sigma-xl-2-512-ms,9737139,1.8365495204925537
pixart-alpha_pixart-sigma-xl-2-512-ms,4379964,2.3138747215270996
pixart-alpha_pixart-sigma-xl-2-512-ms,60083345,-1.2197028398513794
pixart-alpha_pixart-sigma-xl-2-512-ms,1900347,0.08936508744955063
pixart-alpha_pixart-sigma-xl-2-512-ms,2676393,-0.7286563515663147
pixart-alpha_pixart-sigma-xl-2-512-ms,15078050,0.7907025814056396
pixart-alpha_pixart-sigma-xl-2-512-ms,72643947,0.4672772288322449
pixart-alpha_pixart-sigma-xl-2-512-ms,1496962,-0.48860907554626465
pixart-alpha_pixart-sigma-xl-2-512-ms,487228,1.7253202199935913
pixart-alpha_pixart-sigma-xl-2-512-ms,83803292,-1.0962035655975342
pixart-alpha_pixart-sigma-xl-2-512-ms,6333690,0.47407880425453186
pixart-alpha_pixart-sigma-xl-2-512-ms,29330802,0.13233394920825958
pixart-alpha_pixart-sigma-xl-2-512-ms,44678614,1.0391336679458618
pixart-alpha_pixart-sigma-xl-2-512-ms,62123764,-0.41591203212738037
pixart-alpha_pixart-sigma-xl-2-512-ms,7607605,1.9491608142852783
pixart-alpha_pixart-sigma-xl-2-512-ms,3040376,2.4659087657928467
pixart-alpha_pixart-sigma-xl-2-512-ms,4971928,0.3101704716682434
pixart-alpha_pixart-sigma-xl-2-512-ms,2815950,-0.7044408321380615
pixart-alpha_pixart-sigma-xl-2-512-ms,10628644,2.073009967803955
pixart-alpha_pixart-sigma-xl-2-512-ms,81755217,-1.8175426721572876
pixart-alpha_pixart-sigma-xl-2-512-ms,85408051,-0.19020266830921173
pixart-alpha_pixart-sigma-xl-2-512-ms,53850406,1.6868962049484253
pixart-alpha_pixart-sigma-xl-2-512-ms,9625789,-1.0029056072235107
pixart-alpha_pixart-sigma-xl-2-512-ms,89221095,-0.47515007853507996
pixart-alpha_pixart-sigma-xl-2-512-ms,99014577,1.5302919149398804
pixart-alpha_pixart-sigma-xl-2-512-ms,76698614,-0.8735103011131287
pixart-alpha_pixart-sigma-xl-2-512-ms,14867245,1.931850552558899
pixart-alpha_pixart-sigma-xl-2-512-ms,91835691,-0.7752697467803955
pixart-alpha_pixart-sigma-xl-2-512-ms,75025274,1.3767786026000977
pixart-alpha_pixart-sigma-xl-2-512-ms,10500419,1.9332133531570435
pixart-alpha_pixart-sigma-xl-2-512-ms,6616806,-0.2547907829284668
pixart-alpha_pixart-sigma-xl-2-512-ms,7854813,-0.4154115915298462
pixart-alpha_pixart-sigma-xl-2-512-ms,49122514,-2.1232187747955322
pixart-alpha_pixart-sigma-xl-2-512-ms,81765919,-2.1660213470458984
pixart-alpha_pixart-sigma-xl-2-512-ms,56112588,-1.461051344871521
pixart-alpha_pixart-sigma-xl-2-512-ms,26393248,0.6741496324539185
pixart-alpha_pixart-sigma-xl-2-512-ms,24358919,-0.460721492767334
pixart-alpha_pixart-sigma-xl-2-512-ms,9998101,-0.031216606497764587
pixart-alpha_pixart-sigma-xl-2-512-ms,37721350,-0.637878954410553
pixart-alpha_pixart-sigma-xl-2-512-ms,75361285,-0.9897439479827881
pixart-alpha_pixart-sigma-xl-2-512-ms,1710177,0.10600384324789047
pixart-alpha_pixart-sigma-xl-2-512-ms,62646612,1.924658179283142
pixart-alpha_pixart-sigma-xl-2-512-ms,13282550,0.18890923261642456
pixart-alpha_pixart-sigma-xl-2-512-ms,29254385,0.2885041832923889
pixart-alpha_pixart-sigma-xl-2-512-ms,74192899,2.698566436767578
pixart-alpha_pixart-sigma-xl-2-512-ms,80889958,1.5140491724014282
pixart-alpha_pixart-sigma-xl-2-512-ms,73235584,-1.3906947374343872
pixart-alpha_pixart-sigma-xl-2-512-ms,64385125,1.2617906332015991
pixart-alpha_pixart-sigma-xl-2-512-ms,7852712,0.4312991499900818
pixart-alpha_pixart-sigma-xl-2-512-ms,10333317,1.832250952720642
pixart-alpha_pixart-sigma-xl-2-512-ms,45239694,-0.5355594754219055
pixart-alpha_pixart-sigma-xl-2-512-ms,85363317,0.2809572219848633
pixart-alpha_pixart-sigma-xl-2-512-ms,3318675,0.40313512086868286
pixart-alpha_pixart-sigma-xl-2-512-ms,14237561,-1.4829398393630981
pixart-alpha_pixart-sigma-xl-2-512-ms,18534016,2.5157065391540527
pixart-alpha_pixart-sigma-xl-2-512-ms,44020468,0.025847353041172028
pixart-alpha_pixart-sigma-xl-2-512-ms,13392580,0.9760363698005676
pixart-alpha_pixart-sigma-xl-2-512-ms,17989058,1.0176697969436646
pixart-alpha_pixart-sigma-xl-2-512-ms,15006258,-0.2568932771682739
pixart-alpha_pixart-sigma-xl-2-512-ms,7494363,1.3664289712905884
pixart-alpha_pixart-sigma-xl-2-512-ms,80630155,-0.9058897495269775
pixart-alpha_pixart-sigma-xl-2-512-ms,4370048,0.8743762373924255
pixart-alpha_pixart-sigma-xl-2-512-ms,3200906,0.5183617472648621
pixart-alpha_pixart-sigma-xl-2-512-ms,29148617,1.1067631244659424
pixart-alpha_pixart-sigma-xl-2-512-ms,12402348,-0.7169412970542908
pixart-alpha_pixart-sigma-xl-2-512-ms,2932693,2.2747955322265625
pixart-alpha_pixart-sigma-xl-2-512-ms,44556404,-1.3165857791900635
pixart-alpha_pixart-sigma-xl-2-512-ms,36438401,1.2994836568832397
pixart-alpha_pixart-sigma-xl-2-512-ms,343246,-0.018423743546009064
pixart-alpha_pixart-sigma-xl-2-512-ms,44162324,0.1852961927652359
pixart-alpha_pixart-sigma-xl-2-512-ms,60461773,0.8780480623245239
pixart-alpha_pixart-sigma-xl-2-512-ms,6615927,-0.08110132813453674
pixart-alpha_pixart-sigma-xl-2-512-ms,10199411,-0.5890139937400818
pixart-alpha_pixart-sigma-xl-2-512-ms,8466643,1.3610824346542358
pixart-alpha_pixart-sigma-xl-2-512-ms,96443030,2.0921876430511475
pixart-alpha_pixart-sigma-xl-2-512-ms,7584526,1.6127188205718994
pixart-alpha_pixart-sigma-xl-2-512-ms,23620164,1.2630215883255005
pixart-alpha_pixart-sigma-xl-2-512-ms,32973431,-0.3599189221858978
pixart-alpha_pixart-sigma-xl-2-512-ms,33478721,0.3919232487678528
pixart-alpha_pixart-sigma-xl-2-512-ms,90033215,-1.6977946758270264
pixart-alpha_pixart-sigma-xl-2-512-ms,86520164,-2.6942813396453857
pixart-alpha_pixart-sigma-xl-2-512-ms,17045773,1.8036000728607178
pixart-alpha_pixart-sigma-xl-2-512-ms,1007463,0.06998826563358307
pixart-alpha_pixart-sigma-xl-2-512-ms,64737402,-0.29571592807769775
pixart-alpha_pixart-sigma-xl-2-512-ms,13163553,-1.272875428199768
pixart-alpha_pixart-sigma-xl-2-512-ms,1158543,1.2746158838272095
pixart-alpha_pixart-sigma-xl-2-512-ms,15039179,1.0928329229354858
pixart-alpha_pixart-sigma-xl-2-512-ms,29106657,-1.2965444326400757
pixart-alpha_pixart-sigma-xl-2-512-ms,99157533,-2.0405659675598145
pixart-alpha_pixart-sigma-xl-2-512-ms,17071702,1.7695889472961426
pixart-alpha_pixart-sigma-xl-2-512-ms,1922303,-0.7521384954452515
pixart-alpha_pixart-sigma-xl-2-512-ms,17277882,1.1610350608825684
pixart-alpha_pixart-sigma-xl-2-512-ms,54980329,0.05401838570833206
pixart-alpha_pixart-sigma-xl-2-512-ms,87236802,1.4174093008041382
pixart-alpha_pixart-sigma-xl-2-512-ms,9044146,-1.289750337600708
pixart-alpha_pixart-sigma-xl-2-512-ms,35029437,1.8811143636703491
pixart-alpha_pixart-sigma-xl-2-512-ms,29030158,-0.0662425085902214
pixart-alpha_pixart-sigma-xl-2-512-ms,35817262,-0.7715234160423279
pixart-alpha_pixart-sigma-xl-2-512-ms,13390405,-0.1939786821603775
pixart-alpha_pixart-sigma-xl-2-512-ms,13966976,-1.684848427772522
pixart-alpha_pixart-sigma-xl-2-512-ms,30097141,2.3991756439208984
pixart-alpha_pixart-sigma-xl-2-512-ms,32315013,-0.5897905230522156
pixart-alpha_pixart-sigma-xl-2-512-ms,52078222,-0.07096589356660843
pixart-alpha_pixart-sigma-xl-2-512-ms,17098967,2.1247987747192383
pixart-alpha_pixart-sigma-xl-2-512-ms,63044297,-0.4694850444793701
pixart-alpha_pixart-sigma-xl-2-512-ms,21199340,2.717585802078247
pixart-alpha_pixart-sigma-xl-2-512-ms,98868151,-0.05595528706908226
pixart-alpha_pixart-sigma-xl-2-512-ms,2766320,1.818935513496399
pixart-alpha_pixart-sigma-xl-2-512-ms,53572397,-1.608772873878479
pixart-alpha_pixart-sigma-xl-2-512-ms,47487339,2.3986079692840576
pixart-alpha_pixart-sigma-xl-2-512-ms,993754,-0.8924799561500549
pixart-alpha_pixart-sigma-xl-2-512-ms,1085130,-0.18136952817440033
pixart-alpha_pixart-sigma-xl-2-512-ms,61274500,-0.30817851424217224
pixart-alpha_pixart-sigma-xl-2-512-ms,94276419,0.7993066310882568
pixart-alpha_pixart-sigma-xl-2-512-ms,24942232,1.2941564321517944
pixart-alpha_pixart-sigma-xl-2-512-ms,55818864,-1.4089432954788208
pixart-alpha_pixart-sigma-xl-2-512-ms,96793364,-1.7011255025863647
pixart-alpha_pixart-sigma-xl-2-512-ms,79970467,-0.30699655413627625
pixart-alpha_pixart-sigma-xl-2-512-ms,3481172,1.0699495077133179
pixart-alpha_pixart-sigma-xl-2-512-ms,39654737,0.9357905983924866
pixart-alpha_pixart-sigma-xl-2-512-ms,993014,0.6354593634605408
pixart-alpha_pixart-sigma-xl-2-512-ms,4259202,-0.588728129863739
pixart-alpha_pixart-sigma-xl-2-512-ms,8631750,-1.3809274435043335
pixart-alpha_pixart-sigma-xl-2-512-ms,70189586,0.898712694644928
pixart-alpha_pixart-sigma-xl-2-512-ms,879759,0.4161214232444763
pixart-alpha_pixart-sigma-xl-2-512-ms,84034574,2.0433173179626465
pixart-alpha_pixart-sigma-xl-2-512-ms,94593243,1.7650445699691772
pixart-alpha_pixart-sigma-xl-2-512-ms,8473173,1.9342854022979736
pixart-alpha_pixart-sigma-xl-2-512-ms,7701372,-0.4802190661430359
pixart-alpha_pixart-sigma-xl-2-512-ms,66434215,-1.9549223184585571
pixart-alpha_pixart-sigma-xl-2-512-ms,29843255,-0.41409608721733093
pixart-alpha_pixart-sigma-xl-2-512-ms,15213484,1.3538042306900024
pixart-alpha_pixart-sigma-xl-2-512-ms,68234145,1.7840808629989624
pixart-alpha_pixart-sigma-xl-2-512-ms,53528715,0.7769880294799805
pixart-alpha_pixart-sigma-xl-2-512-ms,68841254,-1.8570518493652344
pixart-alpha_pixart-sigma-xl-2-512-ms,4399269,0.8283481001853943
pixart-alpha_pixart-sigma-xl-2-512-ms,4171459,1.1162625551223755
pixart-alpha_pixart-sigma-xl-2-512-ms,98321543,0.39571407437324524
pixart-alpha_pixart-sigma-xl-2-512-ms,1072949,2.400710344314575
pixart-alpha_pixart-sigma-xl-2-512-ms,18482012,0.15799850225448608
pixart-alpha_pixart-sigma-xl-2-512-ms,53157997,0.6047989130020142
pixart-alpha_pixart-sigma-xl-2-512-ms,13719362,-0.9591359496116638
pixart-alpha_pixart-sigma-xl-2-512-ms,6567313,2.0972297191619873
pixart-alpha_pixart-sigma-xl-2-512-ms,94752674,-0.1833074688911438
pixart-alpha_pixart-sigma-xl-2-512-ms,84724623,-1.8815006017684937
pixart-alpha_pixart-sigma-xl-2-512-ms,56458800,-0.6022758483886719
pixart-alpha_pixart-sigma-xl-2-512-ms,50519873,0.514197051525116
pixart-alpha_pixart-sigma-xl-2-512-ms,32649646,0.12898273766040802
pixart-alpha_pixart-sigma-xl-2-512-ms,16732049,0.9604390263557434
pixart-alpha_pixart-sigma-xl-2-512-ms,47177665,0.44620373845100403
pixart-alpha_pixart-sigma-xl-2-512-ms,44752974,-0.016435138881206512
pixart-alpha_pixart-sigma-xl-2-512-ms,10106752,1.827463150024414
pixart-alpha_pixart-sigma-xl-2-512-ms,55600202,-1.7429438829421997
pixart-alpha_pixart-sigma-xl-2-512-ms,91730798,1.271020770072937
pixart-alpha_pixart-sigma-xl-2-512-ms,84000199,-0.14410370588302612
pixart-alpha_pixart-sigma-xl-2-512-ms,89572944,0.1935298889875412
pixart-alpha_pixart-sigma-xl-2-512-ms,3603442,0.17866593599319458
pixart-alpha_pixart-sigma-xl-2-512-ms,11485612,-0.2111445963382721
pixart-alpha_pixart-sigma-xl-2-512-ms,61637220,0.3584553003311157
pixart-alpha_pixart-sigma-xl-2-512-ms,7598734,1.1336545944213867
pixart-alpha_pixart-sigma-xl-2-512-ms,7853762,0.7238680124282837
pixart-alpha_pixart-sigma-xl-2-512-ms,96971306,2.8281373977661133
pixart-alpha_pixart-sigma-xl-2-512-ms,56042945,-1.3387916088104248
pixart-alpha_pixart-sigma-xl-2-512-ms,1718952,-0.040118508040905
pixart-alpha_pixart-sigma-xl-2-512-ms,14938382,-1.3118253946304321
pixart-alpha_pixart-sigma-xl-2-512-ms,28976520,-0.546527624130249
pixart-alpha_pixart-sigma-xl-2-512-ms,76318112,1.1650493144989014
pixart-alpha_pixart-sigma-xl-2-512-ms,6809360,0.927456796169281
pixart-alpha_pixart-sigma-xl-2-512-ms,16912000,0.7762081027030945
pixart-alpha_pixart-sigma-xl-2-512-ms,13317638,-1.1159621477127075
pixart-alpha_pixart-sigma-xl-2-512-ms,9875353,1.462646484375
pixart-alpha_pixart-sigma-xl-2-512-ms,22638558,2.0109059810638428
pixart-alpha_pixart-sigma-xl-2-512-ms,33842974,1.3038396835327148
pixart-alpha_pixart-sigma-xl-2-512-ms,3221205,0.45219284296035767
pixart-alpha_pixart-sigma-xl-2-512-ms,13793330,-1.6045082807540894
pixart-alpha_pixart-sigma-xl-2-512-ms,18564233,-1.544783353805542
pixart-alpha_pixart-sigma-xl-2-512-ms,14842992,0.3728952407836914
pixart-alpha_pixart-sigma-xl-2-512-ms,43197590,0.36829522252082825
pixart-alpha_pixart-sigma-xl-2-512-ms,3097890,1.191109538078308
pixart-alpha_pixart-sigma-xl-2-512-ms,93028115,-0.935204267501831
pixart-alpha_pixart-sigma-xl-2-512-ms,7745320,1.9286611080169678
pixart-alpha_pixart-sigma-xl-2-512-ms,3447358,-1.6771929264068604
pixart-alpha_pixart-sigma-xl-2-512-ms,54308107,1.1956342458724976
pixart-alpha_pixart-sigma-xl-2-512-ms,4208210,1.5779742002487183
pixart-alpha_pixart-sigma-xl-2-512-ms,43949086,1.440828561782837
pixart-alpha_pixart-sigma-xl-2-512-ms,53274719,-2.672581195831299
pixart-alpha_pixart-sigma-xl-2-512-ms,51603873,-1.9785770177841187
pixart-alpha_pixart-sigma-xl-2-512-ms,28037874,2.6377243995666504
pixart-alpha_pixart-sigma-xl-2-512-ms,13389577,-0.4036213159561157
pixart-alpha_pixart-sigma-xl-2-512-ms,4329228,1.6157008409500122
pixart-alpha_pixart-sigma-xl-2-512-ms,79247526,1.4929486513137817
pixart-alpha_pixart-sigma-xl-2-512-ms,16700063,-1.4335522651672363
pixart-alpha_pixart-sigma-xl-2-512-ms,85624540,0.6932222247123718
pixart-alpha_pixart-sigma-xl-2-512-ms,77737998,-0.5323683023452759
pixart-alpha_pixart-sigma-xl-2-512-ms,14994328,0.06228844076395035
pixart-alpha_pixart-sigma-xl-2-512-ms,73284705,2.2336630821228027
pixart-alpha_pixart-sigma-xl-2-512-ms,56556437,1.182491660118103
pixart-alpha_pixart-sigma-xl-2-512-ms,54911962,-0.5558051466941833
pixart-alpha_pixart-sigma-xl-2-512-ms,37809264,2.552642345428467
pixart-alpha_pixart-sigma-xl-2-512-ms,29779486,-1.9554698467254639
pixart-alpha_pixart-sigma-xl-2-512-ms,16041846,-0.8812110424041748
pixart-alpha_pixart-sigma-xl-2-512-ms,537942,0.5923234820365906
pixart-alpha_pixart-sigma-xl-2-512-ms,14294568,0.2653749883174896
pixart-alpha_pixart-sigma-xl-2-512-ms,30323112,1.4831715822219849
pixart-alpha_pixart-sigma-xl-2-512-ms,607374,-0.751399576663971
pixart-alpha_pixart-sigma-xl-2-512-ms,21695521,1.337107539176941
pixart-alpha_pixart-sigma-xl-2-512-ms,56250900,-1.5155155658721924
pixart-alpha_pixart-sigma-xl-2-512-ms,93790724,0.6256501078605652
pixart-alpha_pixart-sigma-xl-2-512-ms,64911420,-0.25867408514022827
pixart-alpha_pixart-sigma-xl-2-512-ms,86326075,-0.22742167115211487
pixart-alpha_pixart-sigma-xl-2-512-ms,60066464,1.800014615058899
pixart-alpha_pixart-sigma-xl-2-512-ms,61635816,0.7654451727867126
pixart-alpha_pixart-sigma-xl-2-512-ms,7700638,0.4475841224193573
pixart-alpha_pixart-sigma-xl-2-512-ms,64361502,0.9619285464286804
pixart-alpha_pixart-sigma-xl-2-512-ms,13983515,-1.2118816375732422
pixart-alpha_pixart-sigma-xl-2-512-ms,14960972,1.4073495864868164
pixart-alpha_pixart-sigma-xl-2-512-ms,24301637,-0.0648270845413208
pixart-alpha_pixart-sigma-xl-2-512-ms,3676483,-1.0150187015533447
pixart-alpha_pixart-sigma-xl-2-512-ms,55005690,-0.08426786959171295
pixart-alpha_pixart-sigma-xl-2-512-ms,36327363,0.9657113552093506
pixart-alpha_pixart-sigma-xl-2-512-ms,65029270,-0.0183846615254879
pixart-alpha_pixart-sigma-xl-2-512-ms,80027520,0.4212546646595001
pixart-alpha_pixart-sigma-xl-2-512-ms,13649361,1.6710114479064941
pixart-alpha_pixart-sigma-xl-2-512-ms,8340483,-0.5409815907478333
pixart-alpha_pixart-sigma-xl-2-512-ms,46394736,-2.4747047424316406
pixart-alpha_pixart-sigma-xl-2-512-ms,98107674,1.6650829315185547
pixart-alpha_pixart-sigma-xl-2-512-ms,22989925,1.0691560506820679
pixart-alpha_pixart-sigma-xl-2-512-ms,48754831,0.6421940922737122
pixart-alpha_pixart-sigma-xl-2-512-ms,20796384,-0.7561444640159607
pixart-alpha_pixart-sigma-xl-2-512-ms,97547775,-0.7411189079284668
pixart-alpha_pixart-sigma-xl-2-512-ms,3366301,2.7265491485595703
pixart-alpha_pixart-sigma-xl-2-512-ms,63318561,0.6231472492218018
pixart-alpha_pixart-sigma-xl-2-512-ms,3597469,1.103783369064331
pixart-alpha_pixart-sigma-xl-2-512-ms,6125041,1.1817340850830078
pixart-alpha_pixart-sigma-xl-2-512-ms,1324943,-1.1817768812179565
pixart-alpha_pixart-sigma-xl-2-512-ms,70890935,-1.0671063661575317
pixart-alpha_pixart-sigma-xl-2-512-ms,3431,-1.498976707458496
pixart-alpha_pixart-sigma-xl-2-512-ms,87094388,-2.315706253051758
pixart-alpha_pixart-sigma-xl-2-512-ms,6059312,-0.9393447637557983
pixart-alpha_pixart-sigma-xl-2-512-ms,58505637,0.5914837121963501
pixart-alpha_pixart-sigma-xl-2-512-ms,43631801,-1.4399608373641968
pixart-alpha_pixart-sigma-xl-2-512-ms,33811506,0.2187308520078659
pixart-alpha_pixart-sigma-xl-2-512-ms,14572353,-1.1688083410263062
pixart-alpha_pixart-sigma-xl-2-512-ms,4045941,0.98967045545578
pixart-alpha_pixart-sigma-xl-2-512-ms,7609632,1.5986396074295044
pixart-alpha_pixart-sigma-xl-2-512-ms,49916088,0.35271045565605164
pixart-alpha_pixart-sigma-xl-2-512-ms,13389194,0.7727344036102295
pixart-alpha_pixart-sigma-xl-2-512-ms,11555834,1.1172927618026733
pixart-alpha_pixart-sigma-xl-2-512-ms,10105633,0.02512294612824917
pixart-alpha_pixart-sigma-xl-2-512-ms,2901259,1.1007053852081299
pixart-alpha_pixart-sigma-xl-2-512-ms,87277380,1.9312723875045776
pixart-alpha_pixart-sigma-xl-2-512-ms,58031482,1.544446349143982
pixart-alpha_pixart-sigma-xl-2-512-ms,681429,-0.9238300919532776
pixart-alpha_pixart-sigma-xl-2-512-ms,13391118,0.9471430778503418
pixart-alpha_pixart-sigma-xl-2-512-ms,14872875,-1.5920796394348145
pixart-alpha_pixart-sigma-xl-2-512-ms,54569378,1.4271233081817627
pixart-alpha_pixart-sigma-xl-2-512-ms,4532504,1.6681146621704102
pixart-alpha_pixart-sigma-xl-2-512-ms,36373514,2.1498489379882812
pixart-alpha_pixart-sigma-xl-2-512-ms,58870366,0.9978523850440979
pixart-alpha_pixart-sigma-xl-2-512-ms,62841330,1.0176454782485962
pixart-alpha_pixart-sigma-xl-2-512-ms,83508221,-0.97163325548172
pixart-alpha_pixart-sigma-xl-2-512-ms,2319482,-0.6865160465240479
pixart-alpha_pixart-sigma-xl-2-512-ms,82130324,3.1000540256500244
pixart-alpha_pixart-sigma-xl-2-512-ms,74618915,-1.0734676122665405
pixart-alpha_pixart-sigma-xl-2-512-ms,7734711,-2.210662603378296
pixart-alpha_pixart-sigma-xl-2-512-ms,213186,0.191460520029068
pixart-alpha_pixart-sigma-xl-2-512-ms,36216249,1.0177485942840576
pixart-alpha_pixart-sigma-xl-2-512-ms,2075296,-0.8773751854896545
pixart-alpha_pixart-sigma-xl-2-512-ms,3877674,-0.2766052484512329
pixart-alpha_pixart-sigma-xl-2-512-ms,5654362,1.0900962352752686
pixart-alpha_pixart-sigma-xl-2-512-ms,16766452,-0.9237328171730042
pixart-alpha_pixart-sigma-xl-2-512-ms,80293507,2.8523030281066895
pixart-alpha_pixart-sigma-xl-2-512-ms,68076809,-1.237964391708374
pixart-alpha_pixart-sigma-xl-2-512-ms,49384577,2.2803173065185547
pixart-alpha_pixart-sigma-xl-2-512-ms,20336217,-0.38091856241226196
pixart-alpha_pixart-sigma-xl-2-512-ms,22849596,0.18989424407482147
pixart-alpha_pixart-sigma-xl-2-512-ms,161888,-0.7262511849403381
pixart-alpha_pixart-sigma-xl-2-512-ms,42361416,-0.31267619132995605
pixart-alpha_pixart-sigma-xl-2-512-ms,32039825,-0.6033227443695068
pixart-alpha_pixart-sigma-xl-2-512-ms,50262859,-0.5099416971206665
pixart-alpha_pixart-sigma-xl-2-512-ms,49397244,-0.5143387913703918
pixart-alpha_pixart-sigma-xl-2-512-ms,71279269,-1.8472511768341064
pixart-alpha_pixart-sigma-xl-2-512-ms,38384109,-1.160876750946045
pixart-alpha_pixart-sigma-xl-2-512-ms,59363769,-3.0606789588928223
pixart-alpha_pixart-sigma-xl-2-512-ms,4387201,0.3569779396057129
pixart-alpha_pixart-sigma-xl-2-512-ms,4370288,1.6692218780517578
pixart-alpha_pixart-sigma-xl-2-512-ms,25758816,-2.260488986968994
pixart-alpha_pixart-sigma-xl-2-512-ms,7852045,1.2384122610092163
pixart-alpha_pixart-sigma-xl-2-512-ms,2689748,1.7817424535751343
pixart-alpha_pixart-sigma-xl-2-512-ms,14850483,1.27922523021698
pixart-alpha_pixart-sigma-xl-2-512-ms,13390040,0.732353925704956
pixart-alpha_pixart-sigma-xl-2-512-ms,75212198,-0.28087639808654785
pixart-alpha_pixart-sigma-xl-2-512-ms,11596344,-2.8142364025115967
pixart-alpha_pixart-sigma-xl-2-512-ms,2374451,0.33009985089302063
pixart-alpha_pixart-sigma-xl-2-512-ms,49805097,-0.5810359716415405
pixart-alpha_pixart-sigma-xl-2-512-ms,7650449,1.6807453632354736
pixart-alpha_pixart-sigma-xl-2-512-ms,43590819,2.5521607398986816
pixart-alpha_pixart-sigma-xl-2-512-ms,3600285,0.3183400630950928
pixart-alpha_pixart-sigma-xl-2-512-ms,37561238,-1.299354910850525
pixart-alpha_pixart-sigma-xl-2-512-ms,14807410,1.376045823097229
pixart-alpha_pixart-sigma-xl-2-512-ms,22767176,0.022597424685955048
pixart-alpha_pixart-sigma-xl-2-512-ms,31132598,1.3398503065109253
pixart-alpha_pixart-sigma-xl-2-512-ms,3233905,0.5734900236129761
pixart-alpha_pixart-sigma-xl-2-512-ms,65824677,-2.156083345413208
pixart-alpha_pixart-sigma-xl-2-512-ms,4294554,0.4889380931854248
pixart-alpha_pixart-sigma-xl-2-512-ms,485632,1.4738351106643677
pixart-alpha_pixart-sigma-xl-2-512-ms,9935434,-1.4819867610931396
pixart-alpha_pixart-sigma-xl-2-512-ms,91199885,-2.4040098190307617
pixart-alpha_pixart-sigma-xl-2-512-ms,20277435,0.09350157529115677
pixart-alpha_pixart-sigma-xl-2-512-ms,10189731,-0.9814614653587341
pixart-alpha_pixart-sigma-xl-2-512-ms,46559965,-0.34580305218696594
pixart-alpha_pixart-sigma-xl-2-512-ms,57773485,0.02289748191833496
pixart-alpha_pixart-sigma-xl-2-512-ms,79585985,1.47715425491333
pixart-alpha_pixart-sigma-xl-2-512-ms,7927197,0.7691423296928406
pixart-alpha_pixart-sigma-xl-2-512-ms,80437216,-1.6246455907821655
pixart-alpha_pixart-sigma-xl-2-512-ms,523513,2.8226380348205566
pixart-alpha_pixart-sigma-xl-2-512-ms,43644642,-0.1164657324552536
pixart-alpha_pixart-sigma-xl-2-512-ms,93838376,1.1325360536575317
pixart-alpha_pixart-sigma-xl-2-512-ms,13389359,1.1162515878677368
pixart-alpha_pixart-sigma-xl-2-512-ms,48873771,-0.9748997092247009
pixart-alpha_pixart-sigma-xl-2-512-ms,15533742,1.364885926246643
pixart-alpha_pixart-sigma-xl-2-512-ms,17954709,0.863562822341919
pixart-alpha_pixart-sigma-xl-2-512-ms,1690294,-1.4665324687957764
pixart-alpha_pixart-sigma-xl-2-512-ms,88435644,-0.48503386974334717
pixart-alpha_pixart-sigma-xl-2-512-ms,36901613,-0.09052406996488571
pixart-alpha_pixart-sigma-xl-2-512-ms,84125993,2.1845250129699707
pixart-alpha_pixart-sigma-xl-2-512-ms,69053775,0.02697138488292694
pixart-alpha_pixart-sigma-xl-2-512-ms,2821627,0.7393957376480103
pixart-alpha_pixart-sigma-xl-2-512-ms,46000271,-1.3602783679962158
pixart-alpha_pixart-sigma-xl-2-512-ms,1072236,0.734164297580719
pixart-alpha_pixart-sigma-xl-2-512-ms,4487894,1.382920265197754
pixart-alpha_pixart-sigma-xl-2-512-ms,4522421,-0.1340329796075821
pixart-alpha_pixart-sigma-xl-2-512-ms,3103904,-0.8537705540657043
pixart-alpha_pixart-sigma-xl-2-512-ms,24462824,0.16360673308372498
pixart-alpha_pixart-sigma-xl-2-512-ms,22563507,-0.4605274796485901
pixart-alpha_pixart-sigma-xl-2-512-ms,9840050,-1.176090121269226
pixart-alpha_pixart-sigma-xl-2-512-ms,3903733,-1.508689284324646
pixart-alpha_pixart-sigma-xl-2-512-ms,58809815,-1.3606308698654175
pixart-alpha_pixart-sigma-xl-2-512-ms,16322925,-1.913826823234558
pixart-alpha_pixart-sigma-xl-2-512-ms,46994920,-0.4425898492336273
pixart-alpha_pixart-sigma-xl-2-512-ms,29124910,-1.7187970876693726
pixart-alpha_pixart-sigma-xl-2-512-ms,7936263,0.944466233253479
pixart-alpha_pixart-sigma-xl-2-512-ms,29147423,0.1650550365447998
pixart-alpha_pixart-sigma-xl-2-512-ms,50852688,0.07616201788187027
pixart-alpha_pixart-sigma-xl-2-512-ms,3122573,-0.8440579771995544
pixart-alpha_pixart-sigma-xl-2-512-ms,7832902,1.9365142583847046
pixart-alpha_pixart-sigma-xl-2-512-ms,65072902,0.9037370085716248
pixart-alpha_pixart-sigma-xl-2-512-ms,13392896,-0.5472744703292847
pixart-alpha_pixart-sigma-xl-2-512-ms,29997612,1.023764729499817
pixart-alpha_pixart-sigma-xl-2-512-ms,84550940,-1.37474524974823
pixart-alpha_pixart-sigma-xl-2-512-ms,13393059,0.31830835342407227
pixart-alpha_pixart-sigma-xl-2-512-ms,78185209,1.5432872772216797
pixart-alpha_pixart-sigma-xl-2-512-ms,58011321,2.2712481021881104
pixart-alpha_pixart-sigma-xl-2-512-ms,7605380,0.5669919848442078
pixart-alpha_pixart-sigma-xl-2-512-ms,14531890,2.653848648071289
pixart-alpha_pixart-sigma-xl-2-512-ms,3850966,1.1659353971481323
pixart-alpha_pixart-sigma-xl-2-512-ms,2385002,-0.0638839453458786
pixart-alpha_pixart-sigma-xl-2-512-ms,43891586,2.0052437782287598
pixart-alpha_pixart-sigma-xl-2-512-ms,74367745,-2.0711355209350586
pixart-alpha_pixart-sigma-xl-2-512-ms,77599179,2.242509126663208
pixart-alpha_pixart-sigma-xl-2-512-ms,7626094,2.298995018005371
pixart-alpha_pixart-sigma-xl-2-512-ms,23895180,0.7803676724433899
pixart-alpha_pixart-sigma-xl-2-512-ms,41766391,-0.6532720923423767
pixart-alpha_pixart-sigma-xl-2-512-ms,4187970,-0.27256709337234497
pixart-alpha_pixart-sigma-xl-2-512-ms,82282764,0.06548244506120682
pixart-alpha_pixart-sigma-xl-2-512-ms,57849567,1.3746833801269531
pixart-alpha_pixart-sigma-xl-2-512-ms,60824573,-0.15660111606121063
pixart-alpha_pixart-sigma-xl-2-512-ms,46857165,0.6641731262207031
pixart-alpha_pixart-sigma-xl-2-512-ms,57711861,-0.49833476543426514
pixart-alpha_pixart-sigma-xl-2-512-ms,5915034,1.553778052330017
pixart-alpha_pixart-sigma-xl-2-512-ms,35113465,-1.2720905542373657
pixart-alpha_pixart-sigma-xl-2-512-ms,64760527,1.3961102962493896
pixart-alpha_pixart-sigma-xl-2-512-ms,63300372,2.1417219638824463
pixart-alpha_pixart-sigma-xl-2-512-ms,3239726,0.7876992225646973
pixart-alpha_pixart-sigma-xl-2-512-ms,3024209,-0.9713298082351685
pixart-alpha_pixart-sigma-xl-2-512-ms,95808344,0.2358565479516983
pixart-alpha_pixart-sigma-xl-2-512-ms,72974050,2.2749269008636475
pixart-alpha_pixart-sigma-xl-2-512-ms,14749543,-2.694281578063965
pixart-alpha_pixart-sigma-xl-2-512-ms,69430945,0.4505496323108673
pixart-alpha_pixart-sigma-xl-2-512-ms,3545150,1.5898770093917847
pixart-alpha_pixart-sigma-xl-2-512-ms,43060946,-0.7033071517944336
pixart-alpha_pixart-sigma-xl-2-512-ms,80350779,1.2905148267745972
pixart-alpha_pixart-sigma-xl-2-512-ms,8339939,1.1259279251098633
pixart-alpha_pixart-sigma-xl-2-512-ms,46883635,-0.027836591005325317
pixart-alpha_pixart-sigma-xl-2-512-ms,13389763,1.8517719507217407
pixart-alpha_pixart-sigma-xl-2-512-ms,7651454,2.679464101791382
pixart-alpha_pixart-sigma-xl-2-512-ms,15162210,1.9187785387039185
pixart-alpha_pixart-sigma-xl-2-512-ms,7527061,1.190281867980957
pixart-alpha_pixart-sigma-xl-2-512-ms,47819321,-0.04447077959775925
pixart-alpha_pixart-sigma-xl-2-512-ms,67575368,0.07167130708694458
pixart-alpha_pixart-sigma-xl-2-512-ms,89491249,1.2754504680633545
pixart-alpha_pixart-sigma-xl-2-512-ms,7106113,0.16269122064113617
pixart-alpha_pixart-sigma-xl-2-512-ms,84182856,1.6538575887680054
pixart-alpha_pixart-sigma-xl-2-512-ms,12584514,-3.0769851207733154
pixart-alpha_pixart-sigma-xl-2-512-ms,2459173,0.9895219206809998
pixart-alpha_pixart-sigma-xl-2-512-ms,4412416,1.5311222076416016
pixart-alpha_pixart-sigma-xl-2-512-ms,3776460,1.8753777742385864
pixart-alpha_pixart-sigma-xl-2-512-ms,31825395,1.3101990222930908
pixart-alpha_pixart-sigma-xl-2-512-ms,9798811,1.2244596481323242
pixart-alpha_pixart-sigma-xl-2-512-ms,87272902,0.8771184086799622
pixart-alpha_pixart-sigma-xl-2-512-ms,9263819,-0.356109082698822
pixart-alpha_pixart-sigma-xl-2-512-ms,23257851,-2.0329017639160156
pixart-alpha_pixart-sigma-xl-2-512-ms,30225071,-0.6876541972160339
pixart-alpha_pixart-sigma-xl-2-512-ms,3703463,0.21475531160831451
pixart-alpha_pixart-sigma-xl-2-512-ms,19977132,-2.1260931491851807
pixart-alpha_pixart-sigma-xl-2-512-ms,245780,0.9591707587242126
pixart-alpha_pixart-sigma-xl-2-512-ms,33431670,-0.4272499680519104
pixart-alpha_pixart-sigma-xl-2-512-ms,14516289,1.8517162799835205
pixart-alpha_pixart-sigma-xl-2-512-ms,87699711,1.599115252494812
pixart-alpha_pixart-sigma-xl-2-512-ms,56171705,-2.158473491668701
pixart-alpha_pixart-sigma-xl-2-512-ms,54934161,0.10650526732206345
pixart-alpha_pixart-sigma-xl-2-512-ms,78356616,-0.03756270557641983
pixart-alpha_pixart-sigma-xl-2-512-ms,2852523,0.5193482637405396
pixart-alpha_pixart-sigma-xl-2-512-ms,3902972,0.38914504647254944
pixart-alpha_pixart-sigma-xl-2-512-ms,51781577,-0.6803788542747498
pixart-alpha_pixart-sigma-xl-2-512-ms,17827732,-0.10887610167264938
pixart-alpha_pixart-sigma-xl-2-512-ms,14151139,0.5171599984169006
pixart-alpha_pixart-sigma-xl-2-512-ms,4965179,0.36207282543182373
pixart-alpha_pixart-sigma-xl-2-512-ms,12869809,1.4920858144760132
pixart-alpha_pixart-sigma-xl-2-512-ms,36230692,0.6383565068244934
pixart-alpha_pixart-sigma-xl-2-512-ms,97927504,-1.3303543329238892
pixart-alpha_pixart-sigma-xl-2-512-ms,12345739,-0.44925040006637573
pixart-alpha_pixart-sigma-xl-2-512-ms,15063493,0.08526638895273209
pixart-alpha_pixart-sigma-xl-2-512-ms,43278547,-1.0205662250518799
pixart-alpha_pixart-sigma-xl-2-512-ms,75330921,-0.275239497423172
pixart-alpha_pixart-sigma-xl-2-512-ms,93966131,-0.5099372267723083
pixart-alpha_pixart-sigma-xl-2-512-ms,717640,-1.5719698667526245
pixart-alpha_pixart-sigma-xl-2-512-ms,3314780,-1.7301836013793945
pixart-alpha_pixart-sigma-xl-2-512-ms,86340862,2.377397298812866
pixart-alpha_pixart-sigma-xl-2-512-ms,6528587,0.30874207615852356
pixart-alpha_pixart-sigma-xl-2-512-ms,29094321,-0.5966032147407532
pixart-alpha_pixart-sigma-xl-2-512-ms,15180934,0.9831560254096985
pixart-alpha_pixart-sigma-xl-2-512-ms,2770078,-0.29965952038764954
pixart-alpha_pixart-sigma-xl-2-512-ms,89926787,0.6202833652496338
pixart-alpha_pixart-sigma-xl-2-512-ms,91784299,1.6873743534088135
pixart-alpha_pixart-sigma-xl-2-512-ms,3607029,1.777283787727356
pixart-alpha_pixart-sigma-xl-2-512-ms,56982260,-2.0395491123199463
pixart-alpha_pixart-sigma-xl-2-512-ms,3563208,0.6536124348640442
pixart-alpha_pixart-sigma-xl-2-512-ms,4552551,2.02002215385437
pixart-alpha_pixart-sigma-xl-2-512-ms,45564900,1.8926433324813843
pixart-alpha_pixart-sigma-xl-2-512-ms,2933112,1.6575881242752075
pixart-alpha_pixart-sigma-xl-2-512-ms,50871471,-0.8328547477722168
pixart-alpha_pixart-sigma-xl-2-512-ms,258857,-0.4421737492084503
pixart-alpha_pixart-sigma-xl-2-512-ms,936620,-1.4911699295043945
pixart-alpha_pixart-sigma-xl-2-512-ms,4534520,-1.279572606086731
pixart-alpha_pixart-sigma-xl-2-512-ms,6189776,0.5789974927902222
pixart-alpha_pixart-sigma-xl-2-512-ms,96850153,2.5274205207824707
pixart-alpha_pixart-sigma-xl-2-512-ms,3308246,1.3219285011291504
pixart-alpha_pixart-sigma-xl-2-512-ms,13290566,1.1031467914581299
pixart-alpha_pixart-sigma-xl-2-512-ms,95228839,-0.2539517879486084
pixart-alpha_pixart-sigma-xl-2-512-ms,73962724,1.0361945629119873
pixart-alpha_pixart-sigma-xl-2-512-ms,27246777,0.6794092059135437
pixart-alpha_pixart-sigma-xl-2-512-ms,50952217,-0.3572511374950409
pixart-alpha_pixart-sigma-xl-2-512-ms,44280552,-0.5815712213516235
pixart-alpha_pixart-sigma-xl-2-512-ms,60606896,1.5828155279159546
pixart-alpha_pixart-sigma-xl-2-512-ms,3764276,1.017298698425293
pixart-alpha_pixart-sigma-xl-2-512-ms,24843217,1.0244427919387817
pixart-alpha_pixart-sigma-xl-2-512-ms,831919,0.46249300241470337
pixart-alpha_pixart-sigma-xl-2-512-ms,7700167,-0.5586675405502319
pixart-alpha_pixart-sigma-xl-2-512-ms,487072,0.16826803982257843
pixart-alpha_pixart-sigma-xl-2-512-ms,13716878,0.3837937116622925
pixart-alpha_pixart-sigma-xl-2-512-ms,7664468,2.5234453678131104
pixart-alpha_pixart-sigma-xl-2-512-ms,89227603,2.8422937393188477
pixart-alpha_pixart-sigma-xl-2-512-ms,61035709,-0.341129869222641
pixart-alpha_pixart-sigma-xl-2-512-ms,72432241,0.26416757702827454
pixart-alpha_pixart-sigma-xl-2-512-ms,73681289,1.4521210193634033
pixart-alpha_pixart-sigma-xl-2-512-ms,56121520,-2.853487014770508
pixart-alpha_pixart-sigma-xl-2-512-ms,4539203,-1.5285234451293945
pixart-alpha_pixart-sigma-xl-2-512-ms,7626833,-0.47998207807540894
pixart-alpha_pixart-sigma-xl-2-512-ms,138508,-0.23201224207878113
pixart-alpha_pixart-sigma-xl-2-512-ms,3347220,0.6727984547615051
pixart-alpha_pixart-sigma-xl-2-512-ms,30484086,-0.30055397748947144
pixart-alpha_pixart-sigma-xl-2-512-ms,28190972,2.5672731399536133
pixart-alpha_pixart-sigma-xl-2-512-ms,77232534,1.39405357837677
pixart-alpha_pixart-sigma-xl-2-512-ms,47009060,0.9598338007926941
pixart-alpha_pixart-sigma-xl-2-512-ms,2045760,1.1308001279830933
pixart-alpha_pixart-sigma-xl-2-512-ms,68575085,0.8201075196266174
pixart-alpha_pixart-sigma-xl-2-512-ms,3880032,0.5511367917060852
pixart-alpha_pixart-sigma-xl-2-512-ms,5374860,-0.7149330377578735
pixart-alpha_pixart-sigma-xl-2-512-ms,34578737,1.393088459968567
pixart-alpha_pixart-sigma-xl-2-512-ms,4123448,1.071455478668213
pixart-alpha_pixart-sigma-xl-2-512-ms,84985982,0.9880017638206482
pixart-alpha_pixart-sigma-xl-2-512-ms,29632917,1.5443588495254517
pixart-alpha_pixart-sigma-xl-2-512-ms,19143128,0.12421899288892746
pixart-alpha_pixart-sigma-xl-2-512-ms,49089576,1.9344916343688965
pixart-alpha_pixart-sigma-xl-2-512-ms,7601809,0.6955755352973938
pixart-alpha_pixart-sigma-xl-2-512-ms,1566705,0.015108346939086914
pixart-alpha_pixart-sigma-xl-2-512-ms,13984082,1.6293100118637085
pixart-alpha_pixart-sigma-xl-2-512-ms,11437577,-1.7579106092453003
pixart-alpha_pixart-sigma-xl-2-512-ms,95171107,0.7189123034477234
pixart-alpha_pixart-sigma-xl-2-512-ms,37547870,1.9062871932983398
pixart-alpha_pixart-sigma-xl-2-512-ms,78735978,-1.2513052225112915
pixart-alpha_pixart-sigma-xl-2-512-ms,4308583,1.0718845129013062
pixart-alpha_pixart-sigma-xl-2-512-ms,56941290,-1.0856342315673828
pixart-alpha_pixart-sigma-xl-2-512-ms,24279280,0.8949767351150513
pixart-alpha_pixart-sigma-xl-2-512-ms,36110480,1.3687314987182617
pixart-alpha_pixart-sigma-xl-2-512-ms,20028978,-0.19914305210113525
pixart-alpha_pixart-sigma-xl-2-512-ms,3691817,1.6139404773712158
pixart-alpha_pixart-sigma-xl-2-512-ms,9735542,-0.5633313059806824
pixart-alpha_pixart-sigma-xl-2-512-ms,87286901,1.185086965560913
pixart-alpha_pixart-sigma-xl-2-512-ms,89998925,1.0084577798843384
pixart-alpha_pixart-sigma-xl-2-512-ms,7699914,0.8318731188774109
pixart-alpha_pixart-sigma-xl-2-512-ms,487453,1.0287100076675415
pixart-alpha_pixart-sigma-xl-2-512-ms,80669291,-2.268296003341675
pixart-alpha_pixart-sigma-xl-2-512-ms,2822579,1.4292361736297607
pixart-alpha_pixart-sigma-xl-2-512-ms,44361864,0.11557851731777191
pixart-alpha_pixart-sigma-xl-2-512-ms,93979148,0.6425297856330872
pixart-alpha_pixart-sigma-xl-2-512-ms,60065469,-0.2166685312986374
pixart-alpha_pixart-sigma-xl-2-512-ms,4433800,-1.133774995803833
pixart-alpha_pixart-sigma-xl-2-512-ms,81409005,0.6800405383110046
pixart-alpha_pixart-sigma-xl-2-512-ms,43745700,0.16053080558776855
pixart-alpha_pixart-sigma-xl-2-512-ms,66056075,0.7082799673080444
pixart-alpha_pixart-sigma-xl-2-512-ms,13418823,-1.2168186902999878
pixart-alpha_pixart-sigma-xl-2-512-ms,4362025,-0.7847279906272888
pixart-alpha_pixart-sigma-xl-2-512-ms,32949268,-0.30045056343078613
pixart-alpha_pixart-sigma-xl-2-512-ms,35602890,-0.8629380464553833
pixart-alpha_pixart-sigma-xl-2-512-ms,2732072,-0.072569839656353
pixart-alpha_pixart-sigma-xl-2-512-ms,85885742,1.5081140995025635
pixart-alpha_pixart-sigma-xl-2-512-ms,69878887,1.3170500993728638
pixart-alpha_pixart-sigma-xl-2-512-ms,5914359,0.383328914642334
pixart-alpha_pixart-sigma-xl-2-512-ms,3029296,-0.8322904109954834
pixart-alpha_pixart-sigma-xl-2-512-ms,16357258,-1.7811232805252075
pixart-alpha_pixart-sigma-xl-2-512-ms,68054709,1.4307924509048462
pixart-alpha_pixart-sigma-xl-2-512-ms,6880533,-0.6773340702056885
pixart-alpha_pixart-sigma-xl-2-512-ms,4445040,1.3978192806243896
pixart-alpha_pixart-sigma-xl-2-512-ms,68502568,-0.8784140944480896
pixart-alpha_pixart-sigma-xl-2-512-ms,6036506,-2.1593589782714844
pixart-alpha_pixart-sigma-xl-2-512-ms,29372345,-1.0645831823349
pixart-alpha_pixart-sigma-xl-2-512-ms,94954260,-0.43945416808128357
pixart-alpha_pixart-sigma-xl-2-512-ms,12620681,0.08651217073202133
pixart-alpha_pixart-sigma-xl-2-512-ms,6912657,-0.9427037239074707
pixart-alpha_pixart-sigma-xl-2-512-ms,48354012,-1.6760503053665161
pixart-alpha_pixart-sigma-xl-2-512-ms,11487298,-1.5340112447738647
pixart-alpha_pixart-sigma-xl-2-512-ms,54731322,1.4601103067398071
pixart-alpha_pixart-sigma-xl-2-512-ms,6140130,-0.9711974859237671
pixart-alpha_pixart-sigma-xl-2-512-ms,10801654,1.1132588386535645
pixart-alpha_pixart-sigma-xl-2-512-ms,43009772,0.9559169411659241
pixart-alpha_pixart-sigma-xl-2-512-ms,14110674,0.48719900846481323
pixart-alpha_pixart-sigma-xl-2-512-ms,15069046,0.6837880611419678
pixart-alpha_pixart-sigma-xl-2-512-ms,64343822,0.4802972078323364
pixart-alpha_pixart-sigma-xl-2-512-ms,7625493,1.686956524848938
pixart-alpha_pixart-sigma-xl-2-512-ms,14074877,1.0322517156600952
pixart-alpha_pixart-sigma-xl-2-512-ms,49672790,-0.648987889289856
pixart-alpha_pixart-sigma-xl-2-512-ms,4532106,2.310490369796753
pixart-alpha_pixart-sigma-xl-2-512-ms,7700348,0.6094441413879395
pixart-alpha_pixart-sigma-xl-2-512-ms,2710324,0.26566025614738464
pixart-alpha_pixart-sigma-xl-2-512-ms,14151884,-0.8872460722923279
pixart-alpha_pixart-sigma-xl-2-512-ms,22569879,1.9954614639282227
pixart-alpha_pixart-sigma-xl-2-512-ms,51563999,0.42825430631637573
pixart-alpha_pixart-sigma-xl-2-512-ms,647270,1.3576335906982422
pixart-alpha_pixart-sigma-xl-2-512-ms,7608980,0.40359920263290405
pixart-alpha_pixart-sigma-xl-2-512-ms,842692,0.4801638722419739
pixart-alpha_pixart-sigma-xl-2-512-ms,43562326,-0.4906563460826874
pixart-alpha_pixart-sigma-xl-2-512-ms,43367797,0.6215369701385498
pixart-alpha_pixart-sigma-xl-2-512-ms,56888902,-0.8388626575469971
pixart-alpha_pixart-sigma-xl-2-512-ms,98265163,2.016261339187622
pixart-alpha_pixart-sigma-xl-2-512-ms,74212159,0.33505505323410034
pixart-alpha_pixart-sigma-xl-2-512-ms,7854184,1.5780396461486816
pixart-alpha_pixart-sigma-xl-2-512-ms,24933378,0.7245012521743774
pixart-alpha_pixart-sigma-xl-2-512-ms,84877967,0.04186898469924927
pixart-alpha_pixart-sigma-xl-2-512-ms,54679606,0.7147995829582214
pixart-alpha_pixart-sigma-xl-2-512-ms,48912948,2.1139402389526367
pixart-alpha_pixart-sigma-xl-2-512-ms,35217204,-0.7662389874458313
pixart-alpha_pixart-sigma-xl-2-512-ms,77132310,-0.2782118618488312
pixart-alpha_pixart-sigma-xl-2-512-ms,5654873,-1.3008397817611694
pixart-alpha_pixart-sigma-xl-2-512-ms,8731422,-1.497051477432251
pixart-alpha_pixart-sigma-xl-2-512-ms,3948459,1.309654951095581
pixart-alpha_pixart-sigma-xl-2-512-ms,5221895,-1.39950692653656
pixart-alpha_pixart-sigma-xl-2-512-ms,13392357,1.1214475631713867
pixart-alpha_pixart-sigma-xl-2-512-ms,7523905,-0.9842159748077393
pixart-alpha_pixart-sigma-xl-2-512-ms,40791136,-0.09798579663038254
pixart-alpha_pixart-sigma-xl-2-512-ms,17012379,0.024772167205810547
pixart-alpha_pixart-sigma-xl-2-512-ms,94054067,0.9447335004806519
pixart-alpha_pixart-sigma-xl-2-512-ms,9619452,0.9606354832649231
pixart-alpha_pixart-sigma-xl-2-512-ms,3718581,0.9610355496406555
pixart-alpha_pixart-sigma-xl-2-512-ms,16412314,0.6662482023239136
pixart-alpha_pixart-sigma-xl-2-512-ms,7664770,1.8912476301193237
pixart-alpha_pixart-sigma-xl-2-512-ms,92775366,-1.201600193977356
pixart-alpha_pixart-sigma-xl-2-512-ms,13801038,0.7949394583702087
pixart-alpha_pixart-sigma-xl-2-512-ms,76792378,0.6264768242835999
pixart-alpha_pixart-sigma-xl-2-512-ms,440189,-1.539867877960205
pixart-alpha_pixart-sigma-xl-2-512-ms,487326,1.2611550092697144
pixart-alpha_pixart-sigma-xl-2-512-ms,3714235,0.26142027974128723
pixart-alpha_pixart-sigma-xl-2-512-ms,7851926,0.025325171649456024
pixart-alpha_pixart-sigma-xl-2-512-ms,72684307,-0.3624749183654785
pixart-alpha_pixart-sigma-xl-2-512-ms,3594734,0.589926540851593
pixart-alpha_pixart-sigma-xl-2-512-ms,1161161,-0.4655943512916565
pixart-alpha_pixart-sigma-xl-2-512-ms,13852638,-1.0290549993515015
pixart-alpha_pixart-sigma-xl-2-512-ms,8215801,0.30147454142570496
pixart-alpha_pixart-sigma-xl-2-512-ms,60208047,0.12455915659666061
pixart-alpha_pixart-sigma-xl-2-512-ms,1949893,-0.4464269280433655
pixart-alpha_pixart-sigma-xl-2-512-ms,3859280,-0.940138041973114
pixart-alpha_pixart-sigma-xl-2-512-ms,42938758,0.28292515873908997
pixart-alpha_pixart-sigma-xl-2-512-ms,43989016,0.08040446043014526
pixart-alpha_pixart-sigma-xl-2-512-ms,14362373,-0.1466829776763916
pixart-alpha_pixart-sigma-xl-2-512-ms,68985293,-1.4495302438735962
pixart-alpha_pixart-sigma-xl-2-512-ms,6616216,0.4382946491241455
pixart-alpha_pixart-sigma-xl-2-512-ms,79677298,0.3650652766227722
pixart-alpha_pixart-sigma-xl-2-512-ms,8703165,1.2036052942276
pixart-alpha_pixart-sigma-xl-2-512-ms,4600730,0.30769115686416626
pixart-alpha_pixart-sigma-xl-2-512-ms,10814234,-0.05761348456144333
pixart-alpha_pixart-sigma-xl-2-512-ms,75948480,-0.02661719173192978
pixart-alpha_pixart-sigma-xl-2-512-ms,47807947,0.13397787511348724
pixart-alpha_pixart-sigma-xl-2-512-ms,4186455,1.6434743404388428
pixart-alpha_pixart-sigma-xl-2-512-ms,71828875,-0.6817982792854309
pixart-alpha_pixart-sigma-xl-2-512-ms,5805902,-1.150871992111206
pixart-alpha_pixart-sigma-xl-2-512-ms,311687,-0.31210628151893616
pixart-alpha_pixart-sigma-xl-2-512-ms,94862307,0.298311710357666
pixart-alpha_pixart-sigma-xl-2-512-ms,74314815,1.3670598268508911
pixart-alpha_pixart-sigma-xl-2-512-ms,69105166,0.9707507491111755
pixart-alpha_pixart-sigma-xl-2-512-ms,52999714,0.9388214945793152
pixart-alpha_pixart-sigma-xl-2-512-ms,94558280,-0.3466017246246338
pixart-alpha_pixart-sigma-xl-2-512-ms,2053030,-0.7524632215499878
pixart-alpha_pixart-sigma-xl-2-512-ms,28192869,1.8915479183197021
pixart-alpha_pixart-sigma-xl-2-512-ms,90219376,-1.7037912607192993
pixart-alpha_pixart-sigma-xl-2-512-ms,87174889,-1.3325159549713135
pixart-alpha_pixart-sigma-xl-2-512-ms,3374570,-0.3441770374774933
pixart-alpha_pixart-sigma-xl-2-512-ms,9272085,-0.5698390603065491
pixart-alpha_pixart-sigma-xl-2-512-ms,18190594,0.3538443148136139
pixart-alpha_pixart-sigma-xl-2-512-ms,56160608,-0.568378210067749
pixart-alpha_pixart-sigma-xl-2-512-ms,33545961,-0.7140313386917114
pixart-alpha_pixart-sigma-xl-2-512-ms,45162925,1.4273699522018433
pixart-alpha_pixart-sigma-xl-2-512-ms,4773351,-0.01042192429304123
pixart-alpha_pixart-sigma-xl-2-512-ms,80601213,-1.6370068788528442
pixart-alpha_pixart-sigma-xl-2-512-ms,80949464,0.397186279296875
pixart-alpha_pixart-sigma-xl-2-512-ms,16086265,1.1245613098144531
pixart-alpha_pixart-sigma-xl-2-512-ms,4046172,0.37664854526519775
pixart-alpha_pixart-sigma-xl-2-512-ms,40838437,-0.8224601745605469
pixart-alpha_pixart-sigma-xl-2-512-ms,20096360,0.07104188948869705
pixart-alpha_pixart-sigma-xl-2-512-ms,89866317,1.790513038635254
pixart-alpha_pixart-sigma-xl-2-512-ms,582388,1.3691030740737915
pixart-alpha_pixart-sigma-xl-2-512-ms,57084629,-1.7070599794387817
pixart-alpha_pixart-sigma-xl-2-512-ms,7124172,1.1643329858779907
pixart-alpha_pixart-sigma-xl-2-512-ms,88052163,0.8582150936126709
pixart-alpha_pixart-sigma-xl-2-512-ms,29597113,2.157586097717285
pixart-alpha_pixart-sigma-xl-2-512-ms,7712559,1.0018080472946167
pixart-alpha_pixart-sigma-xl-2-512-ms,45869475,0.21685904264450073
pixart-alpha_pixart-sigma-xl-2-512-ms,86714939,0.12338476628065109
pixart-alpha_pixart-sigma-xl-2-512-ms,1317294,0.19295497238636017
pixart-alpha_pixart-sigma-xl-2-512-ms,4555400,1.3861157894134521
pixart-alpha_pixart-sigma-xl-2-512-ms,65531005,0.07267299294471741
pixart-alpha_pixart-sigma-xl-2-512-ms,70460316,0.6235965490341187
pixart-alpha_pixart-sigma-xl-2-512-ms,7852614,0.9199134111404419
pixart-alpha_pixart-sigma-xl-2-512-ms,996969,0.38403427600860596
pixart-alpha_pixart-sigma-xl-2-512-ms,90244932,1.2126572132110596
pixart-alpha_pixart-sigma-xl-2-512-ms,20471134,-0.4964442253112793
pixart-alpha_pixart-sigma-xl-2-512-ms,53611122,-0.702395498752594
pixart-alpha_pixart-sigma-xl-2-512-ms,99351107,0.22877852618694305
pixart-alpha_pixart-sigma-xl-2-512-ms,69620463,-0.9190959334373474
pixart-alpha_pixart-sigma-xl-2-512-ms,7651159,2.7141432762145996
pixart-alpha_pixart-sigma-xl-2-512-ms,7852833,1.2574621438980103
pixart-alpha_pixart-sigma-xl-2-512-ms,19460702,-0.9641339778900146
pixart-alpha_pixart-sigma-xl-2-512-ms,57729980,0.408026784658432
pixart-alpha_pixart-sigma-xl-2-512-ms,91368797,0.5866414904594421
pixart-alpha_pixart-sigma-xl-2-512-ms,3458128,0.9430062770843506
pixart-alpha_pixart-sigma-xl-2-512-ms,28010121,1.6626313924789429
pixart-alpha_pixart-sigma-xl-2-512-ms,95631796,-1.2897311449050903
pixart-alpha_pixart-sigma-xl-2-512-ms,76020332,1.069373607635498
pixart-alpha_pixart-sigma-xl-2-512-ms,3546340,0.4962983727455139
pixart-alpha_pixart-sigma-xl-2-512-ms,49556058,0.9767119288444519
pixart-alpha_pixart-sigma-xl-2-512-ms,72650102,1.1179349422454834
pixart-alpha_pixart-sigma-xl-2-512-ms,87181736,1.0613465309143066
pixart-alpha_pixart-sigma-xl-2-512-ms,1883513,0.4797667860984802
pixart-alpha_pixart-sigma-xl-2-512-ms,13447361,0.449218213558197
pixart-alpha_pixart-sigma-xl-2-512-ms,21578709,-1.0805840492248535
pixart-alpha_pixart-sigma-xl-2-512-ms,96521920,1.0738259553909302
pixart-alpha_pixart-sigma-xl-2-512-ms,1209135,-0.7571057677268982
pixart-alpha_pixart-sigma-xl-2-512-ms,79606917,0.05515211820602417
pixart-alpha_pixart-sigma-xl-2-512-ms,73051579,2.405381679534912
pixart-alpha_pixart-sigma-xl-2-512-ms,55658809,0.2872563302516937
pixart-alpha_pixart-sigma-xl-2-512-ms,55812974,0.07126343995332718
pixart-alpha_pixart-sigma-xl-2-512-ms,2241569,-0.2758311629295349
pixart-alpha_pixart-sigma-xl-2-512-ms,10024569,-1.5359606742858887
pixart-alpha_pixart-sigma-xl-2-512-ms,74175857,0.10950370877981186
pixart-alpha_pixart-sigma-xl-2-512-ms,49054805,1.5733393430709839
pixart-alpha_pixart-sigma-xl-2-512-ms,3131388,1.4381459951400757
pixart-alpha_pixart-sigma-xl-2-512-ms,8124208,2.6947526931762695
pixart-alpha_pixart-sigma-xl-2-512-ms,7606419,2.1706502437591553
pixart-alpha_pixart-sigma-xl-2-512-ms,7854455,1.8799554109573364
pixart-alpha_pixart-sigma-xl-2-512-ms,7150023,0.03015778213739395
pixart-alpha_pixart-sigma-xl-2-512-ms,17002912,0.4755261242389679
pixart-alpha_pixart-sigma-xl-2-512-ms,14533937,-1.055293083190918
pixart-alpha_pixart-sigma-xl-2-512-ms,83912658,-1.6948339939117432
pixart-alpha_pixart-sigma-xl-2-512-ms,3610524,0.5205851793289185
pixart-alpha_pixart-sigma-xl-2-512-ms,24510445,0.5517704486846924
pixart-alpha_pixart-sigma-xl-2-512-ms,4962784,0.40724578499794006
pixart-alpha_pixart-sigma-xl-2-512-ms,13528852,-1.2120661735534668
pixart-alpha_pixart-sigma-xl-2-512-ms,67555985,-0.36716124415397644
pixart-alpha_pixart-sigma-xl-2-512-ms,32797481,0.5688815712928772
tencent-hunyuan_hunyuandit-v1.2-diffusers,57259399,0.8721787333488464
tencent-hunyuan_hunyuandit-v1.2-diffusers,283951,-1.504767894744873
tencent-hunyuan_hunyuandit-v1.2-diffusers,3471347,-0.7996023297309875
tencent-hunyuan_hunyuandit-v1.2-diffusers,2253406,-0.2792336940765381
tencent-hunyuan_hunyuandit-v1.2-diffusers,87230876,-0.7603289484977722
tencent-hunyuan_hunyuandit-v1.2-diffusers,46372218,1.8225775957107544
tencent-hunyuan_hunyuandit-v1.2-diffusers,76822836,2.3514153957366943
tencent-hunyuan_hunyuandit-v1.2-diffusers,23890282,1.7292414903640747
tencent-hunyuan_hunyuandit-v1.2-diffusers,97478980,1.749284267425537
tencent-hunyuan_hunyuandit-v1.2-diffusers,42700105,-0.32779693603515625
tencent-hunyuan_hunyuandit-v1.2-diffusers,14885369,-1.2103921175003052
tencent-hunyuan_hunyuandit-v1.2-diffusers,21866213,-0.6675204634666443
tencent-hunyuan_hunyuandit-v1.2-diffusers,45272674,0.09077706933021545
tencent-hunyuan_hunyuandit-v1.2-diffusers,356621,-2.004880428314209
tencent-hunyuan_hunyuandit-v1.2-diffusers,71558268,-0.6774275898933411
tencent-hunyuan_hunyuandit-v1.2-diffusers,7900225,-1.067888855934143
tencent-hunyuan_hunyuandit-v1.2-diffusers,1028655,1.8806647062301636
tencent-hunyuan_hunyuandit-v1.2-diffusers,93287454,-1.0667868852615356
tencent-hunyuan_hunyuandit-v1.2-diffusers,71272708,-0.2915976643562317
tencent-hunyuan_hunyuandit-v1.2-diffusers,15078050,-0.6003178954124451
tencent-hunyuan_hunyuandit-v1.2-diffusers,64693533,-0.34499460458755493
tencent-hunyuan_hunyuandit-v1.2-diffusers,6186301,2.1570730209350586
tencent-hunyuan_hunyuandit-v1.2-diffusers,17121388,1.5626142024993896
tencent-hunyuan_hunyuandit-v1.2-diffusers,79077085,1.46673583984375
tencent-hunyuan_hunyuandit-v1.2-diffusers,12765032,0.05361725389957428
tencent-hunyuan_hunyuandit-v1.2-diffusers,4974575,1.2371203899383545
tencent-hunyuan_hunyuandit-v1.2-diffusers,86487467,-0.7599133253097534
tencent-hunyuan_hunyuandit-v1.2-diffusers,30059972,-1.0218936204910278
tencent-hunyuan_hunyuandit-v1.2-diffusers,62123764,-0.5681398510932922
tencent-hunyuan_hunyuandit-v1.2-diffusers,82966115,1.3353055715560913
tencent-hunyuan_hunyuandit-v1.2-diffusers,62040302,-0.27806785702705383
tencent-hunyuan_hunyuandit-v1.2-diffusers,7699430,1.214929461479187
tencent-hunyuan_hunyuandit-v1.2-diffusers,3460674,-2.516568899154663
tencent-hunyuan_hunyuandit-v1.2-diffusers,4971928,-0.34177619218826294
tencent-hunyuan_hunyuandit-v1.2-diffusers,839834,-0.44364628195762634
tencent-hunyuan_hunyuandit-v1.2-diffusers,24540150,1.2717005014419556
tencent-hunyuan_hunyuandit-v1.2-diffusers,6474122,-1.8846094608306885
tencent-hunyuan_hunyuandit-v1.2-diffusers,86866807,-0.7691008448600769
tencent-hunyuan_hunyuandit-v1.2-diffusers,41810667,0.09644715487957001
tencent-hunyuan_hunyuandit-v1.2-diffusers,85408051,-0.6156814098358154
tencent-hunyuan_hunyuandit-v1.2-diffusers,53850406,-0.4984148442745209
tencent-hunyuan_hunyuandit-v1.2-diffusers,488051,0.1589210331439972
tencent-hunyuan_hunyuandit-v1.2-diffusers,2758490,-1.4457933902740479
tencent-hunyuan_hunyuandit-v1.2-diffusers,27106238,1.7372511625289917
tencent-hunyuan_hunyuandit-v1.2-diffusers,95450946,2.3260371685028076
tencent-hunyuan_hunyuandit-v1.2-diffusers,1106864,0.2637915015220642
tencent-hunyuan_hunyuandit-v1.2-diffusers,44909444,0.08283168822526932
tencent-hunyuan_hunyuandit-v1.2-diffusers,53461182,-1.855643630027771
tencent-hunyuan_hunyuandit-v1.2-diffusers,3035832,0.687553346157074
tencent-hunyuan_hunyuandit-v1.2-diffusers,3683708,1.0311901569366455
tencent-hunyuan_hunyuandit-v1.2-diffusers,40625497,-0.7352674603462219
tencent-hunyuan_hunyuandit-v1.2-diffusers,48565245,0.9736668467521667
tencent-hunyuan_hunyuandit-v1.2-diffusers,25348881,3.0494441986083984
tencent-hunyuan_hunyuandit-v1.2-diffusers,76698614,1.3527743816375732
tencent-hunyuan_hunyuandit-v1.2-diffusers,91835691,2.0476362705230713
tencent-hunyuan_hunyuandit-v1.2-diffusers,9755396,0.8263936638832092
tencent-hunyuan_hunyuandit-v1.2-diffusers,28583972,1.2895320653915405
tencent-hunyuan_hunyuandit-v1.2-diffusers,18823836,-0.3004235029220581
tencent-hunyuan_hunyuandit-v1.2-diffusers,12425970,-1.6193511486053467
tencent-hunyuan_hunyuandit-v1.2-diffusers,34554780,-2.352912664413452
tencent-hunyuan_hunyuandit-v1.2-diffusers,60119167,-0.1293300837278366
tencent-hunyuan_hunyuandit-v1.2-diffusers,1166351,0.06791629642248154
tencent-hunyuan_hunyuandit-v1.2-diffusers,3980874,-1.6289489269256592
tencent-hunyuan_hunyuandit-v1.2-diffusers,14985383,-0.31657174229621887
tencent-hunyuan_hunyuandit-v1.2-diffusers,99615110,0.9257018566131592
tencent-hunyuan_hunyuandit-v1.2-diffusers,97614175,-0.19365359842777252
tencent-hunyuan_hunyuandit-v1.2-diffusers,33006578,2.105189800262451
tencent-hunyuan_hunyuandit-v1.2-diffusers,7914271,1.2665454149246216
tencent-hunyuan_hunyuandit-v1.2-diffusers,81076176,0.7433527112007141
tencent-hunyuan_hunyuandit-v1.2-diffusers,342613,0.17775116860866547
tencent-hunyuan_hunyuandit-v1.2-diffusers,14940750,-0.0332297720015049
tencent-hunyuan_hunyuandit-v1.2-diffusers,38297191,2.5069732666015625
tencent-hunyuan_hunyuandit-v1.2-diffusers,10039148,0.07147044688463211
tencent-hunyuan_hunyuandit-v1.2-diffusers,7852712,1.6878511905670166
tencent-hunyuan_hunyuandit-v1.2-diffusers,35804096,-3.0574162006378174
tencent-hunyuan_hunyuandit-v1.2-diffusers,3318675,-1.9284595251083374
tencent-hunyuan_hunyuandit-v1.2-diffusers,63306451,0.6421414613723755
tencent-hunyuan_hunyuandit-v1.2-diffusers,3619890,-0.18498729169368744
tencent-hunyuan_hunyuandit-v1.2-diffusers,78677457,2.306565284729004
tencent-hunyuan_hunyuandit-v1.2-diffusers,13279426,-2.2931175231933594
tencent-hunyuan_hunyuandit-v1.2-diffusers,69685564,0.023727742955088615
tencent-hunyuan_hunyuandit-v1.2-diffusers,29148617,-1.1381863355636597
tencent-hunyuan_hunyuandit-v1.2-diffusers,93026246,0.8256968855857849
tencent-hunyuan_hunyuandit-v1.2-diffusers,73470416,-0.8875588178634644
tencent-hunyuan_hunyuandit-v1.2-diffusers,4493505,-0.33027374744415283
tencent-hunyuan_hunyuandit-v1.2-diffusers,18447630,0.03442130610346794
tencent-hunyuan_hunyuandit-v1.2-diffusers,5902545,0.41231828927993774
tencent-hunyuan_hunyuandit-v1.2-diffusers,4049405,0.41845858097076416
tencent-hunyuan_hunyuandit-v1.2-diffusers,63762661,0.6241015791893005
tencent-hunyuan_hunyuandit-v1.2-diffusers,8472890,1.6772323846817017
tencent-hunyuan_hunyuandit-v1.2-diffusers,2912065,1.0909205675125122
tencent-hunyuan_hunyuandit-v1.2-diffusers,95360106,0.3271101117134094
tencent-hunyuan_hunyuandit-v1.2-diffusers,7700095,0.9781050086021423
tencent-hunyuan_hunyuandit-v1.2-diffusers,1158543,-1.060064435005188
tencent-hunyuan_hunyuandit-v1.2-diffusers,87953533,0.9617758393287659
tencent-hunyuan_hunyuandit-v1.2-diffusers,29106657,1.0447001457214355
tencent-hunyuan_hunyuandit-v1.2-diffusers,18738743,0.3577750325202942
tencent-hunyuan_hunyuandit-v1.2-diffusers,7892418,1.2177966833114624
tencent-hunyuan_hunyuandit-v1.2-diffusers,85416199,-0.9514090418815613
tencent-hunyuan_hunyuandit-v1.2-diffusers,3236759,-1.2594765424728394
tencent-hunyuan_hunyuandit-v1.2-diffusers,53072665,0.7506610751152039
tencent-hunyuan_hunyuandit-v1.2-diffusers,49253635,1.07988703250885
tencent-hunyuan_hunyuandit-v1.2-diffusers,281913,1.7684569358825684
tencent-hunyuan_hunyuandit-v1.2-diffusers,2827606,0.7966979146003723
tencent-hunyuan_hunyuandit-v1.2-diffusers,2887970,-0.8214369416236877
tencent-hunyuan_hunyuandit-v1.2-diffusers,13390963,-0.9390212893486023
tencent-hunyuan_hunyuandit-v1.2-diffusers,13390405,-0.3898758292198181
tencent-hunyuan_hunyuandit-v1.2-diffusers,49959597,0.861186146736145
tencent-hunyuan_hunyuandit-v1.2-diffusers,82217264,-1.8194026947021484
tencent-hunyuan_hunyuandit-v1.2-diffusers,68402503,-0.588033139705658
tencent-hunyuan_hunyuandit-v1.2-diffusers,68322907,0.7143413424491882
tencent-hunyuan_hunyuandit-v1.2-diffusers,73566509,-0.47566211223602295
tencent-hunyuan_hunyuandit-v1.2-diffusers,23534999,1.0041848421096802
tencent-hunyuan_hunyuandit-v1.2-diffusers,23484409,-0.33888450264930725
tencent-hunyuan_hunyuandit-v1.2-diffusers,7608866,2.4683871269226074
tencent-hunyuan_hunyuandit-v1.2-diffusers,75944980,-0.3748214840888977
tencent-hunyuan_hunyuandit-v1.2-diffusers,77206946,-2.5209202766418457
tencent-hunyuan_hunyuandit-v1.2-diffusers,56649711,0.024034734815359116
tencent-hunyuan_hunyuandit-v1.2-diffusers,1277974,-2.832777976989746
tencent-hunyuan_hunyuandit-v1.2-diffusers,50385621,1.2970876693725586
tencent-hunyuan_hunyuandit-v1.2-diffusers,95506925,-0.14494581520557404
tencent-hunyuan_hunyuandit-v1.2-diffusers,8077728,1.8166712522506714
tencent-hunyuan_hunyuandit-v1.2-diffusers,2766320,1.2483947277069092
tencent-hunyuan_hunyuandit-v1.2-diffusers,19464656,0.35209575295448303
tencent-hunyuan_hunyuandit-v1.2-diffusers,909936,0.994336724281311
tencent-hunyuan_hunyuandit-v1.2-diffusers,9438692,1.5678144693374634
tencent-hunyuan_hunyuandit-v1.2-diffusers,10962718,2.098935127258301
tencent-hunyuan_hunyuandit-v1.2-diffusers,14961512,1.3311189413070679
tencent-hunyuan_hunyuandit-v1.2-diffusers,1246926,-1.2030328512191772
tencent-hunyuan_hunyuandit-v1.2-diffusers,2768864,0.6037793755531311
tencent-hunyuan_hunyuandit-v1.2-diffusers,72553814,1.6025738716125488
tencent-hunyuan_hunyuandit-v1.2-diffusers,47743616,1.768870234489441
tencent-hunyuan_hunyuandit-v1.2-diffusers,21349439,-0.38656187057495117
tencent-hunyuan_hunyuandit-v1.2-diffusers,7518698,-0.10589432716369629
tencent-hunyuan_hunyuandit-v1.2-diffusers,47485554,-1.0568206310272217
tencent-hunyuan_hunyuandit-v1.2-diffusers,5659856,-1.8606252670288086
tencent-hunyuan_hunyuandit-v1.2-diffusers,8340989,1.2460304498672485
tencent-hunyuan_hunyuandit-v1.2-diffusers,6881609,0.4279195964336395
tencent-hunyuan_hunyuandit-v1.2-diffusers,93877667,1.156536340713501
tencent-hunyuan_hunyuandit-v1.2-diffusers,7244154,2.7022621631622314
tencent-hunyuan_hunyuandit-v1.2-diffusers,66434215,0.524706244468689
tencent-hunyuan_hunyuandit-v1.2-diffusers,9794211,1.594509243965149
tencent-hunyuan_hunyuandit-v1.2-diffusers,17250421,0.030039086937904358
tencent-hunyuan_hunyuandit-v1.2-diffusers,68234145,1.0539095401763916
tencent-hunyuan_hunyuandit-v1.2-diffusers,3666591,-0.39619046449661255
tencent-hunyuan_hunyuandit-v1.2-diffusers,46905115,-2.4031434059143066
tencent-hunyuan_hunyuandit-v1.2-diffusers,26573045,-0.04586176574230194
tencent-hunyuan_hunyuandit-v1.2-diffusers,19209314,-0.05135669559240341
tencent-hunyuan_hunyuandit-v1.2-diffusers,12661598,1.986366868019104
tencent-hunyuan_hunyuandit-v1.2-diffusers,64241104,0.43665891885757446
tencent-hunyuan_hunyuandit-v1.2-diffusers,12404876,-2.491563558578491
tencent-hunyuan_hunyuandit-v1.2-diffusers,1141593,1.2487614154815674
tencent-hunyuan_hunyuandit-v1.2-diffusers,11499510,-1.240617275238037
tencent-hunyuan_hunyuandit-v1.2-diffusers,33282254,0.13687126338481903
tencent-hunyuan_hunyuandit-v1.2-diffusers,1855948,-0.5571085214614868
tencent-hunyuan_hunyuandit-v1.2-diffusers,14942245,1.7560685873031616
tencent-hunyuan_hunyuandit-v1.2-diffusers,2992225,0.5827364921569824
tencent-hunyuan_hunyuandit-v1.2-diffusers,25834713,-0.06014180928468704
tencent-hunyuan_hunyuandit-v1.2-diffusers,28128492,-1.2019529342651367
tencent-hunyuan_hunyuandit-v1.2-diffusers,3910033,-0.7999315857887268
tencent-hunyuan_hunyuandit-v1.2-diffusers,1944390,0.0022607934661209583
tencent-hunyuan_hunyuandit-v1.2-diffusers,39511160,-0.14445869624614716
tencent-hunyuan_hunyuandit-v1.2-diffusers,10106752,1.763662576675415
tencent-hunyuan_hunyuandit-v1.2-diffusers,55600202,-0.5969721674919128
tencent-hunyuan_hunyuandit-v1.2-diffusers,39795848,1.2688637971878052
tencent-hunyuan_hunyuandit-v1.2-diffusers,91730798,1.0390373468399048
tencent-hunyuan_hunyuandit-v1.2-diffusers,4209509,0.9205635190010071
tencent-hunyuan_hunyuandit-v1.2-diffusers,26868486,-0.521394670009613
tencent-hunyuan_hunyuandit-v1.2-diffusers,13398953,-0.8920819759368896
tencent-hunyuan_hunyuandit-v1.2-diffusers,97698147,-0.96444171667099
tencent-hunyuan_hunyuandit-v1.2-diffusers,349351,-0.21150027215480804
tencent-hunyuan_hunyuandit-v1.2-diffusers,88076359,-1.5470210313796997
tencent-hunyuan_hunyuandit-v1.2-diffusers,486670,0.09096240252256393
tencent-hunyuan_hunyuandit-v1.2-diffusers,7854348,1.4927839040756226
tencent-hunyuan_hunyuandit-v1.2-diffusers,56042945,1.6217713356018066
tencent-hunyuan_hunyuandit-v1.2-diffusers,60637264,1.5633697509765625
tencent-hunyuan_hunyuandit-v1.2-diffusers,7601572,1.1415077447891235
tencent-hunyuan_hunyuandit-v1.2-diffusers,6618937,-0.7155119180679321
tencent-hunyuan_hunyuandit-v1.2-diffusers,2720201,-1.0661059617996216
tencent-hunyuan_hunyuandit-v1.2-diffusers,1030820,2.4646005630493164
tencent-hunyuan_hunyuandit-v1.2-diffusers,18845198,-0.27452749013900757
tencent-hunyuan_hunyuandit-v1.2-diffusers,61953833,2.106943130493164
tencent-hunyuan_hunyuandit-v1.2-diffusers,30428080,-1.4186121225357056
tencent-hunyuan_hunyuandit-v1.2-diffusers,24226097,0.03243250027298927
tencent-hunyuan_hunyuandit-v1.2-diffusers,9784564,-0.6246477961540222
tencent-hunyuan_hunyuandit-v1.2-diffusers,23185540,0.23074683547019958
tencent-hunyuan_hunyuandit-v1.2-diffusers,43949086,0.9479197263717651
tencent-hunyuan_hunyuandit-v1.2-diffusers,7896287,0.513866126537323
tencent-hunyuan_hunyuandit-v1.2-diffusers,35067527,-0.5518879294395447
tencent-hunyuan_hunyuandit-v1.2-diffusers,2470709,-1.726696252822876
tencent-hunyuan_hunyuandit-v1.2-diffusers,13389577,-0.10229859501123428
tencent-hunyuan_hunyuandit-v1.2-diffusers,7701597,1.4685100317001343
tencent-hunyuan_hunyuandit-v1.2-diffusers,41458919,1.3589249849319458
tencent-hunyuan_hunyuandit-v1.2-diffusers,73284705,-1.1567232608795166
tencent-hunyuan_hunyuandit-v1.2-diffusers,58240774,-1.7753185033798218
tencent-hunyuan_hunyuandit-v1.2-diffusers,54911962,0.9557948708534241
tencent-hunyuan_hunyuandit-v1.2-diffusers,2857644,1.5988023281097412
tencent-hunyuan_hunyuandit-v1.2-diffusers,1699831,-0.02605459839105606
tencent-hunyuan_hunyuandit-v1.2-diffusers,3146075,-0.265607625246048
tencent-hunyuan_hunyuandit-v1.2-diffusers,14864360,-1.110069751739502
tencent-hunyuan_hunyuandit-v1.2-diffusers,29779486,2.027570962905884
tencent-hunyuan_hunyuandit-v1.2-diffusers,82534981,0.2212594598531723
tencent-hunyuan_hunyuandit-v1.2-diffusers,60871060,-1.0422203540802002
tencent-hunyuan_hunyuandit-v1.2-diffusers,95069122,1.9034229516983032
tencent-hunyuan_hunyuandit-v1.2-diffusers,77726888,-0.22325623035430908
tencent-hunyuan_hunyuandit-v1.2-diffusers,1711160,0.9273102879524231
tencent-hunyuan_hunyuandit-v1.2-diffusers,16683885,1.404919981956482
tencent-hunyuan_hunyuandit-v1.2-diffusers,60066464,-1.3664008378982544
tencent-hunyuan_hunyuandit-v1.2-diffusers,33838024,-1.9860893487930298
tencent-hunyuan_hunyuandit-v1.2-diffusers,30994712,0.8892695307731628
tencent-hunyuan_hunyuandit-v1.2-diffusers,5407890,-1.2025456428527832
tencent-hunyuan_hunyuandit-v1.2-diffusers,77312726,-1.1856082677841187
tencent-hunyuan_hunyuandit-v1.2-diffusers,7899108,1.276072382926941
tencent-hunyuan_hunyuandit-v1.2-diffusers,72705984,0.07102420926094055
tencent-hunyuan_hunyuandit-v1.2-diffusers,10026763,0.6071802973747253
tencent-hunyuan_hunyuandit-v1.2-diffusers,69524497,-0.66485196352005
tencent-hunyuan_hunyuandit-v1.2-diffusers,80027520,2.2130162715911865
tencent-hunyuan_hunyuandit-v1.2-diffusers,3256166,-1.12958562374115
tencent-hunyuan_hunyuandit-v1.2-diffusers,13389949,2.0258100032806396
tencent-hunyuan_hunyuandit-v1.2-diffusers,3548101,-2.5329573154449463
tencent-hunyuan_hunyuandit-v1.2-diffusers,14654954,-0.4843054711818695
tencent-hunyuan_hunyuandit-v1.2-diffusers,23780056,1.7221720218658447
tencent-hunyuan_hunyuandit-v1.2-diffusers,9112347,1.470969796180725
tencent-hunyuan_hunyuandit-v1.2-diffusers,3597469,0.8564127087593079
tencent-hunyuan_hunyuandit-v1.2-diffusers,92597610,-0.7987785339355469
tencent-hunyuan_hunyuandit-v1.2-diffusers,3154616,0.7228376269340515
tencent-hunyuan_hunyuandit-v1.2-diffusers,485081,-1.3512080907821655
tencent-hunyuan_hunyuandit-v1.2-diffusers,825648,-2.168562412261963
tencent-hunyuan_hunyuandit-v1.2-diffusers,89238716,0.11473198235034943
tencent-hunyuan_hunyuandit-v1.2-diffusers,4045941,-1.7473018169403076
tencent-hunyuan_hunyuandit-v1.2-diffusers,9831166,-0.8883946537971497
tencent-hunyuan_hunyuandit-v1.2-diffusers,52474100,0.9416860938072205
tencent-hunyuan_hunyuandit-v1.2-diffusers,83426503,-3.2595739364624023
tencent-hunyuan_hunyuandit-v1.2-diffusers,28230803,-2.7399606704711914
tencent-hunyuan_hunyuandit-v1.2-diffusers,61069285,-2.4618418216705322
tencent-hunyuan_hunyuandit-v1.2-diffusers,20128079,1.5284605026245117
tencent-hunyuan_hunyuandit-v1.2-diffusers,1711496,0.2504321336746216
tencent-hunyuan_hunyuandit-v1.2-diffusers,32149858,1.687722086906433
tencent-hunyuan_hunyuandit-v1.2-diffusers,13018167,-1.0147602558135986
tencent-hunyuan_hunyuandit-v1.2-diffusers,44088522,1.8397175073623657
tencent-hunyuan_hunyuandit-v1.2-diffusers,7853946,0.9695371389389038
tencent-hunyuan_hunyuandit-v1.2-diffusers,485998,2.120819091796875
tencent-hunyuan_hunyuandit-v1.2-diffusers,83508221,0.9725171327590942
tencent-hunyuan_hunyuandit-v1.2-diffusers,99544808,0.8991319537162781
tencent-hunyuan_hunyuandit-v1.2-diffusers,4970059,-0.8427247405052185
tencent-hunyuan_hunyuandit-v1.2-diffusers,40427444,-2.2425448894500732
tencent-hunyuan_hunyuandit-v1.2-diffusers,65486808,1.0344659090042114
tencent-hunyuan_hunyuandit-v1.2-diffusers,87249315,1.293515920639038
tencent-hunyuan_hunyuandit-v1.2-diffusers,3757428,1.145764946937561
tencent-hunyuan_hunyuandit-v1.2-diffusers,92132346,-0.7306398153305054
tencent-hunyuan_hunyuandit-v1.2-diffusers,94294142,-0.8097509741783142
tencent-hunyuan_hunyuandit-v1.2-diffusers,10319796,0.6173512935638428
tencent-hunyuan_hunyuandit-v1.2-diffusers,13391262,-1.4297505617141724
tencent-hunyuan_hunyuandit-v1.2-diffusers,39191981,-1.0911730527877808
tencent-hunyuan_hunyuandit-v1.2-diffusers,74865393,-1.163610816001892
tencent-hunyuan_hunyuandit-v1.2-diffusers,7853232,2.250035285949707
tencent-hunyuan_hunyuandit-v1.2-diffusers,7608245,1.4599034786224365
tencent-hunyuan_hunyuandit-v1.2-diffusers,79200528,-0.41686975955963135
tencent-hunyuan_hunyuandit-v1.2-diffusers,3589791,1.9829320907592773
tencent-hunyuan_hunyuandit-v1.2-diffusers,13389660,-1.0728424787521362
tencent-hunyuan_hunyuandit-v1.2-diffusers,4602762,2.9319419860839844
tencent-hunyuan_hunyuandit-v1.2-diffusers,46972907,0.9351629614830017
tencent-hunyuan_hunyuandit-v1.2-diffusers,80282761,0.8824882507324219
tencent-hunyuan_hunyuandit-v1.2-diffusers,1647543,-1.6243896484375
tencent-hunyuan_hunyuandit-v1.2-diffusers,51559830,-1.998939871788025
tencent-hunyuan_hunyuandit-v1.2-diffusers,62785284,0.5308011174201965
tencent-hunyuan_hunyuandit-v1.2-diffusers,3070702,-1.5185929536819458
tencent-hunyuan_hunyuandit-v1.2-diffusers,27190176,1.7937556505203247
tencent-hunyuan_hunyuandit-v1.2-diffusers,4387201,1.4785784482955933
tencent-hunyuan_hunyuandit-v1.2-diffusers,4370288,0.3236703872680664
tencent-hunyuan_hunyuandit-v1.2-diffusers,7507098,0.4208674430847168
tencent-hunyuan_hunyuandit-v1.2-diffusers,7852045,-1.6601098775863647
tencent-hunyuan_hunyuandit-v1.2-diffusers,2689748,-0.1510155200958252
tencent-hunyuan_hunyuandit-v1.2-diffusers,177783,0.33698180317878723
tencent-hunyuan_hunyuandit-v1.2-diffusers,7408086,0.3185962736606598
tencent-hunyuan_hunyuandit-v1.2-diffusers,8630985,0.07559632509946823
tencent-hunyuan_hunyuandit-v1.2-diffusers,7599468,1.546459674835205
tencent-hunyuan_hunyuandit-v1.2-diffusers,58508996,0.7563955187797546
tencent-hunyuan_hunyuandit-v1.2-diffusers,6978422,-2.5770211219787598
tencent-hunyuan_hunyuandit-v1.2-diffusers,5805475,-0.02134588733315468
tencent-hunyuan_hunyuandit-v1.2-diffusers,4480303,0.009831130504608154
tencent-hunyuan_hunyuandit-v1.2-diffusers,14203346,-1.0558604001998901
tencent-hunyuan_hunyuandit-v1.2-diffusers,31633238,3.2633988857269287
tencent-hunyuan_hunyuandit-v1.2-diffusers,18900674,0.8863418698310852
tencent-hunyuan_hunyuandit-v1.2-diffusers,46830278,-0.04490248113870621
tencent-hunyuan_hunyuandit-v1.2-diffusers,4001499,-1.9040366411209106
tencent-hunyuan_hunyuandit-v1.2-diffusers,11791147,0.5768440961837769
tencent-hunyuan_hunyuandit-v1.2-diffusers,20277435,-1.154043197631836
tencent-hunyuan_hunyuandit-v1.2-diffusers,14175165,-1.5755904912948608
tencent-hunyuan_hunyuandit-v1.2-diffusers,5820395,0.43989551067352295
tencent-hunyuan_hunyuandit-v1.2-diffusers,95718306,-0.15582677721977234
tencent-hunyuan_hunyuandit-v1.2-diffusers,62004169,-0.9382266402244568
tencent-hunyuan_hunyuandit-v1.2-diffusers,44252573,1.3597006797790527
tencent-hunyuan_hunyuandit-v1.2-diffusers,3309687,-1.8890811204910278
tencent-hunyuan_hunyuandit-v1.2-diffusers,33871153,0.9765419363975525
tencent-hunyuan_hunyuandit-v1.2-diffusers,39691768,-1.0786266326904297
tencent-hunyuan_hunyuandit-v1.2-diffusers,15045782,0.32708680629730225
tencent-hunyuan_hunyuandit-v1.2-diffusers,69034564,2.2550220489501953
tencent-hunyuan_hunyuandit-v1.2-diffusers,9090192,-0.087419293820858
tencent-hunyuan_hunyuandit-v1.2-diffusers,2713835,-1.497712254524231
tencent-hunyuan_hunyuandit-v1.2-diffusers,35233048,0.08605488389730453
tencent-hunyuan_hunyuandit-v1.2-diffusers,84089324,0.24023456871509552
tencent-hunyuan_hunyuandit-v1.2-diffusers,1690294,0.7344161868095398
tencent-hunyuan_hunyuandit-v1.2-diffusers,14360436,0.47781306505203247
tencent-hunyuan_hunyuandit-v1.2-diffusers,84125993,-0.231270432472229
tencent-hunyuan_hunyuandit-v1.2-diffusers,41772405,-2.0088257789611816
tencent-hunyuan_hunyuandit-v1.2-diffusers,17787250,2.5297536849975586
tencent-hunyuan_hunyuandit-v1.2-diffusers,7853648,-0.236928790807724
tencent-hunyuan_hunyuandit-v1.2-diffusers,13738967,2.862569570541382
tencent-hunyuan_hunyuandit-v1.2-diffusers,7285872,-1.2804689407348633
tencent-hunyuan_hunyuandit-v1.2-diffusers,71624738,1.1195176839828491
tencent-hunyuan_hunyuandit-v1.2-diffusers,41100734,1.0389609336853027
tencent-hunyuan_hunyuandit-v1.2-diffusers,4442831,-1.773279070854187
tencent-hunyuan_hunyuandit-v1.2-diffusers,83225359,1.7208223342895508
tencent-hunyuan_hunyuandit-v1.2-diffusers,39550042,2.711862087249756
tencent-hunyuan_hunyuandit-v1.2-diffusers,7654438,0.041539132595062256
tencent-hunyuan_hunyuandit-v1.2-diffusers,657728,-1.809664011001587
tencent-hunyuan_hunyuandit-v1.2-diffusers,78810072,0.41278237104415894
tencent-hunyuan_hunyuandit-v1.2-diffusers,5485923,-1.1020082235336304
tencent-hunyuan_hunyuandit-v1.2-diffusers,7898895,2.556696891784668
tencent-hunyuan_hunyuandit-v1.2-diffusers,84461650,-1.730076551437378
tencent-hunyuan_hunyuandit-v1.2-diffusers,46994920,0.6925951838493347
tencent-hunyuan_hunyuandit-v1.2-diffusers,7814829,-0.11427824199199677
tencent-hunyuan_hunyuandit-v1.2-diffusers,19893872,1.11703622341156
tencent-hunyuan_hunyuandit-v1.2-diffusers,3479502,1.5196138620376587
tencent-hunyuan_hunyuandit-v1.2-diffusers,74708908,1.5784835815429688
tencent-hunyuan_hunyuandit-v1.2-diffusers,3876231,1.2695835828781128
tencent-hunyuan_hunyuandit-v1.2-diffusers,81836919,-0.47132208943367004
tencent-hunyuan_hunyuandit-v1.2-diffusers,56556229,0.8966137766838074
tencent-hunyuan_hunyuandit-v1.2-diffusers,7850329,1.8169454336166382
tencent-hunyuan_hunyuandit-v1.2-diffusers,66252269,1.0322890281677246
tencent-hunyuan_hunyuandit-v1.2-diffusers,91390301,0.14086394011974335
tencent-hunyuan_hunyuandit-v1.2-diffusers,27258255,1.2135342359542847
tencent-hunyuan_hunyuandit-v1.2-diffusers,3079741,-0.15081018209457397
tencent-hunyuan_hunyuandit-v1.2-diffusers,48890971,-0.7653933167457581
tencent-hunyuan_hunyuandit-v1.2-diffusers,65960228,1.611412525177002
tencent-hunyuan_hunyuandit-v1.2-diffusers,2468017,-2.1304879188537598
tencent-hunyuan_hunyuandit-v1.2-diffusers,42838762,1.8476289510726929
tencent-hunyuan_hunyuandit-v1.2-diffusers,97376920,1.3132778406143188
tencent-hunyuan_hunyuandit-v1.2-diffusers,63418362,0.434388667345047
tencent-hunyuan_hunyuandit-v1.2-diffusers,21554027,0.6740179061889648
tencent-hunyuan_hunyuandit-v1.2-diffusers,74059424,-1.467866063117981
tencent-hunyuan_hunyuandit-v1.2-diffusers,4968895,-1.1850093603134155
tencent-hunyuan_hunyuandit-v1.2-diffusers,14362179,0.48091500997543335
tencent-hunyuan_hunyuandit-v1.2-diffusers,59439665,0.6140286922454834
tencent-hunyuan_hunyuandit-v1.2-diffusers,3015254,2.0094923973083496
tencent-hunyuan_hunyuandit-v1.2-diffusers,49899659,0.18813668191432953
tencent-hunyuan_hunyuandit-v1.2-diffusers,56576279,-1.146726131439209
tencent-hunyuan_hunyuandit-v1.2-diffusers,40825299,1.8359038829803467
tencent-hunyuan_hunyuandit-v1.2-diffusers,64760527,2.0983240604400635
tencent-hunyuan_hunyuandit-v1.2-diffusers,97037039,0.2678868770599365
tencent-hunyuan_hunyuandit-v1.2-diffusers,34188247,1.9438992738723755
tencent-hunyuan_hunyuandit-v1.2-diffusers,87431591,-0.27663469314575195
tencent-hunyuan_hunyuandit-v1.2-diffusers,27381501,2.2585999965667725
tencent-hunyuan_hunyuandit-v1.2-diffusers,1111816,-0.8028427362442017
tencent-hunyuan_hunyuandit-v1.2-diffusers,58988596,1.7666550874710083
tencent-hunyuan_hunyuandit-v1.2-diffusers,28497213,1.6273043155670166
tencent-hunyuan_hunyuandit-v1.2-diffusers,32846656,1.0882612466812134
tencent-hunyuan_hunyuandit-v1.2-diffusers,14638412,2.885849714279175
tencent-hunyuan_hunyuandit-v1.2-diffusers,9628382,1.2319822311401367
tencent-hunyuan_hunyuandit-v1.2-diffusers,95438883,-0.5822793245315552
tencent-hunyuan_hunyuandit-v1.2-diffusers,10332385,0.635955810546875
tencent-hunyuan_hunyuandit-v1.2-diffusers,13389763,-1.0777984857559204
tencent-hunyuan_hunyuandit-v1.2-diffusers,2839592,-1.1103371381759644
tencent-hunyuan_hunyuandit-v1.2-diffusers,5761026,0.39395955204963684
tencent-hunyuan_hunyuandit-v1.2-diffusers,2530421,-0.923089325428009
tencent-hunyuan_hunyuandit-v1.2-diffusers,7884567,-0.2991938292980194
tencent-hunyuan_hunyuandit-v1.2-diffusers,39037282,-2.431511163711548
tencent-hunyuan_hunyuandit-v1.2-diffusers,64856142,-0.7135352492332458
tencent-hunyuan_hunyuandit-v1.2-diffusers,71251394,1.8185962438583374
tencent-hunyuan_hunyuandit-v1.2-diffusers,12584514,-0.6884412169456482
tencent-hunyuan_hunyuandit-v1.2-diffusers,9798811,0.30337148904800415
tencent-hunyuan_hunyuandit-v1.2-diffusers,78954040,-1.86385977268219
tencent-hunyuan_hunyuandit-v1.2-diffusers,3703463,1.0680629014968872
tencent-hunyuan_hunyuandit-v1.2-diffusers,53830617,1.8504050970077515
tencent-hunyuan_hunyuandit-v1.2-diffusers,87699711,-0.29061996936798096
tencent-hunyuan_hunyuandit-v1.2-diffusers,73963841,-1.2438517808914185
tencent-hunyuan_hunyuandit-v1.2-diffusers,12852206,1.5345529317855835
tencent-hunyuan_hunyuandit-v1.2-diffusers,49340311,-2.1218953132629395
tencent-hunyuan_hunyuandit-v1.2-diffusers,34442775,1.2160344123840332
tencent-hunyuan_hunyuandit-v1.2-diffusers,38003730,0.641694188117981
tencent-hunyuan_hunyuandit-v1.2-diffusers,57416812,0.6639261841773987
tencent-hunyuan_hunyuandit-v1.2-diffusers,81127,0.9670233130455017
tencent-hunyuan_hunyuandit-v1.2-diffusers,24096619,2.2824783325195312
tencent-hunyuan_hunyuandit-v1.2-diffusers,73043925,0.3259727358818054
tencent-hunyuan_hunyuandit-v1.2-diffusers,75330921,1.5414341688156128
tencent-hunyuan_hunyuandit-v1.2-diffusers,6222959,2.8168249130249023
tencent-hunyuan_hunyuandit-v1.2-diffusers,7899976,0.7890865802764893
tencent-hunyuan_hunyuandit-v1.2-diffusers,3314780,0.5344467759132385
tencent-hunyuan_hunyuandit-v1.2-diffusers,86341828,-0.8629562258720398
tencent-hunyuan_hunyuandit-v1.2-diffusers,6584891,0.6399107575416565
tencent-hunyuan_hunyuandit-v1.2-diffusers,95325441,-0.23728232085704803
tencent-hunyuan_hunyuandit-v1.2-diffusers,7922764,1.2777400016784668
tencent-hunyuan_hunyuandit-v1.2-diffusers,2075764,-0.5914211869239807
tencent-hunyuan_hunyuandit-v1.2-diffusers,7596684,-0.44969823956489563
tencent-hunyuan_hunyuandit-v1.2-diffusers,486490,-1.1293222904205322
tencent-hunyuan_hunyuandit-v1.2-diffusers,70380966,-0.6780686378479004
tencent-hunyuan_hunyuandit-v1.2-diffusers,32932491,0.6841241717338562
tencent-hunyuan_hunyuandit-v1.2-diffusers,22738759,0.6051022410392761
tencent-hunyuan_hunyuandit-v1.2-diffusers,21377549,1.7049696445465088
tencent-hunyuan_hunyuandit-v1.2-diffusers,96448597,1.9880222082138062
tencent-hunyuan_hunyuandit-v1.2-diffusers,57716963,1.8616819381713867
tencent-hunyuan_hunyuandit-v1.2-diffusers,13931145,0.6045750379562378
tencent-hunyuan_hunyuandit-v1.2-diffusers,974367,-0.5640012621879578
tencent-hunyuan_hunyuandit-v1.2-diffusers,30028757,0.5047364234924316
tencent-hunyuan_hunyuandit-v1.2-diffusers,45564900,-0.37085556983947754
tencent-hunyuan_hunyuandit-v1.2-diffusers,6729499,-0.9984995126724243
tencent-hunyuan_hunyuandit-v1.2-diffusers,10198409,-0.38618361949920654
tencent-hunyuan_hunyuandit-v1.2-diffusers,75787772,-1.3897793292999268
tencent-hunyuan_hunyuandit-v1.2-diffusers,9862621,-2.7030322551727295
tencent-hunyuan_hunyuandit-v1.2-diffusers,4416901,-3.213887929916382
tencent-hunyuan_hunyuandit-v1.2-diffusers,10444677,-0.6829192638397217
tencent-hunyuan_hunyuandit-v1.2-diffusers,735254,0.8336050510406494
tencent-hunyuan_hunyuandit-v1.2-diffusers,9719434,0.9025179743766785
tencent-hunyuan_hunyuandit-v1.2-diffusers,7608721,2.0298802852630615
tencent-hunyuan_hunyuandit-v1.2-diffusers,2821943,1.2504222393035889
tencent-hunyuan_hunyuandit-v1.2-diffusers,6189776,1.5526857376098633
tencent-hunyuan_hunyuandit-v1.2-diffusers,5350912,2.0230584144592285
tencent-hunyuan_hunyuandit-v1.2-diffusers,39560404,-1.0010347366333008
tencent-hunyuan_hunyuandit-v1.2-diffusers,192051,-0.9713929891586304
tencent-hunyuan_hunyuandit-v1.2-diffusers,81303945,2.268225908279419
tencent-hunyuan_hunyuandit-v1.2-diffusers,20495093,0.44618353247642517
tencent-hunyuan_hunyuandit-v1.2-diffusers,98929226,-1.4450757503509521
tencent-hunyuan_hunyuandit-v1.2-diffusers,4285773,0.4510348439216614
tencent-hunyuan_hunyuandit-v1.2-diffusers,43161384,2.085691452026367
tencent-hunyuan_hunyuandit-v1.2-diffusers,1113367,-0.2959757447242737
tencent-hunyuan_hunyuandit-v1.2-diffusers,83084473,-1.8684170246124268
tencent-hunyuan_hunyuandit-v1.2-diffusers,75051801,2.52964448928833
tencent-hunyuan_hunyuandit-v1.2-diffusers,3975232,0.8961192965507507
tencent-hunyuan_hunyuandit-v1.2-diffusers,4455579,1.1794307231903076
tencent-hunyuan_hunyuandit-v1.2-diffusers,4930139,0.7423330545425415
tencent-hunyuan_hunyuandit-v1.2-diffusers,71959499,2.8798012733459473
tencent-hunyuan_hunyuandit-v1.2-diffusers,55255145,2.0872929096221924
tencent-hunyuan_hunyuandit-v1.2-diffusers,14632648,-0.09480874240398407
tencent-hunyuan_hunyuandit-v1.2-diffusers,61035709,1.8461686372756958
tencent-hunyuan_hunyuandit-v1.2-diffusers,73681289,-1.6818228960037231
tencent-hunyuan_hunyuandit-v1.2-diffusers,71910823,0.16409780085086823
tencent-hunyuan_hunyuandit-v1.2-diffusers,99862294,-0.033128052949905396
tencent-hunyuan_hunyuandit-v1.2-diffusers,5794797,0.4311200976371765
tencent-hunyuan_hunyuandit-v1.2-diffusers,4062807,0.08683260530233383
tencent-hunyuan_hunyuandit-v1.2-diffusers,17925539,-0.2728063464164734
tencent-hunyuan_hunyuandit-v1.2-diffusers,7929519,1.2780524492263794
tencent-hunyuan_hunyuandit-v1.2-diffusers,3353281,2.645285129547119
tencent-hunyuan_hunyuandit-v1.2-diffusers,2852043,-1.1659431457519531
tencent-hunyuan_hunyuandit-v1.2-diffusers,93436296,0.44578707218170166
tencent-hunyuan_hunyuandit-v1.2-diffusers,1171644,0.5431801080703735
tencent-hunyuan_hunyuandit-v1.2-diffusers,98646702,1.4012036323547363
tencent-hunyuan_hunyuandit-v1.2-diffusers,14606290,-1.0998077392578125
tencent-hunyuan_hunyuandit-v1.2-diffusers,3131669,0.06281109154224396
tencent-hunyuan_hunyuandit-v1.2-diffusers,23185551,-0.2131931334733963
tencent-hunyuan_hunyuandit-v1.2-diffusers,6615818,1.3020635843276978
tencent-hunyuan_hunyuandit-v1.2-diffusers,89539854,-3.9943594932556152
tencent-hunyuan_hunyuandit-v1.2-diffusers,7625977,0.40302205085754395
tencent-hunyuan_hunyuandit-v1.2-diffusers,57785005,-0.4095081388950348
tencent-hunyuan_hunyuandit-v1.2-diffusers,8089797,1.7123576402664185
tencent-hunyuan_hunyuandit-v1.2-diffusers,53288018,1.2017592191696167
tencent-hunyuan_hunyuandit-v1.2-diffusers,3262349,0.41286852955818176
tencent-hunyuan_hunyuandit-v1.2-diffusers,2721160,1.2513145208358765
tencent-hunyuan_hunyuandit-v1.2-diffusers,95171107,-1.5794109106063843
tencent-hunyuan_hunyuandit-v1.2-diffusers,37547870,1.610335350036621
tencent-hunyuan_hunyuandit-v1.2-diffusers,7892813,1.8345173597335815
tencent-hunyuan_hunyuandit-v1.2-diffusers,62748211,1.9115396738052368
tencent-hunyuan_hunyuandit-v1.2-diffusers,19037841,-0.18198777735233307
tencent-hunyuan_hunyuandit-v1.2-diffusers,7701053,0.4474215507507324
tencent-hunyuan_hunyuandit-v1.2-diffusers,47350024,-1.817076325416565
tencent-hunyuan_hunyuandit-v1.2-diffusers,85639796,2.3757705688476562
tencent-hunyuan_hunyuandit-v1.2-diffusers,56827080,1.6536415815353394
tencent-hunyuan_hunyuandit-v1.2-diffusers,83389008,0.43005573749542236
tencent-hunyuan_hunyuandit-v1.2-diffusers,14736587,-2.1778128147125244
tencent-hunyuan_hunyuandit-v1.2-diffusers,5515790,-0.5665552616119385
tencent-hunyuan_hunyuandit-v1.2-diffusers,3514129,1.8144512176513672
tencent-hunyuan_hunyuandit-v1.2-diffusers,3808564,1.6990147829055786
tencent-hunyuan_hunyuandit-v1.2-diffusers,53024874,0.01984081044793129
tencent-hunyuan_hunyuandit-v1.2-diffusers,14601829,0.9283473491668701
tencent-hunyuan_hunyuandit-v1.2-diffusers,651145,-1.4342845678329468
tencent-hunyuan_hunyuandit-v1.2-diffusers,93979148,3.10115385055542
tencent-hunyuan_hunyuandit-v1.2-diffusers,2632039,-1.932064414024353
tencent-hunyuan_hunyuandit-v1.2-diffusers,2809365,-0.09984924644231796
tencent-hunyuan_hunyuandit-v1.2-diffusers,14555414,1.9084302186965942
tencent-hunyuan_hunyuandit-v1.2-diffusers,10047459,0.026043687015771866
tencent-hunyuan_hunyuandit-v1.2-diffusers,61620187,1.2835609912872314
tencent-hunyuan_hunyuandit-v1.2-diffusers,23632794,0.05941417068243027
tencent-hunyuan_hunyuandit-v1.2-diffusers,7851641,-0.9970463514328003
tencent-hunyuan_hunyuandit-v1.2-diffusers,94855528,-0.8210482001304626
tencent-hunyuan_hunyuandit-v1.2-diffusers,4965661,-1.255723237991333
tencent-hunyuan_hunyuandit-v1.2-diffusers,72289969,2.5527865886688232
tencent-hunyuan_hunyuandit-v1.2-diffusers,53099467,2.028529644012451
tencent-hunyuan_hunyuandit-v1.2-diffusers,85130699,-0.2505805492401123
tencent-hunyuan_hunyuandit-v1.2-diffusers,7919310,-0.9048152565956116
tencent-hunyuan_hunyuandit-v1.2-diffusers,4411264,0.9691962003707886
tencent-hunyuan_hunyuandit-v1.2-diffusers,14413411,1.261001706123352
tencent-hunyuan_hunyuandit-v1.2-diffusers,7883251,-0.323483943939209
tencent-hunyuan_hunyuandit-v1.2-diffusers,76247527,0.37476956844329834
tencent-hunyuan_hunyuandit-v1.2-diffusers,83950521,1.2442994117736816
tencent-hunyuan_hunyuandit-v1.2-diffusers,58557478,1.9165807962417603
tencent-hunyuan_hunyuandit-v1.2-diffusers,255450,-0.39666932821273804
tencent-hunyuan_hunyuandit-v1.2-diffusers,2407987,-2.256610631942749
tencent-hunyuan_hunyuandit-v1.2-diffusers,68983052,1.682663917541504
tencent-hunyuan_hunyuandit-v1.2-diffusers,40990377,-1.0512737035751343
tencent-hunyuan_hunyuandit-v1.2-diffusers,13391452,1.4378480911254883
tencent-hunyuan_hunyuandit-v1.2-diffusers,21149945,-0.4182416796684265
tencent-hunyuan_hunyuandit-v1.2-diffusers,27731340,2.334635019302368
tencent-hunyuan_hunyuandit-v1.2-diffusers,88955715,2.5107572078704834
tencent-hunyuan_hunyuandit-v1.2-diffusers,3016609,-0.2669822573661804
tencent-hunyuan_hunyuandit-v1.2-diffusers,7608641,1.4740548133850098
tencent-hunyuan_hunyuandit-v1.2-diffusers,1316949,-2.1981358528137207
tencent-hunyuan_hunyuandit-v1.2-diffusers,2796995,1.6535179615020752
tencent-hunyuan_hunyuandit-v1.2-diffusers,66937882,0.916942298412323
tencent-hunyuan_hunyuandit-v1.2-diffusers,52681851,-1.1980117559432983
tencent-hunyuan_hunyuandit-v1.2-diffusers,84510135,-0.2775583863258362
tencent-hunyuan_hunyuandit-v1.2-diffusers,14859622,-1.8797913789749146
tencent-hunyuan_hunyuandit-v1.2-diffusers,83788823,1.9806950092315674
tencent-hunyuan_hunyuandit-v1.2-diffusers,7609407,1.572605848312378
tencent-hunyuan_hunyuandit-v1.2-diffusers,12620681,1.0228826999664307
tencent-hunyuan_hunyuandit-v1.2-diffusers,43308202,-1.0851460695266724
tencent-hunyuan_hunyuandit-v1.2-diffusers,940043,-0.23381401598453522
tencent-hunyuan_hunyuandit-v1.2-diffusers,33248075,0.5410891175270081
tencent-hunyuan_hunyuandit-v1.2-diffusers,6140130,-0.6049518585205078
tencent-hunyuan_hunyuandit-v1.2-diffusers,44067878,-0.6663803458213806
tencent-hunyuan_hunyuandit-v1.2-diffusers,82271929,-1.1952301263809204
tencent-hunyuan_hunyuandit-v1.2-diffusers,2384858,0.10813453793525696
tencent-hunyuan_hunyuandit-v1.2-diffusers,93960373,1.5162594318389893
tencent-hunyuan_hunyuandit-v1.2-diffusers,4290945,1.1495336294174194
tencent-hunyuan_hunyuandit-v1.2-diffusers,3478589,-0.9574404954910278
tencent-hunyuan_hunyuandit-v1.2-diffusers,14162275,-0.9702327251434326
tencent-hunyuan_hunyuandit-v1.2-diffusers,32431340,-0.6005551815032959
tencent-hunyuan_hunyuandit-v1.2-diffusers,66384979,-0.8936059474945068
tencent-hunyuan_hunyuandit-v1.2-diffusers,10997768,-1.2988905906677246
tencent-hunyuan_hunyuandit-v1.2-diffusers,90792893,1.4039956331253052
tencent-hunyuan_hunyuandit-v1.2-diffusers,73842602,0.7001112103462219
tencent-hunyuan_hunyuandit-v1.2-diffusers,56888902,0.27014878392219543
tencent-hunyuan_hunyuandit-v1.2-diffusers,7675627,1.6726690530776978
tencent-hunyuan_hunyuandit-v1.2-diffusers,64027442,0.8201152086257935
tencent-hunyuan_hunyuandit-v1.2-diffusers,90076481,2.0147838592529297
tencent-hunyuan_hunyuandit-v1.2-diffusers,7854184,0.7869839668273926
tencent-hunyuan_hunyuandit-v1.2-diffusers,24933378,-0.5208272933959961
tencent-hunyuan_hunyuandit-v1.2-diffusers,1897406,0.43907782435417175
tencent-hunyuan_hunyuandit-v1.2-diffusers,6714976,-1.2529518604278564
tencent-hunyuan_hunyuandit-v1.2-diffusers,39662169,0.6909993886947632
tencent-hunyuan_hunyuandit-v1.2-diffusers,7914006,2.023921251296997
tencent-hunyuan_hunyuandit-v1.2-diffusers,1711965,-1.3007943630218506
tencent-hunyuan_hunyuandit-v1.2-diffusers,7926785,0.662707507610321
tencent-hunyuan_hunyuandit-v1.2-diffusers,54679606,0.05054261535406113
tencent-hunyuan_hunyuandit-v1.2-diffusers,77132310,0.5743846893310547
tencent-hunyuan_hunyuandit-v1.2-diffusers,46239260,1.0253825187683105
tencent-hunyuan_hunyuandit-v1.2-diffusers,5072523,-1.9501025676727295
tencent-hunyuan_hunyuandit-v1.2-diffusers,6723635,0.42010733485221863
tencent-hunyuan_hunyuandit-v1.2-diffusers,5005250,-0.18223866820335388
tencent-hunyuan_hunyuandit-v1.2-diffusers,3676087,-0.3493717908859253
tencent-hunyuan_hunyuandit-v1.2-diffusers,3940713,1.4605531692504883
tencent-hunyuan_hunyuandit-v1.2-diffusers,53205877,0.4380203187465668
tencent-hunyuan_hunyuandit-v1.2-diffusers,61420371,-1.0195401906967163
tencent-hunyuan_hunyuandit-v1.2-diffusers,51866265,-1.2048122882843018
tencent-hunyuan_hunyuandit-v1.2-diffusers,3110937,-0.7309591174125671
tencent-hunyuan_hunyuandit-v1.2-diffusers,9820263,0.8730570673942566
tencent-hunyuan_hunyuandit-v1.2-diffusers,63172132,0.5133665204048157
tencent-hunyuan_hunyuandit-v1.2-diffusers,2991555,1.045511245727539
tencent-hunyuan_hunyuandit-v1.2-diffusers,94054067,-0.07944468408823013
tencent-hunyuan_hunyuandit-v1.2-diffusers,13392229,-0.7423352599143982
tencent-hunyuan_hunyuandit-v1.2-diffusers,75015224,-0.29512113332748413
tencent-hunyuan_hunyuandit-v1.2-diffusers,3668279,0.18602468073368073
tencent-hunyuan_hunyuandit-v1.2-diffusers,87278455,-0.1485757976770401
tencent-hunyuan_hunyuandit-v1.2-diffusers,11344159,0.4289245307445526
tencent-hunyuan_hunyuandit-v1.2-diffusers,9616922,0.8472424745559692
tencent-hunyuan_hunyuandit-v1.2-diffusers,6617866,-0.9357566833496094
tencent-hunyuan_hunyuandit-v1.2-diffusers,68528226,1.9071612358093262
tencent-hunyuan_hunyuandit-v1.2-diffusers,10922211,-1.5321723222732544
tencent-hunyuan_hunyuandit-v1.2-diffusers,12353458,1.360419750213623
tencent-hunyuan_hunyuandit-v1.2-diffusers,26312477,1.3843021392822266
tencent-hunyuan_hunyuandit-v1.2-diffusers,84608404,1.104163408279419
tencent-hunyuan_hunyuandit-v1.2-diffusers,49176952,-0.07785051316022873
tencent-hunyuan_hunyuandit-v1.2-diffusers,4081844,-0.4286420941352844
tencent-hunyuan_hunyuandit-v1.2-diffusers,48351897,-1.7473777532577515
tencent-hunyuan_hunyuandit-v1.2-diffusers,44838123,-0.4084314703941345
tencent-hunyuan_hunyuandit-v1.2-diffusers,49300740,-0.6805142760276794
tencent-hunyuan_hunyuandit-v1.2-diffusers,7851926,1.1146619319915771
tencent-hunyuan_hunyuandit-v1.2-diffusers,14722589,0.8656173348426819
tencent-hunyuan_hunyuandit-v1.2-diffusers,2676566,0.6644483208656311
tencent-hunyuan_hunyuandit-v1.2-diffusers,1161161,0.7193828225135803
tencent-hunyuan_hunyuandit-v1.2-diffusers,81525186,-0.016708403825759888
tencent-hunyuan_hunyuandit-v1.2-diffusers,3859280,0.3109802007675171
tencent-hunyuan_hunyuandit-v1.2-diffusers,88663611,-0.4657333195209503
tencent-hunyuan_hunyuandit-v1.2-diffusers,42906382,0.8587002158164978
tencent-hunyuan_hunyuandit-v1.2-diffusers,3405111,0.11553347855806351
tencent-hunyuan_hunyuandit-v1.2-diffusers,41161074,-0.9188512563705444
tencent-hunyuan_hunyuandit-v1.2-diffusers,20304383,-0.01710602641105652
tencent-hunyuan_hunyuandit-v1.2-diffusers,22491539,0.04079585522413254
tencent-hunyuan_hunyuandit-v1.2-diffusers,21146793,-0.5278993248939514
tencent-hunyuan_hunyuandit-v1.2-diffusers,1944812,0.2800445258617401
tencent-hunyuan_hunyuandit-v1.2-diffusers,71828875,-0.7897989153862
tencent-hunyuan_hunyuandit-v1.2-diffusers,4363991,1.6791136264801025
tencent-hunyuan_hunyuandit-v1.2-diffusers,21722840,1.2840335369110107
tencent-hunyuan_hunyuandit-v1.2-diffusers,6015361,-0.09700004011392593
tencent-hunyuan_hunyuandit-v1.2-diffusers,9541919,0.06068474054336548
tencent-hunyuan_hunyuandit-v1.2-diffusers,30672998,1.224350929260254
tencent-hunyuan_hunyuandit-v1.2-diffusers,5414147,-1.43280029296875
tencent-hunyuan_hunyuandit-v1.2-diffusers,94558280,0.07938101142644882
tencent-hunyuan_hunyuandit-v1.2-diffusers,2053030,-1.0361422300338745
tencent-hunyuan_hunyuandit-v1.2-diffusers,34109315,1.052496314048767
tencent-hunyuan_hunyuandit-v1.2-diffusers,22686580,-0.3949899971485138
tencent-hunyuan_hunyuandit-v1.2-diffusers,84669752,0.551398515701294
tencent-hunyuan_hunyuandit-v1.2-diffusers,95266403,1.0218130350112915
tencent-hunyuan_hunyuandit-v1.2-diffusers,10601537,1.6063703298568726
tencent-hunyuan_hunyuandit-v1.2-diffusers,4235646,2.2640650272369385
tencent-hunyuan_hunyuandit-v1.2-diffusers,79787115,-0.8205203413963318
tencent-hunyuan_hunyuandit-v1.2-diffusers,5269826,-0.052281029522418976
tencent-hunyuan_hunyuandit-v1.2-diffusers,42580285,0.3937358558177948
tencent-hunyuan_hunyuandit-v1.2-diffusers,62273667,1.0997923612594604
tencent-hunyuan_hunyuandit-v1.2-diffusers,76561220,-1.5576521158218384
tencent-hunyuan_hunyuandit-v1.2-diffusers,31559831,-0.16659340262413025
tencent-hunyuan_hunyuandit-v1.2-diffusers,93262734,1.6555746793746948
tencent-hunyuan_hunyuandit-v1.2-diffusers,43155760,-0.5206174850463867
tencent-hunyuan_hunyuandit-v1.2-diffusers,13375167,0.6401290893554688
tencent-hunyuan_hunyuandit-v1.2-diffusers,13417410,0.11415479332208633
tencent-hunyuan_hunyuandit-v1.2-diffusers,80848986,1.0939555168151855
tencent-hunyuan_hunyuandit-v1.2-diffusers,7625831,0.784641444683075
tencent-hunyuan_hunyuandit-v1.2-diffusers,7128527,1.3780484199523926
tencent-hunyuan_hunyuandit-v1.2-diffusers,18985454,-1.148593544960022
tencent-hunyuan_hunyuandit-v1.2-diffusers,79752138,-0.4081284999847412
tencent-hunyuan_hunyuandit-v1.2-diffusers,43301379,1.296974778175354
tencent-hunyuan_hunyuandit-v1.2-diffusers,66148304,2.127702236175537
tencent-hunyuan_hunyuandit-v1.2-diffusers,2656062,0.5897964835166931
tencent-hunyuan_hunyuandit-v1.2-diffusers,96925481,0.3722589612007141
tencent-hunyuan_hunyuandit-v1.2-diffusers,55142307,-1.5731842517852783
tencent-hunyuan_hunyuandit-v1.2-diffusers,31189299,1.457829236984253
tencent-hunyuan_hunyuandit-v1.2-diffusers,87905267,-1.0966130495071411
tencent-hunyuan_hunyuandit-v1.2-diffusers,7606669,0.8445143103599548
tencent-hunyuan_hunyuandit-v1.2-diffusers,86154729,-2.4624123573303223
tencent-hunyuan_hunyuandit-v1.2-diffusers,92769793,1.276860237121582
tencent-hunyuan_hunyuandit-v1.2-diffusers,79680340,1.450048804283142
tencent-hunyuan_hunyuandit-v1.2-diffusers,41194080,-1.1322696208953857
tencent-hunyuan_hunyuandit-v1.2-diffusers,3200701,1.6258330345153809
tencent-hunyuan_hunyuandit-v1.2-diffusers,94547307,-0.36997973918914795
tencent-hunyuan_hunyuandit-v1.2-diffusers,19460702,0.9487671256065369
tencent-hunyuan_hunyuandit-v1.2-diffusers,1163586,-0.2993277311325073
tencent-hunyuan_hunyuandit-v1.2-diffusers,2896442,1.1912260055541992
tencent-hunyuan_hunyuandit-v1.2-diffusers,28010121,1.983414888381958
tencent-hunyuan_hunyuandit-v1.2-diffusers,2724207,-0.18192343413829803
tencent-hunyuan_hunyuandit-v1.2-diffusers,74157104,0.5144706964492798
tencent-hunyuan_hunyuandit-v1.2-diffusers,45418454,0.39364147186279297
tencent-hunyuan_hunyuandit-v1.2-diffusers,3748162,0.973010778427124
tencent-hunyuan_hunyuandit-v1.2-diffusers,2859084,-0.5419639945030212
tencent-hunyuan_hunyuandit-v1.2-diffusers,94737156,0.8428391814231873
tencent-hunyuan_hunyuandit-v1.2-diffusers,72650102,0.16209176182746887
tencent-hunyuan_hunyuandit-v1.2-diffusers,11914464,1.2840417623519897
tencent-hunyuan_hunyuandit-v1.2-diffusers,64445162,1.0145549774169922
tencent-hunyuan_hunyuandit-v1.2-diffusers,87574583,-1.2215560674667358
tencent-hunyuan_hunyuandit-v1.2-diffusers,1883513,0.3619771897792816
tencent-hunyuan_hunyuandit-v1.2-diffusers,49358811,-0.4392358660697937
tencent-hunyuan_hunyuandit-v1.2-diffusers,96521920,-0.34131351113319397
tencent-hunyuan_hunyuandit-v1.2-diffusers,98642787,1.5956988334655762
tencent-hunyuan_hunyuandit-v1.2-diffusers,5219923,-0.7264434695243835
tencent-hunyuan_hunyuandit-v1.2-diffusers,7710616,0.5645427703857422
tencent-hunyuan_hunyuandit-v1.2-diffusers,55191509,-0.30512964725494385
tencent-hunyuan_hunyuandit-v1.2-diffusers,99178779,1.3804072141647339
tencent-hunyuan_hunyuandit-v1.2-diffusers,99211012,0.7465017437934875
tencent-hunyuan_hunyuandit-v1.2-diffusers,80540387,-0.16731561720371246
tencent-hunyuan_hunyuandit-v1.2-diffusers,63633117,-0.6435462236404419
tencent-hunyuan_hunyuandit-v1.2-diffusers,64576544,1.0519466400146484
tencent-hunyuan_hunyuandit-v1.2-diffusers,37319253,0.39457279443740845
tencent-hunyuan_hunyuandit-v1.2-diffusers,4345028,1.305503010749817
tencent-hunyuan_hunyuandit-v1.2-diffusers,86119145,0.05613923817873001
tencent-hunyuan_hunyuandit-v1.2-diffusers,20017667,1.3452402353286743
tencent-hunyuan_hunyuandit-v1.2-diffusers,76708750,1.864683985710144
tencent-hunyuan_hunyuandit-v1.2-diffusers,68357063,0.2509933412075043
tencent-hunyuan_hunyuandit-v1.2-diffusers,13528852,-0.24589122831821442
tencent-hunyuan_hunyuandit-v1.2-diffusers,11426148,1.1973224878311157
tencent-hunyuan_hunyuandit-v1.2-diffusers,50698900,0.4731059968471527
black-forest-labs_flux.1-dev,10449664,1.8393548727035522
black-forest-labs_flux.1-dev,44691336,1.5684489011764526
black-forest-labs_flux.1-dev,13390139,2.0893867015838623
black-forest-labs_flux.1-dev,65145807,-1.7037298679351807
black-forest-labs_flux.1-dev,37287360,-1.239580512046814
black-forest-labs_flux.1-dev,3471347,1.677940845489502
black-forest-labs_flux.1-dev,2253406,2.294585704803467
black-forest-labs_flux.1-dev,13392688,-0.9611706137657166
black-forest-labs_flux.1-dev,86911328,1.9994131326675415
black-forest-labs_flux.1-dev,7872492,2.3677685260772705
black-forest-labs_flux.1-dev,2870293,3.012202739715576
black-forest-labs_flux.1-dev,42700105,-2.948812961578369
black-forest-labs_flux.1-dev,14885369,-0.18472392857074738
black-forest-labs_flux.1-dev,10051337,1.0230075120925903
black-forest-labs_flux.1-dev,484362,0.978791356086731
black-forest-labs_flux.1-dev,6474289,-1.3181488513946533
black-forest-labs_flux.1-dev,45272674,-1.1347827911376953
black-forest-labs_flux.1-dev,13259199,1.690441608428955
black-forest-labs_flux.1-dev,17594832,-0.35480785369873047
black-forest-labs_flux.1-dev,60083345,-0.7244448661804199
black-forest-labs_flux.1-dev,15022776,0.014891743659973145
black-forest-labs_flux.1-dev,7900225,-1.9540187120437622
black-forest-labs_flux.1-dev,1028655,0.7731862664222717
black-forest-labs_flux.1-dev,93287454,0.9152514338493347
black-forest-labs_flux.1-dev,8386365,1.5574820041656494
black-forest-labs_flux.1-dev,71272708,-0.8512905240058899
black-forest-labs_flux.1-dev,64693533,1.3651373386383057
black-forest-labs_flux.1-dev,91368083,-0.19301582872867584
black-forest-labs_flux.1-dev,1557564,-1.848633050918579
black-forest-labs_flux.1-dev,7841907,1.5608723163604736
black-forest-labs_flux.1-dev,83803292,-0.42750534415245056
black-forest-labs_flux.1-dev,14881303,-0.13645659387111664
black-forest-labs_flux.1-dev,79077085,2.1787095069885254
black-forest-labs_flux.1-dev,31398311,0.36786526441574097
black-forest-labs_flux.1-dev,4974575,1.448727011680603
black-forest-labs_flux.1-dev,5328115,-0.25370579957962036
black-forest-labs_flux.1-dev,82966115,2.0235979557037354
black-forest-labs_flux.1-dev,3162460,-0.4153275191783905
black-forest-labs_flux.1-dev,60579124,-2.4305167198181152
black-forest-labs_flux.1-dev,3460674,-0.19505183398723602
black-forest-labs_flux.1-dev,4971928,-1.1954783201217651
black-forest-labs_flux.1-dev,839834,0.924745500087738
black-forest-labs_flux.1-dev,58167568,2.291256904602051
black-forest-labs_flux.1-dev,95633809,1.913178563117981
black-forest-labs_flux.1-dev,85408051,0.990490734577179
black-forest-labs_flux.1-dev,53850406,0.9528412222862244
black-forest-labs_flux.1-dev,10499857,1.1715675592422485
black-forest-labs_flux.1-dev,27106238,1.9764043092727661
black-forest-labs_flux.1-dev,95450946,2.611138105392456
black-forest-labs_flux.1-dev,53461182,1.04489004611969
black-forest-labs_flux.1-dev,3035832,-0.9065765738487244
black-forest-labs_flux.1-dev,95851097,0.23801995813846588
black-forest-labs_flux.1-dev,23424702,2.8747780323028564
black-forest-labs_flux.1-dev,48565245,0.5929620862007141
black-forest-labs_flux.1-dev,1312908,0.16331550478935242
black-forest-labs_flux.1-dev,14867245,2.421846866607666
black-forest-labs_flux.1-dev,2908217,1.1312602758407593
black-forest-labs_flux.1-dev,7114060,2.276918649673462
black-forest-labs_flux.1-dev,23860855,1.0822968482971191
black-forest-labs_flux.1-dev,75025274,1.1731222867965698
black-forest-labs_flux.1-dev,1156438,1.899233102798462
black-forest-labs_flux.1-dev,6616806,-0.7418724894523621
black-forest-labs_flux.1-dev,96482065,1.3435180187225342
black-forest-labs_flux.1-dev,12401335,0.5741533041000366
black-forest-labs_flux.1-dev,9257913,1.0190805196762085
black-forest-labs_flux.1-dev,28583972,-2.4616637229919434
black-forest-labs_flux.1-dev,3982331,1.9246870279312134
black-forest-labs_flux.1-dev,42678637,2.293898820877075
black-forest-labs_flux.1-dev,82696415,1.342665672302246
black-forest-labs_flux.1-dev,56112588,-0.29300612211227417
black-forest-labs_flux.1-dev,4959672,-2.0586116313934326
black-forest-labs_flux.1-dev,1678990,2.06282901763916
black-forest-labs_flux.1-dev,39400372,2.043712854385376
black-forest-labs_flux.1-dev,34554780,2.245243787765503
black-forest-labs_flux.1-dev,36475420,-2.426403522491455
black-forest-labs_flux.1-dev,65016379,-3.6934421062469482
black-forest-labs_flux.1-dev,59369635,-0.29345226287841797
black-forest-labs_flux.1-dev,57907690,-0.9425687789916992
black-forest-labs_flux.1-dev,26393248,-0.19876958429813385
black-forest-labs_flux.1-dev,64348125,-0.47086068987846375
black-forest-labs_flux.1-dev,1166351,2.0682387351989746
black-forest-labs_flux.1-dev,7891309,-0.14712496101856232
black-forest-labs_flux.1-dev,49334008,0.5302530527114868
black-forest-labs_flux.1-dev,28654925,2.0382614135742188
black-forest-labs_flux.1-dev,33006578,-1.615881085395813
black-forest-labs_flux.1-dev,20889077,-0.5861806273460388
black-forest-labs_flux.1-dev,7914271,1.3112714290618896
black-forest-labs_flux.1-dev,4112752,-1.2948776483535767
black-forest-labs_flux.1-dev,14940750,-2.3134491443634033
black-forest-labs_flux.1-dev,38297191,-0.24945227801799774
black-forest-labs_flux.1-dev,82834147,0.26460495591163635
black-forest-labs_flux.1-dev,7834065,2.18453311920166
black-forest-labs_flux.1-dev,7125367,0.23574720323085785
black-forest-labs_flux.1-dev,7852712,0.9881493449211121
black-forest-labs_flux.1-dev,10333317,-0.6357020735740662
black-forest-labs_flux.1-dev,45239694,-1.331719994544983
black-forest-labs_flux.1-dev,57842875,2.6339304447174072
black-forest-labs_flux.1-dev,14320394,2.1048364639282227
black-forest-labs_flux.1-dev,5250659,0.20117603242397308
black-forest-labs_flux.1-dev,63306451,2.802135705947876
black-forest-labs_flux.1-dev,3619890,1.939835548400879
black-forest-labs_flux.1-dev,18534016,0.6203520894050598
black-forest-labs_flux.1-dev,7609316,-1.3363200426101685
black-forest-labs_flux.1-dev,78677457,2.3772692680358887
black-forest-labs_flux.1-dev,3045337,1.0708006620407104
black-forest-labs_flux.1-dev,7900406,2.1614041328430176
black-forest-labs_flux.1-dev,3200906,1.2211934328079224
black-forest-labs_flux.1-dev,69685564,-1.1558016538619995
black-forest-labs_flux.1-dev,4487724,1.5334450006484985
black-forest-labs_flux.1-dev,29148617,1.1331108808517456
black-forest-labs_flux.1-dev,12402348,1.1525306701660156
black-forest-labs_flux.1-dev,93026246,1.3857282400131226
black-forest-labs_flux.1-dev,2740764,1.7733256816864014
black-forest-labs_flux.1-dev,41619575,2.1133460998535156
black-forest-labs_flux.1-dev,9409512,1.813991665840149
black-forest-labs_flux.1-dev,12538008,1.2020455598831177
black-forest-labs_flux.1-dev,18447630,0.48261988162994385
black-forest-labs_flux.1-dev,32077588,-1.0896892547607422
black-forest-labs_flux.1-dev,13967420,0.7136684060096741
black-forest-labs_flux.1-dev,96443030,1.7140365839004517
black-forest-labs_flux.1-dev,192356,-1.4401944875717163
black-forest-labs_flux.1-dev,3120778,2.4899861812591553
black-forest-labs_flux.1-dev,39810974,-0.16033822298049927
black-forest-labs_flux.1-dev,33478721,-0.2874397337436676
black-forest-labs_flux.1-dev,96455769,-0.3590257167816162
black-forest-labs_flux.1-dev,86520164,-3.0073132514953613
black-forest-labs_flux.1-dev,17045773,1.154873251914978
black-forest-labs_flux.1-dev,1158543,-0.687495231628418
black-forest-labs_flux.1-dev,15039179,-1.6696885824203491
black-forest-labs_flux.1-dev,87953533,1.6096488237380981
black-forest-labs_flux.1-dev,1693727,-1.0530420541763306
black-forest-labs_flux.1-dev,7892418,-0.374796986579895
black-forest-labs_flux.1-dev,85416199,1.0450797080993652
black-forest-labs_flux.1-dev,59976859,-0.3500528931617737
black-forest-labs_flux.1-dev,1922303,-0.7276816964149475
black-forest-labs_flux.1-dev,77106105,0.7550252079963684
black-forest-labs_flux.1-dev,5316083,-0.21717651188373566
black-forest-labs_flux.1-dev,3031422,1.9258836507797241
black-forest-labs_flux.1-dev,49253635,-0.6532568335533142
black-forest-labs_flux.1-dev,6675179,2.9845046997070312
black-forest-labs_flux.1-dev,281913,0.32097357511520386
black-forest-labs_flux.1-dev,75401852,1.4397207498550415
black-forest-labs_flux.1-dev,9044146,-0.0030228490941226482
black-forest-labs_flux.1-dev,35817262,1.8016786575317383
black-forest-labs_flux.1-dev,13390405,1.87233567237854
black-forest-labs_flux.1-dev,49959597,1.8089559078216553
black-forest-labs_flux.1-dev,32315013,-3.0378530025482178
black-forest-labs_flux.1-dev,68402503,-0.340794175863266
black-forest-labs_flux.1-dev,73566509,1.1473557949066162
black-forest-labs_flux.1-dev,23534999,-0.07422935217618942
black-forest-labs_flux.1-dev,61652790,2.336205244064331
black-forest-labs_flux.1-dev,55819553,2.011890411376953
black-forest-labs_flux.1-dev,75944980,1.8566240072250366
black-forest-labs_flux.1-dev,64288087,0.27620115876197815
black-forest-labs_flux.1-dev,14593563,0.2028421014547348
black-forest-labs_flux.1-dev,77206946,0.053083695471286774
black-forest-labs_flux.1-dev,21199340,1.9937037229537964
black-forest-labs_flux.1-dev,75673862,1.0124906301498413
black-forest-labs_flux.1-dev,32902730,2.1098151206970215
black-forest-labs_flux.1-dev,2766320,3.0946712493896484
black-forest-labs_flux.1-dev,53572397,1.0731778144836426
black-forest-labs_flux.1-dev,41974567,0.9036430716514587
black-forest-labs_flux.1-dev,51946990,-0.20232073962688446
black-forest-labs_flux.1-dev,10120816,1.4850190877914429
black-forest-labs_flux.1-dev,10794014,2.5345916748046875
black-forest-labs_flux.1-dev,94276419,-1.6118851900100708
black-forest-labs_flux.1-dev,7626501,-1.4613441228866577
black-forest-labs_flux.1-dev,24942232,-0.8876152634620667
black-forest-labs_flux.1-dev,94132969,2.298292398452759
black-forest-labs_flux.1-dev,14843295,-1.445844054222107
black-forest-labs_flux.1-dev,39654737,1.0986660718917847
black-forest-labs_flux.1-dev,72553814,1.01973557472229
black-forest-labs_flux.1-dev,92894740,1.3305515050888062
black-forest-labs_flux.1-dev,993014,-0.5364822745323181
black-forest-labs_flux.1-dev,4259202,-2.4259033203125
black-forest-labs_flux.1-dev,81640167,2.114806890487671
black-forest-labs_flux.1-dev,47485554,-1.1664658784866333
black-forest-labs_flux.1-dev,18501838,2.0186469554901123
black-forest-labs_flux.1-dev,6881609,1.9484807252883911
black-forest-labs_flux.1-dev,8473173,0.8246329426765442
black-forest-labs_flux.1-dev,7701372,0.9213865399360657
black-forest-labs_flux.1-dev,2895936,-1.485097885131836
black-forest-labs_flux.1-dev,9794211,0.9306777119636536
black-forest-labs_flux.1-dev,17250421,-1.6580259799957275
black-forest-labs_flux.1-dev,15213484,1.5502771139144897
black-forest-labs_flux.1-dev,3819595,-2.2683629989624023
black-forest-labs_flux.1-dev,68234145,-0.1800912469625473
black-forest-labs_flux.1-dev,3666591,1.1956120729446411
black-forest-labs_flux.1-dev,53528715,2.772322416305542
black-forest-labs_flux.1-dev,46905115,1.675838828086853
black-forest-labs_flux.1-dev,68841254,0.0983664020895958
black-forest-labs_flux.1-dev,4975739,-0.49433082342147827
black-forest-labs_flux.1-dev,7649854,2.270148515701294
black-forest-labs_flux.1-dev,53157997,1.8358404636383057
black-forest-labs_flux.1-dev,14872697,0.4765869379043579
black-forest-labs_flux.1-dev,6567313,-1.868270754814148
black-forest-labs_flux.1-dev,7712382,0.6968033909797668
black-forest-labs_flux.1-dev,56458800,0.7621813416481018
black-forest-labs_flux.1-dev,25579216,-1.0080991983413696
black-forest-labs_flux.1-dev,73522979,2.7787392139434814
black-forest-labs_flux.1-dev,50519873,-1.888896107673645
black-forest-labs_flux.1-dev,1944390,0.5604166388511658
black-forest-labs_flux.1-dev,2224660,2.6909079551696777
black-forest-labs_flux.1-dev,41715387,-0.2596035301685333
black-forest-labs_flux.1-dev,10106752,2.284003496170044
black-forest-labs_flux.1-dev,55600202,1.3144515752792358
black-forest-labs_flux.1-dev,84000199,-0.7259305715560913
black-forest-labs_flux.1-dev,4209509,0.7222192883491516
black-forest-labs_flux.1-dev,6336537,0.5205509066581726
black-forest-labs_flux.1-dev,7627310,1.6384669542312622
black-forest-labs_flux.1-dev,3603442,2.4065146446228027
black-forest-labs_flux.1-dev,81435593,-0.2683762311935425
black-forest-labs_flux.1-dev,7933530,2.2634871006011963
black-forest-labs_flux.1-dev,485262,-0.07502245903015137
black-forest-labs_flux.1-dev,2991302,-0.185564324259758
black-forest-labs_flux.1-dev,18355283,0.7396216988563538
black-forest-labs_flux.1-dev,24809501,-1.6159180402755737
black-forest-labs_flux.1-dev,14938382,1.1089726686477661
black-forest-labs_flux.1-dev,6479665,-1.879116415977478
black-forest-labs_flux.1-dev,76318112,1.5242053270339966
black-forest-labs_flux.1-dev,30418571,1.1422663927078247
black-forest-labs_flux.1-dev,4105893,1.8927743434906006
black-forest-labs_flux.1-dev,13793330,0.6791506409645081
black-forest-labs_flux.1-dev,43197590,0.010019063949584961
black-forest-labs_flux.1-dev,18845198,-0.6362227201461792
black-forest-labs_flux.1-dev,825773,0.9654237627983093
black-forest-labs_flux.1-dev,5728577,-0.7952004075050354
black-forest-labs_flux.1-dev,23185540,0.8821461796760559
black-forest-labs_flux.1-dev,28037874,0.6367404460906982
black-forest-labs_flux.1-dev,40995095,1.707056999206543
black-forest-labs_flux.1-dev,19005748,1.6475049257278442
black-forest-labs_flux.1-dev,69489691,-2.169942855834961
black-forest-labs_flux.1-dev,17139506,-1.858817458152771
black-forest-labs_flux.1-dev,41458919,-1.6380364894866943
black-forest-labs_flux.1-dev,14055408,-0.40055474638938904
black-forest-labs_flux.1-dev,51637192,1.2652910947799683
black-forest-labs_flux.1-dev,22415712,1.6408636569976807
black-forest-labs_flux.1-dev,73284705,0.032121650874614716
black-forest-labs_flux.1-dev,44295589,0.23898307979106903
black-forest-labs_flux.1-dev,1699831,0.9319724440574646
black-forest-labs_flux.1-dev,29779486,-0.9287912249565125
black-forest-labs_flux.1-dev,14294568,0.7789955735206604
black-forest-labs_flux.1-dev,64699836,0.4583882689476013
black-forest-labs_flux.1-dev,3416363,-0.35705506801605225
black-forest-labs_flux.1-dev,56250900,0.6670065522193909
black-forest-labs_flux.1-dev,33545002,0.847652792930603
black-forest-labs_flux.1-dev,77726888,1.7841535806655884
black-forest-labs_flux.1-dev,61635816,1.1637729406356812
black-forest-labs_flux.1-dev,14169364,0.032925985753536224
black-forest-labs_flux.1-dev,77312726,1.696304202079773
black-forest-labs_flux.1-dev,11565040,-0.400404691696167
black-forest-labs_flux.1-dev,3676483,2.041656017303467
black-forest-labs_flux.1-dev,72705984,0.8437379002571106
black-forest-labs_flux.1-dev,61508014,1.6870145797729492
black-forest-labs_flux.1-dev,36327363,0.9086949229240417
black-forest-labs_flux.1-dev,65029270,2.3573694229125977
black-forest-labs_flux.1-dev,13389949,-0.41524583101272583
black-forest-labs_flux.1-dev,283568,0.6371781229972839
black-forest-labs_flux.1-dev,81762434,1.1613177061080933
black-forest-labs_flux.1-dev,13649361,-1.4905765056610107
black-forest-labs_flux.1-dev,46394736,-0.6224339008331299
black-forest-labs_flux.1-dev,14654954,1.4513676166534424
black-forest-labs_flux.1-dev,48754831,1.6617628335952759
black-forest-labs_flux.1-dev,9112347,3.113921642303467
black-forest-labs_flux.1-dev,74270052,0.1780192106962204
black-forest-labs_flux.1-dev,485081,1.592872142791748
black-forest-labs_flux.1-dev,27768637,1.887656807899475
black-forest-labs_flux.1-dev,1700470,-0.5428259968757629
black-forest-labs_flux.1-dev,43631801,0.44161006808280945
black-forest-labs_flux.1-dev,90412342,2.3713207244873047
black-forest-labs_flux.1-dev,16462831,0.015400942414999008
black-forest-labs_flux.1-dev,11881917,1.2513447999954224
black-forest-labs_flux.1-dev,7609632,0.4499402344226837
black-forest-labs_flux.1-dev,52474100,1.049081563949585
black-forest-labs_flux.1-dev,7891726,0.9996535181999207
black-forest-labs_flux.1-dev,40944352,-0.3091132938861847
black-forest-labs_flux.1-dev,28230803,0.23555250465869904
black-forest-labs_flux.1-dev,76891298,0.9326573014259338
black-forest-labs_flux.1-dev,20128079,1.4151369333267212
black-forest-labs_flux.1-dev,32149858,-0.4851202368736267
black-forest-labs_flux.1-dev,13018167,-0.9962751269340515
black-forest-labs_flux.1-dev,39139190,2.641167163848877
black-forest-labs_flux.1-dev,58727024,-0.3649100959300995
black-forest-labs_flux.1-dev,14872875,0.9374489784240723
black-forest-labs_flux.1-dev,4532504,1.30754554271698
black-forest-labs_flux.1-dev,62841330,-0.4111219346523285
black-forest-labs_flux.1-dev,10012874,0.14216087758541107
black-forest-labs_flux.1-dev,83508221,-1.3400485515594482
black-forest-labs_flux.1-dev,14959644,-3.456052541732788
black-forest-labs_flux.1-dev,99544808,-2.584693431854248
black-forest-labs_flux.1-dev,82130324,0.5313841700553894
black-forest-labs_flux.1-dev,7734711,1.1022948026657104
black-forest-labs_flux.1-dev,9864632,0.6259488463401794
black-forest-labs_flux.1-dev,213186,0.5471760630607605
black-forest-labs_flux.1-dev,68935192,0.24872036278247833
black-forest-labs_flux.1-dev,5654362,-1.632995843887329
black-forest-labs_flux.1-dev,86681482,1.3818820714950562
black-forest-labs_flux.1-dev,84208735,-2.899388551712036
black-forest-labs_flux.1-dev,3724066,-1.4178521633148193
black-forest-labs_flux.1-dev,7644382,0.49508729577064514
black-forest-labs_flux.1-dev,62053601,1.1664334535598755
black-forest-labs_flux.1-dev,39191981,1.8063652515411377
black-forest-labs_flux.1-dev,51607043,-1.8572949171066284
black-forest-labs_flux.1-dev,7853232,0.38975465297698975
black-forest-labs_flux.1-dev,7608245,-0.49063199758529663
black-forest-labs_flux.1-dev,6615026,0.9095292687416077
black-forest-labs_flux.1-dev,7700868,1.6233946084976196
black-forest-labs_flux.1-dev,79200528,-0.7406924962997437
black-forest-labs_flux.1-dev,50262859,1.8610332012176514
black-forest-labs_flux.1-dev,21948213,0.00039045559242367744
black-forest-labs_flux.1-dev,4602762,-2.0199472904205322
black-forest-labs_flux.1-dev,1647543,-0.3352929353713989
black-forest-labs_flux.1-dev,62785284,2.770167589187622
black-forest-labs_flux.1-dev,50141716,-0.8277637362480164
black-forest-labs_flux.1-dev,42231109,0.3591623604297638
black-forest-labs_flux.1-dev,4387201,1.5308903455734253
black-forest-labs_flux.1-dev,4370288,0.10358581691980362
black-forest-labs_flux.1-dev,7507098,1.3726160526275635
black-forest-labs_flux.1-dev,4157099,1.3464866876602173
black-forest-labs_flux.1-dev,2689748,2.3268604278564453
black-forest-labs_flux.1-dev,49808082,0.40815067291259766
black-forest-labs_flux.1-dev,7408086,-0.02886209636926651
black-forest-labs_flux.1-dev,34145121,0.5658499598503113
black-forest-labs_flux.1-dev,13884740,0.28763410449028015
black-forest-labs_flux.1-dev,220522,-0.039743468165397644
black-forest-labs_flux.1-dev,49805097,0.9974395632743835
black-forest-labs_flux.1-dev,21620388,2.1402668952941895
black-forest-labs_flux.1-dev,43590819,-0.0984126552939415
black-forest-labs_flux.1-dev,3600285,1.335605502128601
black-forest-labs_flux.1-dev,37561238,-1.2984061241149902
black-forest-labs_flux.1-dev,22767176,0.7740828990936279
black-forest-labs_flux.1-dev,840609,-0.9904950261116028
black-forest-labs_flux.1-dev,47287419,0.3638136386871338
black-forest-labs_flux.1-dev,2630739,-1.3543305397033691
black-forest-labs_flux.1-dev,14867690,-0.6831016540527344
black-forest-labs_flux.1-dev,31132598,1.9608001708984375
black-forest-labs_flux.1-dev,4480303,-0.16569092869758606
black-forest-labs_flux.1-dev,65824677,-1.3810895681381226
black-forest-labs_flux.1-dev,99851645,0.8176848292350769
black-forest-labs_flux.1-dev,485632,1.9599131345748901
black-forest-labs_flux.1-dev,91199885,2.145580291748047
black-forest-labs_flux.1-dev,6254007,-1.2762757539749146
black-forest-labs_flux.1-dev,41015844,-0.1144680455327034
black-forest-labs_flux.1-dev,7025268,2.3824946880340576
black-forest-labs_flux.1-dev,57773485,0.6146785616874695
black-forest-labs_flux.1-dev,61934851,1.685720443725586
black-forest-labs_flux.1-dev,95718306,2.546905040740967
black-forest-labs_flux.1-dev,86856521,-0.5212305188179016
black-forest-labs_flux.1-dev,825443,1.5391054153442383
black-forest-labs_flux.1-dev,80437216,-2.3403713703155518
black-forest-labs_flux.1-dev,1157384,0.41554149985313416
black-forest-labs_flux.1-dev,39691768,1.711303472518921
black-forest-labs_flux.1-dev,51658242,-0.07571552693843842
black-forest-labs_flux.1-dev,21656268,0.05575168877840042
black-forest-labs_flux.1-dev,84089324,0.7563753128051758
black-forest-labs_flux.1-dev,30373565,-1.3720289468765259
black-forest-labs_flux.1-dev,7893891,-0.41190680861473083
black-forest-labs_flux.1-dev,14360436,1.0452052354812622
black-forest-labs_flux.1-dev,55514503,1.6116535663604736
black-forest-labs_flux.1-dev,69053775,0.3080517649650574
black-forest-labs_flux.1-dev,9057052,1.7659971714019775
black-forest-labs_flux.1-dev,4522421,0.30914944410324097
black-forest-labs_flux.1-dev,16111057,-0.10602893680334091
black-forest-labs_flux.1-dev,63910894,-1.7987443208694458
black-forest-labs_flux.1-dev,3818090,-0.5762838125228882
black-forest-labs_flux.1-dev,79586833,1.4579817056655884
black-forest-labs_flux.1-dev,7654438,1.4068732261657715
black-forest-labs_flux.1-dev,7597365,-1.5757009983062744
black-forest-labs_flux.1-dev,46994920,-2.3643577098846436
black-forest-labs_flux.1-dev,10106452,0.8736284971237183
black-forest-labs_flux.1-dev,7936263,1.1739083528518677
black-forest-labs_flux.1-dev,19893872,1.404863715171814
black-forest-labs_flux.1-dev,83847695,1.0064034461975098
black-forest-labs_flux.1-dev,29147423,0.3536018431186676
black-forest-labs_flux.1-dev,11840099,-0.5917018055915833
black-forest-labs_flux.1-dev,36678439,-1.1452256441116333
black-forest-labs_flux.1-dev,40551537,-0.4716780185699463
black-forest-labs_flux.1-dev,3386544,1.4329540729522705
black-forest-labs_flux.1-dev,25038436,1.9968844652175903
black-forest-labs_flux.1-dev,2718811,0.7569615244865417
black-forest-labs_flux.1-dev,10547145,2.0973098278045654
black-forest-labs_flux.1-dev,7702193,0.6069725155830383
black-forest-labs_flux.1-dev,14531890,1.2174030542373657
black-forest-labs_flux.1-dev,42849420,2.8773033618927
black-forest-labs_flux.1-dev,65960228,1.6066393852233887
black-forest-labs_flux.1-dev,2385002,0.4840359091758728
black-forest-labs_flux.1-dev,824767,0.5152035355567932
black-forest-labs_flux.1-dev,485450,-1.355621337890625
black-forest-labs_flux.1-dev,15889050,1.3693007230758667
black-forest-labs_flux.1-dev,72134268,-1.5122418403625488
black-forest-labs_flux.1-dev,93114575,-0.0075940522365272045
black-forest-labs_flux.1-dev,41766391,-0.34638893604278564
black-forest-labs_flux.1-dev,3456665,1.1867252588272095
black-forest-labs_flux.1-dev,14362179,-1.4588561058044434
black-forest-labs_flux.1-dev,40825299,1.0467628240585327
black-forest-labs_flux.1-dev,31595142,1.8865184783935547
black-forest-labs_flux.1-dev,93221214,0.901793360710144
black-forest-labs_flux.1-dev,3024209,1.3196935653686523
black-forest-labs_flux.1-dev,3545150,1.9986978769302368
black-forest-labs_flux.1-dev,43060946,1.4282392263412476
black-forest-labs_flux.1-dev,8339939,0.8298484683036804
black-forest-labs_flux.1-dev,46883635,-2.541501998901367
black-forest-labs_flux.1-dev,7651454,0.1851193755865097
black-forest-labs_flux.1-dev,92311656,-0.023505687713623047
black-forest-labs_flux.1-dev,54495173,0.33225953578948975
black-forest-labs_flux.1-dev,64856142,3.075127363204956
black-forest-labs_flux.1-dev,47819321,1.1217167377471924
black-forest-labs_flux.1-dev,79409745,0.17777658998966217
black-forest-labs_flux.1-dev,80371125,1.1502183675765991
black-forest-labs_flux.1-dev,23257851,-1.4275456666946411
black-forest-labs_flux.1-dev,30225071,-1.0252254009246826
black-forest-labs_flux.1-dev,3703463,1.2615187168121338
black-forest-labs_flux.1-dev,3990474,0.6889317035675049
black-forest-labs_flux.1-dev,33431670,-0.3332226872444153
black-forest-labs_flux.1-dev,87699711,1.7247010469436646
black-forest-labs_flux.1-dev,16803774,2.761204481124878
black-forest-labs_flux.1-dev,78356616,1.4426233768463135
black-forest-labs_flux.1-dev,73963841,1.1819654703140259
black-forest-labs_flux.1-dev,12852206,0.8797624111175537
black-forest-labs_flux.1-dev,36230692,2.603675365447998
black-forest-labs_flux.1-dev,97927504,1.4260517358779907
black-forest-labs_flux.1-dev,12345739,0.29345157742500305
black-forest-labs_flux.1-dev,97380146,1.6745303869247437
black-forest-labs_flux.1-dev,14880557,1.961565613746643
black-forest-labs_flux.1-dev,95325441,0.10399022698402405
black-forest-labs_flux.1-dev,7922764,-0.6438535451889038
black-forest-labs_flux.1-dev,91784299,1.6537649631500244
black-forest-labs_flux.1-dev,43304323,1.4540050029754639
black-forest-labs_flux.1-dev,14647235,1.114030122756958
black-forest-labs_flux.1-dev,7701244,0.02090812474489212
black-forest-labs_flux.1-dev,57716963,1.3757402896881104
black-forest-labs_flux.1-dev,2730265,0.8086193203926086
black-forest-labs_flux.1-dev,4534520,0.5104128122329712
black-forest-labs_flux.1-dev,6189776,-0.39733216166496277
black-forest-labs_flux.1-dev,3975232,1.9419900178909302
black-forest-labs_flux.1-dev,89227603,0.5506306290626526
black-forest-labs_flux.1-dev,55255145,0.38161221146583557
black-forest-labs_flux.1-dev,14809057,-0.8451620936393738
black-forest-labs_flux.1-dev,7605282,0.005274150986224413
black-forest-labs_flux.1-dev,81135077,-0.08052756637334824
black-forest-labs_flux.1-dev,5794797,0.23096267879009247
black-forest-labs_flux.1-dev,4125853,0.7279861569404602
black-forest-labs_flux.1-dev,36507085,-0.5888931155204773
black-forest-labs_flux.1-dev,47009060,-0.7332724928855896
black-forest-labs_flux.1-dev,98646702,2.232748031616211
black-forest-labs_flux.1-dev,2075049,-2.160759925842285
black-forest-labs_flux.1-dev,3880032,0.06728623062372208
black-forest-labs_flux.1-dev,42931583,1.2271567583084106
black-forest-labs_flux.1-dev,34578737,0.7314150929450989
black-forest-labs_flux.1-dev,6615818,-2.3610877990722656
black-forest-labs_flux.1-dev,4145056,1.1004188060760498
black-forest-labs_flux.1-dev,3262349,0.45448434352874756
black-forest-labs_flux.1-dev,7701053,2.0805037021636963
black-forest-labs_flux.1-dev,54741117,1.619289755821228
black-forest-labs_flux.1-dev,5515790,1.7329944372177124
black-forest-labs_flux.1-dev,91784947,0.13280068337917328
black-forest-labs_flux.1-dev,2632039,0.8260040283203125
black-forest-labs_flux.1-dev,84510135,-1.2004404067993164
black-forest-labs_flux.1-dev,14859622,-1.0429117679595947
black-forest-labs_flux.1-dev,12620681,2.467097520828247
black-forest-labs_flux.1-dev,11487298,-1.439048171043396
black-forest-labs_flux.1-dev,6140130,-0.17831620573997498
black-forest-labs_flux.1-dev,29098399,0.6837061047554016
black-forest-labs_flux.1-dev,10801654,0.7193527817726135
black-forest-labs_flux.1-dev,5610008,0.8183420300483704
black-forest-labs_flux.1-dev,15069046,-0.4087883234024048
black-forest-labs_flux.1-dev,64343822,0.8335917592048645
black-forest-labs_flux.1-dev,12501745,-0.8916369676589966
black-forest-labs_flux.1-dev,9542170,0.9388235211372375
black-forest-labs_flux.1-dev,14162275,-0.9136523604393005
black-forest-labs_flux.1-dev,4192521,1.154102087020874
black-forest-labs_flux.1-dev,660783,-0.3717786371707916
black-forest-labs_flux.1-dev,647270,0.7636347413063049
black-forest-labs_flux.1-dev,7608980,0.11662140488624573
black-forest-labs_flux.1-dev,32649465,0.9929727911949158
black-forest-labs_flux.1-dev,43367797,0.7507275938987732
black-forest-labs_flux.1-dev,1474832,-0.3335532546043396
black-forest-labs_flux.1-dev,1299124,0.7009212374687195
black-forest-labs_flux.1-dev,75712061,0.19693435728549957
black-forest-labs_flux.1-dev,4974340,0.14237600564956665
black-forest-labs_flux.1-dev,2963987,2.0004959106445312
black-forest-labs_flux.1-dev,90076481,1.1425840854644775
black-forest-labs_flux.1-dev,7854184,2.0776665210723877
black-forest-labs_flux.1-dev,24933378,0.6261115670204163
black-forest-labs_flux.1-dev,31479295,-1.3272709846496582
black-forest-labs_flux.1-dev,21740972,1.328855276107788
black-forest-labs_flux.1-dev,9793248,-0.9907035231590271
black-forest-labs_flux.1-dev,1711965,0.8598213791847229
black-forest-labs_flux.1-dev,82282590,0.9794157147407532
black-forest-labs_flux.1-dev,4502197,-0.28324276208877563
black-forest-labs_flux.1-dev,48912948,1.4764785766601562
black-forest-labs_flux.1-dev,81171971,0.015542589128017426
black-forest-labs_flux.1-dev,3249569,0.5953771471977234
black-forest-labs_flux.1-dev,14158812,-1.3995474576950073
black-forest-labs_flux.1-dev,77132310,1.0631023645401
black-forest-labs_flux.1-dev,3940713,-0.14384625852108002
black-forest-labs_flux.1-dev,53205877,-2.565999984741211
black-forest-labs_flux.1-dev,17012379,0.9420086741447449
black-forest-labs_flux.1-dev,86701636,0.6383245587348938
black-forest-labs_flux.1-dev,74098561,-0.10790681093931198
black-forest-labs_flux.1-dev,75015224,-0.5679083466529846
black-forest-labs_flux.1-dev,9619452,0.8991656303405762
black-forest-labs_flux.1-dev,9616922,0.5280548930168152
black-forest-labs_flux.1-dev,92775366,0.2169564813375473
black-forest-labs_flux.1-dev,440189,1.1602059602737427
black-forest-labs_flux.1-dev,3366112,0.6759828925132751
black-forest-labs_flux.1-dev,232765,-0.3004055619239807
black-forest-labs_flux.1-dev,28969978,-0.07027660310268402
black-forest-labs_flux.1-dev,88663611,0.905128538608551
black-forest-labs_flux.1-dev,3467517,1.850927710533142
black-forest-labs_flux.1-dev,42906382,1.972806453704834
black-forest-labs_flux.1-dev,3405111,1.3938937187194824
black-forest-labs_flux.1-dev,41161074,0.04846024885773659
black-forest-labs_flux.1-dev,6616216,0.3901413381099701
black-forest-labs_flux.1-dev,59367810,-0.08460059016942978
black-forest-labs_flux.1-dev,7893528,0.7450024485588074
black-forest-labs_flux.1-dev,20304383,0.28510716557502747
black-forest-labs_flux.1-dev,2245443,-0.346824049949646
black-forest-labs_flux.1-dev,8703165,1.572396159172058
black-forest-labs_flux.1-dev,31391857,0.8695239424705505
black-forest-labs_flux.1-dev,4186455,0.4360845685005188
black-forest-labs_flux.1-dev,71828875,0.5202460289001465
black-forest-labs_flux.1-dev,38161491,1.4094805717468262
black-forest-labs_flux.1-dev,9541919,-0.14575466513633728
black-forest-labs_flux.1-dev,30672998,1.4366834163665771
black-forest-labs_flux.1-dev,5752544,0.6293637156486511
black-forest-labs_flux.1-dev,51314050,-1.1114223003387451
black-forest-labs_flux.1-dev,7606764,1.4744384288787842
black-forest-labs_flux.1-dev,69105166,2.097565174102783
black-forest-labs_flux.1-dev,52999714,0.32824617624282837
black-forest-labs_flux.1-dev,44648248,0.3357027769088745
black-forest-labs_flux.1-dev,52161346,2.920898914337158
black-forest-labs_flux.1-dev,94558280,0.0024136905558407307
black-forest-labs_flux.1-dev,74080467,1.6830023527145386
black-forest-labs_flux.1-dev,2053030,-0.5127754807472229
black-forest-labs_flux.1-dev,1043989,1.4617007970809937
black-forest-labs_flux.1-dev,98319500,-0.057255834341049194
black-forest-labs_flux.1-dev,28192869,1.9044615030288696
black-forest-labs_flux.1-dev,14195315,-0.9869131445884705
black-forest-labs_flux.1-dev,7036307,-1.8688374757766724
black-forest-labs_flux.1-dev,18190594,-0.011835969984531403
black-forest-labs_flux.1-dev,1707698,0.10585705935955048
black-forest-labs_flux.1-dev,4055595,-2.1388816833496094
black-forest-labs_flux.1-dev,10601537,1.6956323385238647
black-forest-labs_flux.1-dev,4235646,1.7814210653305054
black-forest-labs_flux.1-dev,91790573,-0.08692006021738052
black-forest-labs_flux.1-dev,56160608,1.6857990026474
black-forest-labs_flux.1-dev,16117581,-0.5504732131958008
black-forest-labs_flux.1-dev,80601213,-1.0647505521774292
black-forest-labs_flux.1-dev,42580285,0.9955430626869202
black-forest-labs_flux.1-dev,80949464,1.238560676574707
black-forest-labs_flux.1-dev,62273667,0.18912802636623383
black-forest-labs_flux.1-dev,16086265,-0.1434091478586197
black-forest-labs_flux.1-dev,94814274,1.925788402557373
black-forest-labs_flux.1-dev,55457672,0.31958651542663574
black-forest-labs_flux.1-dev,46042889,2.426560878753662
black-forest-labs_flux.1-dev,582388,0.8262020349502563
black-forest-labs_flux.1-dev,63721164,0.04961951822042465
black-forest-labs_flux.1-dev,7896060,2.761070489883423
black-forest-labs_flux.1-dev,30278247,2.8301515579223633
black-forest-labs_flux.1-dev,29383339,-0.3772406280040741
black-forest-labs_flux.1-dev,91980352,-1.2895547151565552
black-forest-labs_flux.1-dev,42308760,1.059246301651001
black-forest-labs_flux.1-dev,48996398,0.6537397503852844
black-forest-labs_flux.1-dev,56124883,1.2554283142089844
black-forest-labs_flux.1-dev,80848986,1.225433349609375
black-forest-labs_flux.1-dev,7625831,2.3681421279907227
black-forest-labs_flux.1-dev,45869475,1.4550100564956665
black-forest-labs_flux.1-dev,2815071,-0.18219603598117828
black-forest-labs_flux.1-dev,86714939,1.7672219276428223
black-forest-labs_flux.1-dev,1317294,0.07961875200271606
black-forest-labs_flux.1-dev,4555400,0.8969908952713013
black-forest-labs_flux.1-dev,76425345,1.4280084371566772
black-forest-labs_flux.1-dev,43301379,2.201808452606201
black-forest-labs_flux.1-dev,70460316,1.255061149597168
black-forest-labs_flux.1-dev,3125870,1.2460262775421143
black-forest-labs_flux.1-dev,87905267,1.49949312210083
black-forest-labs_flux.1-dev,90244932,0.3197219669818878
black-forest-labs_flux.1-dev,98195317,-0.5966450572013855
black-forest-labs_flux.1-dev,20471134,0.23388414084911346
black-forest-labs_flux.1-dev,48624808,2.1920082569122314
black-forest-labs_flux.1-dev,97662732,1.4589065313339233
black-forest-labs_flux.1-dev,7651159,2.0777230262756348
black-forest-labs_flux.1-dev,41194080,0.5232850909233093
black-forest-labs_flux.1-dev,5722208,0.22568707168102264
black-forest-labs_flux.1-dev,24808131,1.1640675067901611
black-forest-labs_flux.1-dev,57729980,0.11012721806764603
black-forest-labs_flux.1-dev,91368797,0.534696102142334
black-forest-labs_flux.1-dev,2896442,0.9031860828399658
black-forest-labs_flux.1-dev,79810359,0.23501335084438324
black-forest-labs_flux.1-dev,28010121,2.4193878173828125
black-forest-labs_flux.1-dev,51037710,2.089873790740967
black-forest-labs_flux.1-dev,3546340,1.4738065004348755
black-forest-labs_flux.1-dev,45418454,-0.5662864446640015
black-forest-labs_flux.1-dev,3748162,1.3885338306427002
black-forest-labs_flux.1-dev,1321854,0.6486009955406189
black-forest-labs_flux.1-dev,11914464,-0.2257780134677887
black-forest-labs_flux.1-dev,40945115,0.5800462961196899
black-forest-labs_flux.1-dev,87574583,-0.7037198543548584
black-forest-labs_flux.1-dev,49358811,1.3662681579589844
black-forest-labs_flux.1-dev,96521920,0.3612975478172302
black-forest-labs_flux.1-dev,1209135,-0.05139908567070961
black-forest-labs_flux.1-dev,65890875,-0.1920403689146042
black-forest-labs_flux.1-dev,31196176,-0.054594725370407104
black-forest-labs_flux.1-dev,7698915,1.6396472454071045
black-forest-labs_flux.1-dev,10024569,-0.7365445494651794
black-forest-labs_flux.1-dev,51060824,0.34174391627311707
black-forest-labs_flux.1-dev,49054805,0.9855737686157227
black-forest-labs_flux.1-dev,64576544,1.3888237476348877
black-forest-labs_flux.1-dev,66668538,0.29465869069099426
black-forest-labs_flux.1-dev,10080493,0.9616075754165649
black-forest-labs_flux.1-dev,7150023,1.753584623336792
black-forest-labs_flux.1-dev,24510445,0.49243953824043274
kandinsky-community_kandinsky-3,95506600,2.321617841720581
kandinsky-community_kandinsky-3,82634634,-1.5514923334121704
kandinsky-community_kandinsky-3,37287360,1.6557886600494385
kandinsky-community_kandinsky-3,283951,0.35843485593795776
kandinsky-community_kandinsky-3,3252637,-0.7350110411643982
kandinsky-community_kandinsky-3,13392688,1.7306045293807983
kandinsky-community_kandinsky-3,48158769,-1.125701665878296
kandinsky-community_kandinsky-3,13390244,-1.5192817449569702
kandinsky-community_kandinsky-3,21280508,-0.45769941806793213
kandinsky-community_kandinsky-3,10051337,1.4969942569732666
kandinsky-community_kandinsky-3,2676393,-0.06558232009410858
kandinsky-community_kandinsky-3,1028655,0.4680165648460388
kandinsky-community_kandinsky-3,937656,-0.29958757758140564
kandinsky-community_kandinsky-3,24968164,-0.819888710975647
kandinsky-community_kandinsky-3,91368083,0.8524560332298279
kandinsky-community_kandinsky-3,487228,0.11545256525278091
kandinsky-community_kandinsky-3,83803292,-1.9487106800079346
kandinsky-community_kandinsky-3,14881303,-0.5514052510261536
kandinsky-community_kandinsky-3,50701757,1.1138496398925781
kandinsky-community_kandinsky-3,31398311,2.750221014022827
kandinsky-community_kandinsky-3,10059582,2.30450701713562
kandinsky-community_kandinsky-3,698609,0.7859356999397278
kandinsky-community_kandinsky-3,2716866,0.09129220992326736
kandinsky-community_kandinsky-3,717358,1.6686378717422485
kandinsky-community_kandinsky-3,82966115,2.4145166873931885
kandinsky-community_kandinsky-3,48980196,-0.1519211381673813
kandinsky-community_kandinsky-3,77730420,1.5233427286148071
kandinsky-community_kandinsky-3,619099,0.5051148533821106
kandinsky-community_kandinsky-3,14743046,-1.2268033027648926
kandinsky-community_kandinsky-3,75011974,2.1563522815704346
kandinsky-community_kandinsky-3,81755217,1.0815306901931763
kandinsky-community_kandinsky-3,52037255,0.8121414184570312
kandinsky-community_kandinsky-3,53850406,1.6890923976898193
kandinsky-community_kandinsky-3,27106238,1.385239839553833
kandinsky-community_kandinsky-3,3121298,0.17891527712345123
kandinsky-community_kandinsky-3,3035832,1.2496391534805298
kandinsky-community_kandinsky-3,95851097,2.167512893676758
kandinsky-community_kandinsky-3,23424702,0.9688485264778137
kandinsky-community_kandinsky-3,48565245,-1.3704429864883423
kandinsky-community_kandinsky-3,16049131,-1.6058244705200195
kandinsky-community_kandinsky-3,2908217,-1.4353536367416382
kandinsky-community_kandinsky-3,6616806,1.4106110334396362
kandinsky-community_kandinsky-3,49122514,0.14856724441051483
kandinsky-community_kandinsky-3,96482065,-0.34162643551826477
kandinsky-community_kandinsky-3,12401335,-0.3010290265083313
kandinsky-community_kandinsky-3,18823836,-0.15171776711940765
kandinsky-community_kandinsky-3,3982331,0.9665189385414124
kandinsky-community_kandinsky-3,42678637,0.025437423959374428
kandinsky-community_kandinsky-3,56112588,-1.398120403289795
kandinsky-community_kandinsky-3,39400372,1.4122638702392578
kandinsky-community_kandinsky-3,19515288,2.0974385738372803
kandinsky-community_kandinsky-3,57907690,2.3456130027770996
kandinsky-community_kandinsky-3,26393248,1.3113459348678589
kandinsky-community_kandinsky-3,12112789,-2.4522552490234375
kandinsky-community_kandinsky-3,28654925,-0.9864184856414795
kandinsky-community_kandinsky-3,1710177,-2.246649742126465
kandinsky-community_kandinsky-3,35684394,-3.428814649581909
kandinsky-community_kandinsky-3,52094418,-1.2655701637268066
kandinsky-community_kandinsky-3,20889077,1.3078645467758179
kandinsky-community_kandinsky-3,3397947,-2.716435432434082
kandinsky-community_kandinsky-3,7896994,1.1208144426345825
kandinsky-community_kandinsky-3,82834147,-2.1686954498291016
kandinsky-community_kandinsky-3,29254385,0.5768610835075378
kandinsky-community_kandinsky-3,74192899,-0.5515828728675842
kandinsky-community_kandinsky-3,7125367,1.0345829725265503
kandinsky-community_kandinsky-3,1444899,1.4536958932876587
kandinsky-community_kandinsky-3,7852919,0.3916501998901367
kandinsky-community_kandinsky-3,14826328,0.0876685306429863
kandinsky-community_kandinsky-3,95130364,-1.1535288095474243
kandinsky-community_kandinsky-3,7852712,-0.8497996926307678
kandinsky-community_kandinsky-3,10333317,1.6631321907043457
kandinsky-community_kandinsky-3,14320394,0.5172841548919678
kandinsky-community_kandinsky-3,4149813,-0.9971283078193665
kandinsky-community_kandinsky-3,5238282,-0.46689555048942566
kandinsky-community_kandinsky-3,63306451,-1.1293251514434814
kandinsky-community_kandinsky-3,69164588,1.9829133749008179
kandinsky-community_kandinsky-3,58235945,1.2769261598587036
kandinsky-community_kandinsky-3,17989058,-1.3440977334976196
kandinsky-community_kandinsky-3,4490091,-0.42234382033348083
kandinsky-community_kandinsky-3,9641578,2.354987859725952
kandinsky-community_kandinsky-3,3200906,2.9500980377197266
kandinsky-community_kandinsky-3,35986533,1.6004445552825928
kandinsky-community_kandinsky-3,94821241,-1.9234557151794434
kandinsky-community_kandinsky-3,9409512,-3.233375310897827
kandinsky-community_kandinsky-3,12538008,0.2672697901725769
kandinsky-community_kandinsky-3,6615927,-0.2668774425983429
kandinsky-community_kandinsky-3,32077588,1.7511887550354004
kandinsky-community_kandinsky-3,19448019,-2.0142457485198975
kandinsky-community_kandinsky-3,8233056,0.9855019450187683
kandinsky-community_kandinsky-3,5902545,0.8991287350654602
kandinsky-community_kandinsky-3,75677703,1.5007247924804688
kandinsky-community_kandinsky-3,3120778,1.6829581260681152
kandinsky-community_kandinsky-3,39810974,-0.26276957988739014
kandinsky-community_kandinsky-3,2869737,0.9637753367424011
kandinsky-community_kandinsky-3,29709830,2.3684041500091553
kandinsky-community_kandinsky-3,86520164,0.30307987332344055
kandinsky-community_kandinsky-3,7600696,-2.3086984157562256
kandinsky-community_kandinsky-3,55776317,0.17667368054389954
kandinsky-community_kandinsky-3,28282114,-0.6247616410255432
kandinsky-community_kandinsky-3,15039179,-0.3226844072341919
kandinsky-community_kandinsky-3,87953533,-0.4707377851009369
kandinsky-community_kandinsky-3,1693727,0.060114748775959015
kandinsky-community_kandinsky-3,3219859,0.3820610046386719
kandinsky-community_kandinsky-3,45481846,1.8870664834976196
kandinsky-community_kandinsky-3,5913994,-0.2690466642379761
kandinsky-community_kandinsky-3,3031422,0.5059835910797119
kandinsky-community_kandinsky-3,47233629,-1.8461676836013794
kandinsky-community_kandinsky-3,13387209,-2.3096632957458496
kandinsky-community_kandinsky-3,32315013,0.6650155186653137
kandinsky-community_kandinsky-3,33815064,-2.7839503288269043
kandinsky-community_kandinsky-3,73566509,-0.9184215068817139
kandinsky-community_kandinsky-3,23534999,-1.9757306575775146
kandinsky-community_kandinsky-3,23484409,-2.1472339630126953
kandinsky-community_kandinsky-3,61652790,1.3991276025772095
kandinsky-community_kandinsky-3,55819553,-0.9026294350624084
kandinsky-community_kandinsky-3,55692038,0.15248167514801025
kandinsky-community_kandinsky-3,77206946,-2.3568673133850098
kandinsky-community_kandinsky-3,21199340,3.238507032394409
kandinsky-community_kandinsky-3,50385621,-1.6485878229141235
kandinsky-community_kandinsky-3,8077728,-0.31587812304496765
kandinsky-community_kandinsky-3,41974567,-1.2878665924072266
kandinsky-community_kandinsky-3,909936,-0.7580583095550537
kandinsky-community_kandinsky-3,10120816,0.758876383304596
kandinsky-community_kandinsky-3,9778927,1.4421076774597168
kandinsky-community_kandinsky-3,4563503,0.8469660878181458
kandinsky-community_kandinsky-3,4356925,0.8432064056396484
kandinsky-community_kandinsky-3,3481172,-1.0077792406082153
kandinsky-community_kandinsky-3,63637291,-0.4746702313423157
kandinsky-community_kandinsky-3,72553814,0.84531170129776
kandinsky-community_kandinsky-3,22385426,-1.4550151824951172
kandinsky-community_kandinsky-3,41197418,1.029006004333496
kandinsky-community_kandinsky-3,12809024,2.6775155067443848
kandinsky-community_kandinsky-3,46789729,0.9258943796157837
kandinsky-community_kandinsky-3,9005074,1.232893943786621
kandinsky-community_kandinsky-3,8340989,-1.157930612564087
kandinsky-community_kandinsky-3,70189586,-1.385890007019043
kandinsky-community_kandinsky-3,10077077,-0.7755239009857178
kandinsky-community_kandinsky-3,4910146,2.032163619995117
kandinsky-community_kandinsky-3,7701372,0.6585337519645691
kandinsky-community_kandinsky-3,2895936,0.9428517818450928
kandinsky-community_kandinsky-3,29843255,1.980560064315796
kandinsky-community_kandinsky-3,20471715,-0.20683926343917847
kandinsky-community_kandinsky-3,50923036,-0.8641312718391418
kandinsky-community_kandinsky-3,53528715,1.246323585510254
kandinsky-community_kandinsky-3,46905115,0.02186496928334236
kandinsky-community_kandinsky-3,26573045,-1.9451968669891357
kandinsky-community_kandinsky-3,4191943,0.37264516949653625
kandinsky-community_kandinsky-3,52992863,1.457455039024353
kandinsky-community_kandinsky-3,7851298,0.49802571535110474
kandinsky-community_kandinsky-3,7626405,-1.462429404258728
kandinsky-community_kandinsky-3,4379243,0.4977012872695923
kandinsky-community_kandinsky-3,53157997,1.1369092464447021
kandinsky-community_kandinsky-3,14872697,-3.107725143432617
kandinsky-community_kandinsky-3,371264,-1.8886704444885254
kandinsky-community_kandinsky-3,6567313,-0.5849401950836182
kandinsky-community_kandinsky-3,84724623,0.6952115893363953
kandinsky-community_kandinsky-3,2672371,0.40436679124832153
kandinsky-community_kandinsky-3,31482539,1.6413145065307617
kandinsky-community_kandinsky-3,54412026,-1.9506605863571167
kandinsky-community_kandinsky-3,7701147,-0.9752591252326965
kandinsky-community_kandinsky-3,56458800,1.291833519935608
kandinsky-community_kandinsky-3,12321136,-1.1165424585342407
kandinsky-community_kandinsky-3,8832897,0.054710958153009415
kandinsky-community_kandinsky-3,14700745,-0.6144660115242004
kandinsky-community_kandinsky-3,22447452,0.7572360634803772
kandinsky-community_kandinsky-3,25834713,0.6739172339439392
kandinsky-community_kandinsky-3,81081593,-1.5645357370376587
kandinsky-community_kandinsky-3,1705841,-0.8600583076477051
kandinsky-community_kandinsky-3,2224660,0.05957566201686859
kandinsky-community_kandinsky-3,9872066,1.5245063304901123
kandinsky-community_kandinsky-3,13484644,-1.9321621656417847
kandinsky-community_kandinsky-3,55600202,-2.5607423782348633
kandinsky-community_kandinsky-3,6336537,-0.1084626242518425
kandinsky-community_kandinsky-3,4205318,-1.1691793203353882
kandinsky-community_kandinsky-3,24621705,1.0653983354568481
kandinsky-community_kandinsky-3,97698147,1.3051003217697144
kandinsky-community_kandinsky-3,349351,1.9877768754959106
kandinsky-community_kandinsky-3,88076359,1.1820669174194336
kandinsky-community_kandinsky-3,35630202,-0.6832090020179749
kandinsky-community_kandinsky-3,9238143,-0.5468060374259949
kandinsky-community_kandinsky-3,7598734,-1.1952944993972778
kandinsky-community_kandinsky-3,51218463,0.994804859161377
kandinsky-community_kandinsky-3,4848642,1.2790088653564453
kandinsky-community_kandinsky-3,10630188,0.5971971750259399
kandinsky-community_kandinsky-3,7601572,-0.1729164868593216
kandinsky-community_kandinsky-3,71851174,0.7460023760795593
kandinsky-community_kandinsky-3,30418571,-1.0198742151260376
kandinsky-community_kandinsky-3,51495568,0.2199879139661789
kandinsky-community_kandinsky-3,63774943,-1.2194536924362183
kandinsky-community_kandinsky-3,66340585,-1.406394600868225
kandinsky-community_kandinsky-3,15793087,0.2676888704299927
kandinsky-community_kandinsky-3,62451430,1.9362139701843262
kandinsky-community_kandinsky-3,18564233,0.43513572216033936
kandinsky-community_kandinsky-3,88995285,-1.2676634788513184
kandinsky-community_kandinsky-3,7854707,-2.602854013442993
kandinsky-community_kandinsky-3,7308563,0.3217664062976837
kandinsky-community_kandinsky-3,69489691,0.3202643394470215
kandinsky-community_kandinsky-3,14055408,-2.09728741645813
kandinsky-community_kandinsky-3,51637192,-1.3009761571884155
kandinsky-community_kandinsky-3,77737998,1.8958972692489624
kandinsky-community_kandinsky-3,22415712,-0.05084221065044403
kandinsky-community_kandinsky-3,10538013,-0.11140511184930801
kandinsky-community_kandinsky-3,1699831,-0.21849851310253143
kandinsky-community_kandinsky-3,62887285,-1.8979737758636475
kandinsky-community_kandinsky-3,5073403,-2.2306408882141113
kandinsky-community_kandinsky-3,7892512,-0.09520964324474335
kandinsky-community_kandinsky-3,16041846,-0.3276829719543457
kandinsky-community_kandinsky-3,64699836,1.481005311012268
kandinsky-community_kandinsky-3,18728021,-2.357182502746582
kandinsky-community_kandinsky-3,84079487,0.3656901717185974
kandinsky-community_kandinsky-3,7447641,-0.10329537093639374
kandinsky-community_kandinsky-3,20129161,-0.7813662886619568
kandinsky-community_kandinsky-3,89209999,1.4060860872268677
kandinsky-community_kandinsky-3,84733290,-0.6741544604301453
kandinsky-community_kandinsky-3,87439749,-1.0742982625961304
kandinsky-community_kandinsky-3,66528669,-0.6985389590263367
kandinsky-community_kandinsky-3,43336178,0.5006105899810791
kandinsky-community_kandinsky-3,5407890,0.009993821382522583
kandinsky-community_kandinsky-3,14169364,-1.2166675329208374
kandinsky-community_kandinsky-3,77312726,-0.6572788953781128
kandinsky-community_kandinsky-3,11565040,-0.9899007678031921
kandinsky-community_kandinsky-3,60435330,-2.677438974380493
kandinsky-community_kandinsky-3,36734916,-2.7837753295898438
kandinsky-community_kandinsky-3,2804123,1.288709282875061
kandinsky-community_kandinsky-3,30241639,0.7534417510032654
kandinsky-community_kandinsky-3,1740320,-2.1323208808898926
kandinsky-community_kandinsky-3,90435129,-2.8622636795043945
kandinsky-community_kandinsky-3,26623394,1.767390251159668
kandinsky-community_kandinsky-3,283568,-1.2829800844192505
kandinsky-community_kandinsky-3,5841029,-1.9885504245758057
kandinsky-community_kandinsky-3,13393265,0.5069534182548523
kandinsky-community_kandinsky-3,49910170,0.41318821907043457
kandinsky-community_kandinsky-3,9112347,1.1463825702667236
kandinsky-community_kandinsky-3,53301593,0.7011116743087769
kandinsky-community_kandinsky-3,63318561,-0.5638089776039124
kandinsky-community_kandinsky-3,6125041,1.6282390356063843
kandinsky-community_kandinsky-3,3154616,0.7054470181465149
kandinsky-community_kandinsky-3,484532,-1.9654701948165894
kandinsky-community_kandinsky-3,27768637,-0.08717050403356552
kandinsky-community_kandinsky-3,76513043,2.355088949203491
kandinsky-community_kandinsky-3,58505637,-0.3853599727153778
kandinsky-community_kandinsky-3,1219356,0.2742922604084015
kandinsky-community_kandinsky-3,2293352,0.23979417979717255
kandinsky-community_kandinsky-3,47599346,1.6795731782913208
kandinsky-community_kandinsky-3,90412342,1.4118378162384033
kandinsky-community_kandinsky-3,16462831,0.7027139663696289
kandinsky-community_kandinsky-3,61759180,-1.4203078746795654
kandinsky-community_kandinsky-3,484166,0.28837937116622925
kandinsky-community_kandinsky-3,49916088,-2.9279825687408447
kandinsky-community_kandinsky-3,40944352,0.2757857143878937
kandinsky-community_kandinsky-3,7667151,-0.07642436772584915
kandinsky-community_kandinsky-3,32149858,0.8742868900299072
kandinsky-community_kandinsky-3,73162128,0.7202466130256653
kandinsky-community_kandinsky-3,14101494,1.0713013410568237
kandinsky-community_kandinsky-3,71917417,-2.2370080947875977
kandinsky-community_kandinsky-3,2697759,-0.8651002049446106
kandinsky-community_kandinsky-3,14872875,-2.266268491744995
kandinsky-community_kandinsky-3,64603214,-1.0238721370697021
kandinsky-community_kandinsky-3,3238131,2.1584949493408203
kandinsky-community_kandinsky-3,14959644,-1.1379462480545044
kandinsky-community_kandinsky-3,3595055,0.2704440951347351
kandinsky-community_kandinsky-3,7599649,2.476198196411133
kandinsky-community_kandinsky-3,7734711,0.16001422703266144
kandinsky-community_kandinsky-3,9864632,1.1243926286697388
kandinsky-community_kandinsky-3,78718927,1.2374731302261353
kandinsky-community_kandinsky-3,213186,-2.6007940769195557
kandinsky-community_kandinsky-3,64225139,2.6698222160339355
kandinsky-community_kandinsky-3,86681482,-0.4250463843345642
kandinsky-community_kandinsky-3,9775663,0.6473494172096252
kandinsky-community_kandinsky-3,84208735,-3.043774127960205
kandinsky-community_kandinsky-3,624967,0.18028433620929718
kandinsky-community_kandinsky-3,8863807,-1.2601978778839111
kandinsky-community_kandinsky-3,55144848,1.28902006149292
kandinsky-community_kandinsky-3,12432877,2.6751151084899902
kandinsky-community_kandinsky-3,1156899,-0.89776211977005
kandinsky-community_kandinsky-3,3724066,-0.7526118159294128
kandinsky-community_kandinsky-3,20336217,2.2999589443206787
kandinsky-community_kandinsky-3,13391262,1.2990719079971313
kandinsky-community_kandinsky-3,39191981,-1.5382190942764282
kandinsky-community_kandinsky-3,7508232,1.9867130517959595
kandinsky-community_kandinsky-3,28393746,-2.655029535293579
kandinsky-community_kandinsky-3,161888,0.5763999819755554
kandinsky-community_kandinsky-3,7853232,-0.4931633174419403
kandinsky-community_kandinsky-3,7608245,-0.6102476119995117
kandinsky-community_kandinsky-3,49028425,0.17041416466236115
kandinsky-community_kandinsky-3,7896422,0.8486394286155701
kandinsky-community_kandinsky-3,13392977,-0.821467399597168
kandinsky-community_kandinsky-3,87225637,-1.7420015335083008
kandinsky-community_kandinsky-3,762889,-0.06811848282814026
kandinsky-community_kandinsky-3,51789589,-1.6172778606414795
kandinsky-community_kandinsky-3,7853445,0.22198863327503204
kandinsky-community_kandinsky-3,4370288,-2.019202709197998
kandinsky-community_kandinsky-3,15071229,-2.672893524169922
kandinsky-community_kandinsky-3,4363777,0.9613468647003174
kandinsky-community_kandinsky-3,45921619,0.40533745288848877
kandinsky-community_kandinsky-3,13390040,2.724074363708496
kandinsky-community_kandinsky-3,99352036,-1.5555442571640015
kandinsky-community_kandinsky-3,545501,2.072719097137451
kandinsky-community_kandinsky-3,3600285,-2.1655375957489014
kandinsky-community_kandinsky-3,11818945,-1.8019918203353882
kandinsky-community_kandinsky-3,62533182,0.8299775719642639
kandinsky-community_kandinsky-3,840609,1.3616251945495605
kandinsky-community_kandinsky-3,93251202,2.3720505237579346
kandinsky-community_kandinsky-3,3636825,2.0897133350372314
kandinsky-community_kandinsky-3,31132598,1.3209539651870728
kandinsky-community_kandinsky-3,66989811,2.6332170963287354
kandinsky-community_kandinsky-3,14203346,1.4246282577514648
kandinsky-community_kandinsky-3,36054100,-1.8953537940979004
kandinsky-community_kandinsky-3,76911615,0.35087522864341736
kandinsky-community_kandinsky-3,11399033,-1.190280795097351
kandinsky-community_kandinsky-3,7025268,-0.1679605096578598
kandinsky-community_kandinsky-3,16980924,-0.24778063595294952
kandinsky-community_kandinsky-3,5820395,0.18986579775810242
kandinsky-community_kandinsky-3,61934851,-0.6719613671302795
kandinsky-community_kandinsky-3,95718306,2.9430220127105713
kandinsky-community_kandinsky-3,33871153,-0.5764051675796509
kandinsky-community_kandinsky-3,7325001,1.2274017333984375
kandinsky-community_kandinsky-3,4965371,-1.0522290468215942
kandinsky-community_kandinsky-3,43644642,1.0169925689697266
kandinsky-community_kandinsky-3,51658242,-2.057696580886841
kandinsky-community_kandinsky-3,48873771,2.499298334121704
kandinsky-community_kandinsky-3,21656268,1.4947854280471802
kandinsky-community_kandinsky-3,96232210,-0.8190000653266907
kandinsky-community_kandinsky-3,35233048,2.142993688583374
kandinsky-community_kandinsky-3,84089324,-1.8046053647994995
kandinsky-community_kandinsky-3,93471574,-1.9528167247772217
kandinsky-community_kandinsky-3,88435644,1.821459174156189
kandinsky-community_kandinsky-3,36143695,2.7709662914276123
kandinsky-community_kandinsky-3,13968547,-2.5276832580566406
kandinsky-community_kandinsky-3,13388111,-2.4575982093811035
kandinsky-community_kandinsky-3,24488553,1.572995662689209
kandinsky-community_kandinsky-3,7664582,2.014354705810547
kandinsky-community_kandinsky-3,28739942,-0.17058596014976501
kandinsky-community_kandinsky-3,31376751,2.041008949279785
kandinsky-community_kandinsky-3,75054673,0.7666377425193787
kandinsky-community_kandinsky-3,65015632,0.5997632145881653
kandinsky-community_kandinsky-3,2972533,0.4897197186946869
kandinsky-community_kandinsky-3,9057052,2.2356157302856445
kandinsky-community_kandinsky-3,93631459,0.8321753740310669
kandinsky-community_kandinsky-3,62622374,-0.5934170484542847
kandinsky-community_kandinsky-3,16111057,-2.675680637359619
kandinsky-community_kandinsky-3,13929477,1.8884785175323486
kandinsky-community_kandinsky-3,39550042,1.3275960683822632
kandinsky-community_kandinsky-3,3818090,-0.5135298371315002
kandinsky-community_kandinsky-3,79586833,1.5220545530319214
kandinsky-community_kandinsky-3,48189713,-0.7047680616378784
kandinsky-community_kandinsky-3,2468465,-0.1962326318025589
kandinsky-community_kandinsky-3,63509542,-0.5603528618812561
kandinsky-community_kandinsky-3,5485923,1.5902438163757324
kandinsky-community_kandinsky-3,13393599,-0.9396992921829224
kandinsky-community_kandinsky-3,50059436,1.788516879081726
kandinsky-community_kandinsky-3,63348229,2.0051023960113525
kandinsky-community_kandinsky-3,16322925,-2.580329418182373
kandinsky-community_kandinsky-3,975334,2.058926820755005
kandinsky-community_kandinsky-3,81020842,0.6465803384780884
kandinsky-community_kandinsky-3,2398521,-1.1016098260879517
kandinsky-community_kandinsky-3,3019434,-1.6676074266433716
kandinsky-community_kandinsky-3,40551537,0.9561887383460999
kandinsky-community_kandinsky-3,74708908,1.0198686122894287
kandinsky-community_kandinsky-3,5730163,1.3639049530029297
kandinsky-community_kandinsky-3,19501956,1.3893965482711792
kandinsky-community_kandinsky-3,66252269,1.139310359954834
kandinsky-community_kandinsky-3,13393059,-0.10875727236270905
kandinsky-community_kandinsky-3,58011321,0.13455550372600555
kandinsky-community_kandinsky-3,42849420,2.2581326961517334
kandinsky-community_kandinsky-3,2783035,-0.6874101161956787
kandinsky-community_kandinsky-3,71992740,1.4060345888137817
kandinsky-community_kandinsky-3,60977631,-0.13123370707035065
kandinsky-community_kandinsky-3,36499000,0.29233020544052124
kandinsky-community_kandinsky-3,15889050,-2.5627031326293945
kandinsky-community_kandinsky-3,59791811,-1.5949211120605469
kandinsky-community_kandinsky-3,72134268,2.3325932025909424
kandinsky-community_kandinsky-3,5826451,1.4139817953109741
kandinsky-community_kandinsky-3,47560916,1.0477033853530884
kandinsky-community_kandinsky-3,89480722,-0.8708057999610901
kandinsky-community_kandinsky-3,3456665,0.38636958599090576
kandinsky-community_kandinsky-3,57849567,-0.8496829271316528
kandinsky-community_kandinsky-3,7626287,0.6024129986763
kandinsky-community_kandinsky-3,13427356,-1.4075355529785156
kandinsky-community_kandinsky-3,25851699,2.3109846115112305
kandinsky-community_kandinsky-3,79972225,-0.007464875932782888
kandinsky-community_kandinsky-3,3054491,1.172126293182373
kandinsky-community_kandinsky-3,10108276,0.594635546207428
kandinsky-community_kandinsky-3,6681454,-0.030348338186740875
kandinsky-community_kandinsky-3,1111816,1.0973671674728394
kandinsky-community_kandinsky-3,43060946,0.07517411559820175
kandinsky-community_kandinsky-3,95438883,2.2963919639587402
kandinsky-community_kandinsky-3,137313,-1.391247034072876
kandinsky-community_kandinsky-3,2469914,-0.4316013753414154
kandinsky-community_kandinsky-3,71690739,0.3993794620037079
kandinsky-community_kandinsky-3,5761026,1.1354306936264038
kandinsky-community_kandinsky-3,91077200,-1.0321681499481201
kandinsky-community_kandinsky-3,33732247,-0.20771676301956177
kandinsky-community_kandinsky-3,50802430,0.5972975492477417
kandinsky-community_kandinsky-3,72806155,-0.2834821939468384
kandinsky-community_kandinsky-3,36770506,0.808052659034729
kandinsky-community_kandinsky-3,7853560,-0.47625932097435
kandinsky-community_kandinsky-3,7711080,0.32390472292900085
kandinsky-community_kandinsky-3,3990474,1.9396697282791138
kandinsky-community_kandinsky-3,30095734,0.6111921072006226
kandinsky-community_kandinsky-3,16803774,-0.875052273273468
kandinsky-community_kandinsky-3,54934161,-2.870638370513916
kandinsky-community_kandinsky-3,30923499,-1.7532556056976318
kandinsky-community_kandinsky-3,698004,-1.05013108253479
kandinsky-community_kandinsky-3,12852206,-2.0090885162353516
kandinsky-community_kandinsky-3,7853852,0.35212117433547974
kandinsky-community_kandinsky-3,12869809,-0.8417124152183533
kandinsky-community_kandinsky-3,12345739,2.1622347831726074
kandinsky-community_kandinsky-3,57416812,3.1004905700683594
kandinsky-community_kandinsky-3,27550909,-1.5881847143173218
kandinsky-community_kandinsky-3,6618822,-0.5647101998329163
kandinsky-community_kandinsky-3,58187581,1.0533628463745117
kandinsky-community_kandinsky-3,3989665,-2.6353883743286133
kandinsky-community_kandinsky-3,39284065,1.852596402168274
kandinsky-community_kandinsky-3,14880557,1.5067776441574097
kandinsky-community_kandinsky-3,2075764,1.5566610097885132
kandinsky-community_kandinsky-3,6615458,1.0482181310653687
kandinsky-community_kandinsky-3,22149540,1.424190878868103
kandinsky-community_kandinsky-3,23232427,-1.7658816576004028
kandinsky-community_kandinsky-3,96448597,-0.2911757528781891
kandinsky-community_kandinsky-3,57716963,1.9933165311813354
kandinsky-community_kandinsky-3,2730265,0.19488300383090973
kandinsky-community_kandinsky-3,83418847,-1.3950839042663574
kandinsky-community_kandinsky-3,4416901,-0.7343849539756775
kandinsky-community_kandinsky-3,99410560,-1.6416404247283936
kandinsky-community_kandinsky-3,10444677,1.4464880228042603
kandinsky-community_kandinsky-3,90613035,0.09818927198648453
kandinsky-community_kandinsky-3,7891189,0.7325149178504944
kandinsky-community_kandinsky-3,14702875,-1.6725691556930542
kandinsky-community_kandinsky-3,30883080,-0.21245306730270386
kandinsky-community_kandinsky-3,6617413,-1.8264179229736328
kandinsky-community_kandinsky-3,63015570,1.0405443906784058
kandinsky-community_kandinsky-3,80289373,-1.0209860801696777
kandinsky-community_kandinsky-3,19671124,-0.3969760537147522
kandinsky-community_kandinsky-3,7163803,-0.6491698622703552
kandinsky-community_kandinsky-3,49462954,-0.7885562777519226
kandinsky-community_kandinsky-3,13915305,-1.265572190284729
kandinsky-community_kandinsky-3,5008085,-1.353736400604248
kandinsky-community_kandinsky-3,27871992,1.0545964241027832
kandinsky-community_kandinsky-3,98929226,-0.26420867443084717
kandinsky-community_kandinsky-3,4285773,2.2211196422576904
kandinsky-community_kandinsky-3,88087492,-0.7031930088996887
kandinsky-community_kandinsky-3,98113191,0.3169255554676056
kandinsky-community_kandinsky-3,43161384,-0.4819898009300232
kandinsky-community_kandinsky-3,995855,-1.5147762298583984
kandinsky-community_kandinsky-3,3975232,-1.7201911211013794
kandinsky-community_kandinsky-3,4455579,-1.0069974660873413
kandinsky-community_kandinsky-3,3630383,1.5643125772476196
kandinsky-community_kandinsky-3,55255145,1.8925843238830566
kandinsky-community_kandinsky-3,26078214,0.09998901188373566
kandinsky-community_kandinsky-3,14809057,-0.3985646367073059
kandinsky-community_kandinsky-3,7626721,0.3259548842906952
kandinsky-community_kandinsky-3,84788890,1.599010944366455
kandinsky-community_kandinsky-3,5794797,-0.16512508690357208
kandinsky-community_kandinsky-3,7626833,1.8242460489273071
kandinsky-community_kandinsky-3,61853324,1.6433061361312866
kandinsky-community_kandinsky-3,43153800,0.39863333106040955
kandinsky-community_kandinsky-3,56792430,-0.11969729512929916
kandinsky-community_kandinsky-3,92709444,-0.1239917054772377
kandinsky-community_kandinsky-3,36507085,1.742405891418457
kandinsky-community_kandinsky-3,10408552,-0.027399640530347824
kandinsky-community_kandinsky-3,3679712,2.4674594402313232
kandinsky-community_kandinsky-3,47009060,-0.9322351217269897
kandinsky-community_kandinsky-3,68575085,1.7687196731567383
kandinsky-community_kandinsky-3,52516409,-1.5659589767456055
kandinsky-community_kandinsky-3,98646702,-1.5545594692230225
kandinsky-community_kandinsky-3,14606290,-3.1023659706115723
kandinsky-community_kandinsky-3,2075049,-1.261973261833191
kandinsky-community_kandinsky-3,3880032,-1.410164713859558
kandinsky-community_kandinsky-3,71055464,2.8679659366607666
kandinsky-community_kandinsky-3,13389475,1.076316237449646
kandinsky-community_kandinsky-3,45258070,-2.5601813793182373
kandinsky-community_kandinsky-3,85191733,-1.298990249633789
kandinsky-community_kandinsky-3,25290589,-1.7772321701049805
kandinsky-community_kandinsky-3,63336441,-2.156935214996338
kandinsky-community_kandinsky-3,78735978,1.5938647985458374
kandinsky-community_kandinsky-3,45140380,-0.9280761480331421
kandinsky-community_kandinsky-3,57863970,-0.533470094203949
kandinsky-community_kandinsky-3,20028978,-2.897458553314209
kandinsky-community_kandinsky-3,7653394,1.9805580377578735
kandinsky-community_kandinsky-3,56827080,-0.8616359233856201
kandinsky-community_kandinsky-3,10294602,-0.010185405611991882
kandinsky-community_kandinsky-3,9735542,1.3228998184204102
kandinsky-community_kandinsky-3,91784947,0.010246729478240013
kandinsky-community_kandinsky-3,60878011,2.203829288482666
kandinsky-community_kandinsky-3,84141485,0.0022118915803730488
kandinsky-community_kandinsky-3,53024874,3.1686508655548096
kandinsky-community_kandinsky-3,74578747,-0.8790414333343506
kandinsky-community_kandinsky-3,25357915,0.8823074102401733
kandinsky-community_kandinsky-3,2809365,1.711720585823059
kandinsky-community_kandinsky-3,105194,1.3133333921432495
kandinsky-community_kandinsky-3,48347827,0.25554007291793823
kandinsky-community_kandinsky-3,10047459,-0.9819301962852478
kandinsky-community_kandinsky-3,39382518,0.10680417716503143
kandinsky-community_kandinsky-3,16022640,-0.20752547681331635
kandinsky-community_kandinsky-3,83997911,1.1921131610870361
kandinsky-community_kandinsky-3,4965661,-2.0374703407287598
kandinsky-community_kandinsky-3,3688605,1.1518293619155884
kandinsky-community_kandinsky-3,66056075,-2.298797130584717
kandinsky-community_kandinsky-3,91783377,0.8927948474884033
kandinsky-community_kandinsky-3,8857422,0.1983349323272705
kandinsky-community_kandinsky-3,30629503,0.34331536293029785
kandinsky-community_kandinsky-3,53099467,-0.525955855846405
kandinsky-community_kandinsky-3,7919310,0.2653939127922058
kandinsky-community_kandinsky-3,77964853,2.3137776851654053
kandinsky-community_kandinsky-3,5866162,1.8445926904678345
kandinsky-community_kandinsky-3,71051809,-1.6835401058197021
kandinsky-community_kandinsky-3,4180069,0.9707298874855042
kandinsky-community_kandinsky-3,96189665,0.7019643187522888
kandinsky-community_kandinsky-3,10106387,-0.5247254371643066
kandinsky-community_kandinsky-3,4406239,1.7360366582870483
kandinsky-community_kandinsky-3,28403146,1.4965932369232178
kandinsky-community_kandinsky-3,79756788,-2.6819751262664795
kandinsky-community_kandinsky-3,86763444,1.7999539375305176
kandinsky-community_kandinsky-3,76826568,1.7234336137771606
kandinsky-community_kandinsky-3,44020097,-2.7203145027160645
kandinsky-community_kandinsky-3,20371877,0.1656889170408249
kandinsky-community_kandinsky-3,79864992,0.22258402407169342
kandinsky-community_kandinsky-3,13391967,1.3128949403762817
kandinsky-community_kandinsky-3,21149945,-0.5274753570556641
kandinsky-community_kandinsky-3,52260046,-1.474406123161316
kandinsky-community_kandinsky-3,88955715,2.1528196334838867
kandinsky-community_kandinsky-3,3016609,-2.258955955505371
kandinsky-community_kandinsky-3,4966017,-1.9132142066955566
kandinsky-community_kandinsky-3,719231,0.42348402738571167
kandinsky-community_kandinsky-3,13722757,0.08180869370698929
kandinsky-community_kandinsky-3,13600591,1.8911839723587036
kandinsky-community_kandinsky-3,8192506,-0.9429599046707153
kandinsky-community_kandinsky-3,81693731,1.5249696969985962
kandinsky-community_kandinsky-3,4194289,1.1903631687164307
kandinsky-community_kandinsky-3,93355465,-2.7291617393493652
kandinsky-community_kandinsky-3,6912657,-1.8377214670181274
kandinsky-community_kandinsky-3,940043,0.7606788277626038
kandinsky-community_kandinsky-3,27747177,-1.916178584098816
kandinsky-community_kandinsky-3,98295242,1.4564329385757446
kandinsky-community_kandinsky-3,29098399,1.1820906400680542
kandinsky-community_kandinsky-3,82187094,-0.4940902292728424
kandinsky-community_kandinsky-3,56659390,-0.23789088428020477
kandinsky-community_kandinsky-3,64343822,-0.3402727246284485
kandinsky-community_kandinsky-3,12501745,-0.2904447913169861
kandinsky-community_kandinsky-3,89906583,1.2125056982040405
kandinsky-community_kandinsky-3,60193131,1.6149076223373413
kandinsky-community_kandinsky-3,36637449,-1.8824976682662964
kandinsky-community_kandinsky-3,7700348,-0.1811170130968094
kandinsky-community_kandinsky-3,14151884,-1.7709778547286987
kandinsky-community_kandinsky-3,10207169,-0.11530470848083496
kandinsky-community_kandinsky-3,660783,-1.094167947769165
kandinsky-community_kandinsky-3,647270,1.6501007080078125
kandinsky-community_kandinsky-3,32649465,-0.288936972618103
kandinsky-community_kandinsky-3,83770744,1.1901352405548096
kandinsky-community_kandinsky-3,95655207,1.1491135358810425
kandinsky-community_kandinsky-3,9765278,-1.7232073545455933
kandinsky-community_kandinsky-3,7675627,-0.5217840075492859
kandinsky-community_kandinsky-3,76437804,-0.16114108264446259
kandinsky-community_kandinsky-3,75712061,0.4749220907688141
kandinsky-community_kandinsky-3,98695624,-0.49033695459365845
kandinsky-community_kandinsky-3,97798380,0.861287534236908
kandinsky-community_kandinsky-3,4974340,-0.7665501236915588
kandinsky-community_kandinsky-3,80685264,-0.15121443569660187
kandinsky-community_kandinsky-3,7854184,-0.5024227499961853
kandinsky-community_kandinsky-3,93373338,-1.1992886066436768
kandinsky-community_kandinsky-3,48912948,-0.5088430047035217
kandinsky-community_kandinsky-3,4337287,-0.9215667247772217
kandinsky-community_kandinsky-3,35217204,-0.33474913239479065
kandinsky-community_kandinsky-3,13328357,0.2831563651561737
kandinsky-community_kandinsky-3,29655219,1.5613987445831299
kandinsky-community_kandinsky-3,5005250,-0.39712288975715637
kandinsky-community_kandinsky-3,46652052,-0.09700425714254379
kandinsky-community_kandinsky-3,48024657,0.4514463543891907
kandinsky-community_kandinsky-3,53205877,-0.10033565759658813
kandinsky-community_kandinsky-3,48388405,1.5959810018539429
kandinsky-community_kandinsky-3,3110937,1.9104738235473633
kandinsky-community_kandinsky-3,89137457,0.7743059992790222
kandinsky-community_kandinsky-3,86701636,1.8918408155441284
kandinsky-community_kandinsky-3,43076240,-0.7847816944122314
kandinsky-community_kandinsky-3,83059778,1.226758360862732
kandinsky-community_kandinsky-3,27347584,0.9983622431755066
kandinsky-community_kandinsky-3,68528226,0.5198346972465515
kandinsky-community_kandinsky-3,1923404,-2.1087050437927246
kandinsky-community_kandinsky-3,8049401,1.696047306060791
kandinsky-community_kandinsky-3,717208,-1.3751732110977173
kandinsky-community_kandinsky-3,6880664,-1.5076066255569458
kandinsky-community_kandinsky-3,32152786,1.3314546346664429
kandinsky-community_kandinsky-3,56074056,0.21712642908096313
kandinsky-community_kandinsky-3,47595220,-0.752472460269928
kandinsky-community_kandinsky-3,487326,0.9549602270126343
kandinsky-community_kandinsky-3,32473966,-0.027017928659915924
kandinsky-community_kandinsky-3,52325745,0.8209317922592163
kandinsky-community_kandinsky-3,23620789,0.453064888715744
kandinsky-community_kandinsky-3,11334088,1.0353045463562012
kandinsky-community_kandinsky-3,62383909,-2.155517339706421
kandinsky-community_kandinsky-3,49656506,-0.8657576441764832
kandinsky-community_kandinsky-3,3073694,-0.7571882009506226
kandinsky-community_kandinsky-3,14090568,1.1936365365982056
kandinsky-community_kandinsky-3,13852638,-2.0961496829986572
kandinsky-community_kandinsky-3,88663611,-1.012052297592163
kandinsky-community_kandinsky-3,3467517,0.6219668984413147
kandinsky-community_kandinsky-3,10657306,1.1403313875198364
kandinsky-community_kandinsky-3,7893528,0.10649118572473526
kandinsky-community_kandinsky-3,8703165,0.36214500665664673
kandinsky-community_kandinsky-3,14950983,0.41918084025382996
kandinsky-community_kandinsky-3,84495450,0.9577159285545349
kandinsky-community_kandinsky-3,6015361,-2.1773130893707275
kandinsky-community_kandinsky-3,30672998,0.2642611265182495
kandinsky-community_kandinsky-3,51314050,-1.6167023181915283
kandinsky-community_kandinsky-3,75097460,-1.3394908905029297
kandinsky-community_kandinsky-3,1043989,0.8022851943969727
kandinsky-community_kandinsky-3,91138323,-1.076218605041504
kandinsky-community_kandinsky-3,14195315,-0.9212777018547058
kandinsky-community_kandinsky-3,99225282,0.3674369752407074
kandinsky-community_kandinsky-3,1707698,-0.5259718894958496
kandinsky-community_kandinsky-3,76924152,1.1950839757919312
kandinsky-community_kandinsky-3,4055595,0.1437835544347763
kandinsky-community_kandinsky-3,5177483,0.9742857217788696
kandinsky-community_kandinsky-3,91790573,1.0832955837249756
kandinsky-community_kandinsky-3,56160608,0.2774030566215515
kandinsky-community_kandinsky-3,59625134,0.47383061051368713
kandinsky-community_kandinsky-3,74772450,-0.6887481212615967
kandinsky-community_kandinsky-3,57687763,-1.7786359786987305
kandinsky-community_kandinsky-3,68004578,-2.8442535400390625
kandinsky-community_kandinsky-3,43155760,-2.6153147220611572
kandinsky-community_kandinsky-3,55457672,1.3512626886367798
kandinsky-community_kandinsky-3,93157521,-1.6589957475662231
kandinsky-community_kandinsky-3,86409282,0.40524765849113464
kandinsky-community_kandinsky-3,11904204,-0.3798392415046692
kandinsky-community_kandinsky-3,31956119,-1.9335163831710815
kandinsky-community_kandinsky-3,63721164,-0.9198049306869507
kandinsky-community_kandinsky-3,82797304,1.7484935522079468
kandinsky-community_kandinsky-3,3964744,1.0443553924560547
kandinsky-community_kandinsky-3,7896060,2.585257053375244
kandinsky-community_kandinsky-3,30278247,1.347838044166565
kandinsky-community_kandinsky-3,13375167,0.7746593356132507
kandinsky-community_kandinsky-3,29383339,-3.0050816535949707
kandinsky-community_kandinsky-3,91980352,-1.5299433469772339
kandinsky-community_kandinsky-3,4065464,1.6671959161758423
kandinsky-community_kandinsky-3,18069602,-0.9836412668228149
kandinsky-community_kandinsky-3,80848986,1.6687718629837036
kandinsky-community_kandinsky-3,45869475,0.16432291269302368
kandinsky-community_kandinsky-3,2394477,-2.1352860927581787
kandinsky-community_kandinsky-3,4555400,0.6723997592926025
kandinsky-community_kandinsky-3,76425345,1.75780189037323
kandinsky-community_kandinsky-3,43301379,0.19967079162597656
kandinsky-community_kandinsky-3,70460316,-0.33214184641838074
kandinsky-community_kandinsky-3,90244932,0.25633811950683594
kandinsky-community_kandinsky-3,20471134,0.6393083333969116
kandinsky-community_kandinsky-3,97662732,1.0659805536270142
kandinsky-community_kandinsky-3,79680340,-0.9882040023803711
kandinsky-community_kandinsky-3,5722208,-0.23420833051204681
kandinsky-community_kandinsky-3,4467099,0.42557209730148315
kandinsky-community_kandinsky-3,37255865,-0.054043736308813095
kandinsky-community_kandinsky-3,6271778,-1.3605103492736816
kandinsky-community_kandinsky-3,48656683,-1.3290417194366455
kandinsky-community_kandinsky-3,2896442,-1.615347146987915
kandinsky-community_kandinsky-3,3045800,1.0932904481887817
kandinsky-community_kandinsky-3,39519433,-0.4764041006565094
kandinsky-community_kandinsky-3,4132158,-0.6869069337844849
kandinsky-community_kandinsky-3,58529815,-0.9981985092163086
kandinsky-community_kandinsky-3,79810359,0.010944388806819916
kandinsky-community_kandinsky-3,3308481,-0.618589460849762
kandinsky-community_kandinsky-3,89637539,0.44433045387268066
kandinsky-community_kandinsky-3,42348065,1.074396014213562
kandinsky-community_kandinsky-3,2859084,0.804747998714447
kandinsky-community_kandinsky-3,21578709,-0.364958792924881
kandinsky-community_kandinsky-3,61044301,-0.11598269641399384
kandinsky-community_kandinsky-3,61786440,-2.7707037925720215
kandinsky-community_kandinsky-3,10548623,0.6035954356193542
kandinsky-community_kandinsky-3,55812974,-2.2188775539398193
kandinsky-community_kandinsky-3,9427682,0.8964824676513672
kandinsky-community_kandinsky-3,10024569,-0.2658444344997406
kandinsky-community_kandinsky-3,75964288,-0.7861546874046326
kandinsky-community_kandinsky-3,67949798,1.6756070852279663
kandinsky-community_kandinsky-3,10080493,0.5508653521537781
kandinsky-community_kandinsky-3,73600586,-1.7853519916534424
kandinsky-community_kandinsky-3,14140678,0.5407181978225708
kandinsky-community_kandinsky-3,29161294,-1.324323058128357
kandinsky-community_kandinsky-3,8095160,1.370225429534912
kandinsky-community_kandinsky-3,77358840,0.8500986695289612
kandinsky-community_kandinsky-3,83912658,0.16088421642780304
kandinsky-community_kandinsky-3,3610524,0.18416757881641388
kandinsky-community_kandinsky-3,4291069,1.4589227437973022
kandinsky-community_kandinsky-3,88266320,-1.6768923997879028
kandinsky-community_kandinsky-3,52421820,1.0815834999084473
kandinsky-community_kandinsky-3,81461043,1.365813136100769
kandinsky-community_kandinsky-3,480823,0.13761703670024872
kandinsky-community_kandinsky-3,47546040,0.6418960690498352
playgroundai_playground-v2.5-1024px-aesthetic,10449664,-1.0815128087997437
playgroundai_playground-v2.5-1024px-aesthetic,16392867,-1.2117559909820557
playgroundai_playground-v2.5-1024px-aesthetic,3471347,0.25416186451911926
playgroundai_playground-v2.5-1024px-aesthetic,66341213,0.13407282531261444
playgroundai_playground-v2.5-1024px-aesthetic,28241866,2.7592670917510986
playgroundai_playground-v2.5-1024px-aesthetic,10610850,0.889109194278717
playgroundai_playground-v2.5-1024px-aesthetic,6118563,-3.625725030899048
playgroundai_playground-v2.5-1024px-aesthetic,46384154,0.982313334941864
playgroundai_playground-v2.5-1024px-aesthetic,40779634,2.617079496383667
playgroundai_playground-v2.5-1024px-aesthetic,21280508,1.65128493309021
playgroundai_playground-v2.5-1024px-aesthetic,484362,1.129043698310852
playgroundai_playground-v2.5-1024px-aesthetic,60290517,-2.2720232009887695
playgroundai_playground-v2.5-1024px-aesthetic,7900225,2.9149415493011475
playgroundai_playground-v2.5-1024px-aesthetic,1028655,2.2492356300354004
playgroundai_playground-v2.5-1024px-aesthetic,71272708,-0.2556988596916199
playgroundai_playground-v2.5-1024px-aesthetic,80670187,1.193602442741394
playgroundai_playground-v2.5-1024px-aesthetic,14987695,1.840226173400879
playgroundai_playground-v2.5-1024px-aesthetic,1557564,0.7428118586540222
playgroundai_playground-v2.5-1024px-aesthetic,7841907,1.6053212881088257
playgroundai_playground-v2.5-1024px-aesthetic,14881303,2.5387723445892334
playgroundai_playground-v2.5-1024px-aesthetic,10081670,1.2088507413864136
playgroundai_playground-v2.5-1024px-aesthetic,30059972,1.253489375114441
playgroundai_playground-v2.5-1024px-aesthetic,44678614,1.8789833784103394
playgroundai_playground-v2.5-1024px-aesthetic,717358,-1.232663869857788
playgroundai_playground-v2.5-1024px-aesthetic,5328115,-0.658743143081665
playgroundai_playground-v2.5-1024px-aesthetic,62040302,2.8749539852142334
playgroundai_playground-v2.5-1024px-aesthetic,25112145,1.2980679273605347
playgroundai_playground-v2.5-1024px-aesthetic,4952601,-0.7673501372337341
playgroundai_playground-v2.5-1024px-aesthetic,54097107,0.5215863585472107
playgroundai_playground-v2.5-1024px-aesthetic,8275185,1.7850513458251953
playgroundai_playground-v2.5-1024px-aesthetic,7665308,-0.6617302298545837
playgroundai_playground-v2.5-1024px-aesthetic,14743046,0.4839063882827759
playgroundai_playground-v2.5-1024px-aesthetic,27491681,0.8284503221511841
playgroundai_playground-v2.5-1024px-aesthetic,41810667,2.500741481781006
playgroundai_playground-v2.5-1024px-aesthetic,85408051,0.1860029548406601
playgroundai_playground-v2.5-1024px-aesthetic,10499857,0.9568434357643127
playgroundai_playground-v2.5-1024px-aesthetic,95450946,0.14794756472110748
playgroundai_playground-v2.5-1024px-aesthetic,23424702,-2.1973888874053955
playgroundai_playground-v2.5-1024px-aesthetic,40625497,1.2891216278076172
playgroundai_playground-v2.5-1024px-aesthetic,10707804,1.0050150156021118
playgroundai_playground-v2.5-1024px-aesthetic,14867245,2.0111300945281982
playgroundai_playground-v2.5-1024px-aesthetic,5070849,-0.8348893523216248
playgroundai_playground-v2.5-1024px-aesthetic,11479058,1.0681655406951904
playgroundai_playground-v2.5-1024px-aesthetic,6616806,-0.9522145390510559
playgroundai_playground-v2.5-1024px-aesthetic,63098990,0.3725908398628235
playgroundai_playground-v2.5-1024px-aesthetic,82696415,0.8568532466888428
playgroundai_playground-v2.5-1024px-aesthetic,44125843,1.185476541519165
playgroundai_playground-v2.5-1024px-aesthetic,49277743,-0.4319917857646942
playgroundai_playground-v2.5-1024px-aesthetic,15208898,0.06852629780769348
playgroundai_playground-v2.5-1024px-aesthetic,1678990,2.4545836448669434
playgroundai_playground-v2.5-1024px-aesthetic,56386217,-0.6955460906028748
playgroundai_playground-v2.5-1024px-aesthetic,48342049,1.415232539176941
playgroundai_playground-v2.5-1024px-aesthetic,4605446,0.5767626762390137
playgroundai_playground-v2.5-1024px-aesthetic,59369635,2.1152827739715576
playgroundai_playground-v2.5-1024px-aesthetic,57907690,-0.9494495987892151
playgroundai_playground-v2.5-1024px-aesthetic,2512305,-1.5673649311065674
playgroundai_playground-v2.5-1024px-aesthetic,31968859,-1.8356502056121826
playgroundai_playground-v2.5-1024px-aesthetic,24358919,1.8517022132873535
playgroundai_playground-v2.5-1024px-aesthetic,7891309,2.2754921913146973
playgroundai_playground-v2.5-1024px-aesthetic,55721052,1.078983187675476
playgroundai_playground-v2.5-1024px-aesthetic,32343429,2.135409355163574
playgroundai_playground-v2.5-1024px-aesthetic,68845412,1.2113226652145386
playgroundai_playground-v2.5-1024px-aesthetic,33006578,0.5850837230682373
playgroundai_playground-v2.5-1024px-aesthetic,7914271,1.187493085861206
playgroundai_playground-v2.5-1024px-aesthetic,38297191,2.223832607269287
playgroundai_playground-v2.5-1024px-aesthetic,7125367,-1.4830008745193481
playgroundai_playground-v2.5-1024px-aesthetic,12395736,1.4330174922943115
playgroundai_playground-v2.5-1024px-aesthetic,10376523,2.15352201461792
playgroundai_playground-v2.5-1024px-aesthetic,10039148,-3.146125555038452
playgroundai_playground-v2.5-1024px-aesthetic,45239694,0.26747021079063416
playgroundai_playground-v2.5-1024px-aesthetic,13163250,0.0695306733250618
playgroundai_playground-v2.5-1024px-aesthetic,18534016,3.1889913082122803
playgroundai_playground-v2.5-1024px-aesthetic,7609316,1.2327966690063477
playgroundai_playground-v2.5-1024px-aesthetic,78677457,0.0016096835024654865
playgroundai_playground-v2.5-1024px-aesthetic,93135607,-0.38900935649871826
playgroundai_playground-v2.5-1024px-aesthetic,15006258,-0.8929261565208435
playgroundai_playground-v2.5-1024px-aesthetic,74450341,2.7901194095611572
playgroundai_playground-v2.5-1024px-aesthetic,4370048,1.58152174949646
playgroundai_playground-v2.5-1024px-aesthetic,93026246,2.0352232456207275
playgroundai_playground-v2.5-1024px-aesthetic,61250500,2.1994810104370117
playgroundai_playground-v2.5-1024px-aesthetic,35986533,0.7637556195259094
playgroundai_playground-v2.5-1024px-aesthetic,13388245,-0.36988022923469543
playgroundai_playground-v2.5-1024px-aesthetic,13967420,-0.40181097388267517
playgroundai_playground-v2.5-1024px-aesthetic,87691904,-1.4645293951034546
playgroundai_playground-v2.5-1024px-aesthetic,33478721,0.18324555456638336
playgroundai_playground-v2.5-1024px-aesthetic,17045773,1.776774287223816
playgroundai_playground-v2.5-1024px-aesthetic,1693727,2.1838865280151367
playgroundai_playground-v2.5-1024px-aesthetic,99157533,0.40199702978134155
playgroundai_playground-v2.5-1024px-aesthetic,66203715,-0.43900081515312195
playgroundai_playground-v2.5-1024px-aesthetic,85416199,1.449695110321045
playgroundai_playground-v2.5-1024px-aesthetic,3219859,0.8283117413520813
playgroundai_playground-v2.5-1024px-aesthetic,6675179,-1.5313786268234253
playgroundai_playground-v2.5-1024px-aesthetic,281913,-0.7157492637634277
playgroundai_playground-v2.5-1024px-aesthetic,75401852,-3.3629775047302246
playgroundai_playground-v2.5-1024px-aesthetic,86693103,-1.2757357358932495
playgroundai_playground-v2.5-1024px-aesthetic,2887970,0.7834838032722473
playgroundai_playground-v2.5-1024px-aesthetic,47233629,0.5138006806373596
playgroundai_playground-v2.5-1024px-aesthetic,15660257,2.0051462650299072
playgroundai_playground-v2.5-1024px-aesthetic,35817262,1.9242808818817139
playgroundai_playground-v2.5-1024px-aesthetic,49959597,1.9473741054534912
playgroundai_playground-v2.5-1024px-aesthetic,30097141,-1.0112745761871338
playgroundai_playground-v2.5-1024px-aesthetic,33815064,-0.7115575075149536
playgroundai_playground-v2.5-1024px-aesthetic,22593316,1.616776943206787
playgroundai_playground-v2.5-1024px-aesthetic,26344730,-0.716405987739563
playgroundai_playground-v2.5-1024px-aesthetic,14593563,-0.6269628405570984
playgroundai_playground-v2.5-1024px-aesthetic,63044297,2.014068841934204
playgroundai_playground-v2.5-1024px-aesthetic,55692038,2.6810498237609863
playgroundai_playground-v2.5-1024px-aesthetic,95506925,-0.5235682725906372
playgroundai_playground-v2.5-1024px-aesthetic,64791310,1.7939143180847168
playgroundai_playground-v2.5-1024px-aesthetic,14129999,-1.1964795589447021
playgroundai_playground-v2.5-1024px-aesthetic,14235200,-1.2338541746139526
playgroundai_playground-v2.5-1024px-aesthetic,7626501,1.4585177898406982
playgroundai_playground-v2.5-1024px-aesthetic,24942232,1.5108157396316528
playgroundai_playground-v2.5-1024px-aesthetic,55818864,0.9946501851081848
playgroundai_playground-v2.5-1024px-aesthetic,96793364,0.8185496926307678
playgroundai_playground-v2.5-1024px-aesthetic,14843295,-0.27064287662506104
playgroundai_playground-v2.5-1024px-aesthetic,70678701,1.82711660861969
playgroundai_playground-v2.5-1024px-aesthetic,47743616,-0.5225260257720947
playgroundai_playground-v2.5-1024px-aesthetic,4259202,-0.4403703808784485
playgroundai_playground-v2.5-1024px-aesthetic,21349439,2.5873966217041016
playgroundai_playground-v2.5-1024px-aesthetic,12809024,0.0195489302277565
playgroundai_playground-v2.5-1024px-aesthetic,63777550,0.3671070337295532
playgroundai_playground-v2.5-1024px-aesthetic,10077077,1.0366580486297607
playgroundai_playground-v2.5-1024px-aesthetic,41790460,2.4963996410369873
playgroundai_playground-v2.5-1024px-aesthetic,84034574,-0.2516520619392395
playgroundai_playground-v2.5-1024px-aesthetic,7599068,1.4990595579147339
playgroundai_playground-v2.5-1024px-aesthetic,8473173,0.8578449487686157
playgroundai_playground-v2.5-1024px-aesthetic,7701372,0.7233318090438843
playgroundai_playground-v2.5-1024px-aesthetic,4273748,-0.6939588189125061
playgroundai_playground-v2.5-1024px-aesthetic,16191851,1.8796528577804565
playgroundai_playground-v2.5-1024px-aesthetic,94127466,2.358478307723999
playgroundai_playground-v2.5-1024px-aesthetic,10780632,0.2578953802585602
playgroundai_playground-v2.5-1024px-aesthetic,4975739,0.18872691690921783
playgroundai_playground-v2.5-1024px-aesthetic,4550184,2.6144442558288574
playgroundai_playground-v2.5-1024px-aesthetic,21150082,0.16895131766796112
playgroundai_playground-v2.5-1024px-aesthetic,36771284,0.7124118208885193
playgroundai_playground-v2.5-1024px-aesthetic,8627670,1.2046692371368408
playgroundai_playground-v2.5-1024px-aesthetic,83180713,0.6299886703491211
playgroundai_playground-v2.5-1024px-aesthetic,162417,-1.4368165731430054
playgroundai_playground-v2.5-1024px-aesthetic,25579216,-0.5797351598739624
playgroundai_playground-v2.5-1024px-aesthetic,9816545,-0.7995249032974243
playgroundai_playground-v2.5-1024px-aesthetic,1944390,-0.00336829898878932
playgroundai_playground-v2.5-1024px-aesthetic,1077350,0.7966704964637756
playgroundai_playground-v2.5-1024px-aesthetic,81081593,-1.7661621570587158
playgroundai_playground-v2.5-1024px-aesthetic,39511160,0.30298668146133423
playgroundai_playground-v2.5-1024px-aesthetic,13392472,0.03355393558740616
playgroundai_playground-v2.5-1024px-aesthetic,44752974,1.3644479513168335
playgroundai_playground-v2.5-1024px-aesthetic,13484644,0.07149390131235123
playgroundai_playground-v2.5-1024px-aesthetic,6336537,0.5094714760780334
playgroundai_playground-v2.5-1024px-aesthetic,7627310,1.5948771238327026
playgroundai_playground-v2.5-1024px-aesthetic,24621705,-0.015348389744758606
playgroundai_playground-v2.5-1024px-aesthetic,48035175,0.27552276849746704
playgroundai_playground-v2.5-1024px-aesthetic,14193711,-2.434678554534912
playgroundai_playground-v2.5-1024px-aesthetic,3603442,2.2025535106658936
playgroundai_playground-v2.5-1024px-aesthetic,7607361,-0.11580830067396164
playgroundai_playground-v2.5-1024px-aesthetic,81435593,-1.7622277736663818
playgroundai_playground-v2.5-1024px-aesthetic,11485612,-2.574620246887207
playgroundai_playground-v2.5-1024px-aesthetic,69897199,0.8215766549110413
playgroundai_playground-v2.5-1024px-aesthetic,18355283,1.3414006233215332
playgroundai_playground-v2.5-1024px-aesthetic,18951600,1.1268917322158813
playgroundai_playground-v2.5-1024px-aesthetic,60007460,-2.31620454788208
playgroundai_playground-v2.5-1024px-aesthetic,96827878,-1.1308850049972534
playgroundai_playground-v2.5-1024px-aesthetic,1063939,-0.8704553246498108
playgroundai_playground-v2.5-1024px-aesthetic,38012732,1.9009844064712524
playgroundai_playground-v2.5-1024px-aesthetic,21858692,1.282288670539856
playgroundai_playground-v2.5-1024px-aesthetic,4334599,-0.5842596292495728
playgroundai_playground-v2.5-1024px-aesthetic,6479665,1.587891936302185
playgroundai_playground-v2.5-1024px-aesthetic,16912000,1.6554280519485474
playgroundai_playground-v2.5-1024px-aesthetic,2614949,-0.819419801235199
playgroundai_playground-v2.5-1024px-aesthetic,13390525,-1.0125774145126343
playgroundai_playground-v2.5-1024px-aesthetic,28198741,-0.5683665871620178
playgroundai_playground-v2.5-1024px-aesthetic,35040022,1.4032745361328125
playgroundai_playground-v2.5-1024px-aesthetic,18845198,0.9358674883842468
playgroundai_playground-v2.5-1024px-aesthetic,7221176,1.279502034187317
playgroundai_playground-v2.5-1024px-aesthetic,23185540,-1.2497406005859375
playgroundai_playground-v2.5-1024px-aesthetic,41458919,1.5459688901901245
playgroundai_playground-v2.5-1024px-aesthetic,7606278,1.2723606824874878
playgroundai_playground-v2.5-1024px-aesthetic,14055408,1.398698329925537
playgroundai_playground-v2.5-1024px-aesthetic,8465312,-1.5496402978897095
playgroundai_playground-v2.5-1024px-aesthetic,20813767,2.162647008895874
playgroundai_playground-v2.5-1024px-aesthetic,89666482,1.1697001457214355
playgroundai_playground-v2.5-1024px-aesthetic,44295589,-0.1858656108379364
playgroundai_playground-v2.5-1024px-aesthetic,15161872,0.8080736398696899
playgroundai_playground-v2.5-1024px-aesthetic,7892512,2.2776756286621094
playgroundai_playground-v2.5-1024px-aesthetic,58214747,0.9169581532478333
playgroundai_playground-v2.5-1024px-aesthetic,98264020,1.2144192457199097
playgroundai_playground-v2.5-1024px-aesthetic,18728021,1.164330244064331
playgroundai_playground-v2.5-1024px-aesthetic,58166071,0.9359695911407471
playgroundai_playground-v2.5-1024px-aesthetic,7853345,-0.11786987632513046
playgroundai_playground-v2.5-1024px-aesthetic,95069122,0.05462335795164108
playgroundai_playground-v2.5-1024px-aesthetic,93790724,-1.3423606157302856
playgroundai_playground-v2.5-1024px-aesthetic,13390626,-0.9713658690452576
playgroundai_playground-v2.5-1024px-aesthetic,89741906,0.6075806021690369
playgroundai_playground-v2.5-1024px-aesthetic,98088411,-1.1505149602890015
playgroundai_playground-v2.5-1024px-aesthetic,14225759,-1.0284556150436401
playgroundai_playground-v2.5-1024px-aesthetic,13983515,0.7877321243286133
playgroundai_playground-v2.5-1024px-aesthetic,7899108,2.554788112640381
playgroundai_playground-v2.5-1024px-aesthetic,48405100,0.6967275142669678
playgroundai_playground-v2.5-1024px-aesthetic,36734916,0.3624231517314911
playgroundai_playground-v2.5-1024px-aesthetic,72705984,-1.0922166109085083
playgroundai_playground-v2.5-1024px-aesthetic,69524497,1.8790743350982666
playgroundai_playground-v2.5-1024px-aesthetic,65029270,0.50639408826828
playgroundai_playground-v2.5-1024px-aesthetic,283568,0.12997935712337494
playgroundai_playground-v2.5-1024px-aesthetic,3199142,1.292103886604309
playgroundai_playground-v2.5-1024px-aesthetic,14654954,0.9212512373924255
playgroundai_playground-v2.5-1024px-aesthetic,23550026,-0.41934213042259216
playgroundai_playground-v2.5-1024px-aesthetic,53301593,1.0246062278747559
playgroundai_playground-v2.5-1024px-aesthetic,485081,-1.3122087717056274
playgroundai_playground-v2.5-1024px-aesthetic,73429626,0.9786456227302551
playgroundai_playground-v2.5-1024px-aesthetic,1700470,-0.1843789517879486
playgroundai_playground-v2.5-1024px-aesthetic,43631801,-1.8721976280212402
playgroundai_playground-v2.5-1024px-aesthetic,16988840,-0.5794273018836975
playgroundai_playground-v2.5-1024px-aesthetic,3398228,-1.1956433057785034
playgroundai_playground-v2.5-1024px-aesthetic,9831166,1.773525595664978
playgroundai_playground-v2.5-1024px-aesthetic,46397247,0.8573803901672363
playgroundai_playground-v2.5-1024px-aesthetic,52474100,0.9748198390007019
playgroundai_playground-v2.5-1024px-aesthetic,7891726,1.089871883392334
playgroundai_playground-v2.5-1024px-aesthetic,76168485,-0.20766541361808777
playgroundai_playground-v2.5-1024px-aesthetic,4161981,2.3027143478393555
playgroundai_playground-v2.5-1024px-aesthetic,27112598,0.10693296045064926
playgroundai_playground-v2.5-1024px-aesthetic,66684809,1.2302027940750122
playgroundai_playground-v2.5-1024px-aesthetic,58727024,-2.158665418624878
playgroundai_playground-v2.5-1024px-aesthetic,77236166,0.4645128846168518
playgroundai_playground-v2.5-1024px-aesthetic,54569378,0.6863505244255066
playgroundai_playground-v2.5-1024px-aesthetic,4180229,1.4804381132125854
playgroundai_playground-v2.5-1024px-aesthetic,13391610,-1.7944715023040771
playgroundai_playground-v2.5-1024px-aesthetic,40427444,-0.36249446868896484
playgroundai_playground-v2.5-1024px-aesthetic,7734711,-0.4596554934978485
playgroundai_playground-v2.5-1024px-aesthetic,213186,0.4607548713684082
playgroundai_playground-v2.5-1024px-aesthetic,68935192,0.28962981700897217
playgroundai_playground-v2.5-1024px-aesthetic,65486808,0.9388691782951355
playgroundai_playground-v2.5-1024px-aesthetic,29495564,0.5124656558036804
playgroundai_playground-v2.5-1024px-aesthetic,78890307,0.2904279828071594
playgroundai_playground-v2.5-1024px-aesthetic,49384577,0.258583128452301
playgroundai_playground-v2.5-1024px-aesthetic,62053601,0.08266889303922653
playgroundai_playground-v2.5-1024px-aesthetic,39191981,-1.4237037897109985
playgroundai_playground-v2.5-1024px-aesthetic,89685338,1.07860267162323
playgroundai_playground-v2.5-1024px-aesthetic,28393746,-0.15541444718837738
playgroundai_playground-v2.5-1024px-aesthetic,51607043,-2.829002857208252
playgroundai_playground-v2.5-1024px-aesthetic,1172545,0.5776224732398987
playgroundai_playground-v2.5-1024px-aesthetic,42361416,1.5121268033981323
playgroundai_playground-v2.5-1024px-aesthetic,60528590,-0.5121606588363647
playgroundai_playground-v2.5-1024px-aesthetic,1578182,1.2903259992599487
playgroundai_playground-v2.5-1024px-aesthetic,7605198,0.6801160573959351
playgroundai_playground-v2.5-1024px-aesthetic,21948213,0.09898465126752853
playgroundai_playground-v2.5-1024px-aesthetic,3660909,0.5827428698539734
playgroundai_playground-v2.5-1024px-aesthetic,49028425,1.9192463159561157
playgroundai_playground-v2.5-1024px-aesthetic,80282761,0.18183819949626923
playgroundai_playground-v2.5-1024px-aesthetic,678010,-1.4139893054962158
playgroundai_playground-v2.5-1024px-aesthetic,53022540,-0.256513774394989
playgroundai_playground-v2.5-1024px-aesthetic,51559830,-2.769364356994629
playgroundai_playground-v2.5-1024px-aesthetic,42231109,-0.611451268196106
playgroundai_playground-v2.5-1024px-aesthetic,43485023,0.5627474784851074
playgroundai_playground-v2.5-1024px-aesthetic,27190176,2.4805617332458496
playgroundai_playground-v2.5-1024px-aesthetic,51789589,-0.1472148448228836
playgroundai_playground-v2.5-1024px-aesthetic,7623933,1.2810715436935425
playgroundai_playground-v2.5-1024px-aesthetic,4387201,-1.0368717908859253
playgroundai_playground-v2.5-1024px-aesthetic,64335800,-0.3044024705886841
playgroundai_playground-v2.5-1024px-aesthetic,4363777,-1.9852973222732544
playgroundai_playground-v2.5-1024px-aesthetic,4157099,1.8707295656204224
playgroundai_playground-v2.5-1024px-aesthetic,10179291,1.296217679977417
playgroundai_playground-v2.5-1024px-aesthetic,13884740,0.9605416655540466
playgroundai_playground-v2.5-1024px-aesthetic,49805097,1.6495563983917236
playgroundai_playground-v2.5-1024px-aesthetic,11818945,0.7418546080589294
playgroundai_playground-v2.5-1024px-aesthetic,69988268,1.9379630088806152
playgroundai_playground-v2.5-1024px-aesthetic,2630739,0.5685786008834839
playgroundai_playground-v2.5-1024px-aesthetic,14867690,0.5236318111419678
playgroundai_playground-v2.5-1024px-aesthetic,3233905,2.4350578784942627
playgroundai_playground-v2.5-1024px-aesthetic,81000992,0.7347816228866577
playgroundai_playground-v2.5-1024px-aesthetic,4294554,1.3419137001037598
playgroundai_playground-v2.5-1024px-aesthetic,6254007,1.1188530921936035
playgroundai_playground-v2.5-1024px-aesthetic,7186148,-0.8060019016265869
playgroundai_playground-v2.5-1024px-aesthetic,67944254,1.153509259223938
playgroundai_playground-v2.5-1024px-aesthetic,57773485,1.4088348150253296
playgroundai_playground-v2.5-1024px-aesthetic,4474466,0.39747700095176697
playgroundai_playground-v2.5-1024px-aesthetic,7598256,0.1565430611371994
playgroundai_playground-v2.5-1024px-aesthetic,62004169,2.5475568771362305
playgroundai_playground-v2.5-1024px-aesthetic,86856521,0.15238222479820251
playgroundai_playground-v2.5-1024px-aesthetic,180883,0.9855276942253113
playgroundai_playground-v2.5-1024px-aesthetic,825443,1.3509585857391357
playgroundai_playground-v2.5-1024px-aesthetic,98268620,2.3593850135803223
playgroundai_playground-v2.5-1024px-aesthetic,14533203,0.5208443999290466
playgroundai_playground-v2.5-1024px-aesthetic,69034564,0.31195583939552307
playgroundai_playground-v2.5-1024px-aesthetic,13389359,0.7479418516159058
playgroundai_playground-v2.5-1024px-aesthetic,30373565,2.4485840797424316
playgroundai_playground-v2.5-1024px-aesthetic,52590738,1.4354060888290405
playgroundai_playground-v2.5-1024px-aesthetic,36143695,0.07724834233522415
playgroundai_playground-v2.5-1024px-aesthetic,13968547,-0.8020327687263489
playgroundai_playground-v2.5-1024px-aesthetic,55690771,-1.0598907470703125
playgroundai_playground-v2.5-1024px-aesthetic,28654865,0.7221804857254028
playgroundai_playground-v2.5-1024px-aesthetic,13791840,1.695831298828125
playgroundai_playground-v2.5-1024px-aesthetic,2176470,0.22710604965686798
playgroundai_playground-v2.5-1024px-aesthetic,8387806,2.8050787448883057
playgroundai_playground-v2.5-1024px-aesthetic,28739942,2.0781362056732178
playgroundai_playground-v2.5-1024px-aesthetic,1072236,0.7282708287239075
playgroundai_playground-v2.5-1024px-aesthetic,99564471,1.5753591060638428
playgroundai_playground-v2.5-1024px-aesthetic,7285872,-0.8555348515510559
playgroundai_playground-v2.5-1024px-aesthetic,54407179,0.1946762651205063
playgroundai_playground-v2.5-1024px-aesthetic,3098688,1.2819164991378784
playgroundai_playground-v2.5-1024px-aesthetic,4442831,-0.021159708499908447
playgroundai_playground-v2.5-1024px-aesthetic,1285338,1.6993460655212402
playgroundai_playground-v2.5-1024px-aesthetic,39061180,-0.9994668364524841
playgroundai_playground-v2.5-1024px-aesthetic,3547229,0.8199144601821899
playgroundai_playground-v2.5-1024px-aesthetic,3818090,1.4454905986785889
playgroundai_playground-v2.5-1024px-aesthetic,7654438,0.5139060020446777
playgroundai_playground-v2.5-1024px-aesthetic,7913180,-0.2973654866218567
playgroundai_playground-v2.5-1024px-aesthetic,13393599,-0.1721988022327423
playgroundai_playground-v2.5-1024px-aesthetic,86166668,-0.9323093295097351
playgroundai_playground-v2.5-1024px-aesthetic,69235296,2.4326510429382324
playgroundai_playground-v2.5-1024px-aesthetic,90551775,0.2513468563556671
playgroundai_playground-v2.5-1024px-aesthetic,47012226,0.39557820558547974
playgroundai_playground-v2.5-1024px-aesthetic,7597365,1.5363200902938843
playgroundai_playground-v2.5-1024px-aesthetic,39450229,2.5187366008758545
playgroundai_playground-v2.5-1024px-aesthetic,46994920,-1.651280403137207
playgroundai_playground-v2.5-1024px-aesthetic,15208162,-0.0820198804140091
playgroundai_playground-v2.5-1024px-aesthetic,3821042,-0.369326114654541
playgroundai_playground-v2.5-1024px-aesthetic,98510130,-1.1837879419326782
playgroundai_playground-v2.5-1024px-aesthetic,5151088,-0.27431637048721313
playgroundai_playground-v2.5-1024px-aesthetic,64739144,-1.5058010816574097
playgroundai_playground-v2.5-1024px-aesthetic,11840099,1.5404475927352905
playgroundai_playground-v2.5-1024px-aesthetic,36678439,0.4347916841506958
playgroundai_playground-v2.5-1024px-aesthetic,88441005,0.37386322021484375
playgroundai_playground-v2.5-1024px-aesthetic,7850329,1.2206412553787231
playgroundai_playground-v2.5-1024px-aesthetic,19501956,-1.357911467552185
playgroundai_playground-v2.5-1024px-aesthetic,14239425,-0.8902318477630615
playgroundai_playground-v2.5-1024px-aesthetic,2718811,0.6342757344245911
playgroundai_playground-v2.5-1024px-aesthetic,7605380,0.07791191339492798
playgroundai_playground-v2.5-1024px-aesthetic,10547145,1.2707836627960205
playgroundai_playground-v2.5-1024px-aesthetic,6793577,0.17593330144882202
playgroundai_playground-v2.5-1024px-aesthetic,16050724,2.3396358489990234
playgroundai_playground-v2.5-1024px-aesthetic,48890971,0.13786271214485168
playgroundai_playground-v2.5-1024px-aesthetic,2783035,0.7436379194259644
playgroundai_playground-v2.5-1024px-aesthetic,485450,1.5930927991867065
playgroundai_playground-v2.5-1024px-aesthetic,15889050,-0.9542301893234253
playgroundai_playground-v2.5-1024px-aesthetic,3456665,0.041427478194236755
playgroundai_playground-v2.5-1024px-aesthetic,4187970,2.261746644973755
playgroundai_playground-v2.5-1024px-aesthetic,56576279,2.21386456489563
playgroundai_playground-v2.5-1024px-aesthetic,92767283,1.743160367012024
playgroundai_playground-v2.5-1024px-aesthetic,13427356,0.9366527795791626
playgroundai_playground-v2.5-1024px-aesthetic,57711861,1.5400229692459106
playgroundai_playground-v2.5-1024px-aesthetic,6652878,-0.12038339674472809
playgroundai_playground-v2.5-1024px-aesthetic,85542515,-0.5617839694023132
playgroundai_playground-v2.5-1024px-aesthetic,84851418,1.5237536430358887
playgroundai_playground-v2.5-1024px-aesthetic,3239726,-0.25337618589401245
playgroundai_playground-v2.5-1024px-aesthetic,30124155,0.5792862772941589
playgroundai_playground-v2.5-1024px-aesthetic,76454881,0.9664418697357178
playgroundai_playground-v2.5-1024px-aesthetic,81102665,1.6124718189239502
playgroundai_playground-v2.5-1024px-aesthetic,6681454,1.189316749572754
playgroundai_playground-v2.5-1024px-aesthetic,44632349,1.10411536693573
playgroundai_playground-v2.5-1024px-aesthetic,72974050,0.4500044882297516
playgroundai_playground-v2.5-1024px-aesthetic,86012398,1.181212067604065
playgroundai_playground-v2.5-1024px-aesthetic,40412908,3.019412040710449
playgroundai_playground-v2.5-1024px-aesthetic,32846656,1.0825507640838623
playgroundai_playground-v2.5-1024px-aesthetic,8339939,0.8617862462997437
playgroundai_playground-v2.5-1024px-aesthetic,7896661,2.4761452674865723
playgroundai_playground-v2.5-1024px-aesthetic,10332385,1.003813624382019
playgroundai_playground-v2.5-1024px-aesthetic,15162210,1.8871864080429077
playgroundai_playground-v2.5-1024px-aesthetic,7884567,2.352695941925049
playgroundai_playground-v2.5-1024px-aesthetic,5239589,0.6440497636795044
playgroundai_playground-v2.5-1024px-aesthetic,56790490,0.5255048871040344
playgroundai_playground-v2.5-1024px-aesthetic,54495173,0.810594916343689
playgroundai_playground-v2.5-1024px-aesthetic,1249724,-1.389061689376831
playgroundai_playground-v2.5-1024px-aesthetic,23257851,-0.4398411512374878
playgroundai_playground-v2.5-1024px-aesthetic,78263913,1.2278594970703125
playgroundai_playground-v2.5-1024px-aesthetic,3703463,0.14434349536895752
playgroundai_playground-v2.5-1024px-aesthetic,36389327,0.8450712561607361
playgroundai_playground-v2.5-1024px-aesthetic,41867693,-0.1640283167362213
playgroundai_playground-v2.5-1024px-aesthetic,14516289,2.0685765743255615
playgroundai_playground-v2.5-1024px-aesthetic,87699711,2.2554473876953125
playgroundai_playground-v2.5-1024px-aesthetic,16803774,0.2364940196275711
playgroundai_playground-v2.5-1024px-aesthetic,698004,1.5222059488296509
playgroundai_playground-v2.5-1024px-aesthetic,50844265,1.913370966911316
playgroundai_playground-v2.5-1024px-aesthetic,14355060,0.2151009887456894
playgroundai_playground-v2.5-1024px-aesthetic,36230692,1.626859188079834
playgroundai_playground-v2.5-1024px-aesthetic,13272283,1.2796787023544312
playgroundai_playground-v2.5-1024px-aesthetic,84460398,1.7849311828613281
playgroundai_playground-v2.5-1024px-aesthetic,3272010,1.2306264638900757
playgroundai_playground-v2.5-1024px-aesthetic,24096619,2.210481643676758
playgroundai_playground-v2.5-1024px-aesthetic,93966131,-0.32877156138420105
playgroundai_playground-v2.5-1024px-aesthetic,86340862,-0.35128146409988403
playgroundai_playground-v2.5-1024px-aesthetic,53443611,0.4728192389011383
playgroundai_playground-v2.5-1024px-aesthetic,14686352,-0.3898354172706604
playgroundai_playground-v2.5-1024px-aesthetic,7922764,2.0301334857940674
playgroundai_playground-v2.5-1024px-aesthetic,6617011,-1.8105665445327759
playgroundai_playground-v2.5-1024px-aesthetic,7596684,-0.20515739917755127
playgroundai_playground-v2.5-1024px-aesthetic,23129661,0.9795174598693848
playgroundai_playground-v2.5-1024px-aesthetic,70380966,-2.8194079399108887
playgroundai_playground-v2.5-1024px-aesthetic,39566065,1.9607888460159302
playgroundai_playground-v2.5-1024px-aesthetic,64687077,-1.228540301322937
playgroundai_playground-v2.5-1024px-aesthetic,3107488,-1.2683849334716797
playgroundai_playground-v2.5-1024px-aesthetic,23232427,0.2753548324108124
playgroundai_playground-v2.5-1024px-aesthetic,7933274,1.6114691495895386
playgroundai_playground-v2.5-1024px-aesthetic,56982260,0.8523421287536621
playgroundai_playground-v2.5-1024px-aesthetic,6946774,-0.6303482055664062
playgroundai_playground-v2.5-1024px-aesthetic,4552551,1.7931797504425049
playgroundai_playground-v2.5-1024px-aesthetic,6729499,1.1788829565048218
playgroundai_playground-v2.5-1024px-aesthetic,90613035,0.20902274549007416
playgroundai_playground-v2.5-1024px-aesthetic,735254,-1.9317734241485596
playgroundai_playground-v2.5-1024px-aesthetic,14894140,0.8857923746109009
playgroundai_playground-v2.5-1024px-aesthetic,7608721,0.987672746181488
playgroundai_playground-v2.5-1024px-aesthetic,2821943,1.2821457386016846
playgroundai_playground-v2.5-1024px-aesthetic,39560404,2.050469398498535
playgroundai_playground-v2.5-1024px-aesthetic,34773230,-2.2405500411987305
playgroundai_playground-v2.5-1024px-aesthetic,2825442,2.015738010406494
playgroundai_playground-v2.5-1024px-aesthetic,20495093,2.9686784744262695
playgroundai_playground-v2.5-1024px-aesthetic,27871992,0.8547463417053223
playgroundai_playground-v2.5-1024px-aesthetic,73962724,-1.3527107238769531
playgroundai_playground-v2.5-1024px-aesthetic,79212243,2.644479990005493
playgroundai_playground-v2.5-1024px-aesthetic,57873614,-0.09311281144618988
playgroundai_playground-v2.5-1024px-aesthetic,43431032,1.9631805419921875
playgroundai_playground-v2.5-1024px-aesthetic,92068094,0.8983535766601562
playgroundai_playground-v2.5-1024px-aesthetic,98113191,0.03513980656862259
playgroundai_playground-v2.5-1024px-aesthetic,7607707,1.8016711473464966
playgroundai_playground-v2.5-1024px-aesthetic,61388266,0.46052607893943787
playgroundai_playground-v2.5-1024px-aesthetic,762478,2.019125461578369
playgroundai_playground-v2.5-1024px-aesthetic,6616314,-0.01213066279888153
playgroundai_playground-v2.5-1024px-aesthetic,98254655,1.9473572969436646
playgroundai_playground-v2.5-1024px-aesthetic,13716878,1.3179070949554443
playgroundai_playground-v2.5-1024px-aesthetic,89227603,1.8265767097473145
playgroundai_playground-v2.5-1024px-aesthetic,55255145,2.340930938720703
playgroundai_playground-v2.5-1024px-aesthetic,32379732,1.2143144607543945
playgroundai_playground-v2.5-1024px-aesthetic,81135077,0.314211368560791
playgroundai_playground-v2.5-1024px-aesthetic,5522784,-0.5717843174934387
playgroundai_playground-v2.5-1024px-aesthetic,61627313,1.4608734846115112
playgroundai_playground-v2.5-1024px-aesthetic,17925539,1.7524988651275635
playgroundai_playground-v2.5-1024px-aesthetic,94321535,1.3050196170806885
playgroundai_playground-v2.5-1024px-aesthetic,53022028,-0.41155460476875305
playgroundai_playground-v2.5-1024px-aesthetic,4125853,-0.5714584589004517
playgroundai_playground-v2.5-1024px-aesthetic,56792430,1.1715562343597412
playgroundai_playground-v2.5-1024px-aesthetic,3347220,0.5863605737686157
playgroundai_playground-v2.5-1024px-aesthetic,92709444,-3.053128719329834
playgroundai_playground-v2.5-1024px-aesthetic,28190972,0.657061755657196
playgroundai_playground-v2.5-1024px-aesthetic,3982060,-2.5601806640625
playgroundai_playground-v2.5-1024px-aesthetic,7897116,3.031740665435791
playgroundai_playground-v2.5-1024px-aesthetic,1668603,-0.6540916562080383
playgroundai_playground-v2.5-1024px-aesthetic,5958517,0.29670587182044983
playgroundai_playground-v2.5-1024px-aesthetic,93436296,0.5762298107147217
playgroundai_playground-v2.5-1024px-aesthetic,25776594,0.04051871597766876
playgroundai_playground-v2.5-1024px-aesthetic,3131669,2.128596782684326
playgroundai_playground-v2.5-1024px-aesthetic,7625977,2.8228001594543457
playgroundai_playground-v2.5-1024px-aesthetic,3580281,0.8200637102127075
playgroundai_playground-v2.5-1024px-aesthetic,3288500,0.8715871572494507
playgroundai_playground-v2.5-1024px-aesthetic,38402744,0.0781378224492073
playgroundai_playground-v2.5-1024px-aesthetic,88016571,0.41240036487579346
playgroundai_playground-v2.5-1024px-aesthetic,15970145,1.142578363418579
playgroundai_playground-v2.5-1024px-aesthetic,646833,-0.6126497983932495
playgroundai_playground-v2.5-1024px-aesthetic,12239658,2.5090689659118652
playgroundai_playground-v2.5-1024px-aesthetic,4308583,1.254390001296997
playgroundai_playground-v2.5-1024px-aesthetic,40861993,0.07284142822027206
playgroundai_playground-v2.5-1024px-aesthetic,13253612,-1.6576017141342163
playgroundai_playground-v2.5-1024px-aesthetic,36110480,-1.1346887350082397
playgroundai_playground-v2.5-1024px-aesthetic,62748211,-0.27156463265419006
playgroundai_playground-v2.5-1024px-aesthetic,64804671,1.337960124015808
playgroundai_playground-v2.5-1024px-aesthetic,7701053,2.191405773162842
playgroundai_playground-v2.5-1024px-aesthetic,54741117,0.7712100148200989
playgroundai_playground-v2.5-1024px-aesthetic,99059732,-1.4932780265808105
playgroundai_playground-v2.5-1024px-aesthetic,10294602,1.6208564043045044
playgroundai_playground-v2.5-1024px-aesthetic,3808564,1.650097131729126
playgroundai_playground-v2.5-1024px-aesthetic,84141485,0.6087784767150879
playgroundai_playground-v2.5-1024px-aesthetic,8779702,0.7530405521392822
playgroundai_playground-v2.5-1024px-aesthetic,3705379,1.4676979780197144
playgroundai_playground-v2.5-1024px-aesthetic,38893569,-1.5178669691085815
playgroundai_playground-v2.5-1024px-aesthetic,94855528,1.5470349788665771
playgroundai_playground-v2.5-1024px-aesthetic,7699682,0.411629855632782
playgroundai_playground-v2.5-1024px-aesthetic,30629503,0.5971832275390625
playgroundai_playground-v2.5-1024px-aesthetic,4411264,0.5354445576667786
playgroundai_playground-v2.5-1024px-aesthetic,14413411,1.3600622415542603
playgroundai_playground-v2.5-1024px-aesthetic,2732072,1.9175078868865967
playgroundai_playground-v2.5-1024px-aesthetic,77964853,-0.4221368432044983
playgroundai_playground-v2.5-1024px-aesthetic,7883251,1.6196925640106201
playgroundai_playground-v2.5-1024px-aesthetic,58557478,2.148495674133301
playgroundai_playground-v2.5-1024px-aesthetic,4385315,1.0486286878585815
playgroundai_playground-v2.5-1024px-aesthetic,69008030,-0.220300555229187
playgroundai_playground-v2.5-1024px-aesthetic,13391693,-1.884401559829712
playgroundai_playground-v2.5-1024px-aesthetic,68983052,1.5301530361175537
playgroundai_playground-v2.5-1024px-aesthetic,45421933,0.8768075108528137
playgroundai_playground-v2.5-1024px-aesthetic,79864992,2.078364372253418
playgroundai_playground-v2.5-1024px-aesthetic,7626174,1.17520272731781
playgroundai_playground-v2.5-1024px-aesthetic,27542752,0.1695844680070877
playgroundai_playground-v2.5-1024px-aesthetic,49198938,1.439327597618103
playgroundai_playground-v2.5-1024px-aesthetic,4196803,0.3921421766281128
playgroundai_playground-v2.5-1024px-aesthetic,719231,-0.256619930267334
playgroundai_playground-v2.5-1024px-aesthetic,6681177,0.7065377235412598
playgroundai_playground-v2.5-1024px-aesthetic,71143270,-1.3742252588272095
playgroundai_playground-v2.5-1024px-aesthetic,29372345,0.23767925798892975
playgroundai_playground-v2.5-1024px-aesthetic,67004640,0.8946684002876282
playgroundai_playground-v2.5-1024px-aesthetic,6771653,1.952559471130371
playgroundai_playground-v2.5-1024px-aesthetic,83788823,1.8167582750320435
playgroundai_playground-v2.5-1024px-aesthetic,4412550,1.40480375289917
playgroundai_playground-v2.5-1024px-aesthetic,15069046,0.5097574591636658
playgroundai_playground-v2.5-1024px-aesthetic,83904067,-0.5457246899604797
playgroundai_playground-v2.5-1024px-aesthetic,2846874,-0.5265980362892151
playgroundai_playground-v2.5-1024px-aesthetic,7897750,3.3372981548309326
playgroundai_playground-v2.5-1024px-aesthetic,49281858,0.2703883945941925
playgroundai_playground-v2.5-1024px-aesthetic,4489008,1.10529625415802
playgroundai_playground-v2.5-1024px-aesthetic,54143054,0.6726430654525757
playgroundai_playground-v2.5-1024px-aesthetic,7019172,0.9371313452720642
playgroundai_playground-v2.5-1024px-aesthetic,4192521,2.7009172439575195
playgroundai_playground-v2.5-1024px-aesthetic,7663592,2.60984468460083
playgroundai_playground-v2.5-1024px-aesthetic,2710324,1.225683569908142
playgroundai_playground-v2.5-1024px-aesthetic,4446276,0.27437925338745117
playgroundai_playground-v2.5-1024px-aesthetic,51563999,0.9890599250793457
playgroundai_playground-v2.5-1024px-aesthetic,13393427,0.07667142152786255
playgroundai_playground-v2.5-1024px-aesthetic,7608339,1.2843225002288818
playgroundai_playground-v2.5-1024px-aesthetic,42716545,1.218371868133545
playgroundai_playground-v2.5-1024px-aesthetic,32649465,1.1443966627120972
playgroundai_playground-v2.5-1024px-aesthetic,73842602,1.5497784614562988
playgroundai_playground-v2.5-1024px-aesthetic,14980215,0.528143048286438
playgroundai_playground-v2.5-1024px-aesthetic,93675113,1.2858539819717407
playgroundai_playground-v2.5-1024px-aesthetic,97798380,0.7197273969650269
playgroundai_playground-v2.5-1024px-aesthetic,64027442,1.175480842590332
playgroundai_playground-v2.5-1024px-aesthetic,69040706,1.0196785926818848
playgroundai_playground-v2.5-1024px-aesthetic,7914006,1.7301145792007446
playgroundai_playground-v2.5-1024px-aesthetic,75138709,0.831216037273407
playgroundai_playground-v2.5-1024px-aesthetic,36294018,3.009852409362793
playgroundai_playground-v2.5-1024px-aesthetic,64339767,1.1118751764297485
playgroundai_playground-v2.5-1024px-aesthetic,46265841,1.2118502855300903
playgroundai_playground-v2.5-1024px-aesthetic,76542437,0.5216431617736816
playgroundai_playground-v2.5-1024px-aesthetic,46652052,0.6728987097740173
playgroundai_playground-v2.5-1024px-aesthetic,53672452,0.5099478363990784
playgroundai_playground-v2.5-1024px-aesthetic,77378831,-0.1600641906261444
playgroundai_playground-v2.5-1024px-aesthetic,90374645,0.29268792271614075
playgroundai_playground-v2.5-1024px-aesthetic,17012379,0.6035402417182922
playgroundai_playground-v2.5-1024px-aesthetic,86701636,1.0883855819702148
playgroundai_playground-v2.5-1024px-aesthetic,74098561,-0.5404897928237915
playgroundai_playground-v2.5-1024px-aesthetic,9619452,0.5890305042266846
playgroundai_playground-v2.5-1024px-aesthetic,10085548,-0.3304889500141144
playgroundai_playground-v2.5-1024px-aesthetic,31977729,0.17592860758304596
playgroundai_playground-v2.5-1024px-aesthetic,92775366,-0.8462470769882202
playgroundai_playground-v2.5-1024px-aesthetic,9635973,0.6847246885299683
playgroundai_playground-v2.5-1024px-aesthetic,12353458,1.5101196765899658
playgroundai_playground-v2.5-1024px-aesthetic,3780392,0.2513884902000427
playgroundai_playground-v2.5-1024px-aesthetic,440189,1.0212379693984985
playgroundai_playground-v2.5-1024px-aesthetic,32327818,0.1486181765794754
playgroundai_playground-v2.5-1024px-aesthetic,717208,0.9563372731208801
playgroundai_playground-v2.5-1024px-aesthetic,56074056,1.1364704370498657
playgroundai_playground-v2.5-1024px-aesthetic,34475997,-0.31541383266448975
playgroundai_playground-v2.5-1024px-aesthetic,49300740,0.8384642004966736
playgroundai_playground-v2.5-1024px-aesthetic,2824319,0.9681827425956726
playgroundai_playground-v2.5-1024px-aesthetic,17282800,-1.0698024034500122
playgroundai_playground-v2.5-1024px-aesthetic,14787520,1.538081169128418
playgroundai_playground-v2.5-1024px-aesthetic,7184149,0.5853378176689148
playgroundai_playground-v2.5-1024px-aesthetic,72684307,1.505813717842102
playgroundai_playground-v2.5-1024px-aesthetic,31136773,2.1553399562835693
playgroundai_playground-v2.5-1024px-aesthetic,75561084,0.799366295337677
playgroundai_playground-v2.5-1024px-aesthetic,6616216,0.6704334020614624
playgroundai_playground-v2.5-1024px-aesthetic,484910,0.5316740870475769
playgroundai_playground-v2.5-1024px-aesthetic,7893528,0.9976902604103088
playgroundai_playground-v2.5-1024px-aesthetic,3819336,0.2118908166885376
playgroundai_playground-v2.5-1024px-aesthetic,4112579,0.08839944750070572
playgroundai_playground-v2.5-1024px-aesthetic,31391857,1.393212080001831
playgroundai_playground-v2.5-1024px-aesthetic,21146793,-0.47213059663772583
playgroundai_playground-v2.5-1024px-aesthetic,71828875,-0.26761963963508606
playgroundai_playground-v2.5-1024px-aesthetic,38161491,0.3122423589229584
playgroundai_playground-v2.5-1024px-aesthetic,1705494,0.39620256423950195
playgroundai_playground-v2.5-1024px-aesthetic,51314050,-1.2189643383026123
playgroundai_playground-v2.5-1024px-aesthetic,12940483,-0.28516829013824463
playgroundai_playground-v2.5-1024px-aesthetic,7606764,0.24329973757266998
playgroundai_playground-v2.5-1024px-aesthetic,10744544,-0.1633322387933731
playgroundai_playground-v2.5-1024px-aesthetic,44648248,2.6825804710388184
playgroundai_playground-v2.5-1024px-aesthetic,98319500,0.26456767320632935
playgroundai_playground-v2.5-1024px-aesthetic,55786769,0.9677185416221619
playgroundai_playground-v2.5-1024px-aesthetic,91138323,-0.33869385719299316
playgroundai_playground-v2.5-1024px-aesthetic,39327873,3.1935718059539795
playgroundai_playground-v2.5-1024px-aesthetic,44261072,1.6334238052368164
playgroundai_playground-v2.5-1024px-aesthetic,70484129,1.8754793405532837
playgroundai_playground-v2.5-1024px-aesthetic,84669752,0.6259968876838684
playgroundai_playground-v2.5-1024px-aesthetic,18190594,0.8772862553596497
playgroundai_playground-v2.5-1024px-aesthetic,40778139,-0.8172224164009094
playgroundai_playground-v2.5-1024px-aesthetic,15184755,2.556190013885498
playgroundai_playground-v2.5-1024px-aesthetic,33545961,0.46039530634880066
playgroundai_playground-v2.5-1024px-aesthetic,139367,0.8761947751045227
playgroundai_playground-v2.5-1024px-aesthetic,80601213,0.058934129774570465
playgroundai_playground-v2.5-1024px-aesthetic,14598383,-1.341877818107605
playgroundai_playground-v2.5-1024px-aesthetic,2782329,0.28053829073905945
playgroundai_playground-v2.5-1024px-aesthetic,9393605,-1.0939098596572876
playgroundai_playground-v2.5-1024px-aesthetic,5520479,-0.44148826599121094
playgroundai_playground-v2.5-1024px-aesthetic,2783324,1.8182655572891235
playgroundai_playground-v2.5-1024px-aesthetic,10419047,0.8493011593818665
playgroundai_playground-v2.5-1024px-aesthetic,23476300,-0.5532689690589905
playgroundai_playground-v2.5-1024px-aesthetic,3964744,-0.6990788578987122
playgroundai_playground-v2.5-1024px-aesthetic,40922931,1.6584835052490234
playgroundai_playground-v2.5-1024px-aesthetic,7605944,0.322271466255188
playgroundai_playground-v2.5-1024px-aesthetic,7124172,1.3603938817977905
playgroundai_playground-v2.5-1024px-aesthetic,42308760,1.8437769412994385
playgroundai_playground-v2.5-1024px-aesthetic,56028468,1.1420679092407227
playgroundai_playground-v2.5-1024px-aesthetic,7625831,1.4536179304122925
playgroundai_playground-v2.5-1024px-aesthetic,18985454,-0.30411496758461
playgroundai_playground-v2.5-1024px-aesthetic,86714939,0.6127550005912781
playgroundai_playground-v2.5-1024px-aesthetic,32095788,0.4919103980064392
playgroundai_playground-v2.5-1024px-aesthetic,76425345,-0.2531305253505707
playgroundai_playground-v2.5-1024px-aesthetic,3125870,0.06113439053297043
playgroundai_playground-v2.5-1024px-aesthetic,37160531,0.8250736594200134
playgroundai_playground-v2.5-1024px-aesthetic,11907622,0.13586397469043732
playgroundai_playground-v2.5-1024px-aesthetic,90244932,1.6414211988449097
playgroundai_playground-v2.5-1024px-aesthetic,99351107,1.2636295557022095
playgroundai_playground-v2.5-1024px-aesthetic,88389554,1.433288812637329
playgroundai_playground-v2.5-1024px-aesthetic,14966192,0.6047912836074829
playgroundai_playground-v2.5-1024px-aesthetic,10000459,1.6395677328109741
playgroundai_playground-v2.5-1024px-aesthetic,1243809,1.2939072847366333
playgroundai_playground-v2.5-1024px-aesthetic,7924033,0.915076494216919
playgroundai_playground-v2.5-1024px-aesthetic,7852833,0.1990661472082138
playgroundai_playground-v2.5-1024px-aesthetic,32002501,0.7651983499526978
playgroundai_playground-v2.5-1024px-aesthetic,3057841,1.1255717277526855
playgroundai_playground-v2.5-1024px-aesthetic,88874275,0.730094313621521
playgroundai_playground-v2.5-1024px-aesthetic,3357376,-0.011739678680896759
playgroundai_playground-v2.5-1024px-aesthetic,6613686,0.32287853956222534
playgroundai_playground-v2.5-1024px-aesthetic,3045800,1.683536410331726
playgroundai_playground-v2.5-1024px-aesthetic,39519433,1.9116320610046387
playgroundai_playground-v2.5-1024px-aesthetic,3308481,-0.00454065902158618
playgroundai_playground-v2.5-1024px-aesthetic,68004969,2.3048148155212402
playgroundai_playground-v2.5-1024px-aesthetic,3119203,1.5941566228866577
playgroundai_playground-v2.5-1024px-aesthetic,6614628,-0.21374833583831787
playgroundai_playground-v2.5-1024px-aesthetic,94101186,2.7459652423858643
playgroundai_playground-v2.5-1024px-aesthetic,79606917,-0.24463798105716705
playgroundai_playground-v2.5-1024px-aesthetic,44621915,0.8105095028877258
playgroundai_playground-v2.5-1024px-aesthetic,5219923,-0.354546457529068
playgroundai_playground-v2.5-1024px-aesthetic,46150029,-0.4269995093345642
playgroundai_playground-v2.5-1024px-aesthetic,11460338,-1.810764193534851
playgroundai_playground-v2.5-1024px-aesthetic,31196176,-0.11760177463293076
playgroundai_playground-v2.5-1024px-aesthetic,47552953,1.1210203170776367
playgroundai_playground-v2.5-1024px-aesthetic,62408818,0.05808006972074509
playgroundai_playground-v2.5-1024px-aesthetic,49054805,0.8406882882118225
playgroundai_playground-v2.5-1024px-aesthetic,4345028,0.7972900867462158
playgroundai_playground-v2.5-1024px-aesthetic,14140678,-0.2503986060619354
playgroundai_playground-v2.5-1024px-aesthetic,29161294,-0.3802359998226166
playgroundai_playground-v2.5-1024px-aesthetic,7854455,1.9862178564071655
playgroundai_playground-v2.5-1024px-aesthetic,20017667,1.631502628326416
playgroundai_playground-v2.5-1024px-aesthetic,7598529,1.581925868988037
playgroundai_playground-v2.5-1024px-aesthetic,2403740,0.39708212018013
playgroundai_playground-v2.5-1024px-aesthetic,88266320,-0.5950639247894287
playgroundai_playground-v2.5-1024px-aesthetic,24510445,1.246282935142517
playgroundai_playground-v2.5-1024px-aesthetic,78049139,-0.12355882674455643
playgroundai_playground-v2.5-1024px-aesthetic,5668661,0.8649128079414368
playgroundai_playground-v2.5-1024px-aesthetic,15180528,0.8042529821395874
playgroundai_playground-v2.5-1024px-aesthetic,4927750,-0.7360166907310486
playgroundai_playground-v2.5-1024px-aesthetic,11426148,2.0391905307769775
playgroundai_playground-v2.5-1024px-aesthetic,73360711,0.9383647441864014
prompthero_openjourney,10449664,-1.5592423677444458
prompthero_openjourney,95506600,-0.38982611894607544
prompthero_openjourney,82634634,1.2471712827682495
prompthero_openjourney,65145807,0.4873192310333252
prompthero_openjourney,3252637,-2.8442249298095703
prompthero_openjourney,25176131,-0.8470651507377625
prompthero_openjourney,13392688,1.1794122457504272
prompthero_openjourney,7699584,1.5175716876983643
prompthero_openjourney,46384154,-0.8018116354942322
prompthero_openjourney,40779634,0.13826221227645874
prompthero_openjourney,7872492,0.19107060134410858
prompthero_openjourney,14885369,-1.3367865085601807
prompthero_openjourney,7893253,-1.0733673572540283
prompthero_openjourney,2806379,-1.0965304374694824
prompthero_openjourney,15022776,0.42472589015960693
prompthero_openjourney,7900225,-1.9725297689437866
prompthero_openjourney,93287454,-0.12726415693759918
prompthero_openjourney,85521631,-1.7368035316467285
prompthero_openjourney,29339489,2.4778101444244385
prompthero_openjourney,27911104,-2.3370370864868164
prompthero_openjourney,64693533,-1.6764029264450073
prompthero_openjourney,50701757,0.7219361662864685
prompthero_openjourney,31398311,-0.3517276644706726
prompthero_openjourney,36927275,-0.8458954095840454
prompthero_openjourney,5328115,-2.4455583095550537
prompthero_openjourney,99946324,-0.7918785214424133
prompthero_openjourney,3162460,-0.4059089422225952
prompthero_openjourney,25112145,-1.573168396949768
prompthero_openjourney,51907525,-0.6929531097412109
prompthero_openjourney,58167568,-2.6504173278808594
prompthero_openjourney,95633809,-0.2268928438425064
prompthero_openjourney,1033216,1.511331558227539
prompthero_openjourney,10499857,-1.3625915050506592
prompthero_openjourney,63436238,-3.8249878883361816
prompthero_openjourney,44909444,-2.0713396072387695
prompthero_openjourney,3121298,-1.3364681005477905
prompthero_openjourney,48565245,-0.12859399616718292
prompthero_openjourney,87279754,0.04654006287455559
prompthero_openjourney,1312908,-2.4073283672332764
prompthero_openjourney,50393099,0.9293683171272278
prompthero_openjourney,8594517,2.562107563018799
prompthero_openjourney,7700539,0.9728306531906128
prompthero_openjourney,34338705,-1.7523421049118042
prompthero_openjourney,96482065,-2.0982980728149414
prompthero_openjourney,12401335,-1.8337520360946655
prompthero_openjourney,9257913,-0.7638553977012634
prompthero_openjourney,12425970,-1.5240747928619385
prompthero_openjourney,3302487,-0.4265614151954651
prompthero_openjourney,39400372,-0.5472132563591003
prompthero_openjourney,36475420,-3.0427074432373047
prompthero_openjourney,65016379,-0.27479952573776245
prompthero_openjourney,48342049,-1.0692543983459473
prompthero_openjourney,64348125,-2.8904733657836914
prompthero_openjourney,1166351,-2.294358968734741
prompthero_openjourney,12112789,0.8192117214202881
prompthero_openjourney,58535713,-1.3666802644729614
prompthero_openjourney,342613,-1.1982322931289673
prompthero_openjourney,7125367,-2.124758005142212
prompthero_openjourney,14826328,-2.1125495433807373
prompthero_openjourney,70584915,-0.05638681352138519
prompthero_openjourney,14320394,-1.6636005640029907
prompthero_openjourney,6617752,-1.6474735736846924
prompthero_openjourney,44020468,-1.2947949171066284
prompthero_openjourney,13392580,0.8295729160308838
prompthero_openjourney,3045337,-1.3419740200042725
prompthero_openjourney,7900406,-2.259788990020752
prompthero_openjourney,80630155,-1.9867708683013916
prompthero_openjourney,25595605,-1.472983479499817
prompthero_openjourney,31934556,-0.10203061252832413
prompthero_openjourney,93026246,-0.09125443547964096
prompthero_openjourney,2740764,-1.303436517715454
prompthero_openjourney,35017615,1.3120200634002686
prompthero_openjourney,4493505,-1.7899519205093384
prompthero_openjourney,76154140,-2.0716605186462402
prompthero_openjourney,41619575,-1.3842402696609497
prompthero_openjourney,20884418,-1.9573204517364502
prompthero_openjourney,51793864,1.4672859907150269
prompthero_openjourney,66875145,-3.0046019554138184
prompthero_openjourney,3649797,0.436260461807251
prompthero_openjourney,13393155,-2.2516136169433594
prompthero_openjourney,3219135,1.2797400951385498
prompthero_openjourney,3120778,-0.14489887654781342
prompthero_openjourney,39810974,-1.187126874923706
prompthero_openjourney,6771159,2.0559420585632324
prompthero_openjourney,64737402,-3.397320032119751
prompthero_openjourney,7898745,0.7328881621360779
prompthero_openjourney,4171629,-0.9122856259346008
prompthero_openjourney,7892418,1.0970451831817627
prompthero_openjourney,53072665,-1.732147216796875
prompthero_openjourney,5316083,-2.3527257442474365
prompthero_openjourney,3031422,0.16417516767978668
prompthero_openjourney,212808,-2.418365001678467
prompthero_openjourney,68402503,-1.7416471242904663
prompthero_openjourney,73566509,-1.3810008764266968
prompthero_openjourney,5264756,-1.1891748905181885
prompthero_openjourney,14389754,-1.5574663877487183
prompthero_openjourney,47229046,-1.1798763275146484
prompthero_openjourney,64288087,-2.2451229095458984
prompthero_openjourney,77206946,-0.5007057189941406
prompthero_openjourney,12424941,1.6676020622253418
prompthero_openjourney,32902730,-0.020768076181411743
prompthero_openjourney,56649711,-2.71405291557312
prompthero_openjourney,40416568,-1.2145168781280518
prompthero_openjourney,51946990,-1.1783967018127441
prompthero_openjourney,94132969,0.6854140758514404
prompthero_openjourney,2837702,-2.33339524269104
prompthero_openjourney,63106505,-3.369107961654663
prompthero_openjourney,79970467,-2.5477378368377686
prompthero_openjourney,96627863,0.4267510771751404
prompthero_openjourney,72920759,-0.8761207461357117
prompthero_openjourney,39654737,-0.6177687644958496
prompthero_openjourney,32274534,1.1021071672439575
prompthero_openjourney,22385426,0.6252208948135376
prompthero_openjourney,41197418,-2.06921648979187
prompthero_openjourney,10439851,-0.7208983302116394
prompthero_openjourney,5659856,0.3458608090877533
prompthero_openjourney,80523724,-0.8764327168464661
prompthero_openjourney,34421097,-0.6944726705551147
prompthero_openjourney,9794211,-1.3460279703140259
prompthero_openjourney,68736030,-1.2669365406036377
prompthero_openjourney,75817519,-2.095731496810913
prompthero_openjourney,3819595,-0.942895233631134
prompthero_openjourney,61720712,0.8763841986656189
prompthero_openjourney,68234145,-1.3114889860153198
prompthero_openjourney,3666591,-1.543939471244812
prompthero_openjourney,14551115,-0.8660756349563599
prompthero_openjourney,11479816,-2.7269206047058105
prompthero_openjourney,7649854,0.7982262969017029
prompthero_openjourney,34851604,-1.566222071647644
prompthero_openjourney,98146114,-2.0520126819610596
prompthero_openjourney,64612139,-2.0208868980407715
prompthero_openjourney,94752674,-2.728545904159546
prompthero_openjourney,36771284,-1.0006006956100464
prompthero_openjourney,82163239,-1.7001049518585205
prompthero_openjourney,7712382,-0.8525918126106262
prompthero_openjourney,31482539,-2.37782883644104
prompthero_openjourney,162417,-1.9105596542358398
prompthero_openjourney,54412026,-1.6000505685806274
prompthero_openjourney,56458800,-0.6480481624603271
prompthero_openjourney,12321136,0.5333383679389954
prompthero_openjourney,1944390,-1.42842435836792
prompthero_openjourney,1077350,-0.4270930588245392
prompthero_openjourney,56309141,-2.2244136333465576
prompthero_openjourney,47177665,-1.8850343227386475
prompthero_openjourney,10106752,-0.47899511456489563
prompthero_openjourney,39795848,-0.9501882195472717
prompthero_openjourney,26868486,1.8657759428024292
prompthero_openjourney,4205318,-0.25660282373428345
prompthero_openjourney,66294261,-2.312028169631958
prompthero_openjourney,7607361,-1.4125853776931763
prompthero_openjourney,486670,-1.4697320461273193
prompthero_openjourney,98882867,-0.39403265714645386
prompthero_openjourney,13222985,-2.7653539180755615
prompthero_openjourney,18951600,-1.409961223602295
prompthero_openjourney,60007460,0.6306604146957397
prompthero_openjourney,1718952,-2.491361379623413
prompthero_openjourney,15019483,-0.5591558814048767
prompthero_openjourney,76318112,-0.5125190019607544
prompthero_openjourney,42032953,-0.2956125736236572
prompthero_openjourney,3221205,-1.0993107557296753
prompthero_openjourney,4105893,-2.2796170711517334
prompthero_openjourney,13793330,0.13933643698692322
prompthero_openjourney,825773,-0.5125775933265686
prompthero_openjourney,93028115,-1.8134468793869019
prompthero_openjourney,51603873,1.145229458808899
prompthero_openjourney,82302577,-1.4220494031906128
prompthero_openjourney,35739035,-0.8351056575775146
prompthero_openjourney,19005748,-1.9799810647964478
prompthero_openjourney,51637192,-0.45050036907196045
prompthero_openjourney,2958264,-1.987294316291809
prompthero_openjourney,24401688,-2.6135969161987305
prompthero_openjourney,5855125,-3.2782561779022217
prompthero_openjourney,89666482,-1.2481456995010376
prompthero_openjourney,28419233,0.5681436061859131
prompthero_openjourney,5073403,-2.7868480682373047
prompthero_openjourney,91887830,1.0340583324432373
prompthero_openjourney,30323112,-1.1674734354019165
prompthero_openjourney,89209999,-1.5713722705841064
prompthero_openjourney,84733290,1.491469383239746
prompthero_openjourney,1440252,2.3758926391601562
prompthero_openjourney,19109015,-0.3249724507331848
prompthero_openjourney,33483882,1.8200610876083374
prompthero_openjourney,48405100,-1.0804040431976318
prompthero_openjourney,3676483,1.5088268518447876
prompthero_openjourney,3116942,0.9080790877342224
prompthero_openjourney,10086074,0.1269119530916214
prompthero_openjourney,61508014,-0.16320838034152985
prompthero_openjourney,36327363,-2.1659796237945557
prompthero_openjourney,13389949,-1.5205496549606323
prompthero_openjourney,57410630,-1.6821006536483765
prompthero_openjourney,5841029,-2.887340784072876
prompthero_openjourney,35458729,-2.6916308403015137
prompthero_openjourney,92219553,-0.9993897676467896
prompthero_openjourney,49910170,-2.7859811782836914
prompthero_openjourney,46394736,-0.10632482916116714
prompthero_openjourney,14654954,0.06427609920501709
prompthero_openjourney,48754831,-0.8207635879516602
prompthero_openjourney,58619052,0.506623387336731
prompthero_openjourney,82615970,0.5634841918945312
prompthero_openjourney,14164866,-3.055615186691284
prompthero_openjourney,14572353,-1.8525171279907227
prompthero_openjourney,9390903,-1.0451444387435913
prompthero_openjourney,90412342,-0.6816102862358093
prompthero_openjourney,78477963,-1.4904415607452393
prompthero_openjourney,11881917,-0.8025071620941162
prompthero_openjourney,7609632,1.561792254447937
prompthero_openjourney,61759180,-2.375319480895996
prompthero_openjourney,52474100,-0.7141103744506836
prompthero_openjourney,3254046,-0.5940884947776794
prompthero_openjourney,7667151,-0.392492413520813
prompthero_openjourney,76891298,-1.547485589981079
prompthero_openjourney,27112598,-1.6950902938842773
prompthero_openjourney,21673594,0.1580226570367813
prompthero_openjourney,31601201,-1.0874093770980835
prompthero_openjourney,2697759,-1.826533555984497
prompthero_openjourney,18324134,-2.68203067779541
prompthero_openjourney,64603214,-2.8965559005737305
prompthero_openjourney,34121866,-1.5915173292160034
prompthero_openjourney,7668702,0.38368770480155945
prompthero_openjourney,87626249,-1.823256492614746
prompthero_openjourney,4532504,0.766370952129364
prompthero_openjourney,76305971,-1.097751259803772
prompthero_openjourney,10012874,-2.273211717605591
prompthero_openjourney,44687753,0.6175787448883057
prompthero_openjourney,9864632,-1.5076285600662231
prompthero_openjourney,68935192,-1.2441712617874146
prompthero_openjourney,5654362,-1.7694016695022583
prompthero_openjourney,29495564,-1.8994723558425903
prompthero_openjourney,461559,-1.681706428527832
prompthero_openjourney,10448983,0.3847333788871765
prompthero_openjourney,92132346,-1.993563175201416
prompthero_openjourney,7644382,-0.9970023036003113
prompthero_openjourney,94294142,-2.657701253890991
prompthero_openjourney,13390788,-0.353648841381073
prompthero_openjourney,63642508,-1.4502736330032349
prompthero_openjourney,712708,-2.291412353515625
prompthero_openjourney,51607043,0.6017669439315796
prompthero_openjourney,1172545,0.7976483106613159
prompthero_openjourney,74865393,-3.6346254348754883
prompthero_openjourney,17348396,-2.248295307159424
prompthero_openjourney,7700868,1.250128984451294
prompthero_openjourney,95258670,2.5653114318847656
prompthero_openjourney,80900211,-0.21721820533275604
prompthero_openjourney,21948213,-1.682565689086914
prompthero_openjourney,3660909,0.5251579880714417
prompthero_openjourney,11705221,-1.9311562776565552
prompthero_openjourney,4602762,0.3053460121154785
prompthero_openjourney,10180178,-1.8427363634109497
prompthero_openjourney,62785284,-0.29753169417381287
prompthero_openjourney,6119226,-3.2020208835601807
prompthero_openjourney,22024486,0.48815199732780457
prompthero_openjourney,42231109,-1.217990517616272
prompthero_openjourney,3089879,1.412645936012268
prompthero_openjourney,7507098,-1.5119277238845825
prompthero_openjourney,177783,-1.7902361154556274
prompthero_openjourney,37374096,-0.6679051518440247
prompthero_openjourney,7408086,-1.169621467590332
prompthero_openjourney,34145121,2.61352276802063
prompthero_openjourney,87281446,-3.153878927230835
prompthero_openjourney,10179291,-1.0300613641738892
prompthero_openjourney,35345342,-0.6166167855262756
prompthero_openjourney,58508996,-1.9303032159805298
prompthero_openjourney,13255145,-0.8303189873695374
prompthero_openjourney,37561238,-2.489952564239502
prompthero_openjourney,62533182,-0.38681361079216003
prompthero_openjourney,840609,-2.77428936958313
prompthero_openjourney,47287419,0.02624501660466194
prompthero_openjourney,36222549,0.8326334357261658
prompthero_openjourney,2630739,-1.8938701152801514
prompthero_openjourney,14867690,-2.2567317485809326
prompthero_openjourney,47920875,-1.1991512775421143
prompthero_openjourney,4274985,0.7909212112426758
prompthero_openjourney,586105,-2.046769618988037
prompthero_openjourney,99851645,-0.7365595698356628
prompthero_openjourney,4001499,0.5604487061500549
prompthero_openjourney,91199885,-0.676304280757904
prompthero_openjourney,11791147,-1.781415581703186
prompthero_openjourney,92971028,1.0766595602035522
prompthero_openjourney,71991791,-2.3289954662323
prompthero_openjourney,7598256,-0.29882118105888367
prompthero_openjourney,44252573,1.0079976320266724
prompthero_openjourney,825443,-0.8470196723937988
prompthero_openjourney,6617165,-1.285645842552185
prompthero_openjourney,80437216,-0.5022510290145874
prompthero_openjourney,70303687,-1.4728131294250488
prompthero_openjourney,523513,-1.7673910856246948
prompthero_openjourney,1157384,-2.1273915767669678
prompthero_openjourney,90997357,-1.598749041557312
prompthero_openjourney,15045782,-1.394642949104309
prompthero_openjourney,42702048,-1.1412595510482788
prompthero_openjourney,30373565,-1.3504384756088257
prompthero_openjourney,7893891,2.1200451850891113
prompthero_openjourney,21538563,-3.121598243713379
prompthero_openjourney,25640094,-1.9308754205703735
prompthero_openjourney,7664582,-0.38199979066848755
prompthero_openjourney,46000271,0.75316321849823
prompthero_openjourney,49384378,0.223692387342453
prompthero_openjourney,99888646,-1.6024163961410522
prompthero_openjourney,9057052,-0.4950166344642639
prompthero_openjourney,4522421,-2.572097063064575
prompthero_openjourney,16111057,-0.8665281534194946
prompthero_openjourney,63910894,-1.3308690786361694
prompthero_openjourney,4249415,0.6380257606506348
prompthero_openjourney,48189713,-2.231870174407959
prompthero_openjourney,6683359,-1.8170185089111328
prompthero_openjourney,7782475,-1.3193706274032593
prompthero_openjourney,47012226,-2.494079828262329
prompthero_openjourney,7597365,0.47631293535232544
prompthero_openjourney,63348229,-0.11826886981725693
prompthero_openjourney,39450229,0.5003407001495361
prompthero_openjourney,50232626,-0.8735198974609375
prompthero_openjourney,58809815,0.9060243368148804
prompthero_openjourney,74221222,-1.6631875038146973
prompthero_openjourney,10765679,0.8132644295692444
prompthero_openjourney,51731167,-2.079441785812378
prompthero_openjourney,19893872,-1.332035779953003
prompthero_openjourney,13243466,-1.434355616569519
prompthero_openjourney,3849943,-0.6137691140174866
prompthero_openjourney,7608098,-1.8846982717514038
prompthero_openjourney,84550940,1.5675747394561768
prompthero_openjourney,4106111,-1.5082567930221558
prompthero_openjourney,33520697,0.9039312601089478
prompthero_openjourney,27258255,-1.2782220840454102
prompthero_openjourney,7243837,1.2649651765823364
prompthero_openjourney,59983939,-3.2513952255249023
prompthero_openjourney,2385002,-2.0417885780334473
prompthero_openjourney,2468017,-2.926284074783325
prompthero_openjourney,824767,-1.8010179996490479
prompthero_openjourney,60977631,-2.6103224754333496
prompthero_openjourney,3636649,-0.24374203383922577
prompthero_openjourney,97376920,-1.408491849899292
prompthero_openjourney,7626094,-0.7061859369277954
prompthero_openjourney,72134268,0.24679531157016754
prompthero_openjourney,93114575,-0.7345239520072937
prompthero_openjourney,4058096,-0.6352070569992065
prompthero_openjourney,60824573,-2.318495988845825
prompthero_openjourney,7626287,1.0495507717132568
prompthero_openjourney,6652878,-2.4420976638793945
prompthero_openjourney,3054491,0.38490304350852966
prompthero_openjourney,85297162,-0.47902077436447144
prompthero_openjourney,95808344,-0.01864328235387802
prompthero_openjourney,40015479,-1.0443171262741089
prompthero_openjourney,6277025,-2.3154003620147705
prompthero_openjourney,64856142,0.5242130160331726
prompthero_openjourney,14189204,-2.148374557495117
prompthero_openjourney,89491249,0.09030985087156296
prompthero_openjourney,94407686,-0.49692097306251526
prompthero_openjourney,76698014,0.18230408430099487
prompthero_openjourney,80371125,-1.176517128944397
prompthero_openjourney,78954040,-1.9225589036941528
prompthero_openjourney,9263819,-2.6843924522399902
prompthero_openjourney,39507050,-3.219470977783203
prompthero_openjourney,245780,-1.7257949113845825
prompthero_openjourney,41867693,-2.1894593238830566
prompthero_openjourney,97927504,-1.6958527565002441
prompthero_openjourney,67097348,-2.5176377296447754
prompthero_openjourney,33877584,-0.2861141562461853
prompthero_openjourney,5410315,-2.47336745262146
prompthero_openjourney,41565779,-0.450689435005188
prompthero_openjourney,6615458,-1.057718276977539
prompthero_openjourney,95583911,-1.6309278011322021
prompthero_openjourney,43304323,-2.5011050701141357
prompthero_openjourney,4596797,1.4871784448623657
prompthero_openjourney,21377549,-0.3417966067790985
prompthero_openjourney,22149540,-0.29620692133903503
prompthero_openjourney,68380669,-2.9905738830566406
prompthero_openjourney,9580065,-0.3724474012851715
prompthero_openjourney,67344811,-2.5484838485717773
prompthero_openjourney,14320813,-1.058499813079834
prompthero_openjourney,59399259,-2.766080617904663
prompthero_openjourney,7116261,-1.430141568183899
prompthero_openjourney,3685307,-1.1695702075958252
prompthero_openjourney,7163803,0.2625754177570343
prompthero_openjourney,3308246,-0.6261542439460754
prompthero_openjourney,44280552,-2.486168384552002
prompthero_openjourney,88087492,2.543926477432251
prompthero_openjourney,1113367,-2.0450520515441895
prompthero_openjourney,831919,-2.529468536376953
prompthero_openjourney,70494671,-0.22886504232883453
prompthero_openjourney,7700167,-0.8819133043289185
prompthero_openjourney,487072,-1.7637540102005005
prompthero_openjourney,14809057,-2.7451629638671875
prompthero_openjourney,7854266,-2.1530091762542725
prompthero_openjourney,52711595,0.5689772963523865
prompthero_openjourney,57673976,-3.858396530151367
prompthero_openjourney,7929519,0.8095775246620178
prompthero_openjourney,42048260,1.3341257572174072
prompthero_openjourney,26746434,-3.2123868465423584
prompthero_openjourney,60668084,-0.1672259122133255
prompthero_openjourney,6586355,-1.735140323638916
prompthero_openjourney,1668603,-2.600334405899048
prompthero_openjourney,1171644,-1.3589410781860352
prompthero_openjourney,98646702,-0.04263236001133919
prompthero_openjourney,25776594,-1.8985185623168945
prompthero_openjourney,42931583,-1.5494930744171143
prompthero_openjourney,6615818,0.2916886806488037
prompthero_openjourney,89539854,-1.6700608730316162
prompthero_openjourney,19143128,-2.5089287757873535
prompthero_openjourney,4145056,-2.4892399311065674
prompthero_openjourney,71055464,0.6465582847595215
prompthero_openjourney,49089576,-0.3682893216609955
prompthero_openjourney,45258070,-2.107982873916626
prompthero_openjourney,3262349,1.3292208909988403
prompthero_openjourney,37736408,2.016192674636841
prompthero_openjourney,1566705,-1.9475936889648438
prompthero_openjourney,2721160,-1.4801735877990723
prompthero_openjourney,14620257,-2.3864598274230957
prompthero_openjourney,3842156,1.1736583709716797
prompthero_openjourney,11437577,-2.7322614192962646
prompthero_openjourney,10572128,-1.9700225591659546
prompthero_openjourney,48778998,0.18157188594341278
prompthero_openjourney,81084879,0.4893592596054077
prompthero_openjourney,96683604,-2.681777000427246
prompthero_openjourney,3909160,-1.6118746995925903
prompthero_openjourney,7653394,-0.5189234614372253
prompthero_openjourney,5515790,-0.045182980597019196
prompthero_openjourney,3567116,0.09226535260677338
prompthero_openjourney,78454948,-1.6907058954238892
prompthero_openjourney,99908103,-2.806060314178467
prompthero_openjourney,61562267,-0.9001711010932922
prompthero_openjourney,6879180,-1.4419747591018677
prompthero_openjourney,32284885,-1.620741844177246
prompthero_openjourney,2822579,1.11865234375
prompthero_openjourney,2632039,-1.0052034854888916
prompthero_openjourney,5151701,-1.2362383604049683
prompthero_openjourney,14555414,-0.7471821904182434
prompthero_openjourney,57078277,0.6610302329063416
prompthero_openjourney,24276286,-2.2714052200317383
prompthero_openjourney,9885769,0.6427209973335266
prompthero_openjourney,90386034,-0.7649546265602112
prompthero_openjourney,61620187,-0.9314600229263306
prompthero_openjourney,43745700,-0.994798481464386
prompthero_openjourney,92759639,2.4406144618988037
prompthero_openjourney,10776141,1.5601309537887573
prompthero_openjourney,72289969,0.20780043303966522
prompthero_openjourney,85130699,-1.593056082725525
prompthero_openjourney,51994569,-3.434248447418213
prompthero_openjourney,32949268,-2.4240880012512207
prompthero_openjourney,7895237,3.238964557647705
prompthero_openjourney,7700439,2.779686689376831
prompthero_openjourney,5914359,-1.0349150896072388
prompthero_openjourney,4406239,1.0186207294464111
prompthero_openjourney,9641130,-0.7033584713935852
prompthero_openjourney,71511090,0.38570457696914673
prompthero_openjourney,44020097,-0.47138941287994385
prompthero_openjourney,3144365,0.949280321598053
prompthero_openjourney,13391967,0.6880162954330444
prompthero_openjourney,49901977,-2.885637044906616
prompthero_openjourney,78742128,-1.7092463970184326
prompthero_openjourney,6681177,-0.5486220717430115
prompthero_openjourney,3070368,-1.1991709470748901
prompthero_openjourney,6876309,-0.797397255897522
prompthero_openjourney,6771653,-1.197539210319519
prompthero_openjourney,4194289,0.5155004858970642
prompthero_openjourney,7609407,-1.3247787952423096
prompthero_openjourney,4412550,0.7901590466499329
prompthero_openjourney,43308202,-1.6349283456802368
prompthero_openjourney,90210912,-0.3142020106315613
prompthero_openjourney,6140130,-2.1400270462036133
prompthero_openjourney,56659390,-3.252870559692383
prompthero_openjourney,34774685,0.38543668389320374
prompthero_openjourney,7663592,-0.564794659614563
prompthero_openjourney,46497366,-2.651728630065918
prompthero_openjourney,2698769,-0.9714400172233582
prompthero_openjourney,660783,0.49013686180114746
prompthero_openjourney,105333,-1.830587387084961
prompthero_openjourney,7678481,0.46186554431915283
prompthero_openjourney,89757565,1.3670305013656616
prompthero_openjourney,30649905,-1.1845592260360718
prompthero_openjourney,43367797,-0.8679186701774597
prompthero_openjourney,1474832,-2.5994629859924316
prompthero_openjourney,1299124,-2.1748573780059814
prompthero_openjourney,76437804,0.04044347256422043
prompthero_openjourney,6624161,-0.7261372208595276
prompthero_openjourney,2963987,1.0400025844573975
prompthero_openjourney,9104370,-2.9952585697174072
prompthero_openjourney,1711965,-1.2863457202911377
prompthero_openjourney,5222456,-0.6877037882804871
prompthero_openjourney,4337287,-0.22065694630146027
prompthero_openjourney,3249569,0.4176318645477295
prompthero_openjourney,81632900,-1.3262807130813599
prompthero_openjourney,8731422,-2.012873888015747
prompthero_openjourney,86486876,0.3066568374633789
prompthero_openjourney,72701253,-1.0849416255950928
prompthero_openjourney,53672452,-0.1882190853357315
prompthero_openjourney,13392357,-0.3535332977771759
prompthero_openjourney,3940713,-1.3728930950164795
prompthero_openjourney,29296086,-0.8704334497451782
prompthero_openjourney,51866265,-1.5518550872802734
prompthero_openjourney,5735624,0.2556832432746887
prompthero_openjourney,40791136,-0.7667611241340637
prompthero_openjourney,9820263,1.0062119960784912
prompthero_openjourney,75015224,-2.7651124000549316
prompthero_openjourney,83059778,-1.7582770586013794
prompthero_openjourney,10085548,-1.348838448524475
prompthero_openjourney,2384741,-1.0553839206695557
prompthero_openjourney,31977729,-0.3399716019630432
prompthero_openjourney,39654468,-1.9781293869018555
prompthero_openjourney,5952517,-0.31782522797584534
prompthero_openjourney,38519053,-1.246914267539978
prompthero_openjourney,7890970,-0.10557933896780014
prompthero_openjourney,76792378,-0.5924302339553833
prompthero_openjourney,26927280,-1.5159988403320312
prompthero_openjourney,47761040,-3.063673496246338
prompthero_openjourney,3887066,-1.3583272695541382
prompthero_openjourney,86174196,0.18301600217819214
prompthero_openjourney,3456447,-0.574390709400177
prompthero_openjourney,3366112,-2.565211772918701
prompthero_openjourney,51499669,0.6475863456726074
prompthero_openjourney,65868417,-2.4571874141693115
prompthero_openjourney,60208047,-0.4912545084953308
prompthero_openjourney,10732312,0.49384641647338867
prompthero_openjourney,3467517,-0.29375794529914856
prompthero_openjourney,10657306,-0.4393507242202759
prompthero_openjourney,31136773,0.9510791897773743
prompthero_openjourney,41161074,-2.431427478790283
prompthero_openjourney,2725872,-0.21741458773612976
prompthero_openjourney,59367810,-0.3278925120830536
prompthero_openjourney,27961140,0.28038063645362854
prompthero_openjourney,7893528,0.43771296739578247
prompthero_openjourney,79677298,-1.0670965909957886
prompthero_openjourney,4112579,-0.12859971821308136
prompthero_openjourney,10814234,-1.5599863529205322
prompthero_openjourney,7599783,0.3486120104789734
prompthero_openjourney,8570466,-2.031238079071045
prompthero_openjourney,30672998,-0.27139997482299805
prompthero_openjourney,51314050,-1.789387822151184
prompthero_openjourney,311687,-0.182526633143425
prompthero_openjourney,94862307,0.8011359572410583
prompthero_openjourney,7606764,-1.2834248542785645
prompthero_openjourney,69105166,0.9005382657051086
prompthero_openjourney,69308524,-0.5386939644813538
prompthero_openjourney,2053030,-1.7048568725585938
prompthero_openjourney,1043989,-0.22979365289211273
prompthero_openjourney,34109315,1.007907748222351
prompthero_openjourney,55786769,0.6443500518798828
prompthero_openjourney,22686580,-3.116152763366699
prompthero_openjourney,5902786,-1.7729228734970093
prompthero_openjourney,57279759,0.5672129988670349
prompthero_openjourney,3175081,0.6576892733573914
prompthero_openjourney,3374570,0.21953120827674866
prompthero_openjourney,36185038,0.725455105304718
prompthero_openjourney,547244,-0.0016238312236964703
prompthero_openjourney,4235646,1.2028132677078247
prompthero_openjourney,9199904,-3.1522228717803955
prompthero_openjourney,5310790,-2.1384339332580566
prompthero_openjourney,5269826,-0.9108788371086121
prompthero_openjourney,3800001,-1.8183356523513794
prompthero_openjourney,59625134,-1.0313115119934082
prompthero_openjourney,42580285,-0.6850290894508362
prompthero_openjourney,80949464,-0.3316307067871094
prompthero_openjourney,94814274,-1.1217373609542847
prompthero_openjourney,53715983,-0.7853018641471863
prompthero_openjourney,4203837,-0.7049002051353455
prompthero_openjourney,19493133,-0.9727005958557129
prompthero_openjourney,46042889,-1.5735362768173218
prompthero_openjourney,11904204,-1.0606663227081299
prompthero_openjourney,31956119,-0.21970324218273163
prompthero_openjourney,63721164,-1.6620885133743286
prompthero_openjourney,89940755,-2.473634719848633
prompthero_openjourney,67298121,-1.2168844938278198
prompthero_openjourney,29739201,0.36654090881347656
prompthero_openjourney,8822245,-1.7345285415649414
prompthero_openjourney,4065464,0.9626467823982239
prompthero_openjourney,18069602,-2.525566577911377
prompthero_openjourney,48996398,-1.6971714496612549
prompthero_openjourney,56124883,1.3827627897262573
prompthero_openjourney,80848986,-2.3039815425872803
prompthero_openjourney,45869475,-0.7549299001693726
prompthero_openjourney,7855317,0.7106189131736755
prompthero_openjourney,65531005,-2.2632908821105957
prompthero_openjourney,11802734,-2.6018497943878174
prompthero_openjourney,6607339,-0.7808004021644592
prompthero_openjourney,33934454,-0.6199626922607422
prompthero_openjourney,2656062,-2.187781810760498
prompthero_openjourney,55148915,-0.5256007313728333
prompthero_openjourney,40362467,-1.616904616355896
prompthero_openjourney,96925481,-1.2701319456100464
prompthero_openjourney,2606362,0.3768855035305023
prompthero_openjourney,6770275,-1.33673894405365
prompthero_openjourney,14940386,-1.0432276725769043
prompthero_openjourney,7609215,0.850447416305542
prompthero_openjourney,98195317,-1.143873929977417
prompthero_openjourney,48624808,0.4085381031036377
prompthero_openjourney,94667740,-1.9116543531417847
prompthero_openjourney,88389554,-1.1795361042022705
prompthero_openjourney,264529,0.9613835215568542
prompthero_openjourney,70349273,-1.6051483154296875
prompthero_openjourney,31879370,-1.9114220142364502
prompthero_openjourney,11541907,-0.3577651083469391
prompthero_openjourney,24808131,-0.6605777144432068
prompthero_openjourney,14175313,-2.364180326461792
prompthero_openjourney,7701457,0.7977339625358582
prompthero_openjourney,14916004,-1.5890322923660278
prompthero_openjourney,4132158,0.052371300756931305
prompthero_openjourney,79810359,-0.5685985684394836
prompthero_openjourney,74157104,0.7350006103515625
prompthero_openjourney,13915417,-2.578965187072754
prompthero_openjourney,89637539,-1.4465487003326416
prompthero_openjourney,1321854,-1.1452723741531372
prompthero_openjourney,30823361,-1.500177264213562
prompthero_openjourney,94962994,-1.4369633197784424
prompthero_openjourney,11914464,-0.8396560549736023
prompthero_openjourney,40945115,-1.6176764965057373
prompthero_openjourney,87574583,-0.8481929898262024
prompthero_openjourney,98642787,0.8060696721076965
prompthero_openjourney,73051579,0.17820903658866882
prompthero_openjourney,60375309,-2.3911402225494385
prompthero_openjourney,68246844,-2.787372589111328
prompthero_openjourney,55191509,-2.154451608657837
prompthero_openjourney,99178779,0.40117502212524414
prompthero_openjourney,46150029,-1.203765630722046
prompthero_openjourney,9020389,0.03851267695426941
prompthero_openjourney,3309110,-0.841360867023468
prompthero_openjourney,7698915,0.5769903063774109
prompthero_openjourney,47552953,-0.37528854608535767
prompthero_openjourney,62408818,-2.562093734741211
prompthero_openjourney,64576544,-0.06622724235057831
prompthero_openjourney,86119145,-1.728695034980774
prompthero_openjourney,17002912,1.5794509649276733
prompthero_openjourney,14533937,-2.1390042304992676
prompthero_openjourney,4506289,-1.1173545122146606
prompthero_openjourney,480823,-2.712599277496338
prompthero_openjourney,69852054,-2.715684413909912
prompthero_openjourney,3196324,-1.0779259204864502
retrieval,7184735,-2.677290439605713
retrieval,13390139,-1.8124195337295532
retrieval,16392867,-0.5568862557411194
retrieval,65145807,-1.3291518688201904
retrieval,3471347,-2.446636199951172
retrieval,87230876,1.4383960962295532
retrieval,3541091,0.5332729816436768
retrieval,28241866,-0.7499248385429382
retrieval,97478980,-1.088020920753479
retrieval,2870293,-1.0524812936782837
retrieval,7893253,0.8477322459220886
retrieval,10051337,-0.9280802011489868
retrieval,2806379,-1.2684801816940308
retrieval,41796839,-1.4539254903793335
retrieval,356621,-0.28319641947746277
retrieval,60083345,-0.8987828493118286
retrieval,68414998,-0.1921050101518631
retrieval,64693533,0.460880845785141
retrieval,74945811,-0.034370388835668564
retrieval,79077085,-1.279923677444458
retrieval,9641226,1.2198787927627563
retrieval,31398311,0.7893418669700623
retrieval,10081670,-0.12575186789035797
retrieval,10059582,-1.6804523468017578
retrieval,36927275,1.887097716331482
retrieval,99946324,-0.3456610143184662
retrieval,3162460,1.422827124595642
retrieval,60579124,0.1682632714509964
retrieval,48980196,2.0415172576904297
retrieval,54877186,-0.9074328541755676
retrieval,4971928,-1.3287327289581299
retrieval,619099,-0.955416738986969
retrieval,37603983,0.9088908433914185
retrieval,2815950,-3.8057072162628174
retrieval,81457802,-1.7053437232971191
retrieval,9625789,0.8473840355873108
retrieval,53461182,-2.9250998497009277
retrieval,7605040,2.2977771759033203
retrieval,52950204,2.2513720989227295
retrieval,73892711,1.2423559427261353
retrieval,14867245,0.41997796297073364
retrieval,2908217,-1.264211654663086
retrieval,23860855,0.6134710311889648
retrieval,75025274,1.3963391780853271
retrieval,7700539,-0.6767683029174805
retrieval,83035137,-0.6094180345535278
retrieval,42678637,1.5973068475723267
retrieval,44125843,-0.9872088432312012
retrieval,4959672,-0.6454704403877258
retrieval,1678990,-0.5678300261497498
retrieval,56386217,1.4398738145828247
retrieval,59369635,-1.7300513982772827
retrieval,57907690,2.141937732696533
retrieval,2512305,1.166029691696167
retrieval,93027630,-0.46555039286613464
retrieval,88655498,-2.841017723083496
retrieval,99615110,-1.5661698579788208
retrieval,49334008,-2.0899856090545654
retrieval,41335508,-1.3735016584396362
retrieval,62646612,-0.3532702624797821
retrieval,33006578,2.702122688293457
retrieval,65708370,1.6166759729385376
retrieval,3199775,-0.9918054938316345
retrieval,7834065,-1.7444344758987427
retrieval,12395736,-1.4584718942642212
retrieval,5488943,-1.9394358396530151
retrieval,1444899,-1.1233956813812256
retrieval,10333317,-0.6019499897956848
retrieval,45239694,1.3347499370574951
retrieval,714944,0.3445274829864502
retrieval,57842875,-2.6389575004577637
retrieval,14237561,-1.934752345085144
retrieval,14069505,-2.1512985229492188
retrieval,5250659,-2.5373785495758057
retrieval,13163250,-2.019895076751709
retrieval,6617752,0.3882753551006317
retrieval,78677457,0.1257089525461197
retrieval,9414135,2.3010785579681396
retrieval,9641578,-1.2106267213821411
retrieval,14885088,0.21728987991809845
retrieval,4487724,-3.4864354133605957
retrieval,2740764,-0.3456610143184662
retrieval,20884418,0.12015392631292343
retrieval,44162324,-2.0152833461761475
retrieval,13388245,2.2913029193878174
retrieval,18447630,-0.4809158742427826
retrieval,9735258,-0.3123171925544739
retrieval,92382877,2.3010785579681396
retrieval,13967420,-1.7104085683822632
retrieval,10199411,-3.2095463275909424
retrieval,7584526,1.1198536157608032
retrieval,192356,-0.6977627873420715
retrieval,65705448,-0.7681888341903687
retrieval,96455769,0.23738831281661987
retrieval,4213530,1.40752112865448
retrieval,69139540,-1.009260654449463
retrieval,1158543,0.7731015086174011
retrieval,15039179,-1.2819124460220337
retrieval,18738743,-1.7300513982772827
retrieval,4967191,-1.773481011390686
retrieval,1247306,-0.22586502134799957
retrieval,45481846,-0.46555039286613464
retrieval,17277882,-0.9439566135406494
retrieval,77106105,-0.9374691247940063
retrieval,6675179,0.5329989790916443
retrieval,75189545,1.103947639465332
retrieval,9044146,-1.0610547065734863
retrieval,81469837,-0.08412053436040878
retrieval,212808,0.38312584161758423
retrieval,85395861,-1.0977979898452759
retrieval,82217264,2.107150077819824
retrieval,68322907,-2.630418062210083
retrieval,14389754,1.5026155710220337
retrieval,4388743,-2.5746657848358154
retrieval,3809939,2.098489999771118
retrieval,21199340,0.6993010640144348
retrieval,75673862,0.706202507019043
retrieval,73029800,-1.1660339832305908
retrieval,64791310,-1.1007579565048218
retrieval,40416568,0.8503249287605286
retrieval,9438692,-1.5807117223739624
retrieval,993754,-0.6318009495735168
retrieval,258400,2.294476270675659
retrieval,14961512,-0.08108247816562653
retrieval,60117389,-1.3904500007629395
retrieval,1246926,-1.655816912651062
retrieval,89412195,-1.6631852388381958
retrieval,96627863,-1.6501408815383911
retrieval,39654737,-1.1682606935501099
retrieval,72553814,1.0992820262908936
retrieval,92894740,1.644024133682251
retrieval,993014,2.3010785579681396
retrieval,3038685,1.6985949277877808
retrieval,40203106,-2.1282958984375
retrieval,35027824,0.8620982766151428
retrieval,16846786,-0.8716568946838379
retrieval,18501838,-1.5647040605545044
retrieval,7675962,0.35279759764671326
retrieval,41790460,1.103947639465332
retrieval,879759,-1.23453688621521
retrieval,14929350,0.5683239698410034
retrieval,46499270,-1.2007578611373901
retrieval,2895936,0.4966142773628235
retrieval,89403234,-0.5007928609848022
retrieval,17250421,0.5119699239730835
retrieval,87250686,-0.7359294891357422
retrieval,1072949,1.103947639465332
retrieval,73998682,-0.23606353998184204
retrieval,7649854,-0.6111849546432495
retrieval,34851604,-2.1512985229492188
retrieval,67051864,0.47530823945999146
retrieval,82163239,-2.8303563594818115
retrieval,7712382,1.3759751319885254
retrieval,50519873,-0.19357047975063324
retrieval,3478907,1.5865328311920166
retrieval,56309141,0.3530142605304718
retrieval,41715387,0.5986790060997009
retrieval,4209509,-1.4898632764816284
retrieval,7627310,0.6752117276191711
retrieval,69897199,-1.4261442422866821
retrieval,1642924,-1.691878318786621
retrieval,1063939,-0.8438491225242615
retrieval,48389459,0.8521382808685303
retrieval,24809501,-0.23811526596546173
retrieval,14938382,0.7030709385871887
retrieval,6618937,-2.8774116039276123
retrieval,6479665,-0.9783322215080261
retrieval,70593078,-2.239718198776245
retrieval,41690969,-0.9089441895484924
retrieval,14797746,0.8573993444442749
retrieval,15774212,1.4711054563522339
retrieval,1030820,0.55827397108078
retrieval,62270574,-2.288738250732422
retrieval,62451430,-0.9078222513198853
retrieval,43197590,-2.1591362953186035
retrieval,3357081,-1.0479804277420044
retrieval,3447358,1.1209923028945923
retrieval,54308107,-1.1191879510879517
retrieval,5728577,-0.206587016582489
retrieval,74999178,2.1982414722442627
retrieval,48282825,-2.084202527999878
retrieval,56787474,0.23591668903827667
retrieval,69489691,1.7993690967559814
retrieval,5783658,0.14209920167922974
retrieval,19360552,-1.1007579565048218
retrieval,1699831,-1.1521865129470825
retrieval,14864360,-3.291220188140869
retrieval,35862862,-0.11168204993009567
retrieval,64699836,0.03589654713869095
retrieval,80365485,-0.18010924756526947
retrieval,4217882,1.5701724290847778
retrieval,33545002,-1.3774150609970093
retrieval,1440252,-0.09427059441804886
retrieval,77726888,2.170546770095825
retrieval,89741906,-1.3589379787445068
retrieval,61635816,-2.39021372795105
retrieval,32910299,-1.0652353763580322
retrieval,98088411,-0.8987828493118286
retrieval,54559879,1.0059640407562256
retrieval,27717001,1.3732210397720337
retrieval,43626668,-0.22889937460422516
retrieval,33838024,-0.23036901652812958
retrieval,14169364,-1.9761133193969727
retrieval,24301637,-0.43924790620803833
retrieval,77312726,0.3990502655506134
retrieval,60435330,-0.5398154854774475
retrieval,2804123,-1.2370152473449707
retrieval,71790556,-0.5628942251205444
retrieval,69075643,-0.3456610143184662
retrieval,33682023,1.65776789188385
retrieval,26623394,-2.8763175010681152
retrieval,13393265,-1.3765037059783936
retrieval,485081,1.4297000169754028
retrieval,70890935,1.7323368787765503
retrieval,62909520,-1.7371195554733276
retrieval,1700470,0.7267505526542664
retrieval,2293352,-2.011204957962036
retrieval,14164866,0.6180190443992615
retrieval,44656303,0.4918127655982971
retrieval,47599346,-1.6161495447158813
retrieval,4061793,1.8404021263122559
retrieval,90412342,-0.4514058828353882
retrieval,3398228,1.2245506048202515
retrieval,56407616,-0.3456610143184662
retrieval,94104639,-1.6501408815383911
retrieval,5914591,3.1734485626220703
retrieval,3254046,1.7785588502883911
retrieval,13389864,-0.8997431397438049
retrieval,61069285,0.10733412206172943
retrieval,76891298,-2.523895263671875
retrieval,21673594,-0.46883857250213623
retrieval,28704721,-1.9771087169647217
retrieval,13018167,-1.431667447090149
retrieval,57299376,-0.22181232273578644
retrieval,23803964,-1.7880640029907227
retrieval,4180229,0.7502537369728088
retrieval,44088522,-0.5533551573753357
retrieval,36373514,-0.44428545236587524
retrieval,3222176,0.911812424659729
retrieval,26729548,-0.9085989594459534
retrieval,10012874,-0.619323194026947
retrieval,3238131,0.13862448930740356
retrieval,99544808,-0.61699378490448
retrieval,21660707,-2.279731512069702
retrieval,44687753,0.6878930926322937
retrieval,82130324,-0.18950097262859344
retrieval,36216249,1.2221804857254028
retrieval,7606191,-0.8129706978797913
retrieval,86681482,1.4676804542541504
retrieval,624967,-1.0043039321899414
retrieval,3757428,-1.28627610206604
retrieval,3724066,1.2026714086532593
retrieval,7644382,-0.9463545083999634
retrieval,22849596,-2.6824119091033936
retrieval,51607043,0.8946898579597473
retrieval,91505226,-0.4185373783111572
retrieval,17348396,0.036705560982227325
retrieval,2846102,-0.6872406601905823
retrieval,76096310,-1.7304092645645142
retrieval,49397244,-3.003103256225586
retrieval,21948213,-1.2472479343414307
retrieval,60907823,-1.0853188037872314
retrieval,544136,-0.0029845903627574444
retrieval,678010,0.30060189962387085
retrieval,42231109,-3.2095463275909424
retrieval,87225637,0.6470381021499634
retrieval,4157099,-1.6959916353225708
retrieval,49808082,-1.7612885236740112
retrieval,14850483,-0.10551828891038895
retrieval,9770743,-1.0105019807815552
retrieval,87281446,-0.6827115416526794
retrieval,21620388,-0.38682684302330017
retrieval,6978422,-0.44833433628082275
retrieval,586105,-1.3768218755722046
retrieval,4480303,-0.1555497944355011
retrieval,67965759,-0.026670731604099274
retrieval,99851645,-1.6193796396255493
retrieval,54064546,-2.651341199874878
retrieval,7765999,-2.3182828426361084
retrieval,91199885,0.3734447956085205
retrieval,13867719,1.4810038805007935
retrieval,57773485,1.6899267435073853
retrieval,91033905,0.5016454458236694
retrieval,1096461,0.736429750919342
retrieval,4480201,-1.38324773311615
retrieval,80437216,0.1277945637702942
retrieval,39691768,-0.5713613033294678
retrieval,21656268,-1.3532905578613281
retrieval,86830045,-0.6837053298950195
retrieval,2713835,-2.4503073692321777
retrieval,76946768,1.633056640625
retrieval,7893891,-1.3487135171890259
retrieval,14360436,-0.3456610143184662
retrieval,15015501,-0.7784733772277832
retrieval,68181180,0.2321568876504898
retrieval,2821627,0.48520949482917786
retrieval,31376751,-0.5506938099861145
retrieval,99564471,-0.21908053755760193
retrieval,21463039,-1.8494954109191895
retrieval,4487894,-1.0443947315216064
retrieval,24632402,-1.1646182537078857
retrieval,3547229,-1.9179154634475708
retrieval,50265406,0.7395310401916504
retrieval,15201505,-0.5695139765739441
retrieval,44580954,0.5890747308731079
retrieval,63910894,1.7442189455032349
retrieval,79586833,-1.3181637525558472
retrieval,15442365,-0.5997022986412048
retrieval,69235296,-0.008020684123039246
retrieval,2398521,-0.9996670484542847
retrieval,7936263,-0.07558584958314896
retrieval,19893872,-1.2134666442871094
retrieval,85042614,-1.3041715621948242
retrieval,64739144,0.2976281940937042
retrieval,3849943,1.5892804861068726
retrieval,26426158,0.27629905939102173
retrieval,1885498,1.075415849685669
retrieval,18401368,-0.7108373045921326
retrieval,7608098,0.4344595968723297
retrieval,26974393,0.18048915266990662
retrieval,36678439,-1.9675623178482056
retrieval,99544942,2.068779945373535
retrieval,65399229,-1.7852790355682373
retrieval,1710747,1.1204551458358765
retrieval,25038436,0.3042372167110443
retrieval,78185209,-0.7082176804542542
retrieval,1068773,-1.243234634399414
retrieval,4410086,-0.9773707389831543
retrieval,5512674,0.2721675634384155
retrieval,824767,0.17555870115756989
retrieval,485450,1.0115482807159424
retrieval,54543301,-2.8037896156311035
retrieval,13275495,-1.1191879510879517
retrieval,103793,0.709106981754303
retrieval,5826451,-0.9907281994819641
retrieval,85078487,0.683819591999054
retrieval,92767283,0.12015392631292343
retrieval,99494847,-2.719088554382324
retrieval,40825299,-0.3456610143184662
retrieval,3821898,-1.6985859870910645
retrieval,87431591,-2.3065526485443115
retrieval,85297162,-2.1512985229492188
retrieval,31595142,1.1898075342178345
retrieval,93221214,-1.7288709878921509
retrieval,81102665,1.5793761014938354
retrieval,3024209,-0.8879410624504089
retrieval,41146010,-2.112384080886841
retrieval,69430945,-1.4823733568191528
retrieval,86012398,-1.4862537384033203
retrieval,43981068,-1.5357755422592163
retrieval,4491545,-3.1860759258270264
retrieval,6722453,-1.9517494440078735
retrieval,15196186,1.5793761014938354
retrieval,50359865,-1.211707592010498
retrieval,7527061,-1.937738060951233
retrieval,8184712,-0.5446282625198364
retrieval,54495173,0.2622385323047638
retrieval,64856142,0.6895990371704102
retrieval,47819321,-1.7300513982772827
retrieval,4412416,-0.4399876296520233
retrieval,79409745,-0.22591906785964966
retrieval,13390857,-1.8176051378250122
retrieval,31825395,-1.1007579565048218
retrieval,32231415,-2.246804714202881
retrieval,10067227,0.10654322803020477
retrieval,7711080,1.2803202867507935
retrieval,39507050,-0.38533031940460205
retrieval,78263913,-1.1281291246414185
retrieval,72059143,-2.8763175010681152
retrieval,78356616,2.029308795928955
retrieval,34776247,-0.9078222513198853
retrieval,36230692,-0.3936493694782257
retrieval,81127,-2.2132322788238525
retrieval,12210338,-1.1541376113891602
retrieval,46885240,-0.126265749335289
retrieval,6222959,-0.11284323781728745
retrieval,14880557,0.10689780116081238
retrieval,86341828,1.9795222282409668
retrieval,285141,0.10399316996335983
retrieval,486490,0.7728204727172852
retrieval,89926787,0.8473840355873108
retrieval,22738759,-1.8949954509735107
retrieval,2923535,-0.560213565826416
retrieval,14647235,-1.9234261512756348
retrieval,43858443,0.8072268962860107
retrieval,46673664,0.30767297744750977
retrieval,7701244,-0.14153233170509338
retrieval,60215376,1.3776215314865112
retrieval,6607809,0.6708973050117493
retrieval,14320813,-1.2026410102844238
retrieval,14488317,0.12827168405056
retrieval,73616417,1.3855997323989868
retrieval,2793684,-1.110136866569519
retrieval,7891189,0.6090614795684814
retrieval,14702875,1.9787837266921997
retrieval,3889343,0.7002831101417542
retrieval,59399259,-0.16048869490623474
retrieval,55826966,0.2134299874305725
retrieval,4534520,1.8575209379196167
retrieval,11039909,-1.9933630228042603
retrieval,2807731,-0.06457620859146118
retrieval,86537356,-0.23606353998184204
retrieval,13221529,-3.8573689460754395
retrieval,3764276,-2.0899856090545654
retrieval,43431032,0.0896141454577446
retrieval,4010305,-0.8361870646476746
retrieval,1640855,-0.6686690449714661
retrieval,4930139,-2.3905866146087646
retrieval,3630383,0.19628959894180298
retrieval,7605282,-2.732501745223999
retrieval,84788890,-0.7135957479476929
retrieval,3411927,-1.9966601133346558
retrieval,4539203,1.317411184310913
retrieval,3152830,-1.4178115129470825
retrieval,4125853,1.864929437637329
retrieval,26998039,-2.114551067352295
retrieval,19855707,2.1070313453674316
retrieval,60668084,-0.4161890745162964
retrieval,77232534,-1.3035917282104492
retrieval,36507085,-1.7300513982772827
retrieval,2045760,-1.6501408815383911
retrieval,2803666,-0.5203726887702942
retrieval,18367104,-0.036723025143146515
retrieval,6615818,-2.3706917762756348
retrieval,14579933,-1.5928107500076294
retrieval,5895919,-1.2170135974884033
retrieval,7601809,3.257457733154297
retrieval,38402744,-2.0152833461761475
retrieval,3628071,-2.1170873641967773
retrieval,3842156,-0.8177710175514221
retrieval,7476105,0.5343611836433411
retrieval,48827342,1.3240352869033813
retrieval,56941290,0.8158223032951355
retrieval,19037841,-0.5780981779098511
retrieval,88788885,-3.5370683670043945
retrieval,83389008,-2.6237947940826416
retrieval,99908103,-0.642946183681488
retrieval,61562267,-1.6804523468017578
retrieval,6879180,1.2225664854049683
retrieval,43203953,0.8837868571281433
retrieval,44361864,0.07497340440750122
retrieval,16022640,-1.8692586421966553
retrieval,4433800,0.08153758198022842
retrieval,7851641,1.7465131282806396
retrieval,3688605,-1.163004755973816
retrieval,47899855,-0.9211124777793884
retrieval,7700964,0.9763863682746887
retrieval,82155858,-1.3461567163467407
retrieval,4362025,0.2976281940937042
retrieval,7285403,-1.2472479343414307
retrieval,71511090,-3.011054277420044
retrieval,13391693,0.07608363777399063
retrieval,50293618,-1.8692586421966553
retrieval,85011553,-0.5061833262443542
retrieval,3144365,-0.9513062238693237
retrieval,14868967,-0.6409021019935608
retrieval,4966017,-0.05452995002269745
retrieval,93743704,0.3352447748184204
retrieval,71143270,2.2742011547088623
retrieval,6036506,-0.47078827023506165
retrieval,13600591,-0.9078222513198853
retrieval,6876309,-3.3961265087127686
retrieval,36482887,0.890038788318634
retrieval,14859622,-0.14808402955532074
retrieval,58005797,0.28220900893211365
retrieval,2403454,0.022814415395259857
retrieval,70819701,-0.5997022986412048
retrieval,26620310,0.5119699239730835
retrieval,1077738,0.8556594252586365
retrieval,11487298,0.34653764963150024
retrieval,29098399,-0.04052627459168434
retrieval,5610008,-2.774351119995117
retrieval,2846874,-0.2517601549625397
retrieval,7897750,0.020229347050189972
retrieval,55048376,-1.8248982429504395
retrieval,14162275,-2.189178228378296
retrieval,46497366,-1.0998440980911255
retrieval,2698769,-1.43003249168396
retrieval,10997768,-0.49488645792007446
retrieval,647270,-1.3976547718048096
retrieval,7678481,-1.5427076816558838
retrieval,9765278,0.39827072620391846
retrieval,1299124,-1.0712298154830933
retrieval,4974340,-0.5348365902900696
retrieval,2963987,1.1266614198684692
retrieval,72940495,-0.30977699160575867
retrieval,24933378,-0.3752535581588745
retrieval,1897406,-1.4624040126800537
retrieval,6714976,0.7989409565925598
retrieval,82282590,-1.6179763078689575
retrieval,4502197,0.006655477453023195
retrieval,48912948,-0.46769005060195923
retrieval,91269024,-0.49623721837997437
retrieval,2799175,1.144973635673523
retrieval,13328357,-1.054224967956543
retrieval,3961070,-0.1947833150625229
retrieval,81632900,-2.650259494781494
retrieval,66378469,-1.8022390604019165
retrieval,15828407,0.48559099435806274
retrieval,54691999,-0.16433072090148926
retrieval,3940713,-0.2755753695964813
retrieval,65089965,-0.23606353998184204
retrieval,48388405,0.6397781372070312
retrieval,86701636,-0.9078222513198853
retrieval,74098561,-0.501623809337616
retrieval,75015224,0.2252936214208603
retrieval,85261781,-2.552186965942383
retrieval,9619452,-1.1568236351013184
retrieval,2694966,-0.3942982256412506
retrieval,9616922,-0.21567928791046143
retrieval,38519053,-0.5735853910446167
retrieval,9635973,-1.0821071863174438
retrieval,1923404,-2.905441999435425
retrieval,40115170,1.583058476448059
retrieval,8049401,-1.6501408815383911
retrieval,4497570,-1.202654242515564
retrieval,47595220,-1.7727731466293335
retrieval,55983905,-0.8151177763938904
retrieval,31114750,-1.1607857942581177
retrieval,1317533,-1.057389497756958
retrieval,32473966,0.0690593346953392
retrieval,9984659,0.7294448614120483
retrieval,1015177,1.5338749885559082
retrieval,3405111,-0.421160489320755
retrieval,75430187,-1.1360260248184204
retrieval,41161074,-0.23606353998184204
retrieval,6616216,0.4105216860771179
retrieval,3819336,-0.3486189842224121
retrieval,2673850,-1.0731045007705688
retrieval,49995613,1.4055355787277222
retrieval,82996616,-1.0318325757980347
retrieval,75948480,0.08464329689741135
retrieval,483935,0.29896125197410583
retrieval,14950983,0.05565401539206505
retrieval,84495450,-1.169661521911621
retrieval,38161491,-2.7485780715942383
retrieval,4363991,1.1226948499679565
retrieval,9541919,0.5119699239730835
retrieval,15371431,-0.13168932497501373
retrieval,4458201,-0.5629095435142517
retrieval,5752544,0.31222787499427795
retrieval,97734389,-1.0951457023620605
retrieval,77227854,-1.6738821268081665
retrieval,4055595,-0.7454708814620972
retrieval,10601537,-0.7441890239715576
retrieval,91790573,-0.6091306805610657
retrieval,45162925,-1.774261713027954
retrieval,47595810,-0.9846316576004028
retrieval,63681270,-2.2656326293945312
retrieval,42580285,-0.16895580291748047
retrieval,16086265,0.7344240546226501
retrieval,94814274,-0.2776434123516083
retrieval,55457672,-1.0876010656356812
retrieval,7592558,2.42276930809021
retrieval,46042889,-0.28239431977272034
retrieval,3412387,0.06862646341323853
retrieval,99192131,-1.2472479343414307
retrieval,3814906,-0.11735454201698303
retrieval,42308760,-1.1601707935333252
retrieval,48996398,0.7749661803245544
retrieval,56028468,1.3150585889816284
retrieval,12548134,1.0161347389221191
retrieval,6298362,-0.5506938099861145
retrieval,2815071,0.7913857698440552
retrieval,69109715,2.035384178161621
retrieval,83652331,0.40782397985458374
retrieval,11398188,-0.9975915551185608
retrieval,6607339,-0.23606353998184204
retrieval,33934454,-0.8473398685455322
retrieval,2606362,1.3936691284179688
retrieval,6770275,-2.8763175010681152
retrieval,7609215,-0.25994864106178284
retrieval,21771453,1.937998652458191
retrieval,11907622,-0.22771485149860382
retrieval,87905267,-0.21652960777282715
retrieval,92769793,1.4864225387573242
retrieval,7926920,1.7847963571548462
retrieval,67763778,-0.9123115539550781
retrieval,7651159,0.3737526834011078
retrieval,31879370,-0.7173983454704285
retrieval,10000459,0.05337611585855484
retrieval,34579649,-0.5004173517227173
retrieval,24808131,-1.936219334602356
retrieval,48656683,-1.8692586421966553
retrieval,47690543,0.2000919133424759
retrieval,1163586,-0.6723943948745728
retrieval,6613686,-1.175512433052063
retrieval,5072911,-0.6200945377349854
retrieval,49119752,-0.8612563014030457
retrieval,28010121,-0.3948143422603607
retrieval,51037710,0.30767297744750977
retrieval,38925075,-0.5321199893951416
retrieval,3044166,-0.4237543046474457
retrieval,3546340,-1.6308506727218628
retrieval,1956125,-0.00018181977793574333
retrieval,45418454,-1.1914805173873901
retrieval,1321854,-0.537860631942749
retrieval,94962994,-0.2536165416240692
retrieval,40945115,-0.055106859654188156
retrieval,87574583,-0.8378143906593323
retrieval,87181736,0.7965905070304871
retrieval,4436542,-1.6124082803726196
retrieval,2819881,0.7293587923049927
retrieval,61786440,-0.44937363266944885
retrieval,1209135,-1.1526051759719849
retrieval,60214770,0.03997687250375748
retrieval,43735560,-1.0496971607208252
retrieval,51060824,-1.3018006086349487
retrieval,3907654,-2.703709840774536
retrieval,6883725,-0.7439995408058167
retrieval,66668538,0.9497074484825134
retrieval,41031648,1.0214861631393433
retrieval,3131388,-0.21343812346458435
retrieval,2870880,-1.2687698602676392
retrieval,62205203,0.07151447981595993
retrieval,79529191,-2.0729763507843018
retrieval,58867248,-1.097994089126587
retrieval,54348944,-0.6420392990112305
runwayml_stable-diffusion-v1-5,7184735,-0.18605230748653412
runwayml_stable-diffusion-v1-5,37287360,-1.5343101024627686
runwayml_stable-diffusion-v1-5,72488427,1.1915631294250488
runwayml_stable-diffusion-v1-5,2253406,2.0668442249298096
runwayml_stable-diffusion-v1-5,86911328,-0.11279916018247604
runwayml_stable-diffusion-v1-5,76822836,-0.28274890780448914
runwayml_stable-diffusion-v1-5,10610850,-1.3710638284683228
runwayml_stable-diffusion-v1-5,96901612,-0.19911225140094757
runwayml_stable-diffusion-v1-5,6474289,-1.793610692024231
runwayml_stable-diffusion-v1-5,13259199,-1.2182073593139648
runwayml_stable-diffusion-v1-5,17594832,-1.6024274826049805
runwayml_stable-diffusion-v1-5,3930630,-1.62896728515625
runwayml_stable-diffusion-v1-5,9737139,-1.164780616760254
runwayml_stable-diffusion-v1-5,71558268,-1.0898420810699463
runwayml_stable-diffusion-v1-5,4415815,-0.8592495322227478
runwayml_stable-diffusion-v1-5,85521631,-1.527755618095398
runwayml_stable-diffusion-v1-5,80670187,-2.4160916805267334
runwayml_stable-diffusion-v1-5,24968164,-1.6037712097167969
runwayml_stable-diffusion-v1-5,91368083,-1.4145110845565796
runwayml_stable-diffusion-v1-5,1557564,-1.4551275968551636
runwayml_stable-diffusion-v1-5,15118935,-2.2514209747314453
runwayml_stable-diffusion-v1-5,79077085,-0.8613836169242859
runwayml_stable-diffusion-v1-5,9641226,-1.3058701753616333
runwayml_stable-diffusion-v1-5,90408067,-1.549726128578186
runwayml_stable-diffusion-v1-5,2200944,0.913666844367981
runwayml_stable-diffusion-v1-5,11596108,-1.6302391290664673
runwayml_stable-diffusion-v1-5,54097107,-1.4377942085266113
runwayml_stable-diffusion-v1-5,3460674,-2.074883222579956
runwayml_stable-diffusion-v1-5,24540150,0.6430562138557434
runwayml_stable-diffusion-v1-5,488051,-1.8246009349822998
runwayml_stable-diffusion-v1-5,55754317,-1.3486956357955933
runwayml_stable-diffusion-v1-5,53461182,0.9575890898704529
runwayml_stable-diffusion-v1-5,3683708,-0.12338153272867203
runwayml_stable-diffusion-v1-5,7114060,0.08563176542520523
runwayml_stable-diffusion-v1-5,5009569,-2.596022844314575
runwayml_stable-diffusion-v1-5,50393099,-1.1952369213104248
runwayml_stable-diffusion-v1-5,75025274,-1.8601435422897339
runwayml_stable-diffusion-v1-5,98263942,-1.7718514204025269
runwayml_stable-diffusion-v1-5,4329477,-0.2344406247138977
runwayml_stable-diffusion-v1-5,12809699,-1.78459894657135
runwayml_stable-diffusion-v1-5,8594517,-0.8761257529258728
runwayml_stable-diffusion-v1-5,34338705,-1.7182590961456299
runwayml_stable-diffusion-v1-5,63098990,-2.2013094425201416
runwayml_stable-diffusion-v1-5,9257913,-1.175517201423645
runwayml_stable-diffusion-v1-5,56112588,-2.550952911376953
runwayml_stable-diffusion-v1-5,5220126,-1.7036010026931763
runwayml_stable-diffusion-v1-5,2936402,-1.418713092803955
runwayml_stable-diffusion-v1-5,36475420,0.6169540882110596
runwayml_stable-diffusion-v1-5,19515288,-0.32505542039871216
runwayml_stable-diffusion-v1-5,1166351,1.0533899068832397
runwayml_stable-diffusion-v1-5,14985383,-2.1383066177368164
runwayml_stable-diffusion-v1-5,9998101,-2.563297748565674
runwayml_stable-diffusion-v1-5,54795501,-0.37043297290802
runwayml_stable-diffusion-v1-5,75361285,-1.2314960956573486
runwayml_stable-diffusion-v1-5,58535713,-2.6401619911193848
runwayml_stable-diffusion-v1-5,52094418,-1.4557116031646729
runwayml_stable-diffusion-v1-5,85986140,-1.5315489768981934
runwayml_stable-diffusion-v1-5,3199775,0.7585752606391907
runwayml_stable-diffusion-v1-5,81076176,-1.8522850275039673
runwayml_stable-diffusion-v1-5,14940750,-0.0784175768494606
runwayml_stable-diffusion-v1-5,82834147,-0.9419692754745483
runwayml_stable-diffusion-v1-5,73195950,-1.9767130613327026
runwayml_stable-diffusion-v1-5,3536761,-0.22741195559501648
runwayml_stable-diffusion-v1-5,10376523,-0.12603573501110077
runwayml_stable-diffusion-v1-5,17701072,-0.4066008925437927
runwayml_stable-diffusion-v1-5,714944,-1.796142339706421
runwayml_stable-diffusion-v1-5,14069505,0.32260942459106445
runwayml_stable-diffusion-v1-5,3045337,-0.5010663866996765
runwayml_stable-diffusion-v1-5,7494363,-1.473713755607605
runwayml_stable-diffusion-v1-5,31934556,-1.2907001972198486
runwayml_stable-diffusion-v1-5,4487724,0.11969544738531113
runwayml_stable-diffusion-v1-5,2932693,-0.5634491443634033
runwayml_stable-diffusion-v1-5,65034633,-0.3089752197265625
runwayml_stable-diffusion-v1-5,94821241,1.4841111898422241
runwayml_stable-diffusion-v1-5,36438401,-0.9929215312004089
runwayml_stable-diffusion-v1-5,66875145,-0.7533642649650574
runwayml_stable-diffusion-v1-5,6456946,-0.8869429230690002
runwayml_stable-diffusion-v1-5,3219135,-0.6518905758857727
runwayml_stable-diffusion-v1-5,19448019,0.06444811820983887
runwayml_stable-diffusion-v1-5,92382877,-1.6105049848556519
runwayml_stable-diffusion-v1-5,13967420,-0.8639473915100098
runwayml_stable-diffusion-v1-5,96443030,-0.07015993446111679
runwayml_stable-diffusion-v1-5,77680875,-1.2885991334915161
runwayml_stable-diffusion-v1-5,39810974,-2.559100389480591
runwayml_stable-diffusion-v1-5,38151096,-0.6833929419517517
runwayml_stable-diffusion-v1-5,4213530,-0.4604240655899048
runwayml_stable-diffusion-v1-5,27461170,0.5934642553329468
runwayml_stable-diffusion-v1-5,2623934,0.7110850811004639
runwayml_stable-diffusion-v1-5,3274768,-0.3883749842643738
runwayml_stable-diffusion-v1-5,29030158,-1.5231364965438843
runwayml_stable-diffusion-v1-5,81469837,-2.017920970916748
runwayml_stable-diffusion-v1-5,13966976,-3.378784656524658
runwayml_stable-diffusion-v1-5,13387209,0.08709164708852768
runwayml_stable-diffusion-v1-5,13205408,-0.0073961238376796246
runwayml_stable-diffusion-v1-5,34498259,-1.4845049381256104
runwayml_stable-diffusion-v1-5,4388743,0.11870286613702774
runwayml_stable-diffusion-v1-5,22593316,-1.5513362884521484
runwayml_stable-diffusion-v1-5,14593563,2.2465720176696777
runwayml_stable-diffusion-v1-5,75673862,-1.6590423583984375
runwayml_stable-diffusion-v1-5,39580855,-2.848496437072754
runwayml_stable-diffusion-v1-5,41974567,1.064856767654419
runwayml_stable-diffusion-v1-5,14235200,-0.8585914969444275
runwayml_stable-diffusion-v1-5,2432395,2.190444231033325
runwayml_stable-diffusion-v1-5,27260875,-0.7978329062461853
runwayml_stable-diffusion-v1-5,7494682,-1.4082165956497192
runwayml_stable-diffusion-v1-5,32274534,-2.017484426498413
runwayml_stable-diffusion-v1-5,81640167,-2.083106756210327
runwayml_stable-diffusion-v1-5,18501838,-0.14402452111244202
runwayml_stable-diffusion-v1-5,10439851,0.07374898344278336
runwayml_stable-diffusion-v1-5,46499270,-3.3043534755706787
runwayml_stable-diffusion-v1-5,87250686,0.8197510242462158
runwayml_stable-diffusion-v1-5,63853621,-1.1726980209350586
runwayml_stable-diffusion-v1-5,53528715,-2.0125465393066406
runwayml_stable-diffusion-v1-5,11479816,-1.059686541557312
runwayml_stable-diffusion-v1-5,98321543,-1.851554274559021
runwayml_stable-diffusion-v1-5,32716209,-2.9749813079833984
runwayml_stable-diffusion-v1-5,7626405,0.7888218760490417
runwayml_stable-diffusion-v1-5,98146114,0.1825094372034073
runwayml_stable-diffusion-v1-5,371264,0.850554883480072
runwayml_stable-diffusion-v1-5,19209314,1.7766062021255493
runwayml_stable-diffusion-v1-5,67051864,-2.6481258869171143
runwayml_stable-diffusion-v1-5,12661598,-0.20134960114955902
runwayml_stable-diffusion-v1-5,76829628,-0.8915445804595947
runwayml_stable-diffusion-v1-5,8627670,0.974005937576294
runwayml_stable-diffusion-v1-5,11499510,-3.3775718212127686
runwayml_stable-diffusion-v1-5,22447452,-1.4424654245376587
runwayml_stable-diffusion-v1-5,7851767,1.0099972486495972
runwayml_stable-diffusion-v1-5,25579216,-1.7300536632537842
runwayml_stable-diffusion-v1-5,73522979,1.1745442152023315
runwayml_stable-diffusion-v1-5,27115748,-1.5217424631118774
runwayml_stable-diffusion-v1-5,28128492,-1.8797752857208252
runwayml_stable-diffusion-v1-5,3478907,-1.2098538875579834
runwayml_stable-diffusion-v1-5,6613580,0.9806495308876038
runwayml_stable-diffusion-v1-5,2224660,-0.7071396708488464
runwayml_stable-diffusion-v1-5,4165409,2.029918670654297
runwayml_stable-diffusion-v1-5,84000199,-0.2890920341014862
runwayml_stable-diffusion-v1-5,84160141,-1.9235577583312988
runwayml_stable-diffusion-v1-5,51966699,2.202827215194702
runwayml_stable-diffusion-v1-5,6336537,-2.3489856719970703
runwayml_stable-diffusion-v1-5,89572944,-1.939029574394226
runwayml_stable-diffusion-v1-5,48035175,0.03012501448392868
runwayml_stable-diffusion-v1-5,81435593,-2.614980697631836
runwayml_stable-diffusion-v1-5,79312149,1.1013730764389038
runwayml_stable-diffusion-v1-5,7933530,-0.5380345582962036
runwayml_stable-diffusion-v1-5,485262,-2.0716288089752197
runwayml_stable-diffusion-v1-5,98882867,-1.4415689706802368
runwayml_stable-diffusion-v1-5,96971306,-0.34673231840133667
runwayml_stable-diffusion-v1-5,7854348,0.4881417751312256
runwayml_stable-diffusion-v1-5,48389459,-1.1247141361236572
runwayml_stable-diffusion-v1-5,98564059,-0.48638713359832764
runwayml_stable-diffusion-v1-5,15014170,-0.5563941597938538
runwayml_stable-diffusion-v1-5,76318112,-1.7745524644851685
runwayml_stable-diffusion-v1-5,71851174,-2.2371954917907715
runwayml_stable-diffusion-v1-5,30418571,-1.4235146045684814
runwayml_stable-diffusion-v1-5,51495568,-1.363812804222107
runwayml_stable-diffusion-v1-5,41690969,-2.4689650535583496
runwayml_stable-diffusion-v1-5,14797746,-2.0764858722686768
runwayml_stable-diffusion-v1-5,9875353,-0.639382004737854
runwayml_stable-diffusion-v1-5,825773,-0.6094380617141724
runwayml_stable-diffusion-v1-5,1459530,1.0598530769348145
runwayml_stable-diffusion-v1-5,7745320,-0.5959145426750183
runwayml_stable-diffusion-v1-5,24226097,-0.5548162460327148
runwayml_stable-diffusion-v1-5,5728577,-2.0912904739379883
runwayml_stable-diffusion-v1-5,28037874,-0.12092309445142746
runwayml_stable-diffusion-v1-5,7896287,0.6787829995155334
runwayml_stable-diffusion-v1-5,7308563,-2.386254072189331
runwayml_stable-diffusion-v1-5,99433727,-2.29581356048584
runwayml_stable-diffusion-v1-5,4329228,-0.9268841743469238
runwayml_stable-diffusion-v1-5,37656580,-0.19803227484226227
runwayml_stable-diffusion-v1-5,69489691,-1.9306238889694214
runwayml_stable-diffusion-v1-5,35440114,-0.7374899983406067
runwayml_stable-diffusion-v1-5,7606278,-1.3168377876281738
runwayml_stable-diffusion-v1-5,14055408,-2.504577398300171
runwayml_stable-diffusion-v1-5,51637192,1.4039274454116821
runwayml_stable-diffusion-v1-5,15097017,0.29877740144729614
runwayml_stable-diffusion-v1-5,73042567,-0.7462472319602966
runwayml_stable-diffusion-v1-5,19360552,-1.0938773155212402
runwayml_stable-diffusion-v1-5,10538013,-0.22991377115249634
runwayml_stable-diffusion-v1-5,58214747,-0.8520736694335938
runwayml_stable-diffusion-v1-5,98264020,-0.6793229579925537
runwayml_stable-diffusion-v1-5,64699836,-0.8966678977012634
runwayml_stable-diffusion-v1-5,58166071,-2.451247453689575
runwayml_stable-diffusion-v1-5,607374,-0.23108257353305817
runwayml_stable-diffusion-v1-5,6805497,-1.9639222621917725
runwayml_stable-diffusion-v1-5,4217882,-1.0532082319259644
runwayml_stable-diffusion-v1-5,3416363,0.027117758989334106
runwayml_stable-diffusion-v1-5,21695521,-1.1097058057785034
runwayml_stable-diffusion-v1-5,33545002,-2.4086179733276367
runwayml_stable-diffusion-v1-5,10582154,0.6904737949371338
runwayml_stable-diffusion-v1-5,7700638,-1.3147732019424438
runwayml_stable-diffusion-v1-5,34306534,-2.4401869773864746
runwayml_stable-diffusion-v1-5,33820273,-0.5624549388885498
runwayml_stable-diffusion-v1-5,30994712,-0.8488929867744446
runwayml_stable-diffusion-v1-5,11565040,-0.7812095880508423
runwayml_stable-diffusion-v1-5,3116942,1.094436526298523
runwayml_stable-diffusion-v1-5,72705984,-1.954725742340088
runwayml_stable-diffusion-v1-5,10026763,-2.3188729286193848
runwayml_stable-diffusion-v1-5,10086074,-1.9082707166671753
runwayml_stable-diffusion-v1-5,1740320,-0.9637562036514282
runwayml_stable-diffusion-v1-5,69075643,-3.6162502765655518
runwayml_stable-diffusion-v1-5,66542088,0.06734230369329453
runwayml_stable-diffusion-v1-5,18622788,-3.0537939071655273
runwayml_stable-diffusion-v1-5,3548101,0.0063455780036747456
runwayml_stable-diffusion-v1-5,3199142,-1.3446674346923828
runwayml_stable-diffusion-v1-5,81762434,-1.2746598720550537
runwayml_stable-diffusion-v1-5,4387400,-1.4124118089675903
runwayml_stable-diffusion-v1-5,63945402,-1.2299237251281738
runwayml_stable-diffusion-v1-5,23780056,1.440108299255371
runwayml_stable-diffusion-v1-5,74270052,-0.5432456731796265
runwayml_stable-diffusion-v1-5,73429626,0.2794255316257477
runwayml_stable-diffusion-v1-5,69249201,0.08457484096288681
runwayml_stable-diffusion-v1-5,3004146,-0.7071428894996643
runwayml_stable-diffusion-v1-5,62909520,-2.0269603729248047
runwayml_stable-diffusion-v1-5,85299115,0.1165991872549057
runwayml_stable-diffusion-v1-5,82615970,-2.5131211280822754
runwayml_stable-diffusion-v1-5,10229193,-2.889681100845337
runwayml_stable-diffusion-v1-5,4061793,0.7593894600868225
runwayml_stable-diffusion-v1-5,16462831,-2.6448287963867188
runwayml_stable-diffusion-v1-5,4056299,-1.6463526487350464
runwayml_stable-diffusion-v1-5,94104639,1.0787919759750366
runwayml_stable-diffusion-v1-5,7891726,-1.82196843624115
runwayml_stable-diffusion-v1-5,2857920,1.2306158542633057
runwayml_stable-diffusion-v1-5,13389194,-0.8168128132820129
runwayml_stable-diffusion-v1-5,10105633,-0.7638723850250244
runwayml_stable-diffusion-v1-5,76891298,0.27968937158584595
runwayml_stable-diffusion-v1-5,20128079,-1.1551836729049683
runwayml_stable-diffusion-v1-5,32149858,-1.7248821258544922
runwayml_stable-diffusion-v1-5,57299376,-2.652270555496216
runwayml_stable-diffusion-v1-5,73162128,-1.3602802753448486
runwayml_stable-diffusion-v1-5,39139190,-1.4612797498703003
runwayml_stable-diffusion-v1-5,61343731,-1.3610745668411255
runwayml_stable-diffusion-v1-5,71659888,1.7043979167938232
runwayml_stable-diffusion-v1-5,3222176,-1.4615538120269775
runwayml_stable-diffusion-v1-5,49773931,-0.8963180184364319
runwayml_stable-diffusion-v1-5,7853946,-1.2647759914398193
runwayml_stable-diffusion-v1-5,485998,-0.9842140674591064
runwayml_stable-diffusion-v1-5,10012874,-2.089477300643921
runwayml_stable-diffusion-v1-5,14959644,-2.858210325241089
runwayml_stable-diffusion-v1-5,13391610,-0.12851651012897491
runwayml_stable-diffusion-v1-5,2319482,-2.4803214073181152
runwayml_stable-diffusion-v1-5,4970059,-0.9299127459526062
runwayml_stable-diffusion-v1-5,82130324,-4.252281665802002
runwayml_stable-diffusion-v1-5,78718927,-2.848477840423584
runwayml_stable-diffusion-v1-5,491689,-2.0430002212524414
runwayml_stable-diffusion-v1-5,10677713,-0.794512927532196
runwayml_stable-diffusion-v1-5,2752311,-0.1254470944404602
runwayml_stable-diffusion-v1-5,86681482,-0.4619559347629547
runwayml_stable-diffusion-v1-5,9775663,-1.8609517812728882
runwayml_stable-diffusion-v1-5,84208735,-0.7519177794456482
runwayml_stable-diffusion-v1-5,87249315,-1.1732134819030762
runwayml_stable-diffusion-v1-5,49518121,1.3281145095825195
runwayml_stable-diffusion-v1-5,12432877,-0.01623101904988289
runwayml_stable-diffusion-v1-5,15219452,1.3291722536087036
runwayml_stable-diffusion-v1-5,78890307,-1.3968926668167114
runwayml_stable-diffusion-v1-5,69865883,-1.0909327268600464
runwayml_stable-diffusion-v1-5,7508232,-0.8381205797195435
runwayml_stable-diffusion-v1-5,89685338,-0.9099746346473694
runwayml_stable-diffusion-v1-5,63237683,-1.363455891609192
runwayml_stable-diffusion-v1-5,60528590,-1.8702996969223022
runwayml_stable-diffusion-v1-5,50262859,-0.7742957472801208
runwayml_stable-diffusion-v1-5,7896422,-1.04688560962677
runwayml_stable-diffusion-v1-5,50141716,-2.4734811782836914
runwayml_stable-diffusion-v1-5,43485023,-1.2697181701660156
runwayml_stable-diffusion-v1-5,7853445,-0.3219773769378662
runwayml_stable-diffusion-v1-5,17814035,-2.0414485931396484
runwayml_stable-diffusion-v1-5,880046,-1.7964555025100708
runwayml_stable-diffusion-v1-5,7844042,-0.43445295095443726
runwayml_stable-diffusion-v1-5,45921619,-0.6582832932472229
runwayml_stable-diffusion-v1-5,7408086,-2.7818603515625
runwayml_stable-diffusion-v1-5,8630985,-2.116847038269043
runwayml_stable-diffusion-v1-5,13884740,-1.9106658697128296
runwayml_stable-diffusion-v1-5,220522,-0.23686270415782928
runwayml_stable-diffusion-v1-5,10640620,1.49735689163208
runwayml_stable-diffusion-v1-5,5219561,-1.4482483863830566
runwayml_stable-diffusion-v1-5,89771331,0.23984304070472717
runwayml_stable-diffusion-v1-5,16105868,-0.34070125222206116
runwayml_stable-diffusion-v1-5,545501,0.06114831566810608
runwayml_stable-diffusion-v1-5,43590819,2.4619622230529785
runwayml_stable-diffusion-v1-5,30665601,1.4898892641067505
runwayml_stable-diffusion-v1-5,22767176,-1.6624349355697632
runwayml_stable-diffusion-v1-5,6617644,-1.721274495124817
runwayml_stable-diffusion-v1-5,47287419,-1.0493905544281006
runwayml_stable-diffusion-v1-5,14867690,-3.062100648880005
runwayml_stable-diffusion-v1-5,4274985,0.21075044572353363
runwayml_stable-diffusion-v1-5,5805475,-1.339195966720581
runwayml_stable-diffusion-v1-5,36054100,-2.9875473976135254
runwayml_stable-diffusion-v1-5,65824677,-2.326730489730835
runwayml_stable-diffusion-v1-5,1290869,-0.688582181930542
runwayml_stable-diffusion-v1-5,13192307,-1.5360194444656372
runwayml_stable-diffusion-v1-5,485632,-0.815305769443512
runwayml_stable-diffusion-v1-5,6254007,-1.2537330389022827
runwayml_stable-diffusion-v1-5,41015844,-1.1896698474884033
runwayml_stable-diffusion-v1-5,7186148,1.4699331521987915
runwayml_stable-diffusion-v1-5,67944254,-1.3813188076019287
runwayml_stable-diffusion-v1-5,7025268,-1.4535374641418457
runwayml_stable-diffusion-v1-5,10189731,-2.2675833702087402
runwayml_stable-diffusion-v1-5,44814556,-1.1747585535049438
runwayml_stable-diffusion-v1-5,7526757,-1.9423373937606812
runwayml_stable-diffusion-v1-5,79585985,0.984458327293396
runwayml_stable-diffusion-v1-5,7927197,0.39934802055358887
runwayml_stable-diffusion-v1-5,3884554,-0.7244563102722168
runwayml_stable-diffusion-v1-5,63950415,-0.6186509132385254
runwayml_stable-diffusion-v1-5,86856521,-2.487917184829712
runwayml_stable-diffusion-v1-5,825443,-0.887345016002655
runwayml_stable-diffusion-v1-5,90997357,-0.7311304211616516
runwayml_stable-diffusion-v1-5,9090192,-1.406286358833313
runwayml_stable-diffusion-v1-5,30373565,0.8900470733642578
runwayml_stable-diffusion-v1-5,15533742,-0.6600162982940674
runwayml_stable-diffusion-v1-5,17954709,-2.745546340942383
runwayml_stable-diffusion-v1-5,56542691,-1.5347764492034912
runwayml_stable-diffusion-v1-5,78168308,-1.3984520435333252
runwayml_stable-diffusion-v1-5,14360436,-2.864621162414551
runwayml_stable-diffusion-v1-5,15015501,-1.6217578649520874
runwayml_stable-diffusion-v1-5,28654865,-2.009070634841919
runwayml_stable-diffusion-v1-5,55514503,-1.2849602699279785
runwayml_stable-diffusion-v1-5,2176470,-1.2290719747543335
runwayml_stable-diffusion-v1-5,21538563,-0.9314497113227844
runwayml_stable-diffusion-v1-5,72079822,-0.2267318218946457
runwayml_stable-diffusion-v1-5,41100734,-1.7583955526351929
runwayml_stable-diffusion-v1-5,83225359,-2.0993525981903076
runwayml_stable-diffusion-v1-5,15014529,-0.16404905915260315
runwayml_stable-diffusion-v1-5,3818090,-2.4457638263702393
runwayml_stable-diffusion-v1-5,15442365,-2.4862396717071533
runwayml_stable-diffusion-v1-5,73428772,-1.1263309717178345
runwayml_stable-diffusion-v1-5,22563507,-1.6452875137329102
runwayml_stable-diffusion-v1-5,2955767,-0.5174867510795593
runwayml_stable-diffusion-v1-5,3057021,-1.2062690258026123
runwayml_stable-diffusion-v1-5,22583412,-0.23506207764148712
runwayml_stable-diffusion-v1-5,51731167,0.43164902925491333
runwayml_stable-diffusion-v1-5,55818275,0.07045765221118927
runwayml_stable-diffusion-v1-5,98510130,0.1472407728433609
runwayml_stable-diffusion-v1-5,487617,-1.8611475229263306
runwayml_stable-diffusion-v1-5,70653159,-0.31572452187538147
runwayml_stable-diffusion-v1-5,3479502,-0.00964142382144928
runwayml_stable-diffusion-v1-5,93514151,-3.0227367877960205
runwayml_stable-diffusion-v1-5,95404859,-1.0859689712524414
runwayml_stable-diffusion-v1-5,65399229,-0.08637472242116928
runwayml_stable-diffusion-v1-5,13392896,-0.30096495151519775
runwayml_stable-diffusion-v1-5,1710747,-0.8513171076774597
runwayml_stable-diffusion-v1-5,2718811,0.9163546562194824
runwayml_stable-diffusion-v1-5,61901552,1.7260942459106445
runwayml_stable-diffusion-v1-5,6793577,-0.81791752576828
runwayml_stable-diffusion-v1-5,7702193,-1.99228036403656
runwayml_stable-diffusion-v1-5,42849420,-0.4728221893310547
runwayml_stable-diffusion-v1-5,19712493,-0.9560196399688721
runwayml_stable-diffusion-v1-5,2385002,-1.8152498006820679
runwayml_stable-diffusion-v1-5,49843278,-1.6076959371566772
runwayml_stable-diffusion-v1-5,14904359,-1.3014951944351196
runwayml_stable-diffusion-v1-5,4371225,1.4042601585388184
runwayml_stable-diffusion-v1-5,35689566,-0.8629397749900818
runwayml_stable-diffusion-v1-5,4968895,-2.451202392578125
runwayml_stable-diffusion-v1-5,85078487,-1.3235105276107788
runwayml_stable-diffusion-v1-5,49899659,-0.5024693608283997
runwayml_stable-diffusion-v1-5,46857165,-1.218967318534851
runwayml_stable-diffusion-v1-5,5915034,-0.2532574534416199
runwayml_stable-diffusion-v1-5,35113465,-3.9848647117614746
runwayml_stable-diffusion-v1-5,34188247,-1.1233724355697632
runwayml_stable-diffusion-v1-5,18640511,-2.391880989074707
runwayml_stable-diffusion-v1-5,10108276,2.0129756927490234
runwayml_stable-diffusion-v1-5,93221214,-0.43698757886886597
runwayml_stable-diffusion-v1-5,3024209,1.1300785541534424
runwayml_stable-diffusion-v1-5,44632349,0.7458229660987854
runwayml_stable-diffusion-v1-5,7605474,-1.3579503297805786
runwayml_stable-diffusion-v1-5,11133677,-1.7326226234436035
runwayml_stable-diffusion-v1-5,2946769,-1.9378873109817505
runwayml_stable-diffusion-v1-5,8339939,-1.3630833625793457
runwayml_stable-diffusion-v1-5,94344159,-2.315948486328125
runwayml_stable-diffusion-v1-5,92311656,0.0326962023973465
runwayml_stable-diffusion-v1-5,15196186,-1.4729218482971191
runwayml_stable-diffusion-v1-5,2530421,-0.9221203923225403
runwayml_stable-diffusion-v1-5,486358,-0.5541848540306091
runwayml_stable-diffusion-v1-5,56790490,-1.8497731685638428
runwayml_stable-diffusion-v1-5,50802430,-1.396777629852295
runwayml_stable-diffusion-v1-5,71251394,-1.5811203718185425
runwayml_stable-diffusion-v1-5,94407686,-1.378220558166504
runwayml_stable-diffusion-v1-5,36770506,-2.385810136795044
runwayml_stable-diffusion-v1-5,36389327,-1.4069479703903198
runwayml_stable-diffusion-v1-5,19977132,-1.0235822200775146
runwayml_stable-diffusion-v1-5,3990474,-0.4192252457141876
runwayml_stable-diffusion-v1-5,33431670,-2.621526002883911
runwayml_stable-diffusion-v1-5,17416999,-1.0479319095611572
runwayml_stable-diffusion-v1-5,2852523,-1.2081257104873657
runwayml_stable-diffusion-v1-5,14355060,-2.148193359375
runwayml_stable-diffusion-v1-5,7891095,1.3246222734451294
runwayml_stable-diffusion-v1-5,38003730,-0.10971811413764954
runwayml_stable-diffusion-v1-5,58187581,-1.4632848501205444
runwayml_stable-diffusion-v1-5,7899976,3.0590524673461914
runwayml_stable-diffusion-v1-5,1510930,-1.0066206455230713
runwayml_stable-diffusion-v1-5,53443611,-1.4490219354629517
runwayml_stable-diffusion-v1-5,4025130,-2.2158830165863037
runwayml_stable-diffusion-v1-5,13392786,0.8609633445739746
runwayml_stable-diffusion-v1-5,68321683,-0.7779362797737122
runwayml_stable-diffusion-v1-5,91784299,-0.28042080998420715
runwayml_stable-diffusion-v1-5,14647235,-2.5539917945861816
runwayml_stable-diffusion-v1-5,708860,2.2171831130981445
runwayml_stable-diffusion-v1-5,43858443,1.1117299795150757
runwayml_stable-diffusion-v1-5,14807929,-2.2220396995544434
runwayml_stable-diffusion-v1-5,7933274,-0.8215636610984802
runwayml_stable-diffusion-v1-5,55588327,-1.0542913675308228
runwayml_stable-diffusion-v1-5,9862621,-0.7997794151306152
runwayml_stable-diffusion-v1-5,283090,-0.8204178810119629
runwayml_stable-diffusion-v1-5,99410560,-0.9262177348136902
runwayml_stable-diffusion-v1-5,14488317,-1.8862789869308472
runwayml_stable-diffusion-v1-5,73616417,-1.4675288200378418
runwayml_stable-diffusion-v1-5,6617413,2.257296562194824
runwayml_stable-diffusion-v1-5,14894140,-1.5663214921951294
runwayml_stable-diffusion-v1-5,7116261,-1.2788666486740112
runwayml_stable-diffusion-v1-5,4534520,-1.5976425409317017
runwayml_stable-diffusion-v1-5,49462954,-1.4128884077072144
runwayml_stable-diffusion-v1-5,3728318,-1.371764063835144
runwayml_stable-diffusion-v1-5,95228839,-3.234170913696289
runwayml_stable-diffusion-v1-5,2744395,-3.577225685119629
runwayml_stable-diffusion-v1-5,90493027,-1.656474232673645
runwayml_stable-diffusion-v1-5,44645737,-0.7261149883270264
runwayml_stable-diffusion-v1-5,3298716,-0.4055663049221039
runwayml_stable-diffusion-v1-5,89227603,0.9578251242637634
runwayml_stable-diffusion-v1-5,99185892,-2.6918015480041504
runwayml_stable-diffusion-v1-5,10453357,-1.8699649572372437
runwayml_stable-diffusion-v1-5,81135077,-2.362171173095703
runwayml_stable-diffusion-v1-5,56121520,0.47838422656059265
runwayml_stable-diffusion-v1-5,29703209,-1.3343299627304077
runwayml_stable-diffusion-v1-5,61853324,-0.6853328347206116
runwayml_stable-diffusion-v1-5,52711595,-1.8788059949874878
runwayml_stable-diffusion-v1-5,48223384,-1.7169888019561768
runwayml_stable-diffusion-v1-5,45297641,-2.5302278995513916
runwayml_stable-diffusion-v1-5,34578737,2.9486212730407715
runwayml_stable-diffusion-v1-5,4123448,-1.0186083316802979
runwayml_stable-diffusion-v1-5,29632917,-0.9745073318481445
runwayml_stable-diffusion-v1-5,3580281,-0.42829716205596924
runwayml_stable-diffusion-v1-5,57785005,-2.1030564308166504
runwayml_stable-diffusion-v1-5,53288018,-0.4508841633796692
runwayml_stable-diffusion-v1-5,65411270,-1.3589330911636353
runwayml_stable-diffusion-v1-5,14703190,-1.968121886253357
runwayml_stable-diffusion-v1-5,4832208,-1.850451111793518
runwayml_stable-diffusion-v1-5,40861993,-1.5672051906585693
runwayml_stable-diffusion-v1-5,7892813,-1.5157501697540283
runwayml_stable-diffusion-v1-5,61302824,-1.2567756175994873
runwayml_stable-diffusion-v1-5,9892156,-0.8554612398147583
runwayml_stable-diffusion-v1-5,76941385,-2.5482442378997803
runwayml_stable-diffusion-v1-5,5515790,-0.9543260931968689
runwayml_stable-diffusion-v1-5,2770293,0.49087369441986084
runwayml_stable-diffusion-v1-5,956907,-2.2705914974212646
runwayml_stable-diffusion-v1-5,7699914,1.051251769065857
runwayml_stable-diffusion-v1-5,8779702,0.9053183197975159
runwayml_stable-diffusion-v1-5,43203953,-1.134979486465454
runwayml_stable-diffusion-v1-5,80669291,-2.3471479415893555
runwayml_stable-diffusion-v1-5,48347827,-1.729861855506897
runwayml_stable-diffusion-v1-5,9885769,-1.6160664558410645
runwayml_stable-diffusion-v1-5,9274305,-2.6089601516723633
runwayml_stable-diffusion-v1-5,83997911,-1.7553642988204956
runwayml_stable-diffusion-v1-5,54978020,-0.6952503323554993
runwayml_stable-diffusion-v1-5,2723292,-1.8194338083267212
runwayml_stable-diffusion-v1-5,81181761,-2.7721705436706543
runwayml_stable-diffusion-v1-5,5866162,-0.16695357859134674
runwayml_stable-diffusion-v1-5,76247527,-1.975172758102417
runwayml_stable-diffusion-v1-5,82705943,-2.7661826610565186
runwayml_stable-diffusion-v1-5,4180069,-2.396005868911743
runwayml_stable-diffusion-v1-5,69878887,-0.9112882614135742
runwayml_stable-diffusion-v1-5,255450,2.164881706237793
runwayml_stable-diffusion-v1-5,10106387,0.45315971970558167
runwayml_stable-diffusion-v1-5,11975369,-1.8429832458496094
runwayml_stable-diffusion-v1-5,74126430,0.5453857183456421
runwayml_stable-diffusion-v1-5,7608533,1.5879932641983032
runwayml_stable-diffusion-v1-5,16357258,0.8597633838653564
runwayml_stable-diffusion-v1-5,68054709,-0.8876832723617554
runwayml_stable-diffusion-v1-5,6880533,-2.428035259246826
runwayml_stable-diffusion-v1-5,45421933,-2.2483789920806885
runwayml_stable-diffusion-v1-5,85011553,0.7344213724136353
runwayml_stable-diffusion-v1-5,7626174,0.595726490020752
runwayml_stable-diffusion-v1-5,78742128,-1.370773196220398
runwayml_stable-diffusion-v1-5,93743704,-1.6815910339355469
runwayml_stable-diffusion-v1-5,66937882,-0.9224299788475037
runwayml_stable-diffusion-v1-5,8192506,1.6403650045394897
runwayml_stable-diffusion-v1-5,37212578,-1.691873550415039
runwayml_stable-diffusion-v1-5,13968859,-0.7752014398574829
runwayml_stable-diffusion-v1-5,36482887,0.2908465266227722
runwayml_stable-diffusion-v1-5,56755003,-1.6338378190994263
runwayml_stable-diffusion-v1-5,26620310,-1.3904606103897095
runwayml_stable-diffusion-v1-5,92328638,-2.25565505027771
runwayml_stable-diffusion-v1-5,1077738,-0.6874812841415405
runwayml_stable-diffusion-v1-5,11487298,-3.1795661449432373
runwayml_stable-diffusion-v1-5,33248075,-2.2450196743011475
runwayml_stable-diffusion-v1-5,29098399,-1.661608099937439
runwayml_stable-diffusion-v1-5,14807737,-2.1547796726226807
runwayml_stable-diffusion-v1-5,14110674,-1.336322546005249
runwayml_stable-diffusion-v1-5,13389105,-0.17840011417865753
runwayml_stable-diffusion-v1-5,7625493,0.4102262854576111
runwayml_stable-diffusion-v1-5,5753379,-1.6656817197799683
runwayml_stable-diffusion-v1-5,54143054,-0.5357555150985718
runwayml_stable-diffusion-v1-5,9542170,-1.0521191358566284
runwayml_stable-diffusion-v1-5,7893425,0.8597991466522217
runwayml_stable-diffusion-v1-5,2293715,-1.6491577625274658
runwayml_stable-diffusion-v1-5,4532106,0.45516252517700195
runwayml_stable-diffusion-v1-5,2166561,-1.4722787141799927
runwayml_stable-diffusion-v1-5,43281009,0.09995396435260773
runwayml_stable-diffusion-v1-5,66384979,1.8761311769485474
runwayml_stable-diffusion-v1-5,42716545,-2.533402919769287
runwayml_stable-diffusion-v1-5,43562326,0.5935596227645874
runwayml_stable-diffusion-v1-5,98265163,-0.09474612027406693
runwayml_stable-diffusion-v1-5,75712061,-0.5067717432975769
runwayml_stable-diffusion-v1-5,6624161,-1.834509015083313
runwayml_stable-diffusion-v1-5,90076481,1.2788218259811401
runwayml_stable-diffusion-v1-5,1774173,-2.870244026184082
runwayml_stable-diffusion-v1-5,39662169,0.40841108560562134
runwayml_stable-diffusion-v1-5,21740972,-1.1810450553894043
runwayml_stable-diffusion-v1-5,14618728,0.7855611443519592
runwayml_stable-diffusion-v1-5,7601686,1.1891975402832031
runwayml_stable-diffusion-v1-5,3744276,-0.9052110314369202
runwayml_stable-diffusion-v1-5,89324515,-0.9426255822181702
runwayml_stable-diffusion-v1-5,64339767,0.751872181892395
runwayml_stable-diffusion-v1-5,7854614,0.8694214224815369
runwayml_stable-diffusion-v1-5,81171971,-1.3296762704849243
runwayml_stable-diffusion-v1-5,54691999,0.1825372725725174
runwayml_stable-diffusion-v1-5,26635762,-3.2235257625579834
runwayml_stable-diffusion-v1-5,63172132,-2.4328877925872803
runwayml_stable-diffusion-v1-5,89137457,-1.0217007398605347
runwayml_stable-diffusion-v1-5,13392229,-3.4072823524475098
runwayml_stable-diffusion-v1-5,85606720,-1.222055196762085
runwayml_stable-diffusion-v1-5,3718581,-0.5445573925971985
runwayml_stable-diffusion-v1-5,2694966,1.7352303266525269
runwayml_stable-diffusion-v1-5,16412314,-1.0398797988891602
runwayml_stable-diffusion-v1-5,7062697,1.2099913358688354
runwayml_stable-diffusion-v1-5,39654468,-1.1327062845230103
runwayml_stable-diffusion-v1-5,95572157,-1.1858030557632446
runwayml_stable-diffusion-v1-5,26312477,-0.44363850355148315
runwayml_stable-diffusion-v1-5,61348818,-0.011780783534049988
runwayml_stable-diffusion-v1-5,3456447,-0.4549650251865387
runwayml_stable-diffusion-v1-5,3049457,1.1246150732040405
runwayml_stable-diffusion-v1-5,32152786,0.5447857975959778
runwayml_stable-diffusion-v1-5,4497570,0.5496893525123596
runwayml_stable-diffusion-v1-5,31114750,-2.264756917953491
runwayml_stable-diffusion-v1-5,77490593,-2.0253212451934814
runwayml_stable-diffusion-v1-5,14090568,-1.9106930494308472
runwayml_stable-diffusion-v1-5,3594734,0.21925213932991028
runwayml_stable-diffusion-v1-5,81525186,-2.469212293624878
runwayml_stable-diffusion-v1-5,28969978,-1.9403923749923706
runwayml_stable-diffusion-v1-5,88663611,-1.4390957355499268
runwayml_stable-diffusion-v1-5,14362373,-1.3421294689178467
runwayml_stable-diffusion-v1-5,59367810,-0.639032244682312
runwayml_stable-diffusion-v1-5,3339643,-1.6015592813491821
runwayml_stable-diffusion-v1-5,2245443,-0.25641560554504395
runwayml_stable-diffusion-v1-5,53434555,-1.3302114009857178
runwayml_stable-diffusion-v1-5,8570466,-1.7171287536621094
runwayml_stable-diffusion-v1-5,33980197,-1.570149540901184
runwayml_stable-diffusion-v1-5,4233715,-0.13051949441432953
runwayml_stable-diffusion-v1-5,9541919,-1.2552491426467896
runwayml_stable-diffusion-v1-5,7606764,-0.7550877928733826
runwayml_stable-diffusion-v1-5,10744544,-1.7562023401260376
runwayml_stable-diffusion-v1-5,44648248,1.5196342468261719
runwayml_stable-diffusion-v1-5,94558280,-0.29446691274642944
runwayml_stable-diffusion-v1-5,35201778,-0.7140970230102539
runwayml_stable-diffusion-v1-5,74080467,1.0999201536178589
runwayml_stable-diffusion-v1-5,1043989,-0.20906226336956024
runwayml_stable-diffusion-v1-5,57279759,0.16109953820705414
runwayml_stable-diffusion-v1-5,99225282,-0.511620044708252
runwayml_stable-diffusion-v1-5,95266403,0.2236190289258957
runwayml_stable-diffusion-v1-5,5391540,-1.3462647199630737
runwayml_stable-diffusion-v1-5,7036307,-2.001476526260376
runwayml_stable-diffusion-v1-5,40778139,-1.613958716392517
runwayml_stable-diffusion-v1-5,76924152,0.5340507626533508
runwayml_stable-diffusion-v1-5,91790573,-0.7502046227455139
runwayml_stable-diffusion-v1-5,16117581,-0.6712183356285095
runwayml_stable-diffusion-v1-5,4773351,-2.061570167541504
runwayml_stable-diffusion-v1-5,77690389,-1.9060436487197876
runwayml_stable-diffusion-v1-5,6190060,-0.31184279918670654
runwayml_stable-diffusion-v1-5,53715983,-0.19241292774677277
runwayml_stable-diffusion-v1-5,1708106,-1.2509270906448364
runwayml_stable-diffusion-v1-5,20096360,-0.133982315659523
runwayml_stable-diffusion-v1-5,4203837,-2.577816963195801
runwayml_stable-diffusion-v1-5,10419047,-1.1869111061096191
runwayml_stable-diffusion-v1-5,23476300,-1.4631882905960083
runwayml_stable-diffusion-v1-5,93157521,-0.5025930404663086
runwayml_stable-diffusion-v1-5,31493339,-1.6544369459152222
runwayml_stable-diffusion-v1-5,3412387,1.1305561065673828
runwayml_stable-diffusion-v1-5,30278247,-0.16333641111850739
runwayml_stable-diffusion-v1-5,57084629,-1.7377432584762573
runwayml_stable-diffusion-v1-5,3814906,0.6278740167617798
runwayml_stable-diffusion-v1-5,88052163,0.6406476497650146
runwayml_stable-diffusion-v1-5,12548134,-0.5048232078552246
runwayml_stable-diffusion-v1-5,5980412,-1.1202473640441895
runwayml_stable-diffusion-v1-5,69109715,-0.19390137493610382
runwayml_stable-diffusion-v1-5,43440566,-1.8271111249923706
runwayml_stable-diffusion-v1-5,98195317,-1.4130878448486328
runwayml_stable-diffusion-v1-5,94667740,-2.2351362705230713
runwayml_stable-diffusion-v1-5,7274890,-0.12883849442005157
runwayml_stable-diffusion-v1-5,14966192,-0.48998770117759705
runwayml_stable-diffusion-v1-5,69620463,-1.9518102407455444
runwayml_stable-diffusion-v1-5,1243809,-0.1627071350812912
runwayml_stable-diffusion-v1-5,37907772,-1.9361611604690552
runwayml_stable-diffusion-v1-5,41194080,0.42374902963638306
runwayml_stable-diffusion-v1-5,5722208,-1.1584219932556152
runwayml_stable-diffusion-v1-5,6271778,-0.8935679793357849
runwayml_stable-diffusion-v1-5,484802,-0.9348372220993042
runwayml_stable-diffusion-v1-5,1105639,-1.2294188737869263
runwayml_stable-diffusion-v1-5,831191,-2.4094085693359375
runwayml_stable-diffusion-v1-5,91368797,-0.2622149586677551
runwayml_stable-diffusion-v1-5,2896442,-2.1370561122894287
runwayml_stable-diffusion-v1-5,7701457,0.5456851124763489
runwayml_stable-diffusion-v1-5,57619150,-1.0068329572677612
runwayml_stable-diffusion-v1-5,68004969,0.7575307488441467
runwayml_stable-diffusion-v1-5,51037710,0.017315782606601715
runwayml_stable-diffusion-v1-5,95345193,-0.7288311719894409
runwayml_stable-diffusion-v1-5,1321854,-0.3213106691837311
runwayml_stable-diffusion-v1-5,43776767,-1.860237956047058
runwayml_stable-diffusion-v1-5,30823361,-0.44393646717071533
runwayml_stable-diffusion-v1-5,25674759,-0.04710690304636955
runwayml_stable-diffusion-v1-5,11914464,-2.7189018726348877
runwayml_stable-diffusion-v1-5,11796913,-0.8561062812805176
runwayml_stable-diffusion-v1-5,49358811,-1.6519397497177124
runwayml_stable-diffusion-v1-5,65403185,-0.014045722782611847
runwayml_stable-diffusion-v1-5,14864255,-0.2848120927810669
runwayml_stable-diffusion-v1-5,25685207,-0.6023256778717041
runwayml_stable-diffusion-v1-5,93256557,0.08472152799367905
runwayml_stable-diffusion-v1-5,1516071,-0.5872583985328674
runwayml_stable-diffusion-v1-5,55658809,0.6384835243225098
runwayml_stable-diffusion-v1-5,717468,-0.4686679244041443
runwayml_stable-diffusion-v1-5,31196176,-1.5786148309707642
runwayml_stable-diffusion-v1-5,99211012,1.083578109741211
runwayml_stable-diffusion-v1-5,14550987,-2.674649715423584
runwayml_stable-diffusion-v1-5,75964288,-0.6923515200614929
runwayml_stable-diffusion-v1-5,64576544,1.0601898431777954
runwayml_stable-diffusion-v1-5,37319253,-1.9046834707260132
runwayml_stable-diffusion-v1-5,66668538,1.0428833961486816
runwayml_stable-diffusion-v1-5,41031648,-0.8850696682929993
runwayml_stable-diffusion-v1-5,73600586,-1.1996833086013794
runwayml_stable-diffusion-v1-5,53815934,-1.0460387468338013
runwayml_stable-diffusion-v1-5,232386,-1.5781394243240356
runwayml_stable-diffusion-v1-5,4291069,-0.22975283861160278
runwayml_stable-diffusion-v1-5,22467740,-1.298270583152771
runwayml_stable-diffusion-v1-5,62205203,-0.7382516860961914
runwayml_stable-diffusion-v1-5,79529191,-2.6610777378082275
runwayml_stable-diffusion-v1-5,38571796,0.12341900914907455
runwayml_stable-diffusion-v1-5,78049139,-1.1826754808425903
runwayml_stable-diffusion-v1-5,2916684,-1.8367096185684204
runwayml_stable-diffusion-v1-5,50698900,-0.4662143588066101
runwayml_stable-diffusion-v1-5,32797481,0.3532535135746002
stabilityai_sdxl-turbo,70121854,0.40372294187545776
stabilityai_sdxl-turbo,57259399,0.37424516677856445
stabilityai_sdxl-turbo,93010875,-1.3949931859970093
stabilityai_sdxl-turbo,13392688,1.369541883468628
stabilityai_sdxl-turbo,66341213,-2.6119303703308105
stabilityai_sdxl-turbo,15152261,-1.1064746379852295
stabilityai_sdxl-turbo,2870293,1.080588698387146
stabilityai_sdxl-turbo,13259199,-0.7885638475418091
stabilityai_sdxl-turbo,17594832,-0.2860890328884125
stabilityai_sdxl-turbo,60083345,-0.80510014295578
stabilityai_sdxl-turbo,15022776,-1.5789992809295654
stabilityai_sdxl-turbo,8386365,-0.49122270941734314
stabilityai_sdxl-turbo,74945811,2.189171314239502
stabilityai_sdxl-turbo,38846472,-1.323065161705017
stabilityai_sdxl-turbo,27162825,-3.2089405059814453
stabilityai_sdxl-turbo,937656,-0.8575641512870789
stabilityai_sdxl-turbo,7841907,1.1750998497009277
stabilityai_sdxl-turbo,15118935,0.10891557484865189
stabilityai_sdxl-turbo,12765032,-2.7120981216430664
stabilityai_sdxl-turbo,82966115,-0.28467583656311035
stabilityai_sdxl-turbo,2200944,-1.159237265586853
stabilityai_sdxl-turbo,4952601,-3.3028533458709717
stabilityai_sdxl-turbo,7665308,-0.0032812277786433697
stabilityai_sdxl-turbo,58167568,-0.10132866352796555
stabilityai_sdxl-turbo,6474122,0.5513303279876709
stabilityai_sdxl-turbo,95633809,-1.0003952980041504
stabilityai_sdxl-turbo,10628644,0.42410069704055786
stabilityai_sdxl-turbo,52037255,0.42499369382858276
stabilityai_sdxl-turbo,2758490,1.4752811193466187
stabilityai_sdxl-turbo,81457802,0.7672240138053894
stabilityai_sdxl-turbo,16049131,1.4999672174453735
stabilityai_sdxl-turbo,1312908,0.3950210213661194
stabilityai_sdxl-turbo,5070849,-2.875739812850952
stabilityai_sdxl-turbo,7609728,-1.080885648727417
stabilityai_sdxl-turbo,12809699,0.9828882813453674
stabilityai_sdxl-turbo,1156438,-0.816012442111969
stabilityai_sdxl-turbo,12401335,0.3379494845867157
stabilityai_sdxl-turbo,9257913,1.1601840257644653
stabilityai_sdxl-turbo,82696415,-1.7038185596466064
stabilityai_sdxl-turbo,5220126,-1.6937127113342285
stabilityai_sdxl-turbo,2936402,0.2896849513053894
stabilityai_sdxl-turbo,39400372,0.020655468106269836
stabilityai_sdxl-turbo,34554780,0.3020992875099182
stabilityai_sdxl-turbo,65016379,-1.967260718345642
stabilityai_sdxl-turbo,7448038,1.3823930025100708
stabilityai_sdxl-turbo,55721052,-0.0988076701760292
stabilityai_sdxl-turbo,88253150,-2.24202823638916
stabilityai_sdxl-turbo,37721350,1.7955583333969116
stabilityai_sdxl-turbo,74537896,-1.9851577281951904
stabilityai_sdxl-turbo,32343429,-0.3209590017795563
stabilityai_sdxl-turbo,49334008,0.17377765476703644
stabilityai_sdxl-turbo,20889077,-0.9436191320419312
stabilityai_sdxl-turbo,7626602,-1.1790060997009277
stabilityai_sdxl-turbo,14940750,-0.23071473836898804
stabilityai_sdxl-turbo,82834147,1.574022889137268
stabilityai_sdxl-turbo,7834065,-1.9566317796707153
stabilityai_sdxl-turbo,15835830,-1.5447945594787598
stabilityai_sdxl-turbo,95130364,-0.9844922423362732
stabilityai_sdxl-turbo,35804096,-0.5209375619888306
stabilityai_sdxl-turbo,57842875,-0.4578084349632263
stabilityai_sdxl-turbo,14320394,-0.24551768600940704
stabilityai_sdxl-turbo,5250659,-0.0627099797129631
stabilityai_sdxl-turbo,3619890,1.8744333982467651
stabilityai_sdxl-turbo,7609316,-0.16823828220367432
stabilityai_sdxl-turbo,3045337,-0.904740035533905
stabilityai_sdxl-turbo,13279426,0.9519556164741516
stabilityai_sdxl-turbo,4490091,0.17933164536952972
stabilityai_sdxl-turbo,69685564,-0.22120337188243866
stabilityai_sdxl-turbo,4487724,-0.7261583209037781
stabilityai_sdxl-turbo,12402348,-1.150132417678833
stabilityai_sdxl-turbo,77503341,0.49009376764297485
stabilityai_sdxl-turbo,29975194,-0.1663997620344162
stabilityai_sdxl-turbo,43650371,0.6868698596954346
stabilityai_sdxl-turbo,3258049,0.1831497997045517
stabilityai_sdxl-turbo,76154140,-1.0065845251083374
stabilityai_sdxl-turbo,41619575,-0.24955131113529205
stabilityai_sdxl-turbo,51793864,-0.7910997271537781
stabilityai_sdxl-turbo,18447630,0.13075123727321625
stabilityai_sdxl-turbo,9735258,-0.2137524038553238
stabilityai_sdxl-turbo,11423471,-1.9868444204330444
stabilityai_sdxl-turbo,48970167,1.2169724702835083
stabilityai_sdxl-turbo,192356,-1.8325085639953613
stabilityai_sdxl-turbo,77680875,-0.48151344060897827
stabilityai_sdxl-turbo,8472890,0.21226824820041656
stabilityai_sdxl-turbo,65705448,0.5454010367393494
stabilityai_sdxl-turbo,96455769,-2.7457523345947266
stabilityai_sdxl-turbo,14551986,-0.48880308866500854
stabilityai_sdxl-turbo,2912065,0.10438001900911331
stabilityai_sdxl-turbo,27461170,-0.9302570819854736
stabilityai_sdxl-turbo,4171629,1.269593596458435
stabilityai_sdxl-turbo,7892418,2.2813262939453125
stabilityai_sdxl-turbo,85416199,-1.6039509773254395
stabilityai_sdxl-turbo,59976859,0.05522511899471283
stabilityai_sdxl-turbo,31348886,0.05584031343460083
stabilityai_sdxl-turbo,3236759,0.6314577460289001
stabilityai_sdxl-turbo,1922303,-2.8698055744171143
stabilityai_sdxl-turbo,35029437,-1.0583373308181763
stabilityai_sdxl-turbo,61652790,-0.5559355020523071
stabilityai_sdxl-turbo,34498259,1.1012462377548218
stabilityai_sdxl-turbo,64288087,1.3614134788513184
stabilityai_sdxl-turbo,12424941,-1.117343783378601
stabilityai_sdxl-turbo,32902730,0.6178565621376038
stabilityai_sdxl-turbo,73029800,1.7625068426132202
stabilityai_sdxl-turbo,67244313,-0.214971661567688
stabilityai_sdxl-turbo,99915098,1.321435570716858
stabilityai_sdxl-turbo,2766320,2.311016321182251
stabilityai_sdxl-turbo,51946990,1.6933954954147339
stabilityai_sdxl-turbo,10794014,0.3832661509513855
stabilityai_sdxl-turbo,61274500,1.88738214969635
stabilityai_sdxl-turbo,24942232,-0.7626944184303284
stabilityai_sdxl-turbo,63106505,-0.8513368964195251
stabilityai_sdxl-turbo,59354649,0.8745583891868591
stabilityai_sdxl-turbo,27260875,-0.2928968667984009
stabilityai_sdxl-turbo,89412195,0.9527788162231445
stabilityai_sdxl-turbo,13716686,0.9083691239356995
stabilityai_sdxl-turbo,92894740,-1.057225227355957
stabilityai_sdxl-turbo,4259202,0.08506922423839569
stabilityai_sdxl-turbo,40203106,-0.21000342071056366
stabilityai_sdxl-turbo,81640167,-0.3010847866535187
stabilityai_sdxl-turbo,18501838,2.0029735565185547
stabilityai_sdxl-turbo,46789729,-2.3500800132751465
stabilityai_sdxl-turbo,6731697,-1.5428141355514526
stabilityai_sdxl-turbo,63777550,-1.213489294052124
stabilityai_sdxl-turbo,14551822,1.0982210636138916
stabilityai_sdxl-turbo,1387164,-2.5852134227752686
stabilityai_sdxl-turbo,7599068,-0.1512652337551117
stabilityai_sdxl-turbo,7665146,-1.7632910013198853
stabilityai_sdxl-turbo,8473173,-0.4097638428211212
stabilityai_sdxl-turbo,7244154,-0.22437788546085358
stabilityai_sdxl-turbo,16191851,-0.01809380203485489
stabilityai_sdxl-turbo,43077160,-0.8329622149467468
stabilityai_sdxl-turbo,15213484,-0.7350682616233826
stabilityai_sdxl-turbo,3666591,-0.38127201795578003
stabilityai_sdxl-turbo,10780632,-0.5350720286369324
stabilityai_sdxl-turbo,7851298,-1.1970431804656982
stabilityai_sdxl-turbo,4550184,1.1952528953552246
stabilityai_sdxl-turbo,4379243,1.5239146947860718
stabilityai_sdxl-turbo,165789,-1.321735143661499
stabilityai_sdxl-turbo,14872697,-2.7889838218688965
stabilityai_sdxl-turbo,64612139,0.26549941301345825
stabilityai_sdxl-turbo,76829628,0.21043792366981506
stabilityai_sdxl-turbo,1141593,-0.724043607711792
stabilityai_sdxl-turbo,32665487,0.4779113233089447
stabilityai_sdxl-turbo,1855948,-0.33594679832458496
stabilityai_sdxl-turbo,88509060,1.279905915260315
stabilityai_sdxl-turbo,73522979,0.06432079523801804
stabilityai_sdxl-turbo,16732049,0.36045581102371216
stabilityai_sdxl-turbo,1705841,-1.65989351272583
stabilityai_sdxl-turbo,4165409,-0.8438137173652649
stabilityai_sdxl-turbo,9281914,-1.6179288625717163
stabilityai_sdxl-turbo,66294261,-0.4693233072757721
stabilityai_sdxl-turbo,61637220,-1.8622779846191406
stabilityai_sdxl-turbo,13222985,-0.3967716097831726
stabilityai_sdxl-turbo,2991302,2.39324951171875
stabilityai_sdxl-turbo,1642924,-0.726336658000946
stabilityai_sdxl-turbo,96827878,-1.976792335510254
stabilityai_sdxl-turbo,38012732,-0.29354894161224365
stabilityai_sdxl-turbo,51218463,0.48751428723335266
stabilityai_sdxl-turbo,60637264,-1.0627728700637817
stabilityai_sdxl-turbo,10630188,0.8475055694580078
stabilityai_sdxl-turbo,98564059,-0.49193301796913147
stabilityai_sdxl-turbo,14938382,-1.5624363422393799
stabilityai_sdxl-turbo,15014170,-2.389238119125366
stabilityai_sdxl-turbo,14902141,-2.610980272293091
stabilityai_sdxl-turbo,70593078,1.084757924079895
stabilityai_sdxl-turbo,2614949,-1.573269248008728
stabilityai_sdxl-turbo,13317638,1.8244761228561401
stabilityai_sdxl-turbo,63774943,1.0155757665634155
stabilityai_sdxl-turbo,66340585,0.7715765833854675
stabilityai_sdxl-turbo,4105893,-1.9782263040542603
stabilityai_sdxl-turbo,43197590,-1.2217661142349243
stabilityai_sdxl-turbo,60793599,0.304443359375
stabilityai_sdxl-turbo,27824763,1.4788190126419067
stabilityai_sdxl-turbo,2470709,0.22466041147708893
stabilityai_sdxl-turbo,99433727,-2.2159576416015625
stabilityai_sdxl-turbo,4247440,1.9189540147781372
stabilityai_sdxl-turbo,3065708,-0.12729831039905548
stabilityai_sdxl-turbo,37656580,-2.8429782390594482
stabilityai_sdxl-turbo,40995095,-1.078871726989746
stabilityai_sdxl-turbo,16700063,-1.764998435974121
stabilityai_sdxl-turbo,19005748,-0.5923393964767456
stabilityai_sdxl-turbo,74999178,-1.1346501111984253
stabilityai_sdxl-turbo,48282825,-0.484048068523407
stabilityai_sdxl-turbo,85624540,-0.5534890294075012
stabilityai_sdxl-turbo,41458919,-1.2314831018447876
stabilityai_sdxl-turbo,8465312,-2.2227959632873535
stabilityai_sdxl-turbo,24401688,-0.4719240069389343
stabilityai_sdxl-turbo,5855125,-1.0610194206237793
stabilityai_sdxl-turbo,73042567,0.9762519001960754
stabilityai_sdxl-turbo,21571856,-1.1291005611419678
stabilityai_sdxl-turbo,73284705,1.0331255197525024
stabilityai_sdxl-turbo,27367849,0.6724539399147034
stabilityai_sdxl-turbo,15161872,1.265170693397522
stabilityai_sdxl-turbo,62887285,0.5276115536689758
stabilityai_sdxl-turbo,537942,-2.62446665763855
stabilityai_sdxl-turbo,24268213,-1.5665440559387207
stabilityai_sdxl-turbo,14294568,0.9830307364463806
stabilityai_sdxl-turbo,82534981,2.5692825317382812
stabilityai_sdxl-turbo,11855090,0.06896219402551651
stabilityai_sdxl-turbo,84079487,1.9709409475326538
stabilityai_sdxl-turbo,7853345,-0.6525710225105286
stabilityai_sdxl-turbo,6805497,0.10259687155485153
stabilityai_sdxl-turbo,3416363,1.2148832082748413
stabilityai_sdxl-turbo,87439749,-1.0961074829101562
stabilityai_sdxl-turbo,64911420,-2.402942419052124
stabilityai_sdxl-turbo,66528669,1.5996716022491455
stabilityai_sdxl-turbo,1711160,0.2636706829071045
stabilityai_sdxl-turbo,13390626,2.138108730316162
stabilityai_sdxl-turbo,34380618,-0.35780805349349976
stabilityai_sdxl-turbo,14359952,-0.012959741055965424
stabilityai_sdxl-turbo,34306534,-0.3120046854019165
stabilityai_sdxl-turbo,14225759,-1.6036055088043213
stabilityai_sdxl-turbo,7914128,0.4849419593811035
stabilityai_sdxl-turbo,14960972,0.681002140045166
stabilityai_sdxl-turbo,33483882,-0.17357316613197327
stabilityai_sdxl-turbo,50682545,-0.2721039056777954
stabilityai_sdxl-turbo,43992178,0.9397337436676025
stabilityai_sdxl-turbo,36327363,-1.0600014925003052
stabilityai_sdxl-turbo,65029270,2.1360461711883545
stabilityai_sdxl-turbo,90435129,0.4430030584335327
stabilityai_sdxl-turbo,33682023,-1.2096139192581177
stabilityai_sdxl-turbo,13389949,1.0475696325302124
stabilityai_sdxl-turbo,81762434,0.4951224625110626
stabilityai_sdxl-turbo,13649361,1.0852104425430298
stabilityai_sdxl-turbo,48754831,1.255525827407837
stabilityai_sdxl-turbo,20796384,1.893357515335083
stabilityai_sdxl-turbo,74270052,-0.3344388008117676
stabilityai_sdxl-turbo,92597610,-0.4540502429008484
stabilityai_sdxl-turbo,85299115,-2.240631103515625
stabilityai_sdxl-turbo,43631801,-1.6597381830215454
stabilityai_sdxl-turbo,10229193,-0.20364771783351898
stabilityai_sdxl-turbo,20033016,-0.517181932926178
stabilityai_sdxl-turbo,4056299,-0.6558446288108826
stabilityai_sdxl-turbo,46397247,-0.8658077716827393
stabilityai_sdxl-turbo,7609632,1.5015584230422974
stabilityai_sdxl-turbo,40944352,1.0710070133209229
stabilityai_sdxl-turbo,5914591,0.8471593260765076
stabilityai_sdxl-turbo,28230803,0.1332055628299713
stabilityai_sdxl-turbo,2901259,-1.50564706325531
stabilityai_sdxl-turbo,20128079,-0.9476719498634338
stabilityai_sdxl-turbo,87277380,1.119891881942749
stabilityai_sdxl-turbo,58031482,-1.1368993520736694
stabilityai_sdxl-turbo,71917417,-0.2454446405172348
stabilityai_sdxl-turbo,31601201,-1.224743127822876
stabilityai_sdxl-turbo,66684809,-0.18141987919807434
stabilityai_sdxl-turbo,58727024,-3.098710298538208
stabilityai_sdxl-turbo,61343731,1.1492198705673218
stabilityai_sdxl-turbo,18324134,-0.9563894867897034
stabilityai_sdxl-turbo,4532504,-0.6949129700660706
stabilityai_sdxl-turbo,60282819,-1.9462487697601318
stabilityai_sdxl-turbo,99544808,1.2192500829696655
stabilityai_sdxl-turbo,17691476,1.173446536064148
stabilityai_sdxl-turbo,10677713,-0.3335207402706146
stabilityai_sdxl-turbo,27817707,2.33469295501709
stabilityai_sdxl-turbo,49518121,-0.2205309122800827
stabilityai_sdxl-turbo,7644382,-1.4026881456375122
stabilityai_sdxl-turbo,63642508,0.8616293668746948
stabilityai_sdxl-turbo,62053601,-1.7848705053329468
stabilityai_sdxl-turbo,6615026,0.8413894176483154
stabilityai_sdxl-turbo,75418473,0.7255539298057556
stabilityai_sdxl-turbo,1578182,-1.5922479629516602
stabilityai_sdxl-turbo,79200528,-0.013227894902229309
stabilityai_sdxl-turbo,7605198,-0.9474595189094543
stabilityai_sdxl-turbo,85923129,0.8582675457000732
stabilityai_sdxl-turbo,91982540,-1.504278540611267
stabilityai_sdxl-turbo,14693733,-2.44977068901062
stabilityai_sdxl-turbo,544136,2.1381075382232666
stabilityai_sdxl-turbo,13500605,-1.751242995262146
stabilityai_sdxl-turbo,3070702,1.025619626045227
stabilityai_sdxl-turbo,59363769,-0.0525166392326355
stabilityai_sdxl-turbo,4545984,0.8740865588188171
stabilityai_sdxl-turbo,25758816,0.8401801586151123
stabilityai_sdxl-turbo,2689748,-0.2691733241081238
stabilityai_sdxl-turbo,75212198,-2.818443775177002
stabilityai_sdxl-turbo,35345342,-0.22892512381076813
stabilityai_sdxl-turbo,21620388,0.780818521976471
stabilityai_sdxl-turbo,5219561,-0.9509866833686829
stabilityai_sdxl-turbo,7650449,-0.5154516696929932
stabilityai_sdxl-turbo,81508604,0.060907572507858276
stabilityai_sdxl-turbo,14807410,-1.2737125158309937
stabilityai_sdxl-turbo,840609,-0.6050041317939758
stabilityai_sdxl-turbo,2630739,1.0131409168243408
stabilityai_sdxl-turbo,31132598,1.6395267248153687
stabilityai_sdxl-turbo,67704163,0.3609825074672699
stabilityai_sdxl-turbo,10155222,-0.4450601041316986
stabilityai_sdxl-turbo,52797535,-0.37655022740364075
stabilityai_sdxl-turbo,18900674,-1.72764253616333
stabilityai_sdxl-turbo,65824677,-2.5682551860809326
stabilityai_sdxl-turbo,2856463,-0.4004089832305908
stabilityai_sdxl-turbo,13867719,-1.9150904417037964
stabilityai_sdxl-turbo,3884554,-3.4070444107055664
stabilityai_sdxl-turbo,180883,-1.0382635593414307
stabilityai_sdxl-turbo,36068346,-0.20373524725437164
stabilityai_sdxl-turbo,39691768,1.308485507965088
stabilityai_sdxl-turbo,42702048,1.0611647367477417
stabilityai_sdxl-turbo,14938907,-1.044447422027588
stabilityai_sdxl-turbo,93471574,0.44975996017456055
stabilityai_sdxl-turbo,53122992,-1.6746952533721924
stabilityai_sdxl-turbo,55690771,1.5177851915359497
stabilityai_sdxl-turbo,17787250,0.21716783940792084
stabilityai_sdxl-turbo,7853648,-1.3757363557815552
stabilityai_sdxl-turbo,75054673,-1.722106695175171
stabilityai_sdxl-turbo,71624738,-1.3483220338821411
stabilityai_sdxl-turbo,4522421,-1.5125776529312134
stabilityai_sdxl-turbo,23787339,-2.707437515258789
stabilityai_sdxl-turbo,13929477,-0.5668837428092957
stabilityai_sdxl-turbo,3103904,2.6777853965759277
stabilityai_sdxl-turbo,6683359,1.1553163528442383
stabilityai_sdxl-turbo,4382334,0.4648129642009735
stabilityai_sdxl-turbo,9438466,-1.2476742267608643
stabilityai_sdxl-turbo,429034,0.6930460333824158
stabilityai_sdxl-turbo,7782475,1.2634812593460083
stabilityai_sdxl-turbo,3903733,1.2538270950317383
stabilityai_sdxl-turbo,50546712,-2.400146961212158
stabilityai_sdxl-turbo,15208162,-0.9841399788856506
stabilityai_sdxl-turbo,55818275,0.024605201557278633
stabilityai_sdxl-turbo,10106452,-1.3817954063415527
stabilityai_sdxl-turbo,487617,1.214394211769104
stabilityai_sdxl-turbo,5151088,0.654362678527832
stabilityai_sdxl-turbo,83847695,0.5215946435928345
stabilityai_sdxl-turbo,13243466,1.6215884685516357
stabilityai_sdxl-turbo,29147423,-0.17412994801998138
stabilityai_sdxl-turbo,11840099,0.9327753186225891
stabilityai_sdxl-turbo,1885498,-1.4958099126815796
stabilityai_sdxl-turbo,36678439,-1.1629472970962524
stabilityai_sdxl-turbo,40551537,1.1338918209075928
stabilityai_sdxl-turbo,4826591,0.21030250191688538
stabilityai_sdxl-turbo,2082190,1.2870906591415405
stabilityai_sdxl-turbo,3386544,-1.1860016584396362
stabilityai_sdxl-turbo,1669070,-0.6930663585662842
stabilityai_sdxl-turbo,4106111,0.9933870434761047
stabilityai_sdxl-turbo,14504726,-0.4060855805873871
stabilityai_sdxl-turbo,10547145,0.1957886815071106
stabilityai_sdxl-turbo,4410086,1.053266167640686
stabilityai_sdxl-turbo,14960090,-0.3211626708507538
stabilityai_sdxl-turbo,16050724,-0.3696410059928894
stabilityai_sdxl-turbo,7702193,0.36764490604400635
stabilityai_sdxl-turbo,14531890,0.3103330731391907
stabilityai_sdxl-turbo,42849420,0.024519093334674835
stabilityai_sdxl-turbo,74367745,1.0782511234283447
stabilityai_sdxl-turbo,92553495,1.0253132581710815
stabilityai_sdxl-turbo,3636649,2.1448352336883545
stabilityai_sdxl-turbo,4371225,-0.5368335843086243
stabilityai_sdxl-turbo,15889050,0.5510795712471008
stabilityai_sdxl-turbo,41766391,1.5395691394805908
stabilityai_sdxl-turbo,74059424,1.3913781642913818
stabilityai_sdxl-turbo,89778555,-0.08643723279237747
stabilityai_sdxl-turbo,4058096,-0.49096840620040894
stabilityai_sdxl-turbo,35689566,0.11992273479700089
stabilityai_sdxl-turbo,89480722,0.2768092453479767
stabilityai_sdxl-turbo,3456665,-1.2510409355163574
stabilityai_sdxl-turbo,40825299,-0.3899661600589752
stabilityai_sdxl-turbo,46810925,-1.0601190328598022
stabilityai_sdxl-turbo,97037039,-1.5339313745498657
stabilityai_sdxl-turbo,93221214,0.7814105153083801
stabilityai_sdxl-turbo,30124155,-2.71267032623291
stabilityai_sdxl-turbo,76454881,-0.10002050548791885
stabilityai_sdxl-turbo,27381501,-0.5707001090049744
stabilityai_sdxl-turbo,16066597,0.921040415763855
stabilityai_sdxl-turbo,7666406,-1.4561272859573364
stabilityai_sdxl-turbo,3545150,-0.43901747465133667
stabilityai_sdxl-turbo,11133677,0.7342546582221985
stabilityai_sdxl-turbo,40412908,-0.5222440958023071
stabilityai_sdxl-turbo,79307342,-0.6505362391471863
stabilityai_sdxl-turbo,43060946,-0.42495137453079224
stabilityai_sdxl-turbo,14638412,0.16929154098033905
stabilityai_sdxl-turbo,4491545,-0.09663069993257523
stabilityai_sdxl-turbo,46883635,-0.8702163696289062
stabilityai_sdxl-turbo,92311656,-0.9762755036354065
stabilityai_sdxl-turbo,2839592,2.3055126667022705
stabilityai_sdxl-turbo,5239589,-2.4906511306762695
stabilityai_sdxl-turbo,6277025,-0.7446746826171875
stabilityai_sdxl-turbo,24727544,-1.3151627779006958
stabilityai_sdxl-turbo,7106113,-0.7281531691551208
stabilityai_sdxl-turbo,72806155,2.4128293991088867
stabilityai_sdxl-turbo,76698014,-0.4864225387573242
stabilityai_sdxl-turbo,80371125,-1.335768461227417
stabilityai_sdxl-turbo,10067227,-3.516254425048828
stabilityai_sdxl-turbo,4154340,-0.9695889353752136
stabilityai_sdxl-turbo,7921455,-0.6492210030555725
stabilityai_sdxl-turbo,30923499,1.1421561241149902
stabilityai_sdxl-turbo,3596787,-0.22268164157867432
stabilityai_sdxl-turbo,2715513,0.5057094097137451
stabilityai_sdxl-turbo,12852206,-1.233534336090088
stabilityai_sdxl-turbo,34442775,-0.576796293258667
stabilityai_sdxl-turbo,15063493,-2.363041877746582
stabilityai_sdxl-turbo,33877584,2.0521621704101562
stabilityai_sdxl-turbo,97380146,-2.2417690753936768
stabilityai_sdxl-turbo,3989665,0.2812259793281555
stabilityai_sdxl-turbo,717640,0.6473489999771118
stabilityai_sdxl-turbo,6584891,-2.3959789276123047
stabilityai_sdxl-turbo,41565779,-0.4492068290710449
stabilityai_sdxl-turbo,95325441,-0.7338456511497498
stabilityai_sdxl-turbo,14686352,-0.7290713787078857
stabilityai_sdxl-turbo,43304323,-0.006808939855545759
stabilityai_sdxl-turbo,2923535,-0.03685064613819122
stabilityai_sdxl-turbo,76066166,1.312965989112854
stabilityai_sdxl-turbo,708860,0.003382876981049776
stabilityai_sdxl-turbo,38014258,-1.3158104419708252
stabilityai_sdxl-turbo,3107488,0.7305395007133484
stabilityai_sdxl-turbo,14807929,-0.16379298269748688
stabilityai_sdxl-turbo,46673664,-1.8890355825424194
stabilityai_sdxl-turbo,55588327,1.2879215478897095
stabilityai_sdxl-turbo,79918827,0.3122884929180145
stabilityai_sdxl-turbo,2730265,-1.6102688312530518
stabilityai_sdxl-turbo,10198409,-1.7888489961624146
stabilityai_sdxl-turbo,75787772,0.22661715745925903
stabilityai_sdxl-turbo,283090,-0.7785499691963196
stabilityai_sdxl-turbo,50871471,1.2632687091827393
stabilityai_sdxl-turbo,3889343,-2.1267547607421875
stabilityai_sdxl-turbo,20782430,-2.065164804458618
stabilityai_sdxl-turbo,1377758,-1.4065334796905518
stabilityai_sdxl-turbo,192051,-1.8277114629745483
stabilityai_sdxl-turbo,34773230,-0.35639724135398865
stabilityai_sdxl-turbo,2807731,0.2147916704416275
stabilityai_sdxl-turbo,2744395,-0.4311838150024414
stabilityai_sdxl-turbo,50952217,-2.8557703495025635
stabilityai_sdxl-turbo,90493027,1.5360636711120605
stabilityai_sdxl-turbo,92068094,0.19653616845607758
stabilityai_sdxl-turbo,61388266,-1.5751290321350098
stabilityai_sdxl-turbo,83084473,0.48910844326019287
stabilityai_sdxl-turbo,75051801,0.08747916668653488
stabilityai_sdxl-turbo,4010305,1.754996657371521
stabilityai_sdxl-turbo,995855,-1.9740978479385376
stabilityai_sdxl-turbo,445169,-1.3982466459274292
stabilityai_sdxl-turbo,11417672,-0.6766390800476074
stabilityai_sdxl-turbo,71959499,0.1648159623146057
stabilityai_sdxl-turbo,4140340,1.3597763776779175
stabilityai_sdxl-turbo,14632648,-0.5094895362854004
stabilityai_sdxl-turbo,82916016,-0.8961553573608398
stabilityai_sdxl-turbo,7854266,-0.2753235995769501
stabilityai_sdxl-turbo,5522784,-1.2854844331741333
stabilityai_sdxl-turbo,61627313,-0.402683287858963
stabilityai_sdxl-turbo,5794797,-1.7374862432479858
stabilityai_sdxl-turbo,29703209,-0.48228928446769714
stabilityai_sdxl-turbo,43153800,-0.20006369054317474
stabilityai_sdxl-turbo,57673976,-1.3365955352783203
stabilityai_sdxl-turbo,26998039,0.2765698730945587
stabilityai_sdxl-turbo,2720725,0.3238292634487152
stabilityai_sdxl-turbo,2852043,0.9041929841041565
stabilityai_sdxl-turbo,1727942,0.7972192168235779
stabilityai_sdxl-turbo,2075049,-0.8065159320831299
stabilityai_sdxl-turbo,18367104,0.14654913544654846
stabilityai_sdxl-turbo,93407716,0.6607121825218201
stabilityai_sdxl-turbo,4145056,-0.13246996700763702
stabilityai_sdxl-turbo,5895919,1.1696621179580688
stabilityai_sdxl-turbo,3288500,0.5949073433876038
stabilityai_sdxl-turbo,58761464,0.32738688588142395
stabilityai_sdxl-turbo,88016571,-1.6786764860153198
stabilityai_sdxl-turbo,3628071,0.22564847767353058
stabilityai_sdxl-turbo,25290589,1.2274211645126343
stabilityai_sdxl-turbo,10572128,0.44858744740486145
stabilityai_sdxl-turbo,12239658,-0.42378905415534973
stabilityai_sdxl-turbo,96683604,0.06293383985757828
stabilityai_sdxl-turbo,61302824,-1.4094579219818115
stabilityai_sdxl-turbo,57863970,0.9907999634742737
stabilityai_sdxl-turbo,88788885,1.8037316799163818
stabilityai_sdxl-turbo,7700255,0.017546720802783966
stabilityai_sdxl-turbo,80750117,-0.25755733251571655
stabilityai_sdxl-turbo,76941385,-0.11255288869142532
stabilityai_sdxl-turbo,3579142,-0.5952457785606384
stabilityai_sdxl-turbo,3514129,-0.4667731821537018
stabilityai_sdxl-turbo,89998925,-1.5545848608016968
stabilityai_sdxl-turbo,60878011,-0.35102182626724243
stabilityai_sdxl-turbo,84812662,0.7249218225479126
stabilityai_sdxl-turbo,956907,0.051492929458618164
stabilityai_sdxl-turbo,9932508,0.07453177869319916
stabilityai_sdxl-turbo,651145,1.3915503025054932
stabilityai_sdxl-turbo,3705379,-0.7951388359069824
stabilityai_sdxl-turbo,91788718,-1.3218445777893066
stabilityai_sdxl-turbo,7699682,-0.6890004277229309
stabilityai_sdxl-turbo,9638875,-0.925987720489502
stabilityai_sdxl-turbo,30960746,-2.893188714981079
stabilityai_sdxl-turbo,10776141,-0.13014139235019684
stabilityai_sdxl-turbo,35602890,1.4824719429016113
stabilityai_sdxl-turbo,83950521,1.0014324188232422
stabilityai_sdxl-turbo,7700439,-1.12090003490448
stabilityai_sdxl-turbo,82705943,0.011193221434950829
stabilityai_sdxl-turbo,4385315,-0.7150775194168091
stabilityai_sdxl-turbo,52964936,2.725825548171997
stabilityai_sdxl-turbo,8856388,-0.8696824312210083
stabilityai_sdxl-turbo,7608533,-1.1341792345046997
stabilityai_sdxl-turbo,79756788,0.10809686034917831
stabilityai_sdxl-turbo,61481976,-2.8015661239624023
stabilityai_sdxl-turbo,13391452,1.0408105850219727
stabilityai_sdxl-turbo,27542752,1.9726812839508057
stabilityai_sdxl-turbo,4196803,0.7198059558868408
stabilityai_sdxl-turbo,68502568,-0.16758903861045837
stabilityai_sdxl-turbo,3070368,0.9061245918273926
stabilityai_sdxl-turbo,52681851,0.6947377324104309
stabilityai_sdxl-turbo,37212578,-2.2753500938415527
stabilityai_sdxl-turbo,12620681,1.1023871898651123
stabilityai_sdxl-turbo,70819701,-1.1891756057739258
stabilityai_sdxl-turbo,48354012,-2.913443088531494
stabilityai_sdxl-turbo,54731322,0.9324342608451843
stabilityai_sdxl-turbo,10801654,-0.35204756259918213
stabilityai_sdxl-turbo,43009772,-1.5355716943740845
stabilityai_sdxl-turbo,15069046,-1.4470573663711548
stabilityai_sdxl-turbo,64343822,-0.45069265365600586
stabilityai_sdxl-turbo,34774685,-0.7323342561721802
stabilityai_sdxl-turbo,55048376,0.1385331004858017
stabilityai_sdxl-turbo,842692,0.21637316048145294
stabilityai_sdxl-turbo,1474832,-1.7054153680801392
stabilityai_sdxl-turbo,98695624,-0.059495747089385986
stabilityai_sdxl-turbo,40582181,-0.15418760478496552
stabilityai_sdxl-turbo,31479295,-0.7205759882926941
stabilityai_sdxl-turbo,14618728,1.5110753774642944
stabilityai_sdxl-turbo,75138709,-0.34646421670913696
stabilityai_sdxl-turbo,37023685,1.0578457117080688
stabilityai_sdxl-turbo,4502197,-0.9182506203651428
stabilityai_sdxl-turbo,91269024,-0.6883605122566223
stabilityai_sdxl-turbo,3249569,0.6565221548080444
stabilityai_sdxl-turbo,14158812,-0.6141025424003601
stabilityai_sdxl-turbo,2799175,1.0988794565200806
stabilityai_sdxl-turbo,66378469,-1.119773507118225
stabilityai_sdxl-turbo,6723635,0.8844537734985352
stabilityai_sdxl-turbo,29655219,0.7938820123672485
stabilityai_sdxl-turbo,45594996,-1.7994924783706665
stabilityai_sdxl-turbo,29296086,1.071361780166626
stabilityai_sdxl-turbo,26635762,-2.2310452461242676
stabilityai_sdxl-turbo,43076240,-1.965316891670227
stabilityai_sdxl-turbo,80997844,-0.4553593397140503
stabilityai_sdxl-turbo,85606720,-1.9586173295974731
stabilityai_sdxl-turbo,85261781,-1.9313856363296509
stabilityai_sdxl-turbo,83989791,-1.8996555805206299
stabilityai_sdxl-turbo,27347584,0.5968928933143616
stabilityai_sdxl-turbo,87278455,-0.27312853932380676
stabilityai_sdxl-turbo,7062697,0.9644160866737366
stabilityai_sdxl-turbo,5952517,-0.614037275314331
stabilityai_sdxl-turbo,10922211,-1.0714490413665771
stabilityai_sdxl-turbo,95572157,0.6695000529289246
stabilityai_sdxl-turbo,26927280,0.36243435740470886
stabilityai_sdxl-turbo,47761040,-0.8033417463302612
stabilityai_sdxl-turbo,86174196,-0.24785970151424408
stabilityai_sdxl-turbo,43918624,-2.1014633178710938
stabilityai_sdxl-turbo,232765,0.3569137752056122
stabilityai_sdxl-turbo,3714235,1.617895483970642
stabilityai_sdxl-turbo,13391373,0.534934401512146
stabilityai_sdxl-turbo,14755804,-0.14579051733016968
stabilityai_sdxl-turbo,51499669,1.0737937688827515
stabilityai_sdxl-turbo,65868417,-1.2783080339431763
stabilityai_sdxl-turbo,64672972,-0.2608851492404938
stabilityai_sdxl-turbo,7854066,-0.6960269808769226
stabilityai_sdxl-turbo,2676566,0.15017691254615784
stabilityai_sdxl-turbo,57236146,-0.05820775032043457
stabilityai_sdxl-turbo,3405111,0.7661225199699402
stabilityai_sdxl-turbo,7767344,0.03616074100136757
stabilityai_sdxl-turbo,484910,-0.6076633334159851
stabilityai_sdxl-turbo,2245443,-1.1583473682403564
stabilityai_sdxl-turbo,49995613,-1.3768222332000732
stabilityai_sdxl-turbo,31391857,-0.5921102166175842
stabilityai_sdxl-turbo,4186455,0.08993957191705704
stabilityai_sdxl-turbo,1944812,-0.29963526129722595
stabilityai_sdxl-turbo,7651325,1.9636253118515015
stabilityai_sdxl-turbo,33980197,0.09895892441272736
stabilityai_sdxl-turbo,5752544,0.8372756242752075
stabilityai_sdxl-turbo,74314815,1.237779140472412
stabilityai_sdxl-turbo,5414147,-1.9333412647247314
stabilityai_sdxl-turbo,69308524,0.9714012742042542
stabilityai_sdxl-turbo,2799897,1.3413381576538086
stabilityai_sdxl-turbo,74080467,0.9643918871879578
stabilityai_sdxl-turbo,44261072,-0.4589971899986267
stabilityai_sdxl-turbo,2885233,0.8235753178596497
stabilityai_sdxl-turbo,9272085,-0.5620836019515991
stabilityai_sdxl-turbo,7036307,-2.663930892944336
stabilityai_sdxl-turbo,18190594,0.9316605925559998
stabilityai_sdxl-turbo,9911156,-1.4352654218673706
stabilityai_sdxl-turbo,91896834,-1.735593318939209
stabilityai_sdxl-turbo,4055595,0.29400134086608887
stabilityai_sdxl-turbo,547244,0.5689330697059631
stabilityai_sdxl-turbo,4235646,1.2229653596878052
stabilityai_sdxl-turbo,9199904,-0.7967867255210876
stabilityai_sdxl-turbo,60072667,0.24476368725299835
stabilityai_sdxl-turbo,71350515,-0.9690201878547668
stabilityai_sdxl-turbo,14598383,-1.841225028038025
stabilityai_sdxl-turbo,74772450,1.3464266061782837
stabilityai_sdxl-turbo,9393605,-0.7430075407028198
stabilityai_sdxl-turbo,93262734,1.0016809701919556
stabilityai_sdxl-turbo,55457672,-1.5473257303237915
stabilityai_sdxl-turbo,40838437,0.06428460031747818
stabilityai_sdxl-turbo,89866317,0.16941344738006592
stabilityai_sdxl-turbo,46042889,0.19719423353672028
stabilityai_sdxl-turbo,31493339,0.7030376195907593
stabilityai_sdxl-turbo,82797304,0.9861993193626404
stabilityai_sdxl-turbo,40922931,1.293577790260315
stabilityai_sdxl-turbo,14442985,1.184524416923523
stabilityai_sdxl-turbo,29739201,-0.4829113781452179
stabilityai_sdxl-turbo,29383339,-2.853379249572754
stabilityai_sdxl-turbo,56124883,-0.3869594931602478
stabilityai_sdxl-turbo,3499907,-0.9631624221801758
stabilityai_sdxl-turbo,86714939,0.2304910272359848
stabilityai_sdxl-turbo,1317294,0.4349965751171112
stabilityai_sdxl-turbo,32095788,1.3194291591644287
stabilityai_sdxl-turbo,15118453,0.031128771603107452
stabilityai_sdxl-turbo,7896560,0.3823773264884949
stabilityai_sdxl-turbo,66148304,1.824692726135254
stabilityai_sdxl-turbo,10467171,-0.4144301414489746
stabilityai_sdxl-turbo,32695734,-0.13128624856472015
stabilityai_sdxl-turbo,55148915,1.2431751489639282
stabilityai_sdxl-turbo,40362467,-0.3215284049510956
stabilityai_sdxl-turbo,55142307,-2.045902729034424
stabilityai_sdxl-turbo,838098,0.2882942855358124
stabilityai_sdxl-turbo,67555004,-0.6773255467414856
stabilityai_sdxl-turbo,21771453,0.7678188681602478
stabilityai_sdxl-turbo,37160531,-0.06790202856063843
stabilityai_sdxl-turbo,74555057,0.3163592219352722
stabilityai_sdxl-turbo,48624808,-0.018744904547929764
stabilityai_sdxl-turbo,7651159,1.4280726909637451
stabilityai_sdxl-turbo,7924033,0.06416301429271698
stabilityai_sdxl-turbo,94547307,0.4808775782585144
stabilityai_sdxl-turbo,37255865,-2.554964780807495
stabilityai_sdxl-turbo,55372761,-2.248000383377075
stabilityai_sdxl-turbo,88874275,0.935400128364563
stabilityai_sdxl-turbo,3357376,-0.707277774810791
stabilityai_sdxl-turbo,49119752,-2.671689510345459
stabilityai_sdxl-turbo,3546340,-0.7535971403121948
stabilityai_sdxl-turbo,1956125,0.11845115572214127
stabilityai_sdxl-turbo,45418454,-1.2468266487121582
stabilityai_sdxl-turbo,3748162,0.08638641983270645
stabilityai_sdxl-turbo,94737156,1.2240349054336548
stabilityai_sdxl-turbo,7148192,-0.2632736563682556
stabilityai_sdxl-turbo,1209135,-0.5260189175605774
stabilityai_sdxl-turbo,65890875,1.295862078666687
stabilityai_sdxl-turbo,95737828,0.12856943905353546
stabilityai_sdxl-turbo,31196176,0.48965853452682495
stabilityai_sdxl-turbo,43735560,-0.6118821501731873
stabilityai_sdxl-turbo,10024569,-1.3499146699905396
stabilityai_sdxl-turbo,10080493,0.5550556778907776
stabilityai_sdxl-turbo,8124208,0.5664989948272705
stabilityai_sdxl-turbo,399030,-1.0320320129394531
stabilityai_sdxl-turbo,7606419,-1.6566919088363647
stabilityai_sdxl-turbo,7150023,0.3991498351097107
stabilityai_sdxl-turbo,77358840,0.2972235679626465
stabilityai_sdxl-turbo,4506289,-0.42338845133781433
stabilityai_sdxl-turbo,35268366,-1.4891180992126465
stabilityai_sdxl-turbo,5668661,1.5217288732528687
stabilityai_sdxl-turbo,9756500,-0.985215425491333
stabilityai_sdxl-turbo,81461043,2.1396751403808594
stabilityai_sdxl-turbo,858188,-0.5326693654060364
stabilityai_sdxl-turbo,58867248,-0.24714034795761108
stabilityai_sdxl-turbo,47546040,0.9337249398231506
stabilityai_sdxl-turbo,73360711,1.290408730506897
stabilityai_sdxl-turbo,69852054,-0.654864490032196
stabilityai_sdxl-turbo,67555985,-0.37629005312919617
stabilityai_sdxl-turbo,2916684,-0.16368477046489716
stabilityai_stable-diffusion-3-medium-diffusers,10449664,0.5385756492614746
stabilityai_stable-diffusion-3-medium-diffusers,44691336,0.6883636713027954
stabilityai_stable-diffusion-3-medium-diffusers,65145807,0.7612650394439697
stabilityai_stable-diffusion-3-medium-diffusers,37287360,0.6484060287475586
stabilityai_stable-diffusion-3-medium-diffusers,26371900,-0.9388811588287354
stabilityai_stable-diffusion-3-medium-diffusers,32799992,-0.4697893559932709
stabilityai_stable-diffusion-3-medium-diffusers,3405725,0.13358400762081146
stabilityai_stable-diffusion-3-medium-diffusers,86911328,-0.8485063314437866
stabilityai_stable-diffusion-3-medium-diffusers,7699584,-0.9733260273933411
stabilityai_stable-diffusion-3-medium-diffusers,4514738,-1.2672128677368164
stabilityai_stable-diffusion-3-medium-diffusers,7608429,0.24979336559772491
stabilityai_stable-diffusion-3-medium-diffusers,2870293,1.2523797750473022
stabilityai_stable-diffusion-3-medium-diffusers,45778553,0.6816869378089905
stabilityai_stable-diffusion-3-medium-diffusers,37471482,-0.9266746640205383
stabilityai_stable-diffusion-3-medium-diffusers,10051337,-0.9143657684326172
stabilityai_stable-diffusion-3-medium-diffusers,21866213,-1.9121805429458618
stabilityai_stable-diffusion-3-medium-diffusers,13259199,-0.34441491961479187
stabilityai_stable-diffusion-3-medium-diffusers,60290517,0.4878862202167511
stabilityai_stable-diffusion-3-medium-diffusers,17594832,-1.5716235637664795
stabilityai_stable-diffusion-3-medium-diffusers,15022776,-2.5394225120544434
stabilityai_stable-diffusion-3-medium-diffusers,68414998,-2.1759402751922607
stabilityai_stable-diffusion-3-medium-diffusers,8386365,-1.168753743171692
stabilityai_stable-diffusion-3-medium-diffusers,52903514,-1.362868309020996
stabilityai_stable-diffusion-3-medium-diffusers,14987695,-0.8718944191932678
stabilityai_stable-diffusion-3-medium-diffusers,1496962,1.6641606092453003
stabilityai_stable-diffusion-3-medium-diffusers,14881303,-2.4971566200256348
stabilityai_stable-diffusion-3-medium-diffusers,4974575,1.7034114599227905
stabilityai_stable-diffusion-3-medium-diffusers,86487467,1.4417804479599
stabilityai_stable-diffusion-3-medium-diffusers,29330802,-0.940315306186676
stabilityai_stable-diffusion-3-medium-diffusers,41248405,-1.1729453802108765
stabilityai_stable-diffusion-3-medium-diffusers,59010138,0.82069331407547
stabilityai_stable-diffusion-3-medium-diffusers,51907525,1.047979712486267
stabilityai_stable-diffusion-3-medium-diffusers,8275185,0.25145718455314636
stabilityai_stable-diffusion-3-medium-diffusers,839834,-2.2332663536071777
stabilityai_stable-diffusion-3-medium-diffusers,95633809,0.9951598048210144
stabilityai_stable-diffusion-3-medium-diffusers,75011974,1.0294146537780762
stabilityai_stable-diffusion-3-medium-diffusers,1033216,-1.5268292427062988
stabilityai_stable-diffusion-3-medium-diffusers,27106238,0.7969464063644409
stabilityai_stable-diffusion-3-medium-diffusers,55754317,0.5837171673774719
stabilityai_stable-diffusion-3-medium-diffusers,52950204,-0.14593788981437683
stabilityai_stable-diffusion-3-medium-diffusers,25348881,1.2866551876068115
stabilityai_stable-diffusion-3-medium-diffusers,73892711,0.855228841304779
stabilityai_stable-diffusion-3-medium-diffusers,10707804,-1.348451852798462
stabilityai_stable-diffusion-3-medium-diffusers,11479058,-2.142888307571411
stabilityai_stable-diffusion-3-medium-diffusers,98263942,-0.001712858211249113
stabilityai_stable-diffusion-3-medium-diffusers,4329477,-0.20383332669734955
stabilityai_stable-diffusion-3-medium-diffusers,1156438,-0.37652117013931274
stabilityai_stable-diffusion-3-medium-diffusers,10500419,1.274522304534912
stabilityai_stable-diffusion-3-medium-diffusers,7854813,2.2281432151794434
stabilityai_stable-diffusion-3-medium-diffusers,28583972,0.09107507765293121
stabilityai_stable-diffusion-3-medium-diffusers,3982331,1.409955620765686
stabilityai_stable-diffusion-3-medium-diffusers,83035137,-0.40877169370651245
stabilityai_stable-diffusion-3-medium-diffusers,42678637,0.42673665285110474
stabilityai_stable-diffusion-3-medium-diffusers,15208898,-2.0115344524383545
stabilityai_stable-diffusion-3-medium-diffusers,3302487,0.6556562185287476
stabilityai_stable-diffusion-3-medium-diffusers,72612178,-0.8577130436897278
stabilityai_stable-diffusion-3-medium-diffusers,36475420,-0.044631294906139374
stabilityai_stable-diffusion-3-medium-diffusers,4605446,0.6148306131362915
stabilityai_stable-diffusion-3-medium-diffusers,59369635,-1.7626292705535889
stabilityai_stable-diffusion-3-medium-diffusers,3980874,0.959587037563324
stabilityai_stable-diffusion-3-medium-diffusers,88655498,-2.1475205421447754
stabilityai_stable-diffusion-3-medium-diffusers,7891309,0.6337685585021973
stabilityai_stable-diffusion-3-medium-diffusers,53453035,1.398960828781128
stabilityai_stable-diffusion-3-medium-diffusers,28654925,1.7220405340194702
stabilityai_stable-diffusion-3-medium-diffusers,80582351,1.5640437602996826
stabilityai_stable-diffusion-3-medium-diffusers,97614175,0.4243873357772827
stabilityai_stable-diffusion-3-medium-diffusers,7626602,1.6348768472671509
stabilityai_stable-diffusion-3-medium-diffusers,7914271,0.8804135918617249
stabilityai_stable-diffusion-3-medium-diffusers,3397947,0.1693439483642578
stabilityai_stable-diffusion-3-medium-diffusers,4112752,0.727551281452179
stabilityai_stable-diffusion-3-medium-diffusers,487874,-0.33631211519241333
stabilityai_stable-diffusion-3-medium-diffusers,7852919,0.7320820689201355
stabilityai_stable-diffusion-3-medium-diffusers,64385125,-0.8908317685127258
stabilityai_stable-diffusion-3-medium-diffusers,4149813,-1.0377541780471802
stabilityai_stable-diffusion-3-medium-diffusers,5238282,-2.9659359455108643
stabilityai_stable-diffusion-3-medium-diffusers,6756987,1.0876260995864868
stabilityai_stable-diffusion-3-medium-diffusers,58235945,-0.6741834282875061
stabilityai_stable-diffusion-3-medium-diffusers,7650637,1.8441998958587646
stabilityai_stable-diffusion-3-medium-diffusers,25595605,-0.8377617001533508
stabilityai_stable-diffusion-3-medium-diffusers,14885088,-2.340303659439087
stabilityai_stable-diffusion-3-medium-diffusers,29148617,-1.8968393802642822
stabilityai_stable-diffusion-3-medium-diffusers,12402348,-0.08473535627126694
stabilityai_stable-diffusion-3-medium-diffusers,73470416,-1.343807578086853
stabilityai_stable-diffusion-3-medium-diffusers,2740764,1.153422474861145
stabilityai_stable-diffusion-3-medium-diffusers,29975194,1.5285643339157104
stabilityai_stable-diffusion-3-medium-diffusers,41619575,1.241727590560913
stabilityai_stable-diffusion-3-medium-diffusers,343246,-1.981266736984253
stabilityai_stable-diffusion-3-medium-diffusers,6456946,1.275757908821106
stabilityai_stable-diffusion-3-medium-diffusers,32077588,-0.5941674113273621
stabilityai_stable-diffusion-3-medium-diffusers,8233056,-1.4487677812576294
stabilityai_stable-diffusion-3-medium-diffusers,65705077,-1.7645738124847412
stabilityai_stable-diffusion-3-medium-diffusers,96443030,2.3884499073028564
stabilityai_stable-diffusion-3-medium-diffusers,75677703,-0.9746384024620056
stabilityai_stable-diffusion-3-medium-diffusers,32973431,-0.5334550738334656
stabilityai_stable-diffusion-3-medium-diffusers,63762661,-2.2558441162109375
stabilityai_stable-diffusion-3-medium-diffusers,95483948,-0.5573766827583313
stabilityai_stable-diffusion-3-medium-diffusers,86520164,-0.9796327948570251
stabilityai_stable-diffusion-3-medium-diffusers,17045773,-0.46338367462158203
stabilityai_stable-diffusion-3-medium-diffusers,7600696,0.07109347730875015
stabilityai_stable-diffusion-3-medium-diffusers,13163553,-1.4951480627059937
stabilityai_stable-diffusion-3-medium-diffusers,7881800,0.4258357882499695
stabilityai_stable-diffusion-3-medium-diffusers,14857278,-1.617845892906189
stabilityai_stable-diffusion-3-medium-diffusers,48766602,-0.6263712644577026
stabilityai_stable-diffusion-3-medium-diffusers,31348886,-0.11839095503091812
stabilityai_stable-diffusion-3-medium-diffusers,1247306,-0.8736670613288879
stabilityai_stable-diffusion-3-medium-diffusers,17071702,1.347981333732605
stabilityai_stable-diffusion-3-medium-diffusers,77106105,-1.326400876045227
stabilityai_stable-diffusion-3-medium-diffusers,5316083,-0.21104760468006134
stabilityai_stable-diffusion-3-medium-diffusers,5913994,2.162506341934204
stabilityai_stable-diffusion-3-medium-diffusers,27127609,-2.2636947631835938
stabilityai_stable-diffusion-3-medium-diffusers,49253635,-1.7053134441375732
stabilityai_stable-diffusion-3-medium-diffusers,2827606,0.5989606380462646
stabilityai_stable-diffusion-3-medium-diffusers,49959597,1.6073768138885498
stabilityai_stable-diffusion-3-medium-diffusers,17098967,2.140947103500366
stabilityai_stable-diffusion-3-medium-diffusers,3944400,0.8337537050247192
stabilityai_stable-diffusion-3-medium-diffusers,13205408,0.07302592694759369
stabilityai_stable-diffusion-3-medium-diffusers,5264756,-0.168060302734375
stabilityai_stable-diffusion-3-medium-diffusers,61652790,0.26318323612213135
stabilityai_stable-diffusion-3-medium-diffusers,55819553,-0.06091438978910446
stabilityai_stable-diffusion-3-medium-diffusers,75944980,0.4443950951099396
stabilityai_stable-diffusion-3-medium-diffusers,3809939,-1.8931745290756226
stabilityai_stable-diffusion-3-medium-diffusers,75673862,-1.0079401731491089
stabilityai_stable-diffusion-3-medium-diffusers,98868151,-2.6047494411468506
stabilityai_stable-diffusion-3-medium-diffusers,1277974,-0.22254817187786102
stabilityai_stable-diffusion-3-medium-diffusers,67244313,-0.36558830738067627
stabilityai_stable-diffusion-3-medium-diffusers,99915098,-0.8678354024887085
stabilityai_stable-diffusion-3-medium-diffusers,39543936,-2.253737449645996
stabilityai_stable-diffusion-3-medium-diffusers,14129999,0.2767678499221802
stabilityai_stable-diffusion-3-medium-diffusers,28934470,-1.3102912902832031
stabilityai_stable-diffusion-3-medium-diffusers,19464656,-2.3978824615478516
stabilityai_stable-diffusion-3-medium-diffusers,53572397,0.37880387902259827
stabilityai_stable-diffusion-3-medium-diffusers,51946990,1.3760241270065308
stabilityai_stable-diffusion-3-medium-diffusers,4563503,0.9166661500930786
stabilityai_stable-diffusion-3-medium-diffusers,4356925,1.4968699216842651
stabilityai_stable-diffusion-3-medium-diffusers,2837702,0.2116047590970993
stabilityai_stable-diffusion-3-medium-diffusers,59354649,-1.6369432210922241
stabilityai_stable-diffusion-3-medium-diffusers,72920759,1.3450775146484375
stabilityai_stable-diffusion-3-medium-diffusers,53716550,1.4080536365509033
stabilityai_stable-diffusion-3-medium-diffusers,2768864,0.8140437602996826
stabilityai_stable-diffusion-3-medium-diffusers,3038685,-0.7074679732322693
stabilityai_stable-diffusion-3-medium-diffusers,35027824,1.0934090614318848
stabilityai_stable-diffusion-3-medium-diffusers,8631750,-0.6594128012657166
stabilityai_stable-diffusion-3-medium-diffusers,9005074,1.0086219310760498
stabilityai_stable-diffusion-3-medium-diffusers,4910146,1.5440316200256348
stabilityai_stable-diffusion-3-medium-diffusers,6881609,3.2656137943267822
stabilityai_stable-diffusion-3-medium-diffusers,94593243,-0.36374208331108093
stabilityai_stable-diffusion-3-medium-diffusers,2895936,-0.508414089679718
stabilityai_stable-diffusion-3-medium-diffusers,89403234,1.2608458995819092
stabilityai_stable-diffusion-3-medium-diffusers,9794211,-0.3140663206577301
stabilityai_stable-diffusion-3-medium-diffusers,3595614,-1.3656383752822876
stabilityai_stable-diffusion-3-medium-diffusers,43077160,-2.368626356124878
stabilityai_stable-diffusion-3-medium-diffusers,50923036,0.9010276198387146
stabilityai_stable-diffusion-3-medium-diffusers,3819595,-3.204897403717041
stabilityai_stable-diffusion-3-medium-diffusers,61720712,-2.3284828662872314
stabilityai_stable-diffusion-3-medium-diffusers,68841254,2.0324952602386475
stabilityai_stable-diffusion-3-medium-diffusers,4399269,0.28092482686042786
stabilityai_stable-diffusion-3-medium-diffusers,4171459,-1.200947642326355
stabilityai_stable-diffusion-3-medium-diffusers,73998682,-3.187297821044922
stabilityai_stable-diffusion-3-medium-diffusers,4975739,-3.028937816619873
stabilityai_stable-diffusion-3-medium-diffusers,14872697,-0.07226032763719559
stabilityai_stable-diffusion-3-medium-diffusers,12404876,-0.27893438935279846
stabilityai_stable-diffusion-3-medium-diffusers,75598105,-1.6525522470474243
stabilityai_stable-diffusion-3-medium-diffusers,83180713,-0.3791227638721466
stabilityai_stable-diffusion-3-medium-diffusers,33282254,-2.2900326251983643
stabilityai_stable-diffusion-3-medium-diffusers,2992225,1.5779262781143188
stabilityai_stable-diffusion-3-medium-diffusers,7701147,1.407058596611023
stabilityai_stable-diffusion-3-medium-diffusers,8832897,-0.2826034426689148
stabilityai_stable-diffusion-3-medium-diffusers,50519873,-1.6668492555618286
stabilityai_stable-diffusion-3-medium-diffusers,41715387,1.9086607694625854
stabilityai_stable-diffusion-3-medium-diffusers,92300068,-1.3186168670654297
stabilityai_stable-diffusion-3-medium-diffusers,9281914,-0.5811641812324524
stabilityai_stable-diffusion-3-medium-diffusers,37106860,1.0012024641036987
stabilityai_stable-diffusion-3-medium-diffusers,13398953,2.0823731422424316
stabilityai_stable-diffusion-3-medium-diffusers,7933530,0.8220586776733398
stabilityai_stable-diffusion-3-medium-diffusers,2991302,1.0183688402175903
stabilityai_stable-diffusion-3-medium-diffusers,18355283,1.7556474208831787
stabilityai_stable-diffusion-3-medium-diffusers,94259095,0.382183313369751
stabilityai_stable-diffusion-3-medium-diffusers,28976520,-2.997236967086792
stabilityai_stable-diffusion-3-medium-diffusers,15774212,1.730439305305481
stabilityai_stable-diffusion-3-medium-diffusers,22638558,-0.7821171283721924
stabilityai_stable-diffusion-3-medium-diffusers,13793330,-2.4042115211486816
stabilityai_stable-diffusion-3-medium-diffusers,61953833,-0.5737291574478149
stabilityai_stable-diffusion-3-medium-diffusers,30428080,1.3755159378051758
stabilityai_stable-diffusion-3-medium-diffusers,825773,-0.7718015909194946
stabilityai_stable-diffusion-3-medium-diffusers,4208210,-0.27142333984375
stabilityai_stable-diffusion-3-medium-diffusers,53274719,0.24674268066883087
stabilityai_stable-diffusion-3-medium-diffusers,88995285,-0.8178578615188599
stabilityai_stable-diffusion-3-medium-diffusers,3065708,-2.282336711883545
stabilityai_stable-diffusion-3-medium-diffusers,40995095,-2.3119778633117676
stabilityai_stable-diffusion-3-medium-diffusers,19005748,1.11508047580719
stabilityai_stable-diffusion-3-medium-diffusers,56787474,-2.1153998374938965
stabilityai_stable-diffusion-3-medium-diffusers,5783658,-1.354888677597046
stabilityai_stable-diffusion-3-medium-diffusers,35440114,-0.29495641589164734
stabilityai_stable-diffusion-3-medium-diffusers,17139506,-2.2989654541015625
stabilityai_stable-diffusion-3-medium-diffusers,22415712,-2.2794506549835205
stabilityai_stable-diffusion-3-medium-diffusers,14994328,-2.283466339111328
stabilityai_stable-diffusion-3-medium-diffusers,58240774,-0.008328445255756378
stabilityai_stable-diffusion-3-medium-diffusers,27367849,2.4155640602111816
stabilityai_stable-diffusion-3-medium-diffusers,44295589,-2.807206392288208
stabilityai_stable-diffusion-3-medium-diffusers,56556437,-0.3233679533004761
stabilityai_stable-diffusion-3-medium-diffusers,28419233,-2.108400821685791
stabilityai_stable-diffusion-3-medium-diffusers,3146075,2.169520378112793
stabilityai_stable-diffusion-3-medium-diffusers,91887830,-1.408579707145691
stabilityai_stable-diffusion-3-medium-diffusers,13341052,-0.5379685759544373
stabilityai_stable-diffusion-3-medium-diffusers,73513787,-0.7664861083030701
stabilityai_stable-diffusion-3-medium-diffusers,3416363,-0.5882277488708496
stabilityai_stable-diffusion-3-medium-diffusers,20129161,0.3176271319389343
stabilityai_stable-diffusion-3-medium-diffusers,3208556,-1.1343003511428833
stabilityai_stable-diffusion-3-medium-diffusers,10582154,-1.4046412706375122
stabilityai_stable-diffusion-3-medium-diffusers,19109015,-0.09412915259599686
stabilityai_stable-diffusion-3-medium-diffusers,34380618,-2.7884609699249268
stabilityai_stable-diffusion-3-medium-diffusers,6978180,0.6378136277198792
stabilityai_stable-diffusion-3-medium-diffusers,86326075,-2.699615955352783
stabilityai_stable-diffusion-3-medium-diffusers,61635816,-1.1926820278167725
stabilityai_stable-diffusion-3-medium-diffusers,14359952,-1.747808575630188
stabilityai_stable-diffusion-3-medium-diffusers,7914128,1.0500699281692505
stabilityai_stable-diffusion-3-medium-diffusers,3676483,0.23697920143604279
stabilityai_stable-diffusion-3-medium-diffusers,43992178,-1.2777960300445557
stabilityai_stable-diffusion-3-medium-diffusers,55005690,-1.524153232574463
stabilityai_stable-diffusion-3-medium-diffusers,57410630,-0.872736394405365
stabilityai_stable-diffusion-3-medium-diffusers,35458729,-1.7100448608398438
stabilityai_stable-diffusion-3-medium-diffusers,46394736,1.583911418914795
stabilityai_stable-diffusion-3-medium-diffusers,63945402,0.8639707565307617
stabilityai_stable-diffusion-3-medium-diffusers,97547775,1.5625741481781006
stabilityai_stable-diffusion-3-medium-diffusers,825648,0.31851351261138916
stabilityai_stable-diffusion-3-medium-diffusers,27768637,-2.6133036613464355
stabilityai_stable-diffusion-3-medium-diffusers,69249201,-2.178997039794922
stabilityai_stable-diffusion-3-medium-diffusers,44656303,-1.6010767221450806
stabilityai_stable-diffusion-3-medium-diffusers,16988840,-1.398557424545288
stabilityai_stable-diffusion-3-medium-diffusers,9390903,1.3871818780899048
stabilityai_stable-diffusion-3-medium-diffusers,11881917,-0.7810621857643127
stabilityai_stable-diffusion-3-medium-diffusers,40944352,-2.138606309890747
stabilityai_stable-diffusion-3-medium-diffusers,83426503,-0.7999194264411926
stabilityai_stable-diffusion-3-medium-diffusers,255710,0.1662847101688385
stabilityai_stable-diffusion-3-medium-diffusers,13018167,-1.031083345413208
stabilityai_stable-diffusion-3-medium-diffusers,39139190,0.726711094379425
stabilityai_stable-diffusion-3-medium-diffusers,71659888,2.1050026416778564
stabilityai_stable-diffusion-3-medium-diffusers,34121866,0.16993361711502075
stabilityai_stable-diffusion-3-medium-diffusers,7668702,3.0861847400665283
stabilityai_stable-diffusion-3-medium-diffusers,58870366,1.4406940937042236
stabilityai_stable-diffusion-3-medium-diffusers,49773931,1.6180648803710938
stabilityai_stable-diffusion-3-medium-diffusers,76305971,1.2866694927215576
stabilityai_stable-diffusion-3-medium-diffusers,21660707,0.22432708740234375
stabilityai_stable-diffusion-3-medium-diffusers,7599649,-0.14557604491710663
stabilityai_stable-diffusion-3-medium-diffusers,74618915,2.1108510494232178
stabilityai_stable-diffusion-3-medium-diffusers,2075296,1.2666850090026855
stabilityai_stable-diffusion-3-medium-diffusers,461559,0.4918360114097595
stabilityai_stable-diffusion-3-medium-diffusers,8863807,1.6406432390213013
stabilityai_stable-diffusion-3-medium-diffusers,63237683,0.24813209474086761
stabilityai_stable-diffusion-3-medium-diffusers,91505226,1.7542229890823364
stabilityai_stable-diffusion-3-medium-diffusers,6615026,-1.6460329294204712
stabilityai_stable-diffusion-3-medium-diffusers,2846102,-2.437704563140869
stabilityai_stable-diffusion-3-medium-diffusers,79200528,-2.7685623168945312
stabilityai_stable-diffusion-3-medium-diffusers,50262859,1.5248373746871948
stabilityai_stable-diffusion-3-medium-diffusers,3589791,-0.3290998637676239
stabilityai_stable-diffusion-3-medium-diffusers,11705221,0.9768220782279968
stabilityai_stable-diffusion-3-medium-diffusers,71279269,-2.386658191680908
stabilityai_stable-diffusion-3-medium-diffusers,46972907,-0.9166324138641357
stabilityai_stable-diffusion-3-medium-diffusers,49503226,-0.8557276129722595
stabilityai_stable-diffusion-3-medium-diffusers,22024486,-0.06932047754526138
stabilityai_stable-diffusion-3-medium-diffusers,7623933,0.5667741298675537
stabilityai_stable-diffusion-3-medium-diffusers,4545984,-1.6372100114822388
stabilityai_stable-diffusion-3-medium-diffusers,880046,-1.5333436727523804
stabilityai_stable-diffusion-3-medium-diffusers,37374096,-1.7255219221115112
stabilityai_stable-diffusion-3-medium-diffusers,34145121,3.0263707637786865
stabilityai_stable-diffusion-3-medium-diffusers,9770743,0.19659839570522308
stabilityai_stable-diffusion-3-medium-diffusers,7599468,-1.7099586725234985
stabilityai_stable-diffusion-3-medium-diffusers,220522,-2.664090156555176
stabilityai_stable-diffusion-3-medium-diffusers,99352036,1.6465396881103516
stabilityai_stable-diffusion-3-medium-diffusers,69988268,0.49172061681747437
stabilityai_stable-diffusion-3-medium-diffusers,51168710,2.87961483001709
stabilityai_stable-diffusion-3-medium-diffusers,1290869,-0.21921245753765106
stabilityai_stable-diffusion-3-medium-diffusers,485632,-0.8589240312576294
stabilityai_stable-diffusion-3-medium-diffusers,41015844,-0.5951675772666931
stabilityai_stable-diffusion-3-medium-diffusers,16980924,-2.7772443294525146
stabilityai_stable-diffusion-3-medium-diffusers,14175165,-2.5515036582946777
stabilityai_stable-diffusion-3-medium-diffusers,46559965,0.1663457155227661
stabilityai_stable-diffusion-3-medium-diffusers,7735687,0.7253237366676331
stabilityai_stable-diffusion-3-medium-diffusers,7526757,-2.22025465965271
stabilityai_stable-diffusion-3-medium-diffusers,61934851,-2.6488418579101562
stabilityai_stable-diffusion-3-medium-diffusers,95718306,0.3841729760169983
stabilityai_stable-diffusion-3-medium-diffusers,6617165,1.00497305393219
stabilityai_stable-diffusion-3-medium-diffusers,70303687,0.2887662947177887
stabilityai_stable-diffusion-3-medium-diffusers,1157384,0.725479781627655
stabilityai_stable-diffusion-3-medium-diffusers,52324532,-2.1023247241973877
stabilityai_stable-diffusion-3-medium-diffusers,14938907,0.6163873076438904
stabilityai_stable-diffusion-3-medium-diffusers,14533203,-2.041372776031494
stabilityai_stable-diffusion-3-medium-diffusers,51658242,-1.0492104291915894
stabilityai_stable-diffusion-3-medium-diffusers,21656268,-1.180450201034546
stabilityai_stable-diffusion-3-medium-diffusers,86830045,-2.9164741039276123
stabilityai_stable-diffusion-3-medium-diffusers,53122992,-0.9044730067253113
stabilityai_stable-diffusion-3-medium-diffusers,36901613,-2.5322864055633545
stabilityai_stable-diffusion-3-medium-diffusers,13791840,-0.2175324559211731
stabilityai_stable-diffusion-3-medium-diffusers,68181180,0.4980887770652771
stabilityai_stable-diffusion-3-medium-diffusers,13738967,0.4274817109107971
stabilityai_stable-diffusion-3-medium-diffusers,42629092,0.5192005038261414
stabilityai_stable-diffusion-3-medium-diffusers,54407179,-1.6621826887130737
stabilityai_stable-diffusion-3-medium-diffusers,3098688,1.5550464391708374
stabilityai_stable-diffusion-3-medium-diffusers,73799675,2.2044718265533447
stabilityai_stable-diffusion-3-medium-diffusers,72079822,0.6590936779975891
stabilityai_stable-diffusion-3-medium-diffusers,15014529,-2.4639368057250977
stabilityai_stable-diffusion-3-medium-diffusers,39061180,-1.2867168188095093
stabilityai_stable-diffusion-3-medium-diffusers,44580954,1.8081260919570923
stabilityai_stable-diffusion-3-medium-diffusers,4249415,0.6195200085639954
stabilityai_stable-diffusion-3-medium-diffusers,73428772,-0.8671723008155823
stabilityai_stable-diffusion-3-medium-diffusers,78810072,0.49536633491516113
stabilityai_stable-diffusion-3-medium-diffusers,46512778,-0.24405251443386078
stabilityai_stable-diffusion-3-medium-diffusers,3404251,1.8479794263839722
stabilityai_stable-diffusion-3-medium-diffusers,2955767,1.748807668685913
stabilityai_stable-diffusion-3-medium-diffusers,86166668,-1.6921480894088745
stabilityai_stable-diffusion-3-medium-diffusers,3057021,0.9474038481712341
stabilityai_stable-diffusion-3-medium-diffusers,74221222,0.8270906209945679
stabilityai_stable-diffusion-3-medium-diffusers,4537889,-2.405949592590332
stabilityai_stable-diffusion-3-medium-diffusers,26426158,1.0867722034454346
stabilityai_stable-diffusion-3-medium-diffusers,34439851,-2.148998260498047
stabilityai_stable-diffusion-3-medium-diffusers,26974393,0.2408543974161148
stabilityai_stable-diffusion-3-medium-diffusers,88441005,-2.8646490573883057
stabilityai_stable-diffusion-3-medium-diffusers,56556229,0.33732274174690247
stabilityai_stable-diffusion-3-medium-diffusers,3386544,-1.0494698286056519
stabilityai_stable-diffusion-3-medium-diffusers,29997612,-1.27617347240448
stabilityai_stable-diffusion-3-medium-diffusers,25038436,-2.584627628326416
stabilityai_stable-diffusion-3-medium-diffusers,14239425,-2.1400275230407715
stabilityai_stable-diffusion-3-medium-diffusers,91390301,2.977806329727173
stabilityai_stable-diffusion-3-medium-diffusers,61901552,2.6281187534332275
stabilityai_stable-diffusion-3-medium-diffusers,1068773,1.292824149131775
stabilityai_stable-diffusion-3-medium-diffusers,10547145,1.6532360315322876
stabilityai_stable-diffusion-3-medium-diffusers,7243837,-0.9855068325996399
stabilityai_stable-diffusion-3-medium-diffusers,65960228,-0.2611140310764313
stabilityai_stable-diffusion-3-medium-diffusers,71992740,3.1431076526641846
stabilityai_stable-diffusion-3-medium-diffusers,54543301,0.010523006319999695
stabilityai_stable-diffusion-3-medium-diffusers,14807558,1.1458784341812134
stabilityai_stable-diffusion-3-medium-diffusers,77599179,0.7444799542427063
stabilityai_stable-diffusion-3-medium-diffusers,13275495,-0.48535633087158203
stabilityai_stable-diffusion-3-medium-diffusers,21554027,-1.788459062576294
stabilityai_stable-diffusion-3-medium-diffusers,72134268,-0.5426527857780457
stabilityai_stable-diffusion-3-medium-diffusers,23895180,0.527436375617981
stabilityai_stable-diffusion-3-medium-diffusers,103793,2.8186447620391846
stabilityai_stable-diffusion-3-medium-diffusers,47560916,-1.281477689743042
stabilityai_stable-diffusion-3-medium-diffusers,14362179,-0.5186816453933716
stabilityai_stable-diffusion-3-medium-diffusers,99494847,1.0281163454055786
stabilityai_stable-diffusion-3-medium-diffusers,25851699,0.0031273369677364826
stabilityai_stable-diffusion-3-medium-diffusers,31595142,-0.8409134149551392
stabilityai_stable-diffusion-3-medium-diffusers,60031301,-0.15490131080150604
stabilityai_stable-diffusion-3-medium-diffusers,7605474,-0.28131288290023804
stabilityai_stable-diffusion-3-medium-diffusers,14946251,-0.47770875692367554
stabilityai_stable-diffusion-3-medium-diffusers,3545150,1.215010643005371
stabilityai_stable-diffusion-3-medium-diffusers,28497213,-0.2743670344352722
stabilityai_stable-diffusion-3-medium-diffusers,43981068,0.8982920050621033
stabilityai_stable-diffusion-3-medium-diffusers,2946769,-1.792825698852539
stabilityai_stable-diffusion-3-medium-diffusers,80350779,-0.8855793476104736
stabilityai_stable-diffusion-3-medium-diffusers,92440304,0.8576378226280212
stabilityai_stable-diffusion-3-medium-diffusers,7896165,1.0927773714065552
stabilityai_stable-diffusion-3-medium-diffusers,6722453,0.2023872286081314
stabilityai_stable-diffusion-3-medium-diffusers,46883635,-0.3559727668762207
stabilityai_stable-diffusion-3-medium-diffusers,2469914,-0.01880566030740738
stabilityai_stable-diffusion-3-medium-diffusers,7651454,2.203000068664551
stabilityai_stable-diffusion-3-medium-diffusers,92311656,-1.7019120454788208
stabilityai_stable-diffusion-3-medium-diffusers,8184712,1.144102931022644
stabilityai_stable-diffusion-3-medium-diffusers,47819321,-0.6549935936927795
stabilityai_stable-diffusion-3-medium-diffusers,13390857,1.3507663011550903
stabilityai_stable-diffusion-3-medium-diffusers,7853560,1.9176949262619019
stabilityai_stable-diffusion-3-medium-diffusers,23257851,-2.763819694519043
stabilityai_stable-diffusion-3-medium-diffusers,48558214,1.5225366353988647
stabilityai_stable-diffusion-3-medium-diffusers,3990474,1.203109622001648
stabilityai_stable-diffusion-3-medium-diffusers,33431670,-0.9494009017944336
stabilityai_stable-diffusion-3-medium-diffusers,17416999,1.8130460977554321
stabilityai_stable-diffusion-3-medium-diffusers,3596787,0.7440733313560486
stabilityai_stable-diffusion-3-medium-diffusers,2715513,1.6604853868484497
stabilityai_stable-diffusion-3-medium-diffusers,17827732,1.0489040613174438
stabilityai_stable-diffusion-3-medium-diffusers,16318304,-1.8970457315444946
stabilityai_stable-diffusion-3-medium-diffusers,34776247,1.71784508228302
stabilityai_stable-diffusion-3-medium-diffusers,7891095,2.204765558242798
stabilityai_stable-diffusion-3-medium-diffusers,84460398,-0.32785484194755554
stabilityai_stable-diffusion-3-medium-diffusers,12345739,-2.308058500289917
stabilityai_stable-diffusion-3-medium-diffusers,67097348,-0.6599017381668091
stabilityai_stable-diffusion-3-medium-diffusers,43278547,1.6068564653396606
stabilityai_stable-diffusion-3-medium-diffusers,46885240,-1.856030821800232
stabilityai_stable-diffusion-3-medium-diffusers,94532154,0.4087943434715271
stabilityai_stable-diffusion-3-medium-diffusers,5410315,-2.6569759845733643
stabilityai_stable-diffusion-3-medium-diffusers,95325441,2.43461537361145
stabilityai_stable-diffusion-3-medium-diffusers,6617011,1.3338558673858643
stabilityai_stable-diffusion-3-medium-diffusers,23129661,-1.9299747943878174
stabilityai_stable-diffusion-3-medium-diffusers,13392786,1.515419363975525
stabilityai_stable-diffusion-3-medium-diffusers,2770078,1.7262356281280518
stabilityai_stable-diffusion-3-medium-diffusers,95583911,1.1639832258224487
stabilityai_stable-diffusion-3-medium-diffusers,4596797,-1.1209217309951782
stabilityai_stable-diffusion-3-medium-diffusers,76066166,-0.7578366994857788
stabilityai_stable-diffusion-3-medium-diffusers,7701244,0.8638687133789062
stabilityai_stable-diffusion-3-medium-diffusers,57716963,1.2635691165924072
stabilityai_stable-diffusion-3-medium-diffusers,974367,-0.7923280596733093
stabilityai_stable-diffusion-3-medium-diffusers,30028757,-0.6305298209190369
stabilityai_stable-diffusion-3-medium-diffusers,6607809,-2.1237809658050537
stabilityai_stable-diffusion-3-medium-diffusers,2933112,0.11448780447244644
stabilityai_stable-diffusion-3-medium-diffusers,2730265,-0.22578413784503937
stabilityai_stable-diffusion-3-medium-diffusers,2793684,0.3971279263496399
stabilityai_stable-diffusion-3-medium-diffusers,9719434,1.0429903268814087
stabilityai_stable-diffusion-3-medium-diffusers,258857,-0.7999905347824097
stabilityai_stable-diffusion-3-medium-diffusers,896677,-1.3227792978286743
stabilityai_stable-diffusion-3-medium-diffusers,63015570,-1.9479151964187622
stabilityai_stable-diffusion-3-medium-diffusers,80289373,-0.19877779483795166
stabilityai_stable-diffusion-3-medium-diffusers,55826966,-2.8783109188079834
stabilityai_stable-diffusion-3-medium-diffusers,6189776,1.2223052978515625
stabilityai_stable-diffusion-3-medium-diffusers,20782430,-2.683487892150879
stabilityai_stable-diffusion-3-medium-diffusers,13915305,-1.2916685342788696
stabilityai_stable-diffusion-3-medium-diffusers,11039909,0.5797744989395142
stabilityai_stable-diffusion-3-medium-diffusers,5008085,-1.3745814561843872
stabilityai_stable-diffusion-3-medium-diffusers,55653646,-1.1400964260101318
stabilityai_stable-diffusion-3-medium-diffusers,86537356,-2.5890307426452637
stabilityai_stable-diffusion-3-medium-diffusers,3298716,0.5324451923370361
stabilityai_stable-diffusion-3-medium-diffusers,60606896,-1.0719035863876343
stabilityai_stable-diffusion-3-medium-diffusers,7607707,-0.38017451763153076
stabilityai_stable-diffusion-3-medium-diffusers,762478,1.4268907308578491
stabilityai_stable-diffusion-3-medium-diffusers,3975232,-0.8220385909080505
stabilityai_stable-diffusion-3-medium-diffusers,11417672,-1.6721060276031494
stabilityai_stable-diffusion-3-medium-diffusers,99185892,-0.006743270438164473
stabilityai_stable-diffusion-3-medium-diffusers,32379732,0.9835008382797241
stabilityai_stable-diffusion-3-medium-diffusers,7626721,0.7488952279090881
stabilityai_stable-diffusion-3-medium-diffusers,99862294,-0.025690637528896332
stabilityai_stable-diffusion-3-medium-diffusers,18758723,0.6795910596847534
stabilityai_stable-diffusion-3-medium-diffusers,94321535,-0.42307987809181213
stabilityai_stable-diffusion-3-medium-diffusers,93512057,-0.15571646392345428
stabilityai_stable-diffusion-3-medium-diffusers,26746434,0.45564407110214233
stabilityai_stable-diffusion-3-medium-diffusers,6586355,0.2850439250469208
stabilityai_stable-diffusion-3-medium-diffusers,41982710,-1.6334316730499268
stabilityai_stable-diffusion-3-medium-diffusers,5374860,-2.3078453540802
stabilityai_stable-diffusion-3-medium-diffusers,42931583,0.7549700140953064
stabilityai_stable-diffusion-3-medium-diffusers,84985982,-1.911367416381836
stabilityai_stable-diffusion-3-medium-diffusers,4145056,0.8841682076454163
stabilityai_stable-diffusion-3-medium-diffusers,14579933,1.1404143571853638
stabilityai_stable-diffusion-3-medium-diffusers,8089797,-0.7230276465415955
stabilityai_stable-diffusion-3-medium-diffusers,14703190,-1.0403293371200562
stabilityai_stable-diffusion-3-medium-diffusers,85191733,1.389616847038269
stabilityai_stable-diffusion-3-medium-diffusers,15970145,-0.7139070630073547
stabilityai_stable-diffusion-3-medium-diffusers,8876291,-1.348410725593567
stabilityai_stable-diffusion-3-medium-diffusers,10939743,-0.44005849957466125
stabilityai_stable-diffusion-3-medium-diffusers,68280322,-2.9504992961883545
stabilityai_stable-diffusion-3-medium-diffusers,646833,1.6942108869552612
stabilityai_stable-diffusion-3-medium-diffusers,65557844,0.5841461420059204
stabilityai_stable-diffusion-3-medium-diffusers,3909160,0.6934105753898621
stabilityai_stable-diffusion-3-medium-diffusers,7476105,-1.889275074005127
stabilityai_stable-diffusion-3-medium-diffusers,13253612,0.4752182960510254
stabilityai_stable-diffusion-3-medium-diffusers,7609083,0.06470746546983719
stabilityai_stable-diffusion-3-medium-diffusers,954751,-3.355590581893921
stabilityai_stable-diffusion-3-medium-diffusers,3691817,-0.41819775104522705
stabilityai_stable-diffusion-3-medium-diffusers,7700255,0.5995440483093262
stabilityai_stable-diffusion-3-medium-diffusers,80750117,1.5033296346664429
stabilityai_stable-diffusion-3-medium-diffusers,9892156,1.0758438110351562
stabilityai_stable-diffusion-3-medium-diffusers,14736587,1.0047584772109985
stabilityai_stable-diffusion-3-medium-diffusers,78454948,2.336817502975464
stabilityai_stable-diffusion-3-medium-diffusers,84812662,-1.311737060546875
stabilityai_stable-diffusion-3-medium-diffusers,14601829,-2.530082941055298
stabilityai_stable-diffusion-3-medium-diffusers,50662419,1.2076854705810547
stabilityai_stable-diffusion-3-medium-diffusers,74578747,1.6590890884399414
stabilityai_stable-diffusion-3-medium-diffusers,57078277,-1.6233323812484741
stabilityai_stable-diffusion-3-medium-diffusers,60065469,1.884786605834961
stabilityai_stable-diffusion-3-medium-diffusers,79562777,-1.689153790473938
stabilityai_stable-diffusion-3-medium-diffusers,9274305,-0.3423973619937897
stabilityai_stable-diffusion-3-medium-diffusers,49835852,0.006330091971904039
stabilityai_stable-diffusion-3-medium-diffusers,43140043,-2.0472283363342285
stabilityai_stable-diffusion-3-medium-diffusers,54978020,1.4297891855239868
stabilityai_stable-diffusion-3-medium-diffusers,9638875,-0.45265060663223267
stabilityai_stable-diffusion-3-medium-diffusers,13418823,-0.34043994545936584
stabilityai_stable-diffusion-3-medium-diffusers,6126177,-0.832586944103241
stabilityai_stable-diffusion-3-medium-diffusers,84007404,0.9243826866149902
stabilityai_stable-diffusion-3-medium-diffusers,96189665,-0.6660885810852051
stabilityai_stable-diffusion-3-medium-diffusers,3029296,1.7486457824707031
stabilityai_stable-diffusion-3-medium-diffusers,69008030,1.980787754058838
stabilityai_stable-diffusion-3-medium-diffusers,11975369,-1.9202615022659302
stabilityai_stable-diffusion-3-medium-diffusers,21450662,0.9848037362098694
stabilityai_stable-diffusion-3-medium-diffusers,2407987,0.5785972476005554
stabilityai_stable-diffusion-3-medium-diffusers,52964936,0.33186933398246765
stabilityai_stable-diffusion-3-medium-diffusers,33670687,-1.135602593421936
stabilityai_stable-diffusion-3-medium-diffusers,20371877,0.9317331314086914
stabilityai_stable-diffusion-3-medium-diffusers,61481976,-0.7482473254203796
stabilityai_stable-diffusion-3-medium-diffusers,34889612,1.2623558044433594
stabilityai_stable-diffusion-3-medium-diffusers,3464952,-1.658918857574463
stabilityai_stable-diffusion-3-medium-diffusers,81693731,-0.06075447052717209
stabilityai_stable-diffusion-3-medium-diffusers,11173287,0.8906048536300659
stabilityai_stable-diffusion-3-medium-diffusers,33356609,-1.7897803783416748
stabilityai_stable-diffusion-3-medium-diffusers,58005797,-1.3884588479995728
stabilityai_stable-diffusion-3-medium-diffusers,90210912,0.5179266333580017
stabilityai_stable-diffusion-3-medium-diffusers,92328638,-2.2915360927581787
stabilityai_stable-diffusion-3-medium-diffusers,82271929,-0.9426069259643555
stabilityai_stable-diffusion-3-medium-diffusers,22399265,-1.441836953163147
stabilityai_stable-diffusion-3-medium-diffusers,2384858,0.11206476390361786
stabilityai_stable-diffusion-3-medium-diffusers,4290945,-0.4886598289012909
stabilityai_stable-diffusion-3-medium-diffusers,4489008,-0.09756165742874146
stabilityai_stable-diffusion-3-medium-diffusers,12501745,0.4160417914390564
stabilityai_stable-diffusion-3-medium-diffusers,14074877,-1.2564587593078613
stabilityai_stable-diffusion-3-medium-diffusers,9542170,0.526801586151123
stabilityai_stable-diffusion-3-medium-diffusers,4192521,1.8115555047988892
stabilityai_stable-diffusion-3-medium-diffusers,32431340,-1.1147032976150513
stabilityai_stable-diffusion-3-medium-diffusers,105333,-0.7056460380554199
stabilityai_stable-diffusion-3-medium-diffusers,7608980,0.9549612402915955
stabilityai_stable-diffusion-3-medium-diffusers,14980215,0.18748800456523895
stabilityai_stable-diffusion-3-medium-diffusers,35817768,0.6305032968521118
stabilityai_stable-diffusion-3-medium-diffusers,93675113,1.4448847770690918
stabilityai_stable-diffusion-3-medium-diffusers,4974340,-0.15110395848751068
stabilityai_stable-diffusion-3-medium-diffusers,34964210,-0.6411725282669067
stabilityai_stable-diffusion-3-medium-diffusers,9104370,0.10037947446107864
stabilityai_stable-diffusion-3-medium-diffusers,31479295,0.18227316439151764
stabilityai_stable-diffusion-3-medium-diffusers,1774173,-0.8650119304656982
stabilityai_stable-diffusion-3-medium-diffusers,84877967,-0.06031549721956253
stabilityai_stable-diffusion-3-medium-diffusers,21740972,0.043136805295944214
stabilityai_stable-diffusion-3-medium-diffusers,9793248,0.21414537727832794
stabilityai_stable-diffusion-3-medium-diffusers,4502197,-0.23469410836696625
stabilityai_stable-diffusion-3-medium-diffusers,77132310,-0.518027126789093
stabilityai_stable-diffusion-3-medium-diffusers,5072523,-2.142221689224243
stabilityai_stable-diffusion-3-medium-diffusers,86486876,0.444072425365448
stabilityai_stable-diffusion-3-medium-diffusers,13276519,-0.4789808988571167
stabilityai_stable-diffusion-3-medium-diffusers,7832042,-0.5539008378982544
stabilityai_stable-diffusion-3-medium-diffusers,15828407,0.4219253659248352
stabilityai_stable-diffusion-3-medium-diffusers,48024657,0.3177499771118164
stabilityai_stable-diffusion-3-medium-diffusers,72701253,0.40400832891464233
stabilityai_stable-diffusion-3-medium-diffusers,45594996,0.7012024521827698
stabilityai_stable-diffusion-3-medium-diffusers,77378831,-2.243776559829712
stabilityai_stable-diffusion-3-medium-diffusers,65089965,-2.1065447330474854
stabilityai_stable-diffusion-3-medium-diffusers,5735624,0.5783738493919373
stabilityai_stable-diffusion-3-medium-diffusers,47848071,-0.9310149550437927
stabilityai_stable-diffusion-3-medium-diffusers,90374645,1.2153962850570679
stabilityai_stable-diffusion-3-medium-diffusers,3668279,0.46945157647132874
stabilityai_stable-diffusion-3-medium-diffusers,9616922,0.2682890295982361
stabilityai_stable-diffusion-3-medium-diffusers,12100538,-0.2917530834674835
stabilityai_stable-diffusion-3-medium-diffusers,40115170,-0.21560828387737274
stabilityai_stable-diffusion-3-medium-diffusers,3780392,0.07144138962030411
stabilityai_stable-diffusion-3-medium-diffusers,18738180,-0.6642157435417175
stabilityai_stable-diffusion-3-medium-diffusers,84608404,-0.015101306140422821
stabilityai_stable-diffusion-3-medium-diffusers,61348818,-0.5148065090179443
stabilityai_stable-diffusion-3-medium-diffusers,48351897,-1.3874766826629639
stabilityai_stable-diffusion-3-medium-diffusers,3366112,-0.41619282960891724
stabilityai_stable-diffusion-3-medium-diffusers,44838123,-2.4826323986053467
stabilityai_stable-diffusion-3-medium-diffusers,232765,-0.12818795442581177
stabilityai_stable-diffusion-3-medium-diffusers,54931507,0.0731932520866394
stabilityai_stable-diffusion-3-medium-diffusers,34475997,-1.8151606321334839
stabilityai_stable-diffusion-3-medium-diffusers,21564446,-1.2943942546844482
stabilityai_stable-diffusion-3-medium-diffusers,2824319,0.09337341785430908
stabilityai_stable-diffusion-3-medium-diffusers,17282800,2.06097412109375
stabilityai_stable-diffusion-3-medium-diffusers,7871940,1.7471028566360474
stabilityai_stable-diffusion-3-medium-diffusers,62383909,-1.3629473447799683
stabilityai_stable-diffusion-3-medium-diffusers,49656506,-1.168665885925293
stabilityai_stable-diffusion-3-medium-diffusers,7184149,0.9705114364624023
stabilityai_stable-diffusion-3-medium-diffusers,3073694,1.2348307371139526
stabilityai_stable-diffusion-3-medium-diffusers,19589122,-0.9053872227668762
stabilityai_stable-diffusion-3-medium-diffusers,64672972,-1.1235954761505127
stabilityai_stable-diffusion-3-medium-diffusers,14722589,0.9843425750732422
stabilityai_stable-diffusion-3-medium-diffusers,12194554,-0.029408276081085205
stabilityai_stable-diffusion-3-medium-diffusers,10732312,-0.3754235804080963
stabilityai_stable-diffusion-3-medium-diffusers,57236146,-1.1290874481201172
stabilityai_stable-diffusion-3-medium-diffusers,19037292,1.717759132385254
stabilityai_stable-diffusion-3-medium-diffusers,28969978,-1.011988639831543
stabilityai_stable-diffusion-3-medium-diffusers,42906382,0.5966079235076904
stabilityai_stable-diffusion-3-medium-diffusers,75430187,0.20710325241088867
stabilityai_stable-diffusion-3-medium-diffusers,2725872,-0.07724494487047195
stabilityai_stable-diffusion-3-medium-diffusers,75561084,1.2606631517410278
stabilityai_stable-diffusion-3-medium-diffusers,59367810,-1.8278826475143433
stabilityai_stable-diffusion-3-medium-diffusers,27961140,0.5432009100914001
stabilityai_stable-diffusion-3-medium-diffusers,2245443,-0.5657989382743835
stabilityai_stable-diffusion-3-medium-diffusers,53434555,-1.120713710784912
stabilityai_stable-diffusion-3-medium-diffusers,22491539,0.2260204702615738
stabilityai_stable-diffusion-3-medium-diffusers,8703165,0.18389873206615448
stabilityai_stable-diffusion-3-medium-diffusers,7607492,1.2845441102981567
stabilityai_stable-diffusion-3-medium-diffusers,82996616,-0.367635577917099
stabilityai_stable-diffusion-3-medium-diffusers,7599783,1.0030025243759155
stabilityai_stable-diffusion-3-medium-diffusers,483935,-0.9239183664321899
stabilityai_stable-diffusion-3-medium-diffusers,7651325,2.891144275665283
stabilityai_stable-diffusion-3-medium-diffusers,38161491,1.0950400829315186
stabilityai_stable-diffusion-3-medium-diffusers,2956883,1.4086271524429321
stabilityai_stable-diffusion-3-medium-diffusers,21722840,0.34984704852104187
stabilityai_stable-diffusion-3-medium-diffusers,4458201,0.17557142674922943
stabilityai_stable-diffusion-3-medium-diffusers,12940483,-0.8530535697937012
stabilityai_stable-diffusion-3-medium-diffusers,52161346,1.7396135330200195
stabilityai_stable-diffusion-3-medium-diffusers,2799897,1.6380791664123535
stabilityai_stable-diffusion-3-medium-diffusers,98319500,-1.2088145017623901
stabilityai_stable-diffusion-3-medium-diffusers,4462318,0.9159108996391296
stabilityai_stable-diffusion-3-medium-diffusers,28192869,0.9112250208854675
stabilityai_stable-diffusion-3-medium-diffusers,86558271,-1.2462866306304932
stabilityai_stable-diffusion-3-medium-diffusers,97734389,-0.6889657378196716
stabilityai_stable-diffusion-3-medium-diffusers,39327873,2.246936082839966
stabilityai_stable-diffusion-3-medium-diffusers,14195315,-0.5149503946304321
stabilityai_stable-diffusion-3-medium-diffusers,70484129,1.128038763999939
stabilityai_stable-diffusion-3-medium-diffusers,2885233,1.3368862867355347
stabilityai_stable-diffusion-3-medium-diffusers,5391540,-1.393213152885437
stabilityai_stable-diffusion-3-medium-diffusers,1707698,0.3224112391471863
stabilityai_stable-diffusion-3-medium-diffusers,91896834,-2.5598795413970947
stabilityai_stable-diffusion-3-medium-diffusers,4549122,-0.497504860162735
stabilityai_stable-diffusion-3-medium-diffusers,16117581,0.4101877808570862
stabilityai_stable-diffusion-3-medium-diffusers,80601213,-2.35420823097229
stabilityai_stable-diffusion-3-medium-diffusers,80908440,-1.5393822193145752
stabilityai_stable-diffusion-3-medium-diffusers,2782329,-0.007059029769152403
stabilityai_stable-diffusion-3-medium-diffusers,5520479,-0.28789353370666504
stabilityai_stable-diffusion-3-medium-diffusers,64469085,-1.446342945098877
stabilityai_stable-diffusion-3-medium-diffusers,25650011,1.555083990097046
stabilityai_stable-diffusion-3-medium-diffusers,1708106,0.0437205508351326
stabilityai_stable-diffusion-3-medium-diffusers,7882420,1.7567241191864014
stabilityai_stable-diffusion-3-medium-diffusers,86409282,0.4663828909397125
stabilityai_stable-diffusion-3-medium-diffusers,20441571,-0.40047693252563477
stabilityai_stable-diffusion-3-medium-diffusers,67298121,-0.8058617115020752
stabilityai_stable-diffusion-3-medium-diffusers,14488912,-0.22740212082862854
stabilityai_stable-diffusion-3-medium-diffusers,8822245,0.7312483191490173
stabilityai_stable-diffusion-3-medium-diffusers,91980352,-0.6708279848098755
stabilityai_stable-diffusion-3-medium-diffusers,13417410,-0.06455563753843307
stabilityai_stable-diffusion-3-medium-diffusers,48996398,0.8765436410903931
stabilityai_stable-diffusion-3-medium-diffusers,58456617,-0.2282765507698059
stabilityai_stable-diffusion-3-medium-diffusers,29597113,0.070067398250103
stabilityai_stable-diffusion-3-medium-diffusers,6298362,1.6180471181869507
stabilityai_stable-diffusion-3-medium-diffusers,79752138,-1.1596477031707764
stabilityai_stable-diffusion-3-medium-diffusers,2815071,-0.005608640145510435
stabilityai_stable-diffusion-3-medium-diffusers,83652331,-0.15583817660808563
stabilityai_stable-diffusion-3-medium-diffusers,43301379,1.9469553232192993
stabilityai_stable-diffusion-3-medium-diffusers,11802734,-2.8529884815216064
stabilityai_stable-diffusion-3-medium-diffusers,32695734,1.9344333410263062
stabilityai_stable-diffusion-3-medium-diffusers,67793552,-0.5989489555358887
stabilityai_stable-diffusion-3-medium-diffusers,14940386,0.8833324313163757
stabilityai_stable-diffusion-3-medium-diffusers,67555004,0.5238945484161377
stabilityai_stable-diffusion-3-medium-diffusers,3125870,1.305030345916748
stabilityai_stable-diffusion-3-medium-diffusers,7606669,1.6893049478530884
stabilityai_stable-diffusion-3-medium-diffusers,7274890,-0.3615038990974426
stabilityai_stable-diffusion-3-medium-diffusers,70349273,0.7555634379386902
stabilityai_stable-diffusion-3-medium-diffusers,97662732,0.7980433702468872
stabilityai_stable-diffusion-3-medium-diffusers,11541907,-1.29618501663208
stabilityai_stable-diffusion-3-medium-diffusers,5722208,-1.133019208908081
stabilityai_stable-diffusion-3-medium-diffusers,1105639,0.5030538439750671
stabilityai_stable-diffusion-3-medium-diffusers,831191,-0.5067344307899475
stabilityai_stable-diffusion-3-medium-diffusers,32002501,0.07065459340810776
stabilityai_stable-diffusion-3-medium-diffusers,57729980,-0.8780475854873657
stabilityai_stable-diffusion-3-medium-diffusers,91368797,-0.7712227702140808
stabilityai_stable-diffusion-3-medium-diffusers,57619150,-1.0056195259094238
stabilityai_stable-diffusion-3-medium-diffusers,7600394,0.6985583901405334
stabilityai_stable-diffusion-3-medium-diffusers,3412058,0.3758698105812073
stabilityai_stable-diffusion-3-medium-diffusers,79810359,-1.7829598188400269
stabilityai_stable-diffusion-3-medium-diffusers,13915417,-1.84867262840271
stabilityai_stable-diffusion-3-medium-diffusers,94101186,2.0802392959594727
stabilityai_stable-diffusion-3-medium-diffusers,78153110,-1.5562077760696411
stabilityai_stable-diffusion-3-medium-diffusers,13447361,1.2276784181594849
stabilityai_stable-diffusion-3-medium-diffusers,14864255,-0.6831732988357544
stabilityai_stable-diffusion-3-medium-diffusers,96521920,-0.6906152963638306
stabilityai_stable-diffusion-3-medium-diffusers,25685207,0.7516859769821167
stabilityai_stable-diffusion-3-medium-diffusers,1516071,0.2560538053512573
stabilityai_stable-diffusion-3-medium-diffusers,68246844,-0.18464623391628265
stabilityai_stable-diffusion-3-medium-diffusers,60214770,-1.4430323839187622
stabilityai_stable-diffusion-3-medium-diffusers,76100398,-1.0728709697723389
stabilityai_stable-diffusion-3-medium-diffusers,11460338,-3.140268325805664
stabilityai_stable-diffusion-3-medium-diffusers,14550987,-0.3377287983894348
stabilityai_stable-diffusion-3-medium-diffusers,74175857,-1.9307060241699219
stabilityai_stable-diffusion-3-medium-diffusers,51060824,-0.575896680355072
stabilityai_stable-diffusion-3-medium-diffusers,67949798,1.6537158489227295
stabilityai_stable-diffusion-3-medium-diffusers,53815934,-1.5036224126815796
stabilityai_stable-diffusion-3-medium-diffusers,399030,-0.38310185074806213
stabilityai_stable-diffusion-3-medium-diffusers,7105475,-2.2466633319854736
stabilityai_stable-diffusion-3-medium-diffusers,7598529,0.6633580923080444
stabilityai_stable-diffusion-3-medium-diffusers,2403740,0.5485017895698547
stabilityai_stable-diffusion-3-medium-diffusers,38571796,0.0020575732924044132
stabilityai_stable-diffusion-3-medium-diffusers,35268366,0.6060892939567566
stabilityai_stable-diffusion-3-medium-diffusers,15180528,-1.7482154369354248
stabilityai_stable-diffusion-3-medium-diffusers,4962784,-1.8623701333999634
stabilityai_stable-diffusion-3-medium-diffusers,858188,0.7334725260734558
stabilityai_stable-diffusion-3-medium-diffusers,34890398,-2.9814112186431885
stabilityai_stable-diffusion-3-medium-diffusers,54348944,0.7260180711746216
stabilityai_stable-diffusion-xl-base-1.0,70121854,1.6910842657089233
stabilityai_stable-diffusion-xl-base-1.0,44691336,1.276010274887085
stabilityai_stable-diffusion-xl-base-1.0,13390139,1.820314645767212
stabilityai_stable-diffusion-xl-base-1.0,3541091,1.3963934183120728
stabilityai_stable-diffusion-xl-base-1.0,86911328,1.4201935529708862
stabilityai_stable-diffusion-xl-base-1.0,4514738,0.21860793232917786
stabilityai_stable-diffusion-xl-base-1.0,43439649,1.2671188116073608
stabilityai_stable-diffusion-xl-base-1.0,7608429,0.704836905002594
stabilityai_stable-diffusion-xl-base-1.0,42700105,0.6548323631286621
stabilityai_stable-diffusion-xl-base-1.0,37471482,-0.5671011805534363
stabilityai_stable-diffusion-xl-base-1.0,41796839,-1.6551929712295532
stabilityai_stable-diffusion-xl-base-1.0,4379964,1.1628674268722534
stabilityai_stable-diffusion-xl-base-1.0,52903514,0.669887125492096
stabilityai_stable-diffusion-xl-base-1.0,4213105,0.15443260967731476
stabilityai_stable-diffusion-xl-base-1.0,27911104,0.07525964826345444
stabilityai_stable-diffusion-xl-base-1.0,22526844,0.7043415904045105
stabilityai_stable-diffusion-xl-base-1.0,17121388,-1.0487889051437378
stabilityai_stable-diffusion-xl-base-1.0,1557564,0.2345777302980423
stabilityai_stable-diffusion-xl-base-1.0,83803292,-2.011235237121582
stabilityai_stable-diffusion-xl-base-1.0,6333690,-1.9061754941940308
stabilityai_stable-diffusion-xl-base-1.0,41248405,0.6084434390068054
stabilityai_stable-diffusion-xl-base-1.0,7607605,-0.44036614894866943
stabilityai_stable-diffusion-xl-base-1.0,59010138,0.2938303053379059
stabilityai_stable-diffusion-xl-base-1.0,3162460,1.6738704442977905
stabilityai_stable-diffusion-xl-base-1.0,60579124,0.33305713534355164
stabilityai_stable-diffusion-xl-base-1.0,7699430,-1.758760929107666
stabilityai_stable-diffusion-xl-base-1.0,54877186,-0.893721878528595
stabilityai_stable-diffusion-xl-base-1.0,77730420,3.2376294136047363
stabilityai_stable-diffusion-xl-base-1.0,27491681,1.4487957954406738
stabilityai_stable-diffusion-xl-base-1.0,37603983,-1.1894171237945557
stabilityai_stable-diffusion-xl-base-1.0,10499857,1.3221060037612915
stabilityai_stable-diffusion-xl-base-1.0,63436238,-0.536810576915741
stabilityai_stable-diffusion-xl-base-1.0,1106864,0.5977640151977539
stabilityai_stable-diffusion-xl-base-1.0,4170037,-0.7566021680831909
stabilityai_stable-diffusion-xl-base-1.0,3035832,1.046434760093689
stabilityai_stable-diffusion-xl-base-1.0,95851097,-0.009656786918640137
stabilityai_stable-diffusion-xl-base-1.0,99014577,-0.9457654356956482
stabilityai_stable-diffusion-xl-base-1.0,87279754,0.5173407196998596
stabilityai_stable-diffusion-xl-base-1.0,7609728,0.6856009364128113
stabilityai_stable-diffusion-xl-base-1.0,7114060,-0.5246333479881287
stabilityai_stable-diffusion-xl-base-1.0,23860855,1.8727285861968994
stabilityai_stable-diffusion-xl-base-1.0,5009569,0.5950425863265991
stabilityai_stable-diffusion-xl-base-1.0,61782322,0.8631827235221863
stabilityai_stable-diffusion-xl-base-1.0,9755396,-0.13526557385921478
stabilityai_stable-diffusion-xl-base-1.0,28583972,-0.8735058903694153
stabilityai_stable-diffusion-xl-base-1.0,3982331,0.8509771227836609
stabilityai_stable-diffusion-xl-base-1.0,81765919,0.46996164321899414
stabilityai_stable-diffusion-xl-base-1.0,4959672,0.14478357136249542
stabilityai_stable-diffusion-xl-base-1.0,60119167,-1.0981773138046265
stabilityai_stable-diffusion-xl-base-1.0,64348125,0.3982979655265808
stabilityai_stable-diffusion-xl-base-1.0,93027630,1.1817137002944946
stabilityai_stable-diffusion-xl-base-1.0,7891309,-1.1422919034957886
stabilityai_stable-diffusion-xl-base-1.0,88253150,0.9981151223182678
stabilityai_stable-diffusion-xl-base-1.0,74537896,-0.9398979544639587
stabilityai_stable-diffusion-xl-base-1.0,53453035,-0.7038745284080505
stabilityai_stable-diffusion-xl-base-1.0,28654925,2.1764280796051025
stabilityai_stable-diffusion-xl-base-1.0,68845412,-2.122063159942627
stabilityai_stable-diffusion-xl-base-1.0,20889077,1.7570480108261108
stabilityai_stable-diffusion-xl-base-1.0,65708370,-1.6447831392288208
stabilityai_stable-diffusion-xl-base-1.0,4112752,-0.6235697269439697
stabilityai_stable-diffusion-xl-base-1.0,7834065,1.2853425741195679
stabilityai_stable-diffusion-xl-base-1.0,15835830,1.5260690450668335
stabilityai_stable-diffusion-xl-base-1.0,3536761,2.068351984024048
stabilityai_stable-diffusion-xl-base-1.0,80889958,-1.5400100946426392
stabilityai_stable-diffusion-xl-base-1.0,6756987,-0.3707731366157532
stabilityai_stable-diffusion-xl-base-1.0,18534016,-0.4300760328769684
stabilityai_stable-diffusion-xl-base-1.0,7609316,-0.6249483227729797
stabilityai_stable-diffusion-xl-base-1.0,93135607,-1.3805431127548218
stabilityai_stable-diffusion-xl-base-1.0,7900406,0.9929637908935547
stabilityai_stable-diffusion-xl-base-1.0,9414135,-0.3212105333805084
stabilityai_stable-diffusion-xl-base-1.0,3200906,1.7358722686767578
stabilityai_stable-diffusion-xl-base-1.0,69685564,-2.543992519378662
stabilityai_stable-diffusion-xl-base-1.0,77503341,-2.4922008514404297
stabilityai_stable-diffusion-xl-base-1.0,43650371,-2.196589231491089
stabilityai_stable-diffusion-xl-base-1.0,65034633,2.059126615524292
stabilityai_stable-diffusion-xl-base-1.0,12538008,-0.3623655140399933
stabilityai_stable-diffusion-xl-base-1.0,60461773,0.36804628372192383
stabilityai_stable-diffusion-xl-base-1.0,3649797,1.6065928936004639
stabilityai_stable-diffusion-xl-base-1.0,32077588,1.1344996690750122
stabilityai_stable-diffusion-xl-base-1.0,48970167,-0.7866859436035156
stabilityai_stable-diffusion-xl-base-1.0,192356,-0.7191751599311829
stabilityai_stable-diffusion-xl-base-1.0,23620164,-1.4385746717453003
stabilityai_stable-diffusion-xl-base-1.0,90033215,1.5116738080978394
stabilityai_stable-diffusion-xl-base-1.0,38151096,1.3268309831619263
stabilityai_stable-diffusion-xl-base-1.0,14551986,-0.1304418295621872
stabilityai_stable-diffusion-xl-base-1.0,95483948,1.9111121892929077
stabilityai_stable-diffusion-xl-base-1.0,6771159,0.23764868080615997
stabilityai_stable-diffusion-xl-base-1.0,7898745,-2.3177411556243896
stabilityai_stable-diffusion-xl-base-1.0,69139540,1.245812177658081
stabilityai_stable-diffusion-xl-base-1.0,28282114,-0.4543237090110779
stabilityai_stable-diffusion-xl-base-1.0,7881800,-1.1537615060806274
stabilityai_stable-diffusion-xl-base-1.0,14857278,1.437182068824768
stabilityai_stable-diffusion-xl-base-1.0,48766602,0.6762787699699402
stabilityai_stable-diffusion-xl-base-1.0,66203715,-1.23333740234375
stabilityai_stable-diffusion-xl-base-1.0,59976859,2.3708982467651367
stabilityai_stable-diffusion-xl-base-1.0,4967191,-0.02377549558877945
stabilityai_stable-diffusion-xl-base-1.0,77106105,-0.6630030274391174
stabilityai_stable-diffusion-xl-base-1.0,6675179,0.8456105589866638
stabilityai_stable-diffusion-xl-base-1.0,281913,0.3258706331253052
stabilityai_stable-diffusion-xl-base-1.0,75401852,-1.592854619026184
stabilityai_stable-diffusion-xl-base-1.0,9044146,-1.7911854982376099
stabilityai_stable-diffusion-xl-base-1.0,86693103,1.4363130331039429
stabilityai_stable-diffusion-xl-base-1.0,85395861,1.091331124305725
stabilityai_stable-diffusion-xl-base-1.0,4092609,0.5639802813529968
stabilityai_stable-diffusion-xl-base-1.0,52078222,-0.16966193914413452
stabilityai_stable-diffusion-xl-base-1.0,7608866,-0.2826480269432068
stabilityai_stable-diffusion-xl-base-1.0,75944980,-1.1049737930297852
stabilityai_stable-diffusion-xl-base-1.0,86756267,0.1662743240594864
stabilityai_stable-diffusion-xl-base-1.0,39543936,-1.336281180381775
stabilityai_stable-diffusion-xl-base-1.0,28934470,-0.8790169954299927
stabilityai_stable-diffusion-xl-base-1.0,41974567,-1.3122791051864624
stabilityai_stable-diffusion-xl-base-1.0,10794014,-2.522491931915283
stabilityai_stable-diffusion-xl-base-1.0,94276419,0.3582231402397156
stabilityai_stable-diffusion-xl-base-1.0,7626501,0.016497578471899033
stabilityai_stable-diffusion-xl-base-1.0,94132969,-0.2904743552207947
stabilityai_stable-diffusion-xl-base-1.0,60117389,-0.535490870475769
stabilityai_stable-diffusion-xl-base-1.0,14843295,-2.4255731105804443
stabilityai_stable-diffusion-xl-base-1.0,7494682,1.5027552843093872
stabilityai_stable-diffusion-xl-base-1.0,63637291,-0.0775904506444931
stabilityai_stable-diffusion-xl-base-1.0,81640167,0.5535898804664612
stabilityai_stable-diffusion-xl-base-1.0,47485554,-0.5264881253242493
stabilityai_stable-diffusion-xl-base-1.0,93877667,-1.123966932296753
stabilityai_stable-diffusion-xl-base-1.0,36853607,-1.264614462852478
stabilityai_stable-diffusion-xl-base-1.0,80523724,1.271335244178772
stabilityai_stable-diffusion-xl-base-1.0,1387164,0.5006968975067139
stabilityai_stable-diffusion-xl-base-1.0,34421097,0.4580468237400055
stabilityai_stable-diffusion-xl-base-1.0,94127466,1.6306637525558472
stabilityai_stable-diffusion-xl-base-1.0,63853621,0.2717149555683136
stabilityai_stable-diffusion-xl-base-1.0,15213484,-0.8210521340370178
stabilityai_stable-diffusion-xl-base-1.0,3819595,-1.1725389957427979
stabilityai_stable-diffusion-xl-base-1.0,14551115,1.464774489402771
stabilityai_stable-diffusion-xl-base-1.0,4191943,1.3202996253967285
stabilityai_stable-diffusion-xl-base-1.0,18482012,0.3904259204864502
stabilityai_stable-diffusion-xl-base-1.0,4975739,-2.29854154586792
stabilityai_stable-diffusion-xl-base-1.0,7649854,0.4863748550415039
stabilityai_stable-diffusion-xl-base-1.0,13719362,1.972442626953125
stabilityai_stable-diffusion-xl-base-1.0,6567313,2.083362102508545
stabilityai_stable-diffusion-xl-base-1.0,75598105,1.0880358219146729
stabilityai_stable-diffusion-xl-base-1.0,32665487,2.177198648452759
stabilityai_stable-diffusion-xl-base-1.0,7712382,-1.1409876346588135
stabilityai_stable-diffusion-xl-base-1.0,2672371,0.3155663013458252
stabilityai_stable-diffusion-xl-base-1.0,14942245,-0.1646159142255783
stabilityai_stable-diffusion-xl-base-1.0,88509060,0.8019214868545532
stabilityai_stable-diffusion-xl-base-1.0,25579216,-1.4997740983963013
stabilityai_stable-diffusion-xl-base-1.0,9816545,2.107326030731201
stabilityai_stable-diffusion-xl-base-1.0,3910033,-1.9728096723556519
stabilityai_stable-diffusion-xl-base-1.0,6613580,-0.973432719707489
stabilityai_stable-diffusion-xl-base-1.0,2224660,1.800441026687622
stabilityai_stable-diffusion-xl-base-1.0,84000199,-0.23232486844062805
stabilityai_stable-diffusion-xl-base-1.0,37106860,-2.451695442199707
stabilityai_stable-diffusion-xl-base-1.0,51966699,-0.9661275148391724
stabilityai_stable-diffusion-xl-base-1.0,7627310,-1.2331206798553467
stabilityai_stable-diffusion-xl-base-1.0,35630202,1.4110602140426636
stabilityai_stable-diffusion-xl-base-1.0,3603442,0.7186068296432495
stabilityai_stable-diffusion-xl-base-1.0,81435593,0.46325984597206116
stabilityai_stable-diffusion-xl-base-1.0,79312149,-0.2004702389240265
stabilityai_stable-diffusion-xl-base-1.0,485262,-0.7554241418838501
stabilityai_stable-diffusion-xl-base-1.0,2991302,0.8908412456512451
stabilityai_stable-diffusion-xl-base-1.0,18355283,0.6951953768730164
stabilityai_stable-diffusion-xl-base-1.0,21858692,0.7035524845123291
stabilityai_stable-diffusion-xl-base-1.0,15019483,2.210991144180298
stabilityai_stable-diffusion-xl-base-1.0,6479665,0.29090768098831177
stabilityai_stable-diffusion-xl-base-1.0,2720201,-1.7088093757629395
stabilityai_stable-diffusion-xl-base-1.0,28198741,1.3526631593704224
stabilityai_stable-diffusion-xl-base-1.0,35040022,1.0927724838256836
stabilityai_stable-diffusion-xl-base-1.0,15793087,-2.0312612056732178
stabilityai_stable-diffusion-xl-base-1.0,51032852,-0.17104847729206085
stabilityai_stable-diffusion-xl-base-1.0,33842974,0.8818854689598083
stabilityai_stable-diffusion-xl-base-1.0,62270574,-0.31402698159217834
stabilityai_stable-diffusion-xl-base-1.0,14842992,-2.7253241539001465
stabilityai_stable-diffusion-xl-base-1.0,18845198,1.3130954504013062
stabilityai_stable-diffusion-xl-base-1.0,1459530,2.186783790588379
stabilityai_stable-diffusion-xl-base-1.0,60793599,0.13561710715293884
stabilityai_stable-diffusion-xl-base-1.0,5728577,0.5830256938934326
stabilityai_stable-diffusion-xl-base-1.0,27824763,0.44335100054740906
stabilityai_stable-diffusion-xl-base-1.0,28037874,3.0016751289367676
stabilityai_stable-diffusion-xl-base-1.0,7854707,0.5237563848495483
stabilityai_stable-diffusion-xl-base-1.0,4247440,0.9503592848777771
stabilityai_stable-diffusion-xl-base-1.0,82302577,0.5234183073043823
stabilityai_stable-diffusion-xl-base-1.0,35739035,-0.5241348147392273
stabilityai_stable-diffusion-xl-base-1.0,40995095,-0.07826366275548935
stabilityai_stable-diffusion-xl-base-1.0,8339706,0.751352846622467
stabilityai_stable-diffusion-xl-base-1.0,17139506,-1.2985042333602905
stabilityai_stable-diffusion-xl-base-1.0,22128793,0.4120863676071167
stabilityai_stable-diffusion-xl-base-1.0,15097017,-1.472019076347351
stabilityai_stable-diffusion-xl-base-1.0,2857644,1.9518884420394897
stabilityai_stable-diffusion-xl-base-1.0,37809264,-0.3121921122074127
stabilityai_stable-diffusion-xl-base-1.0,35862862,2.273376703262329
stabilityai_stable-diffusion-xl-base-1.0,29779486,1.5042840242385864
stabilityai_stable-diffusion-xl-base-1.0,11855090,0.7016894221305847
stabilityai_stable-diffusion-xl-base-1.0,10249950,0.536725640296936
stabilityai_stable-diffusion-xl-base-1.0,7447641,1.3503249883651733
stabilityai_stable-diffusion-xl-base-1.0,80365485,0.4339275360107422
stabilityai_stable-diffusion-xl-base-1.0,56250900,-1.653469443321228
stabilityai_stable-diffusion-xl-base-1.0,33545002,-0.36082223057746887
stabilityai_stable-diffusion-xl-base-1.0,3208556,-0.9346531629562378
stabilityai_stable-diffusion-xl-base-1.0,6615216,-0.7098878622055054
stabilityai_stable-diffusion-xl-base-1.0,54559879,-0.130991131067276
stabilityai_stable-diffusion-xl-base-1.0,27717001,-0.3093598484992981
stabilityai_stable-diffusion-xl-base-1.0,64361502,-1.7117217779159546
stabilityai_stable-diffusion-xl-base-1.0,43626668,1.4816588163375854
stabilityai_stable-diffusion-xl-base-1.0,14169364,1.0924707651138306
stabilityai_stable-diffusion-xl-base-1.0,50682545,-2.003248691558838
stabilityai_stable-diffusion-xl-base-1.0,61508014,-1.4964770078659058
stabilityai_stable-diffusion-xl-base-1.0,30241639,0.14697392284870148
stabilityai_stable-diffusion-xl-base-1.0,17389595,2.2059812545776367
stabilityai_stable-diffusion-xl-base-1.0,3999621,-1.9695000648498535
stabilityai_stable-diffusion-xl-base-1.0,81762434,0.8870826959609985
stabilityai_stable-diffusion-xl-base-1.0,92219553,1.4449963569641113
stabilityai_stable-diffusion-xl-base-1.0,55044971,0.8276444673538208
stabilityai_stable-diffusion-xl-base-1.0,8340483,-0.02702590823173523
stabilityai_stable-diffusion-xl-base-1.0,98107674,-0.6016741394996643
stabilityai_stable-diffusion-xl-base-1.0,22989925,-1.418084740638733
stabilityai_stable-diffusion-xl-base-1.0,31445703,-0.5762189030647278
stabilityai_stable-diffusion-xl-base-1.0,3366301,-0.012943238019943237
stabilityai_stable-diffusion-xl-base-1.0,74270052,-0.1469486504793167
stabilityai_stable-diffusion-xl-base-1.0,1324943,0.5732116103172302
stabilityai_stable-diffusion-xl-base-1.0,3431,0.332264244556427
stabilityai_stable-diffusion-xl-base-1.0,87094388,0.08848077803850174
stabilityai_stable-diffusion-xl-base-1.0,6059312,1.5155032873153687
stabilityai_stable-diffusion-xl-base-1.0,89238716,0.7915597558021545
stabilityai_stable-diffusion-xl-base-1.0,2939185,1.6613913774490356
stabilityai_stable-diffusion-xl-base-1.0,20033016,0.6735690236091614
stabilityai_stable-diffusion-xl-base-1.0,16462831,-0.3040097653865814
stabilityai_stable-diffusion-xl-base-1.0,56407616,1.5524272918701172
stabilityai_stable-diffusion-xl-base-1.0,11881917,1.3125144243240356
stabilityai_stable-diffusion-xl-base-1.0,7891726,3.085522174835205
stabilityai_stable-diffusion-xl-base-1.0,3011892,1.0326415300369263
stabilityai_stable-diffusion-xl-base-1.0,11555834,1.5679715871810913
stabilityai_stable-diffusion-xl-base-1.0,4161981,0.03320792317390442
stabilityai_stable-diffusion-xl-base-1.0,1711496,0.2710881233215332
stabilityai_stable-diffusion-xl-base-1.0,28704721,-2.47135591506958
stabilityai_stable-diffusion-xl-base-1.0,14101494,-1.7769172191619873
stabilityai_stable-diffusion-xl-base-1.0,681429,-1.6953113079071045
stabilityai_stable-diffusion-xl-base-1.0,13391118,1.462401032447815
stabilityai_stable-diffusion-xl-base-1.0,23803964,0.44455239176750183
stabilityai_stable-diffusion-xl-base-1.0,77236166,0.2461211234331131
stabilityai_stable-diffusion-xl-base-1.0,62841330,-0.96019446849823
stabilityai_stable-diffusion-xl-base-1.0,26729548,-0.8330225348472595
stabilityai_stable-diffusion-xl-base-1.0,83508221,0.22373859584331512
stabilityai_stable-diffusion-xl-base-1.0,14959644,-1.0360251665115356
stabilityai_stable-diffusion-xl-base-1.0,3595055,1.0319989919662476
stabilityai_stable-diffusion-xl-base-1.0,17691476,1.6355476379394531
stabilityai_stable-diffusion-xl-base-1.0,9864632,-1.4454712867736816
stabilityai_stable-diffusion-xl-base-1.0,491689,-1.5313529968261719
stabilityai_stable-diffusion-xl-base-1.0,3877674,1.8363211154937744
stabilityai_stable-diffusion-xl-base-1.0,64225139,-0.13606536388397217
stabilityai_stable-diffusion-xl-base-1.0,2752311,-0.5151755213737488
stabilityai_stable-diffusion-xl-base-1.0,27817707,-0.5080450773239136
stabilityai_stable-diffusion-xl-base-1.0,10448983,-0.2742682099342346
stabilityai_stable-diffusion-xl-base-1.0,68076809,-1.5202394723892212
stabilityai_stable-diffusion-xl-base-1.0,13390788,0.87495356798172
stabilityai_stable-diffusion-xl-base-1.0,10319796,0.06060197204351425
stabilityai_stable-diffusion-xl-base-1.0,69865883,0.999751627445221
stabilityai_stable-diffusion-xl-base-1.0,7700868,-1.1068404912948608
stabilityai_stable-diffusion-xl-base-1.0,13389660,1.1832159757614136
stabilityai_stable-diffusion-xl-base-1.0,76096310,0.6251650452613831
stabilityai_stable-diffusion-xl-base-1.0,14693733,0.14747518301010132
stabilityai_stable-diffusion-xl-base-1.0,53022540,-0.22408874332904816
stabilityai_stable-diffusion-xl-base-1.0,10180178,0.3133080303668976
stabilityai_stable-diffusion-xl-base-1.0,6119226,-0.31446418166160583
stabilityai_stable-diffusion-xl-base-1.0,50141716,-1.9996535778045654
stabilityai_stable-diffusion-xl-base-1.0,762889,-0.4583657383918762
stabilityai_stable-diffusion-xl-base-1.0,64335800,-0.0521434023976326
stabilityai_stable-diffusion-xl-base-1.0,80764398,1.1313774585723877
stabilityai_stable-diffusion-xl-base-1.0,17814035,-1.0153566598892212
stabilityai_stable-diffusion-xl-base-1.0,15071229,-0.9083192944526672
stabilityai_stable-diffusion-xl-base-1.0,3089879,1.3645148277282715
stabilityai_stable-diffusion-xl-base-1.0,2684,-1.755594253540039
stabilityai_stable-diffusion-xl-base-1.0,34145121,0.5331954956054688
stabilityai_stable-diffusion-xl-base-1.0,13884740,-0.16029657423496246
stabilityai_stable-diffusion-xl-base-1.0,11596344,-0.424199640750885
stabilityai_stable-diffusion-xl-base-1.0,2374451,-0.3991748094558716
stabilityai_stable-diffusion-xl-base-1.0,10640620,-1.0839534997940063
stabilityai_stable-diffusion-xl-base-1.0,89771331,0.0340823158621788
stabilityai_stable-diffusion-xl-base-1.0,30665601,-1.1672941446304321
stabilityai_stable-diffusion-xl-base-1.0,3600285,-0.06486045569181442
stabilityai_stable-diffusion-xl-base-1.0,37561238,0.20806856453418732
stabilityai_stable-diffusion-xl-base-1.0,22767176,-0.5170616507530212
stabilityai_stable-diffusion-xl-base-1.0,6617644,-1.6052950620651245
stabilityai_stable-diffusion-xl-base-1.0,93251202,0.10201942920684814
stabilityai_stable-diffusion-xl-base-1.0,3636825,-0.3992469012737274
stabilityai_stable-diffusion-xl-base-1.0,67704163,2.892714738845825
stabilityai_stable-diffusion-xl-base-1.0,10155222,1.211107850074768
stabilityai_stable-diffusion-xl-base-1.0,51168710,0.14896120131015778
stabilityai_stable-diffusion-xl-base-1.0,76911615,-0.006933107506483793
stabilityai_stable-diffusion-xl-base-1.0,31633238,0.884211003780365
stabilityai_stable-diffusion-xl-base-1.0,99851645,-0.9072132706642151
stabilityai_stable-diffusion-xl-base-1.0,13192307,0.6635342240333557
stabilityai_stable-diffusion-xl-base-1.0,7765999,0.7777586579322815
stabilityai_stable-diffusion-xl-base-1.0,11399033,0.0035445583052933216
stabilityai_stable-diffusion-xl-base-1.0,41015844,1.880645990371704
stabilityai_stable-diffusion-xl-base-1.0,92971028,-1.6751760244369507
stabilityai_stable-diffusion-xl-base-1.0,7025268,1.0035690069198608
stabilityai_stable-diffusion-xl-base-1.0,44814556,-1.2502301931381226
stabilityai_stable-diffusion-xl-base-1.0,61934851,-0.2082013040781021
stabilityai_stable-diffusion-xl-base-1.0,1096461,-0.8167652487754822
stabilityai_stable-diffusion-xl-base-1.0,1799629,-0.5365726351737976
stabilityai_stable-diffusion-xl-base-1.0,7325001,-0.7169615030288696
stabilityai_stable-diffusion-xl-base-1.0,4965371,-1.0864951610565186
stabilityai_stable-diffusion-xl-base-1.0,1157384,-2.161550283432007
stabilityai_stable-diffusion-xl-base-1.0,36068346,-1.9154094457626343
stabilityai_stable-diffusion-xl-base-1.0,51658242,-1.4148987531661987
stabilityai_stable-diffusion-xl-base-1.0,96232210,0.9091886878013611
stabilityai_stable-diffusion-xl-base-1.0,76946768,0.29456067085266113
stabilityai_stable-diffusion-xl-base-1.0,52590738,0.014242051169276237
stabilityai_stable-diffusion-xl-base-1.0,78168308,-0.5110130310058594
stabilityai_stable-diffusion-xl-base-1.0,32648423,-2.2530899047851562
stabilityai_stable-diffusion-xl-base-1.0,41772405,0.5429511666297913
stabilityai_stable-diffusion-xl-base-1.0,24488553,-0.9689751267433167
stabilityai_stable-diffusion-xl-base-1.0,25640094,1.4081190824508667
stabilityai_stable-diffusion-xl-base-1.0,65015632,-0.9969815611839294
stabilityai_stable-diffusion-xl-base-1.0,9057052,-0.5983090996742249
stabilityai_stable-diffusion-xl-base-1.0,24632402,-1.298632025718689
stabilityai_stable-diffusion-xl-base-1.0,15201505,-1.2243807315826416
stabilityai_stable-diffusion-xl-base-1.0,7654438,-0.39593276381492615
stabilityai_stable-diffusion-xl-base-1.0,2468465,0.4433348774909973
stabilityai_stable-diffusion-xl-base-1.0,3404251,-1.0592700242996216
stabilityai_stable-diffusion-xl-base-1.0,63509542,-0.20456217229366302
stabilityai_stable-diffusion-xl-base-1.0,7913180,2.390871286392212
stabilityai_stable-diffusion-xl-base-1.0,84461650,0.2636822760105133
stabilityai_stable-diffusion-xl-base-1.0,22583412,-0.6182628273963928
stabilityai_stable-diffusion-xl-base-1.0,50232626,-2.3528695106506348
stabilityai_stable-diffusion-xl-base-1.0,975334,-0.5267057418823242
stabilityai_stable-diffusion-xl-base-1.0,3821042,-1.009960651397705
stabilityai_stable-diffusion-xl-base-1.0,10106452,-1.0832880735397339
stabilityai_stable-diffusion-xl-base-1.0,7814829,-1.644115686416626
stabilityai_stable-diffusion-xl-base-1.0,7936263,-1.6108989715576172
stabilityai_stable-diffusion-xl-base-1.0,85042614,0.5614379644393921
stabilityai_stable-diffusion-xl-base-1.0,83847695,-1.7109429836273193
stabilityai_stable-diffusion-xl-base-1.0,11840099,0.9907206892967224
stabilityai_stable-diffusion-xl-base-1.0,3122573,1.813817024230957
stabilityai_stable-diffusion-xl-base-1.0,40551537,1.139257788658142
stabilityai_stable-diffusion-xl-base-1.0,7832902,1.8009541034698486
stabilityai_stable-diffusion-xl-base-1.0,4826591,-2.259779930114746
stabilityai_stable-diffusion-xl-base-1.0,99544942,-0.8047279715538025
stabilityai_stable-diffusion-xl-base-1.0,65072902,-0.5885949730873108
stabilityai_stable-diffusion-xl-base-1.0,13374426,1.1183799505233765
stabilityai_stable-diffusion-xl-base-1.0,3079741,0.48899421095848083
stabilityai_stable-diffusion-xl-base-1.0,65960228,-0.7246748208999634
stabilityai_stable-diffusion-xl-base-1.0,19712493,1.6071289777755737
stabilityai_stable-diffusion-xl-base-1.0,49843278,-0.7936599254608154
stabilityai_stable-diffusion-xl-base-1.0,42838762,0.1483973264694214
stabilityai_stable-diffusion-xl-base-1.0,14904359,1.1778734922409058
stabilityai_stable-diffusion-xl-base-1.0,92553495,-1.2181373834609985
stabilityai_stable-diffusion-xl-base-1.0,14807558,-1.1649125814437866
stabilityai_stable-diffusion-xl-base-1.0,63418362,-0.7391219735145569
stabilityai_stable-diffusion-xl-base-1.0,93114575,-0.6799898147583008
stabilityai_stable-diffusion-xl-base-1.0,41766391,1.3725789785385132
stabilityai_stable-diffusion-xl-base-1.0,51953789,2.161463737487793
stabilityai_stable-diffusion-xl-base-1.0,46810925,1.559209942817688
stabilityai_stable-diffusion-xl-base-1.0,3821898,-0.6095213294029236
stabilityai_stable-diffusion-xl-base-1.0,18640511,0.4540858268737793
stabilityai_stable-diffusion-xl-base-1.0,60031301,1.6043211221694946
stabilityai_stable-diffusion-xl-base-1.0,14749543,0.7537286281585693
stabilityai_stable-diffusion-xl-base-1.0,58988596,-1.173324704170227
stabilityai_stable-diffusion-xl-base-1.0,7896165,1.7298885583877563
stabilityai_stable-diffusion-xl-base-1.0,7896661,-0.009931832551956177
stabilityai_stable-diffusion-xl-base-1.0,9628382,-0.2733460068702698
stabilityai_stable-diffusion-xl-base-1.0,71690739,-1.2537343502044678
stabilityai_stable-diffusion-xl-base-1.0,50359865,1.5849363803863525
stabilityai_stable-diffusion-xl-base-1.0,91077200,1.66008722782135
stabilityai_stable-diffusion-xl-base-1.0,24727544,-0.34263840317726135
stabilityai_stable-diffusion-xl-base-1.0,14189204,-0.6229769587516785
stabilityai_stable-diffusion-xl-base-1.0,79409745,-0.3137723207473755
stabilityai_stable-diffusion-xl-base-1.0,80371125,0.7832757830619812
stabilityai_stable-diffusion-xl-base-1.0,32231415,1.0072969198226929
stabilityai_stable-diffusion-xl-base-1.0,30487947,-0.2613365650177002
stabilityai_stable-diffusion-xl-base-1.0,7921455,-0.7997308373451233
stabilityai_stable-diffusion-xl-base-1.0,56171705,-0.7373740673065186
stabilityai_stable-diffusion-xl-base-1.0,72059143,1.1418038606643677
stabilityai_stable-diffusion-xl-base-1.0,51781577,2.0314013957977295
stabilityai_stable-diffusion-xl-base-1.0,73963841,-2.0666873455047607
stabilityai_stable-diffusion-xl-base-1.0,14151139,-2.110821008682251
stabilityai_stable-diffusion-xl-base-1.0,4965179,-2.651963233947754
stabilityai_stable-diffusion-xl-base-1.0,7853852,0.4263365864753723
stabilityai_stable-diffusion-xl-base-1.0,9614684,0.2927745580673218
stabilityai_stable-diffusion-xl-base-1.0,13272283,-1.105158805847168
stabilityai_stable-diffusion-xl-base-1.0,3272010,-1.2123067378997803
stabilityai_stable-diffusion-xl-base-1.0,73043925,0.2901574373245239
stabilityai_stable-diffusion-xl-base-1.0,97380146,0.21716059744358063
stabilityai_stable-diffusion-xl-base-1.0,12210338,0.7451146245002747
stabilityai_stable-diffusion-xl-base-1.0,6618822,1.765581488609314
stabilityai_stable-diffusion-xl-base-1.0,1510930,0.5478944182395935
stabilityai_stable-diffusion-xl-base-1.0,6528587,1.7194619178771973
stabilityai_stable-diffusion-xl-base-1.0,4025130,0.29377099871635437
stabilityai_stable-diffusion-xl-base-1.0,7922764,1.3004809617996216
stabilityai_stable-diffusion-xl-base-1.0,29094321,1.9863542318344116
stabilityai_stable-diffusion-xl-base-1.0,68380669,0.044683508574962616
stabilityai_stable-diffusion-xl-base-1.0,3563208,-1.1220874786376953
stabilityai_stable-diffusion-xl-base-1.0,9580065,1.3537728786468506
stabilityai_stable-diffusion-xl-base-1.0,79918827,1.3469526767730713
stabilityai_stable-diffusion-xl-base-1.0,67344811,0.7741238474845886
stabilityai_stable-diffusion-xl-base-1.0,30883080,-2.329294204711914
stabilityai_stable-diffusion-xl-base-1.0,936620,0.8483840227127075
stabilityai_stable-diffusion-xl-base-1.0,5350912,-1.1156154870986938
stabilityai_stable-diffusion-xl-base-1.0,81303945,-0.19380013644695282
stabilityai_stable-diffusion-xl-base-1.0,39595218,-1.4510899782180786
stabilityai_stable-diffusion-xl-base-1.0,27246777,2.4032247066497803
stabilityai_stable-diffusion-xl-base-1.0,57873614,-0.8049758076667786
stabilityai_stable-diffusion-xl-base-1.0,13221529,-0.6575813293457031
stabilityai_stable-diffusion-xl-base-1.0,24843217,-0.8902400135993958
stabilityai_stable-diffusion-xl-base-1.0,6616314,-0.8555740714073181
stabilityai_stable-diffusion-xl-base-1.0,1640855,0.9557355046272278
stabilityai_stable-diffusion-xl-base-1.0,445169,-1.3958626985549927
stabilityai_stable-diffusion-xl-base-1.0,489837,0.3596305847167969
stabilityai_stable-diffusion-xl-base-1.0,98254655,0.35542207956314087
stabilityai_stable-diffusion-xl-base-1.0,7664468,1.2753878831863403
stabilityai_stable-diffusion-xl-base-1.0,10453357,0.39464935660362244
stabilityai_stable-diffusion-xl-base-1.0,82916016,-1.3337801694869995
stabilityai_stable-diffusion-xl-base-1.0,94006560,-1.1690276861190796
stabilityai_stable-diffusion-xl-base-1.0,72432241,2.3812713623046875
stabilityai_stable-diffusion-xl-base-1.0,3411927,1.1154521703720093
stabilityai_stable-diffusion-xl-base-1.0,18758723,-1.4872580766677856
stabilityai_stable-diffusion-xl-base-1.0,138508,-2.4983041286468506
stabilityai_stable-diffusion-xl-base-1.0,3152830,0.1818191558122635
stabilityai_stable-diffusion-xl-base-1.0,93512057,2.186951160430908
stabilityai_stable-diffusion-xl-base-1.0,3353281,-0.005605004262179136
stabilityai_stable-diffusion-xl-base-1.0,48223384,-0.917981743812561
stabilityai_stable-diffusion-xl-base-1.0,36507085,1.0295078754425049
stabilityai_stable-diffusion-xl-base-1.0,7897116,0.8038008213043213
stabilityai_stable-diffusion-xl-base-1.0,45297641,-1.743868112564087
stabilityai_stable-diffusion-xl-base-1.0,41982710,0.7473483085632324
stabilityai_stable-diffusion-xl-base-1.0,2803666,1.6013838052749634
stabilityai_stable-diffusion-xl-base-1.0,1727942,0.8912765979766846
stabilityai_stable-diffusion-xl-base-1.0,9875188,-0.6396906971931458
stabilityai_stable-diffusion-xl-base-1.0,3880032,0.7200655937194824
stabilityai_stable-diffusion-xl-base-1.0,34578737,-1.213458776473999
stabilityai_stable-diffusion-xl-base-1.0,23185551,-1.223046064376831
stabilityai_stable-diffusion-xl-base-1.0,13389475,0.4262688159942627
stabilityai_stable-diffusion-xl-base-1.0,37736408,-0.6007197499275208
stabilityai_stable-diffusion-xl-base-1.0,84306831,3.0756583213806152
stabilityai_stable-diffusion-xl-base-1.0,13984082,-1.1233628988265991
stabilityai_stable-diffusion-xl-base-1.0,63336441,-0.47588610649108887
stabilityai_stable-diffusion-xl-base-1.0,4832208,0.5816954374313354
stabilityai_stable-diffusion-xl-base-1.0,91834546,-0.30378544330596924
stabilityai_stable-diffusion-xl-base-1.0,45140380,1.5455595254898071
stabilityai_stable-diffusion-xl-base-1.0,7609083,0.7895329594612122
stabilityai_stable-diffusion-xl-base-1.0,7701053,-0.9431198239326477
stabilityai_stable-diffusion-xl-base-1.0,54741117,1.2749279737472534
stabilityai_stable-diffusion-xl-base-1.0,47350024,0.5969977378845215
stabilityai_stable-diffusion-xl-base-1.0,85639796,0.3667551875114441
stabilityai_stable-diffusion-xl-base-1.0,99059732,0.8691902756690979
stabilityai_stable-diffusion-xl-base-1.0,87286901,-1.235933542251587
stabilityai_stable-diffusion-xl-base-1.0,91784947,-2.2790331840515137
stabilityai_stable-diffusion-xl-base-1.0,32284885,0.706829309463501
stabilityai_stable-diffusion-xl-base-1.0,9932508,0.80521160364151
stabilityai_stable-diffusion-xl-base-1.0,50662419,-1.1048625707626343
stabilityai_stable-diffusion-xl-base-1.0,105194,-0.5980016589164734
stabilityai_stable-diffusion-xl-base-1.0,38893569,-0.032436903566122055
stabilityai_stable-diffusion-xl-base-1.0,24276286,0.06843505054712296
stabilityai_stable-diffusion-xl-base-1.0,39382518,-1.4568616151809692
stabilityai_stable-diffusion-xl-base-1.0,90386034,-0.31352049112319946
stabilityai_stable-diffusion-xl-base-1.0,81409005,2.6575722694396973
stabilityai_stable-diffusion-xl-base-1.0,91788718,0.2576102912425995
stabilityai_stable-diffusion-xl-base-1.0,43140043,0.35432201623916626
stabilityai_stable-diffusion-xl-base-1.0,91783377,0.08819548040628433
stabilityai_stable-diffusion-xl-base-1.0,92759639,-0.6726186871528625
stabilityai_stable-diffusion-xl-base-1.0,8857422,-0.4719446301460266
stabilityai_stable-diffusion-xl-base-1.0,47899855,1.3938759565353394
stabilityai_stable-diffusion-xl-base-1.0,7700964,-1.859418272972107
stabilityai_stable-diffusion-xl-base-1.0,81181761,-0.7960287928581238
stabilityai_stable-diffusion-xl-base-1.0,82155858,1.5479533672332764
stabilityai_stable-diffusion-xl-base-1.0,7895237,1.1477720737457275
stabilityai_stable-diffusion-xl-base-1.0,7285403,-0.8236844539642334
stabilityai_stable-diffusion-xl-base-1.0,71051809,1.140437364578247
stabilityai_stable-diffusion-xl-base-1.0,85885742,-0.26403525471687317
stabilityai_stable-diffusion-xl-base-1.0,84007404,1.853563904762268
stabilityai_stable-diffusion-xl-base-1.0,19088558,1.9000900983810425
stabilityai_stable-diffusion-xl-base-1.0,74126430,0.6838876605033875
stabilityai_stable-diffusion-xl-base-1.0,21450662,-2.134342908859253
stabilityai_stable-diffusion-xl-base-1.0,9641130,-0.23648591339588165
stabilityai_stable-diffusion-xl-base-1.0,28403146,1.5917901992797852
stabilityai_stable-diffusion-xl-base-1.0,73767394,-0.5041890144348145
stabilityai_stable-diffusion-xl-base-1.0,50293618,0.7595387697219849
stabilityai_stable-diffusion-xl-base-1.0,76826568,-0.9658421874046326
stabilityai_stable-diffusion-xl-base-1.0,5160574,0.361234188079834
stabilityai_stable-diffusion-xl-base-1.0,34889612,0.9182295203208923
stabilityai_stable-diffusion-xl-base-1.0,7666733,-0.5240525603294373
stabilityai_stable-diffusion-xl-base-1.0,27731340,1.6022018194198608
stabilityai_stable-diffusion-xl-base-1.0,49198938,-1.0818337202072144
stabilityai_stable-diffusion-xl-base-1.0,2796995,0.6541659235954285
stabilityai_stable-diffusion-xl-base-1.0,56755003,0.30084115266799927
stabilityai_stable-diffusion-xl-base-1.0,11173287,1.4589768648147583
stabilityai_stable-diffusion-xl-base-1.0,27747177,-0.7327314615249634
stabilityai_stable-diffusion-xl-base-1.0,5610008,-2.77847957611084
stabilityai_stable-diffusion-xl-base-1.0,22399265,0.5036430954933167
stabilityai_stable-diffusion-xl-base-1.0,83904067,-0.6953059434890747
stabilityai_stable-diffusion-xl-base-1.0,64468138,1.212031602859497
stabilityai_stable-diffusion-xl-base-1.0,93960373,1.1802316904067993
stabilityai_stable-diffusion-xl-base-1.0,13389105,0.12668806314468384
stabilityai_stable-diffusion-xl-base-1.0,12501745,-1.1828651428222656
stabilityai_stable-diffusion-xl-base-1.0,3478589,-0.6663427352905273
stabilityai_stable-diffusion-xl-base-1.0,5753379,-0.08103036880493164
stabilityai_stable-diffusion-xl-base-1.0,49672790,-0.8463885188102722
stabilityai_stable-diffusion-xl-base-1.0,7019172,0.5540254712104797
stabilityai_stable-diffusion-xl-base-1.0,7893425,1.330227017402649
stabilityai_stable-diffusion-xl-base-1.0,60193131,0.9774411916732788
stabilityai_stable-diffusion-xl-base-1.0,14162275,-0.5643460750579834
stabilityai_stable-diffusion-xl-base-1.0,77176143,0.22411061823368073
stabilityai_stable-diffusion-xl-base-1.0,36637449,-1.3904614448547363
stabilityai_stable-diffusion-xl-base-1.0,4446276,0.45848706364631653
stabilityai_stable-diffusion-xl-base-1.0,22569879,0.8020188212394714
stabilityai_stable-diffusion-xl-base-1.0,7608339,1.2906819581985474
stabilityai_stable-diffusion-xl-base-1.0,89757565,1.514259696006775
stabilityai_stable-diffusion-xl-base-1.0,43367797,-0.13742633163928986
stabilityai_stable-diffusion-xl-base-1.0,1474832,-0.5326423048973083
stabilityai_stable-diffusion-xl-base-1.0,1299124,-0.13557685911655426
stabilityai_stable-diffusion-xl-base-1.0,35817768,-0.7294175624847412
stabilityai_stable-diffusion-xl-base-1.0,90076481,0.5445623397827148
stabilityai_stable-diffusion-xl-base-1.0,69040706,-0.7013087272644043
stabilityai_stable-diffusion-xl-base-1.0,9793248,0.4175315797328949
stabilityai_stable-diffusion-xl-base-1.0,1711965,-0.47127848863601685
stabilityai_stable-diffusion-xl-base-1.0,93373338,-1.0418071746826172
stabilityai_stable-diffusion-xl-base-1.0,82282590,0.7342377305030823
stabilityai_stable-diffusion-xl-base-1.0,7926785,-0.12236355245113373
stabilityai_stable-diffusion-xl-base-1.0,50024219,2.122612953186035
stabilityai_stable-diffusion-xl-base-1.0,7601686,-0.4327280819416046
stabilityai_stable-diffusion-xl-base-1.0,89324515,0.09164257347583771
stabilityai_stable-diffusion-xl-base-1.0,81171971,-0.7708737850189209
stabilityai_stable-diffusion-xl-base-1.0,3249569,-0.10863526910543442
stabilityai_stable-diffusion-xl-base-1.0,14158812,-0.537695586681366
stabilityai_stable-diffusion-xl-base-1.0,3961070,-0.2754310965538025
stabilityai_stable-diffusion-xl-base-1.0,5654873,-1.1027697324752808
stabilityai_stable-diffusion-xl-base-1.0,76542437,-0.19743712246418
stabilityai_stable-diffusion-xl-base-1.0,5221895,-0.9871974587440491
stabilityai_stable-diffusion-xl-base-1.0,7523905,0.19014982879161835
stabilityai_stable-diffusion-xl-base-1.0,47848071,-2.670346260070801
stabilityai_stable-diffusion-xl-base-1.0,17012379,-0.2882581651210785
stabilityai_stable-diffusion-xl-base-1.0,2991555,-0.4130277931690216
stabilityai_stable-diffusion-xl-base-1.0,80997844,0.01441282220184803
stabilityai_stable-diffusion-xl-base-1.0,83989791,0.23995445668697357
stabilityai_stable-diffusion-xl-base-1.0,7664770,0.7645066380500793
stabilityai_stable-diffusion-xl-base-1.0,92775366,-0.9868931174278259
stabilityai_stable-diffusion-xl-base-1.0,7890970,-1.4267184734344482
stabilityai_stable-diffusion-xl-base-1.0,13801038,1.8564156293869019
stabilityai_stable-diffusion-xl-base-1.0,4081844,-1.1515991687774658
stabilityai_stable-diffusion-xl-base-1.0,32327818,0.8603977560997009
stabilityai_stable-diffusion-xl-base-1.0,43918624,-1.3887172937393188
stabilityai_stable-diffusion-xl-base-1.0,3366112,-1.1049343347549438
stabilityai_stable-diffusion-xl-base-1.0,23620789,0.17923517525196075
stabilityai_stable-diffusion-xl-base-1.0,9984659,0.471504807472229
stabilityai_stable-diffusion-xl-base-1.0,21564446,0.4077361822128296
stabilityai_stable-diffusion-xl-base-1.0,13391373,0.6161001920700073
stabilityai_stable-diffusion-xl-base-1.0,14755804,-0.7122402191162109
stabilityai_stable-diffusion-xl-base-1.0,1015177,0.18268030881881714
stabilityai_stable-diffusion-xl-base-1.0,26744373,1.9464322328567505
stabilityai_stable-diffusion-xl-base-1.0,7854066,1.4341026544570923
stabilityai_stable-diffusion-xl-base-1.0,8215801,1.48222815990448
stabilityai_stable-diffusion-xl-base-1.0,1949893,-1.02549147605896
stabilityai_stable-diffusion-xl-base-1.0,19037292,1.0095313787460327
stabilityai_stable-diffusion-xl-base-1.0,43989016,-0.9116070866584778
stabilityai_stable-diffusion-xl-base-1.0,68985293,1.4558526277542114
stabilityai_stable-diffusion-xl-base-1.0,7767344,-0.15667304396629333
stabilityai_stable-diffusion-xl-base-1.0,2673850,-0.9207091927528381
stabilityai_stable-diffusion-xl-base-1.0,7607492,0.33007004857063293
stabilityai_stable-diffusion-xl-base-1.0,31391857,-0.3845623731613159
stabilityai_stable-diffusion-xl-base-1.0,47807947,-1.1651488542556763
stabilityai_stable-diffusion-xl-base-1.0,65698435,0.33835655450820923
stabilityai_stable-diffusion-xl-base-1.0,15371431,-1.5065213441848755
stabilityai_stable-diffusion-xl-base-1.0,5805902,0.6832980513572693
stabilityai_stable-diffusion-xl-base-1.0,1705494,-0.34289512038230896
stabilityai_stable-diffusion-xl-base-1.0,75097460,0.3448331356048584
stabilityai_stable-diffusion-xl-base-1.0,52999714,1.7694590091705322
stabilityai_stable-diffusion-xl-base-1.0,74080467,1.8934884071350098
stabilityai_stable-diffusion-xl-base-1.0,98319500,-2.048475503921509
stabilityai_stable-diffusion-xl-base-1.0,4462318,-0.08605184406042099
stabilityai_stable-diffusion-xl-base-1.0,87174889,-0.5014286041259766
stabilityai_stable-diffusion-xl-base-1.0,7036307,-2.0020642280578613
stabilityai_stable-diffusion-xl-base-1.0,9911156,-0.8497645258903503
stabilityai_stable-diffusion-xl-base-1.0,36185038,0.9842097759246826
stabilityai_stable-diffusion-xl-base-1.0,10601537,-0.04827621579170227
stabilityai_stable-diffusion-xl-base-1.0,79787115,-0.748132050037384
stabilityai_stable-diffusion-xl-base-1.0,36548691,-0.9530431628227234
stabilityai_stable-diffusion-xl-base-1.0,71350515,-0.9465648531913757
stabilityai_stable-diffusion-xl-base-1.0,63681270,-0.264302521944046
stabilityai_stable-diffusion-xl-base-1.0,3800001,-0.5695003271102905
stabilityai_stable-diffusion-xl-base-1.0,7925966,0.07505325227975845
stabilityai_stable-diffusion-xl-base-1.0,62273667,1.2628854513168335
stabilityai_stable-diffusion-xl-base-1.0,16086265,1.198265790939331
stabilityai_stable-diffusion-xl-base-1.0,77690389,-1.0188175439834595
stabilityai_stable-diffusion-xl-base-1.0,80908440,1.1120622158050537
stabilityai_stable-diffusion-xl-base-1.0,31559831,0.011440565809607506
stabilityai_stable-diffusion-xl-base-1.0,6190060,2.1137585639953613
stabilityai_stable-diffusion-xl-base-1.0,94814274,1.232709527015686
stabilityai_stable-diffusion-xl-base-1.0,64469085,-0.08962921053171158
stabilityai_stable-diffusion-xl-base-1.0,68004578,0.20270268619060516
stabilityai_stable-diffusion-xl-base-1.0,582388,0.4893702268600464
stabilityai_stable-diffusion-xl-base-1.0,7896060,1.7462053298950195
stabilityai_stable-diffusion-xl-base-1.0,7605944,-0.09211334586143494
stabilityai_stable-diffusion-xl-base-1.0,89940755,-1.1601675748825073
stabilityai_stable-diffusion-xl-base-1.0,30278247,1.71860671043396
stabilityai_stable-diffusion-xl-base-1.0,29383339,-1.6708111763000488
stabilityai_stable-diffusion-xl-base-1.0,91980352,-0.41465598344802856
stabilityai_stable-diffusion-xl-base-1.0,56124883,-1.2871404886245728
stabilityai_stable-diffusion-xl-base-1.0,58456617,0.13275489211082458
stabilityai_stable-diffusion-xl-base-1.0,3499907,0.1322755664587021
stabilityai_stable-diffusion-xl-base-1.0,7239428,-0.14860175549983978
stabilityai_stable-diffusion-xl-base-1.0,2815071,-0.30169519782066345
stabilityai_stable-diffusion-xl-base-1.0,1317294,-1.3131582736968994
stabilityai_stable-diffusion-xl-base-1.0,43440566,-0.12891870737075806
stabilityai_stable-diffusion-xl-base-1.0,15118453,-0.1265251636505127
stabilityai_stable-diffusion-xl-base-1.0,11398188,-0.6142233610153198
stabilityai_stable-diffusion-xl-base-1.0,70460316,-0.3078903257846832
stabilityai_stable-diffusion-xl-base-1.0,10467171,-0.6036256551742554
stabilityai_stable-diffusion-xl-base-1.0,7852614,1.2960177659988403
stabilityai_stable-diffusion-xl-base-1.0,996969,0.479825496673584
stabilityai_stable-diffusion-xl-base-1.0,3125870,-0.6046944260597229
stabilityai_stable-diffusion-xl-base-1.0,31189299,0.2501787543296814
stabilityai_stable-diffusion-xl-base-1.0,74555057,-0.026794934645295143
stabilityai_stable-diffusion-xl-base-1.0,53611122,-1.2996569871902466
stabilityai_stable-diffusion-xl-base-1.0,7926920,0.3149099349975586
stabilityai_stable-diffusion-xl-base-1.0,264529,0.985610842704773
stabilityai_stable-diffusion-xl-base-1.0,67763778,-0.7302078604698181
stabilityai_stable-diffusion-xl-base-1.0,37907772,-2.6956636905670166
stabilityai_stable-diffusion-xl-base-1.0,4773596,-0.07401606440544128
stabilityai_stable-diffusion-xl-base-1.0,3200701,1.3280564546585083
stabilityai_stable-diffusion-xl-base-1.0,34579649,-1.1781588792800903
stabilityai_stable-diffusion-xl-base-1.0,484802,-0.8622025847434998
stabilityai_stable-diffusion-xl-base-1.0,47690543,-0.7227391600608826
stabilityai_stable-diffusion-xl-base-1.0,3057841,-0.5711220502853394
stabilityai_stable-diffusion-xl-base-1.0,14916004,-0.7159176468849182
stabilityai_stable-diffusion-xl-base-1.0,5072911,-1.117383360862732
stabilityai_stable-diffusion-xl-base-1.0,3458128,0.06451196223497391
stabilityai_stable-diffusion-xl-base-1.0,3412058,1.1816565990447998
stabilityai_stable-diffusion-xl-base-1.0,58529815,-1.5843521356582642
stabilityai_stable-diffusion-xl-base-1.0,95023734,-0.2833232283592224
stabilityai_stable-diffusion-xl-base-1.0,95631796,0.21196110546588898
stabilityai_stable-diffusion-xl-base-1.0,76020332,-0.536373496055603
stabilityai_stable-diffusion-xl-base-1.0,3044166,0.9315313696861267
stabilityai_stable-diffusion-xl-base-1.0,49556058,0.9019343852996826
stabilityai_stable-diffusion-xl-base-1.0,6614628,1.25605046749115
stabilityai_stable-diffusion-xl-base-1.0,3748162,0.005845915991812944
stabilityai_stable-diffusion-xl-base-1.0,40945115,-0.6933183073997498
stabilityai_stable-diffusion-xl-base-1.0,64445162,1.0984870195388794
stabilityai_stable-diffusion-xl-base-1.0,49358811,-0.2222232222557068
stabilityai_stable-diffusion-xl-base-1.0,65403185,0.8537152409553528
stabilityai_stable-diffusion-xl-base-1.0,78153110,0.23748084902763367
stabilityai_stable-diffusion-xl-base-1.0,61044301,0.37963852286338806
stabilityai_stable-diffusion-xl-base-1.0,2819881,0.5006201863288879
stabilityai_stable-diffusion-xl-base-1.0,44621915,0.4780738055706024
stabilityai_stable-diffusion-xl-base-1.0,10548623,0.4057762026786804
stabilityai_stable-diffusion-xl-base-1.0,38954086,-0.7318190932273865
stabilityai_stable-diffusion-xl-base-1.0,65890875,0.4415118992328644
stabilityai_stable-diffusion-xl-base-1.0,76100398,-0.44745850563049316
stabilityai_stable-diffusion-xl-base-1.0,95737828,-0.8518579602241516
stabilityai_stable-diffusion-xl-base-1.0,9020389,1.0011013746261597
stabilityai_stable-diffusion-xl-base-1.0,2241569,-0.7056236863136292
stabilityai_stable-diffusion-xl-base-1.0,3309110,1.5047342777252197
stabilityai_stable-diffusion-xl-base-1.0,7698915,0.21504317224025726
stabilityai_stable-diffusion-xl-base-1.0,71591839,0.8196633458137512
stabilityai_stable-diffusion-xl-base-1.0,3907654,0.42696601152420044
stabilityai_stable-diffusion-xl-base-1.0,6883725,-2.020399808883667
stabilityai_stable-diffusion-xl-base-1.0,63633117,0.10178539901971817
stabilityai_stable-diffusion-xl-base-1.0,66668538,0.35551053285598755
stabilityai_stable-diffusion-xl-base-1.0,7109847,0.5506150722503662
stabilityai_stable-diffusion-xl-base-1.0,232386,-2.173997640609741
stabilityai_stable-diffusion-xl-base-1.0,2870880,-0.5544187426567078
stabilityai_stable-diffusion-xl-base-1.0,8095160,0.7184619903564453
stabilityai_stable-diffusion-xl-base-1.0,7105475,-0.07422275841236115
stabilityai_stable-diffusion-xl-base-1.0,22467740,-0.874667763710022
stabilityai_stable-diffusion-xl-base-1.0,4155889,0.4226474165916443
stabilityai_stable-diffusion-xl-base-1.0,9756500,-0.48247039318084717
stabilityai_stable-diffusion-xl-base-1.0,4927750,-0.7523884773254395
