model,wordnet_id,reward
deepfloyd_if-i-xl-v1.0,138508,2.819775342941284
deepfloyd_if-i-xl-v1.0,192051,2.599703073501587
deepfloyd_if-i-xl-v1.0,213186,1.2270344495773315
deepfloyd_if-i-xl-v1.0,232386,1.2298427820205688
deepfloyd_if-i-xl-v1.0,232765,0.24922770261764526
deepfloyd_if-i-xl-v1.0,258857,1.9131393432617188
deepfloyd_if-i-xl-v1.0,283090,0.6463724970817566
deepfloyd_if-i-xl-v1.0,285141,1.5399925708770752
deepfloyd_if-i-xl-v1.0,399030,1.4837406873703003
deepfloyd_if-i-xl-v1.0,440189,-0.12766635417938232
deepfloyd_if-i-xl-v1.0,445169,1.5668082237243652
deepfloyd_if-i-xl-v1.0,486490,1.5808725357055664
deepfloyd_if-i-xl-v1.0,487072,0.22280851006507874
deepfloyd_if-i-xl-v1.0,487326,0.7883087396621704
deepfloyd_if-i-xl-v1.0,489837,0.10792560130357742
deepfloyd_if-i-xl-v1.0,646833,1.6545913219451904
deepfloyd_if-i-xl-v1.0,708860,-1.8478143215179443
deepfloyd_if-i-xl-v1.0,717208,-0.4051234722137451
deepfloyd_if-i-xl-v1.0,717468,0.8697258830070496
deepfloyd_if-i-xl-v1.0,735254,-0.38944974541664124
deepfloyd_if-i-xl-v1.0,762478,1.4220119714736938
deepfloyd_if-i-xl-v1.0,825443,-0.4767429828643799
deepfloyd_if-i-xl-v1.0,831919,0.7198126912117004
deepfloyd_if-i-xl-v1.0,896677,0.17378225922584534
deepfloyd_if-i-xl-v1.0,936620,-0.11706431955099106
deepfloyd_if-i-xl-v1.0,974367,2.7922167778015137
deepfloyd_if-i-xl-v1.0,993014,0.43914666771888733
deepfloyd_if-i-xl-v1.0,995855,1.9706279039382935
deepfloyd_if-i-xl-v1.0,1113367,2.111284017562866
deepfloyd_if-i-xl-v1.0,1171644,-0.8291898965835571
deepfloyd_if-i-xl-v1.0,1209135,1.9298774003982544
deepfloyd_if-i-xl-v1.0,1317294,1.9426734447479248
deepfloyd_if-i-xl-v1.0,1317533,-0.7167664766311646
deepfloyd_if-i-xl-v1.0,1321854,1.4414416551589966
deepfloyd_if-i-xl-v1.0,1377758,0.37419503927230835
deepfloyd_if-i-xl-v1.0,1474832,2.960040330886841
deepfloyd_if-i-xl-v1.0,1516071,0.2540321946144104
deepfloyd_if-i-xl-v1.0,1566705,1.218180537223816
deepfloyd_if-i-xl-v1.0,1640855,1.77033531665802
deepfloyd_if-i-xl-v1.0,1668603,0.21004758775234222
deepfloyd_if-i-xl-v1.0,1678990,-0.13485029339790344
deepfloyd_if-i-xl-v1.0,1699831,-0.18377292156219482
deepfloyd_if-i-xl-v1.0,1707698,-0.045523010194301605
deepfloyd_if-i-xl-v1.0,1727942,-0.7123957872390747
deepfloyd_if-i-xl-v1.0,2045760,0.0481627956032753
deepfloyd_if-i-xl-v1.0,2075049,0.7956986427307129
deepfloyd_if-i-xl-v1.0,2075764,0.6513360142707825
deepfloyd_if-i-xl-v1.0,2241569,1.624654769897461
deepfloyd_if-i-xl-v1.0,2720725,1.0698212385177612
deepfloyd_if-i-xl-v1.0,2721160,1.772213339805603
deepfloyd_if-i-xl-v1.0,2730265,0.6079193949699402
deepfloyd_if-i-xl-v1.0,2744395,0.0578795000910759
deepfloyd_if-i-xl-v1.0,2770078,-0.5566384792327881
deepfloyd_if-i-xl-v1.0,2793684,0.4204036593437195
deepfloyd_if-i-xl-v1.0,2803666,0.2853469252586365
deepfloyd_if-i-xl-v1.0,2807731,-1.4575573205947876
deepfloyd_if-i-xl-v1.0,2821943,-1.0723563432693481
deepfloyd_if-i-xl-v1.0,2824319,0.8835477828979492
deepfloyd_if-i-xl-v1.0,2825442,0.6968719363212585
deepfloyd_if-i-xl-v1.0,2852043,0.23845143616199493
deepfloyd_if-i-xl-v1.0,2870293,0.2841762602329254
deepfloyd_if-i-xl-v1.0,2870880,0.6673598289489746
deepfloyd_if-i-xl-v1.0,2923535,1.9339674711227417
deepfloyd_if-i-xl-v1.0,2933112,-0.9962959289550781
deepfloyd_if-i-xl-v1.0,2963987,-0.6812936067581177
deepfloyd_if-i-xl-v1.0,2991302,0.03972584754228592
deepfloyd_if-i-xl-v1.0,3024209,-0.4495474100112915
deepfloyd_if-i-xl-v1.0,3035832,-0.1275200992822647
deepfloyd_if-i-xl-v1.0,3049457,0.02626187540590763
deepfloyd_if-i-xl-v1.0,3107488,-1.433906078338623
deepfloyd_if-i-xl-v1.0,3131388,1.6506060361862183
deepfloyd_if-i-xl-v1.0,3131669,1.1691009998321533
deepfloyd_if-i-xl-v1.0,3152830,0.9254603385925293
deepfloyd_if-i-xl-v1.0,3249569,1.034156322479248
deepfloyd_if-i-xl-v1.0,3262349,-0.20744696259498596
deepfloyd_if-i-xl-v1.0,3288500,0.4329763650894165
deepfloyd_if-i-xl-v1.0,3298716,-1.1023519039154053
deepfloyd_if-i-xl-v1.0,3308246,-2.4171996116638184
deepfloyd_if-i-xl-v1.0,3309110,1.0584352016448975
deepfloyd_if-i-xl-v1.0,3347220,1.8335444927215576
deepfloyd_if-i-xl-v1.0,3353281,-0.7749736905097961
deepfloyd_if-i-xl-v1.0,3366112,2.8634281158447266
deepfloyd_if-i-xl-v1.0,3411927,0.10146745294332504
deepfloyd_if-i-xl-v1.0,3456665,0.2888967990875244
deepfloyd_if-i-xl-v1.0,3563208,0.23849260807037354
deepfloyd_if-i-xl-v1.0,3580281,2.4665088653564453
deepfloyd_if-i-xl-v1.0,3603442,-0.4494883418083191
deepfloyd_if-i-xl-v1.0,3607029,1.1378893852233887
deepfloyd_if-i-xl-v1.0,3628071,0.5559013485908508
deepfloyd_if-i-xl-v1.0,3630383,-0.8664718270301819
deepfloyd_if-i-xl-v1.0,3676483,0.8254930377006531
deepfloyd_if-i-xl-v1.0,3679712,-1.2512396574020386
deepfloyd_if-i-xl-v1.0,3685307,0.864271879196167
deepfloyd_if-i-xl-v1.0,3703463,-0.8334603905677795
deepfloyd_if-i-xl-v1.0,3714235,-0.684584379196167
deepfloyd_if-i-xl-v1.0,3728318,1.4942941665649414
deepfloyd_if-i-xl-v1.0,3748162,1.3522162437438965
deepfloyd_if-i-xl-v1.0,3764276,0.31005191802978516
deepfloyd_if-i-xl-v1.0,3818090,2.0533926486968994
deepfloyd_if-i-xl-v1.0,3842156,-0.8383873701095581
deepfloyd_if-i-xl-v1.0,3880032,-0.1333085596561432
deepfloyd_if-i-xl-v1.0,3889343,0.33615201711654663
deepfloyd_if-i-xl-v1.0,3907654,0.200263112783432
deepfloyd_if-i-xl-v1.0,3940713,-0.557340145111084
deepfloyd_if-i-xl-v1.0,3975232,-0.4604332745075226
deepfloyd_if-i-xl-v1.0,3982060,1.3369077444076538
deepfloyd_if-i-xl-v1.0,3990474,-0.12137856334447861
deepfloyd_if-i-xl-v1.0,4010305,-0.6616982221603394
deepfloyd_if-i-xl-v1.0,4025130,1.182325839996338
deepfloyd_if-i-xl-v1.0,4062807,-0.09446262568235397
deepfloyd_if-i-xl-v1.0,4123448,-0.3040046691894531
deepfloyd_if-i-xl-v1.0,4125853,1.4127566814422607
deepfloyd_if-i-xl-v1.0,4140340,0.8925119042396545
deepfloyd_if-i-xl-v1.0,4145056,0.9277315139770508
deepfloyd_if-i-xl-v1.0,4192521,0.13471591472625732
deepfloyd_if-i-xl-v1.0,4259202,0.6521062254905701
deepfloyd_if-i-xl-v1.0,4285773,1.5196423530578613
deepfloyd_if-i-xl-v1.0,4345028,0.012239621952176094
deepfloyd_if-i-xl-v1.0,4387201,0.3014156222343445
deepfloyd_if-i-xl-v1.0,4416901,1.5851552486419678
deepfloyd_if-i-xl-v1.0,4455579,-0.5517797470092773
deepfloyd_if-i-xl-v1.0,4497570,1.782757043838501
deepfloyd_if-i-xl-v1.0,4534520,2.0297231674194336
deepfloyd_if-i-xl-v1.0,4539203,-0.19951054453849792
deepfloyd_if-i-xl-v1.0,4552551,-0.9591763615608215
deepfloyd_if-i-xl-v1.0,4596797,-0.5939757823944092
deepfloyd_if-i-xl-v1.0,4832208,0.43563950061798096
deepfloyd_if-i-xl-v1.0,4930139,-0.5993105173110962
deepfloyd_if-i-xl-v1.0,5008085,0.542561411857605
deepfloyd_if-i-xl-v1.0,5219923,0.8584367632865906
deepfloyd_if-i-xl-v1.0,5316083,1.5708247423171997
deepfloyd_if-i-xl-v1.0,5350912,0.20435670018196106
deepfloyd_if-i-xl-v1.0,5374860,1.182906150817871
deepfloyd_if-i-xl-v1.0,5410315,2.2950096130371094
deepfloyd_if-i-xl-v1.0,5522784,1.5609219074249268
deepfloyd_if-i-xl-v1.0,5728577,0.7198713421821594
deepfloyd_if-i-xl-v1.0,5752544,2.7289252281188965
deepfloyd_if-i-xl-v1.0,5794797,1.5478589534759521
deepfloyd_if-i-xl-v1.0,5895919,0.2512310743331909
deepfloyd_if-i-xl-v1.0,5958517,2.3114237785339355
deepfloyd_if-i-xl-v1.0,6189776,1.1594760417938232
deepfloyd_if-i-xl-v1.0,6528587,1.4081566333770752
deepfloyd_if-i-xl-v1.0,6584891,1.1065486669540405
deepfloyd_if-i-xl-v1.0,6586355,1.085594654083252
deepfloyd_if-i-xl-v1.0,6607809,2.725992202758789
deepfloyd_if-i-xl-v1.0,6615026,-0.26511532068252563
deepfloyd_if-i-xl-v1.0,6615458,2.3818411827087402
deepfloyd_if-i-xl-v1.0,6615818,0.9509314298629761
deepfloyd_if-i-xl-v1.0,6616314,0.5561685562133789
deepfloyd_if-i-xl-v1.0,6617011,0.8599263429641724
deepfloyd_if-i-xl-v1.0,6617413,1.3917969465255737
deepfloyd_if-i-xl-v1.0,6729499,1.9273271560668945
deepfloyd_if-i-xl-v1.0,6880664,1.3971863985061646
deepfloyd_if-i-xl-v1.0,6883725,1.6985712051391602
deepfloyd_if-i-xl-v1.0,6946774,-0.7016987800598145
deepfloyd_if-i-xl-v1.0,7025268,0.20059847831726074
deepfloyd_if-i-xl-v1.0,7109847,0.2900925874710083
deepfloyd_if-i-xl-v1.0,7116261,0.21847137808799744
deepfloyd_if-i-xl-v1.0,7150023,0.8714965581893921
deepfloyd_if-i-xl-v1.0,7163803,1.7005865573883057
deepfloyd_if-i-xl-v1.0,7507098,0.7703664302825928
deepfloyd_if-i-xl-v1.0,7596684,1.9558510780334473
deepfloyd_if-i-xl-v1.0,7597365,0.40555405616760254
deepfloyd_if-i-xl-v1.0,7601809,1.8054192066192627
deepfloyd_if-i-xl-v1.0,7605282,2.4681639671325684
deepfloyd_if-i-xl-v1.0,7606419,1.11280357837677
deepfloyd_if-i-xl-v1.0,7607707,1.5597329139709473
deepfloyd_if-i-xl-v1.0,7608721,1.1386468410491943
deepfloyd_if-i-xl-v1.0,7625977,0.3906983733177185
deepfloyd_if-i-xl-v1.0,7626721,-0.3704644441604614
deepfloyd_if-i-xl-v1.0,7626833,0.2113954722881317
deepfloyd_if-i-xl-v1.0,7627310,0.6908138990402222
deepfloyd_if-i-xl-v1.0,7651454,-0.9659606218338013
deepfloyd_if-i-xl-v1.0,7654438,0.0970543920993805
deepfloyd_if-i-xl-v1.0,7664468,-1.5950088500976562
deepfloyd_if-i-xl-v1.0,7698915,1.2276805639266968
deepfloyd_if-i-xl-v1.0,7700167,1.1233232021331787
deepfloyd_if-i-xl-v1.0,7700868,-0.21103867888450623
deepfloyd_if-i-xl-v1.0,7701244,0.9269325733184814
deepfloyd_if-i-xl-v1.0,7702193,0.1809741109609604
deepfloyd_if-i-xl-v1.0,7710616,0.07912876456975937
deepfloyd_if-i-xl-v1.0,7834065,0.6552555561065674
deepfloyd_if-i-xl-v1.0,7854266,0.6720733642578125
deepfloyd_if-i-xl-v1.0,7854455,0.5249415636062622
deepfloyd_if-i-xl-v1.0,7871940,0.13597653806209564
deepfloyd_if-i-xl-v1.0,7891189,0.32671236991882324
deepfloyd_if-i-xl-v1.0,7897116,0.5821143388748169
deepfloyd_if-i-xl-v1.0,7914271,-1.6132407188415527
deepfloyd_if-i-xl-v1.0,7922764,-1.4001455307006836
deepfloyd_if-i-xl-v1.0,7929519,-0.4642849862575531
deepfloyd_if-i-xl-v1.0,7933274,-0.04597087949514389
deepfloyd_if-i-xl-v1.0,7933530,0.1786828488111496
deepfloyd_if-i-xl-v1.0,8089797,1.5045156478881836
deepfloyd_if-i-xl-v1.0,8095160,-0.380188524723053
deepfloyd_if-i-xl-v1.0,8124208,-1.7592164278030396
deepfloyd_if-i-xl-v1.0,8339939,0.4874075651168823
deepfloyd_if-i-xl-v1.0,8876291,-0.40051424503326416
deepfloyd_if-i-xl-v1.0,9020389,0.8099298477172852
deepfloyd_if-i-xl-v1.0,9044146,0.13705560564994812
deepfloyd_if-i-xl-v1.0,9057052,2.2149667739868164
deepfloyd_if-i-xl-v1.0,9427682,2.630683660507202
deepfloyd_if-i-xl-v1.0,9580065,-0.30336111783981323
deepfloyd_if-i-xl-v1.0,9719434,1.009239912033081
deepfloyd_if-i-xl-v1.0,9793248,0.05553225427865982
deepfloyd_if-i-xl-v1.0,9794211,1.0948941707611084
deepfloyd_if-i-xl-v1.0,9862621,0.22380849719047546
deepfloyd_if-i-xl-v1.0,9875188,-0.08272305876016617
deepfloyd_if-i-xl-v1.0,9984659,0.8261644244194031
deepfloyd_if-i-xl-v1.0,10012874,2.678013801574707
deepfloyd_if-i-xl-v1.0,10024569,1.0191051959991455
deepfloyd_if-i-xl-v1.0,10080493,1.2829914093017578
deepfloyd_if-i-xl-v1.0,10106452,2.7452030181884766
deepfloyd_if-i-xl-v1.0,10198409,1.5817148685455322
deepfloyd_if-i-xl-v1.0,10333317,-0.1909591555595398
deepfloyd_if-i-xl-v1.0,10408552,1.1366639137268066
deepfloyd_if-i-xl-v1.0,10444677,-0.0938945785164833
deepfloyd_if-i-xl-v1.0,10453357,0.5976642370223999
deepfloyd_if-i-xl-v1.0,10548623,0.11706077307462692
deepfloyd_if-i-xl-v1.0,10572128,1.2768501043319702
deepfloyd_if-i-xl-v1.0,10794014,1.3690522909164429
deepfloyd_if-i-xl-v1.0,10939743,-0.07972167432308197
deepfloyd_if-i-xl-v1.0,11039909,1.6535959243774414
deepfloyd_if-i-xl-v1.0,11334088,0.5613294243812561
deepfloyd_if-i-xl-v1.0,11417672,1.3167321681976318
deepfloyd_if-i-xl-v1.0,11437577,1.2658586502075195
deepfloyd_if-i-xl-v1.0,11460338,1.6029572486877441
deepfloyd_if-i-xl-v1.0,12345739,0.9771888256072998
deepfloyd_if-i-xl-v1.0,12402348,1.9550046920776367
deepfloyd_if-i-xl-v1.0,13221529,2.281991958618164
deepfloyd_if-i-xl-v1.0,13290566,0.8994989991188049
deepfloyd_if-i-xl-v1.0,13389475,-1.2741063833236694
deepfloyd_if-i-xl-v1.0,13390139,-2.048089027404785
deepfloyd_if-i-xl-v1.0,13390405,-2.1580076217651367
deepfloyd_if-i-xl-v1.0,13392786,-0.9469977617263794
deepfloyd_if-i-xl-v1.0,13649361,0.6045637130737305
deepfloyd_if-i-xl-v1.0,13716878,2.2040481567382812
deepfloyd_if-i-xl-v1.0,13884740,0.5155518054962158
deepfloyd_if-i-xl-v1.0,13915305,1.2341346740722656
deepfloyd_if-i-xl-v1.0,13931145,-0.3956310451030731
deepfloyd_if-i-xl-v1.0,13984082,0.9143543243408203
deepfloyd_if-i-xl-v1.0,14140678,-0.21171653270721436
deepfloyd_if-i-xl-v1.0,14195315,0.9360885620117188
deepfloyd_if-i-xl-v1.0,14294568,0.9827598333358765
deepfloyd_if-i-xl-v1.0,14320813,0.9736683368682861
deepfloyd_if-i-xl-v1.0,14360436,0.9247161746025085
deepfloyd_if-i-xl-v1.0,14488317,1.145897388458252
deepfloyd_if-i-xl-v1.0,14533937,-0.7219054698944092
deepfloyd_if-i-xl-v1.0,14550987,0.9422857761383057
deepfloyd_if-i-xl-v1.0,14579933,1.8333767652511597
deepfloyd_if-i-xl-v1.0,14606290,2.087661027908325
deepfloyd_if-i-xl-v1.0,14620257,0.4983624815940857
deepfloyd_if-i-xl-v1.0,14632648,0.9631959199905396
deepfloyd_if-i-xl-v1.0,14647235,1.107173204421997
deepfloyd_if-i-xl-v1.0,14654954,0.13267244398593903
deepfloyd_if-i-xl-v1.0,14686352,1.315312385559082
deepfloyd_if-i-xl-v1.0,14702875,0.889293909072876
deepfloyd_if-i-xl-v1.0,14703190,1.8294422626495361
deepfloyd_if-i-xl-v1.0,14807929,2.6517038345336914
deepfloyd_if-i-xl-v1.0,14809057,1.0016449689865112
deepfloyd_if-i-xl-v1.0,14867690,0.5212192535400391
deepfloyd_if-i-xl-v1.0,14872875,1.2712838649749756
deepfloyd_if-i-xl-v1.0,14880557,1.2167787551879883
deepfloyd_if-i-xl-v1.0,14894140,0.3201431632041931
deepfloyd_if-i-xl-v1.0,15180934,1.2866042852401733
deepfloyd_if-i-xl-v1.0,15970145,0.18717031180858612
deepfloyd_if-i-xl-v1.0,17002912,0.25401729345321655
deepfloyd_if-i-xl-v1.0,17012379,1.2552762031555176
deepfloyd_if-i-xl-v1.0,17282800,-1.5048466920852661
deepfloyd_if-i-xl-v1.0,17925539,-0.4232196509838104
deepfloyd_if-i-xl-v1.0,18367104,0.5178472995758057
deepfloyd_if-i-xl-v1.0,18758723,0.8518915176391602
deepfloyd_if-i-xl-v1.0,19143128,0.357702374458313
deepfloyd_if-i-xl-v1.0,19671124,0.3011696934700012
deepfloyd_if-i-xl-v1.0,19855707,-1.6457452774047852
deepfloyd_if-i-xl-v1.0,19893872,-0.05572392791509628
deepfloyd_if-i-xl-v1.0,20017667,-0.6100100874900818
deepfloyd_if-i-xl-v1.0,20128079,1.1296448707580566
deepfloyd_if-i-xl-v1.0,20471134,-0.9306143522262573
deepfloyd_if-i-xl-v1.0,20495093,0.07120058685541153
deepfloyd_if-i-xl-v1.0,20782430,1.8863229751586914
deepfloyd_if-i-xl-v1.0,21377549,2.268270969390869
deepfloyd_if-i-xl-v1.0,21564446,0.3514350950717926
deepfloyd_if-i-xl-v1.0,21620388,-0.12005104869604111
deepfloyd_if-i-xl-v1.0,22149540,-0.2050839066505432
deepfloyd_if-i-xl-v1.0,22738759,0.5931385159492493
deepfloyd_if-i-xl-v1.0,22767176,-0.44812121987342834
deepfloyd_if-i-xl-v1.0,23129661,-0.3505702614784241
deepfloyd_if-i-xl-v1.0,23185551,2.596967935562134
deepfloyd_if-i-xl-v1.0,23232427,1.695611834526062
deepfloyd_if-i-xl-v1.0,23257851,2.28318190574646
deepfloyd_if-i-xl-v1.0,23620789,1.9784271717071533
deepfloyd_if-i-xl-v1.0,24808131,1.9754945039749146
deepfloyd_if-i-xl-v1.0,24843217,-1.252087116241455
deepfloyd_if-i-xl-v1.0,24933378,0.5098021030426025
deepfloyd_if-i-xl-v1.0,24942232,-0.7854269742965698
deepfloyd_if-i-xl-v1.0,25290589,2.026074171066284
deepfloyd_if-i-xl-v1.0,25579216,2.1217172145843506
deepfloyd_if-i-xl-v1.0,25685207,0.7185961604118347
deepfloyd_if-i-xl-v1.0,25776594,0.2584075331687927
deepfloyd_if-i-xl-v1.0,26078214,-0.469863623380661
deepfloyd_if-i-xl-v1.0,26746434,0.588096022605896
deepfloyd_if-i-xl-v1.0,26998039,-0.8643048405647278
deepfloyd_if-i-xl-v1.0,27106238,-0.43551701307296753
deepfloyd_if-i-xl-v1.0,27246777,0.2344340831041336
deepfloyd_if-i-xl-v1.0,27768637,-0.08110114187002182
deepfloyd_if-i-xl-v1.0,27871992,1.490957498550415
deepfloyd_if-i-xl-v1.0,28190972,0.7870008945465088
deepfloyd_if-i-xl-v1.0,29094321,0.7647690773010254
deepfloyd_if-i-xl-v1.0,29148617,0.34144654870033264
deepfloyd_if-i-xl-v1.0,29161294,2.806581497192383
deepfloyd_if-i-xl-v1.0,29632917,1.9256618022918701
deepfloyd_if-i-xl-v1.0,29703209,1.073713779449463
deepfloyd_if-i-xl-v1.0,29779486,0.9247814416885376
deepfloyd_if-i-xl-v1.0,30028757,1.136667251586914
deepfloyd_if-i-xl-v1.0,30225071,-1.4138816595077515
deepfloyd_if-i-xl-v1.0,30373565,1.5546694993972778
deepfloyd_if-i-xl-v1.0,30484086,1.4895704984664917
deepfloyd_if-i-xl-v1.0,30883080,-0.967552900314331
deepfloyd_if-i-xl-v1.0,31114750,-0.7704097628593445
deepfloyd_if-i-xl-v1.0,31196176,0.5388060212135315
deepfloyd_if-i-xl-v1.0,31391857,0.66663658618927
deepfloyd_if-i-xl-v1.0,31595142,1.65047025680542
deepfloyd_if-i-xl-v1.0,32152786,0.6904224157333374
deepfloyd_if-i-xl-v1.0,32327818,0.9053922891616821
deepfloyd_if-i-xl-v1.0,32379732,-0.3068119287490845
deepfloyd_if-i-xl-v1.0,32473966,0.3574973940849304
deepfloyd_if-i-xl-v1.0,32902730,1.1784566640853882
deepfloyd_if-i-xl-v1.0,32932491,0.9559698104858398
deepfloyd_if-i-xl-v1.0,33006578,2.0527801513671875
deepfloyd_if-i-xl-v1.0,33478721,0.45135417580604553
deepfloyd_if-i-xl-v1.0,34475997,1.0162264108657837
deepfloyd_if-i-xl-v1.0,34578737,-0.3694400191307068
deepfloyd_if-i-xl-v1.0,34773230,1.4553097486495972
deepfloyd_if-i-xl-v1.0,36507085,1.200368046760559
deepfloyd_if-i-xl-v1.0,36678439,0.9305476546287537
deepfloyd_if-i-xl-v1.0,37287360,0.5019195079803467
deepfloyd_if-i-xl-v1.0,37319253,1.732316017150879
deepfloyd_if-i-xl-v1.0,37547870,-0.3513976037502289
deepfloyd_if-i-xl-v1.0,37736408,0.6853418350219727
deepfloyd_if-i-xl-v1.0,38014258,0.6732631325721741
deepfloyd_if-i-xl-v1.0,38297191,0.044993989169597626
deepfloyd_if-i-xl-v1.0,38402744,0.323857843875885
deepfloyd_if-i-xl-v1.0,38954086,1.90007746219635
deepfloyd_if-i-xl-v1.0,39139190,0.10658013075590134
deepfloyd_if-i-xl-v1.0,39560404,2.467447280883789
deepfloyd_if-i-xl-v1.0,39566065,0.264974981546402
deepfloyd_if-i-xl-v1.0,39595218,0.5461586713790894
deepfloyd_if-i-xl-v1.0,40825299,1.3235211372375488
deepfloyd_if-i-xl-v1.0,40945115,-0.06916684657335281
deepfloyd_if-i-xl-v1.0,40995095,1.8839905261993408
deepfloyd_if-i-xl-v1.0,41015844,0.23856770992279053
deepfloyd_if-i-xl-v1.0,41031648,0.29781168699264526
deepfloyd_if-i-xl-v1.0,41161074,2.882167100906372
deepfloyd_if-i-xl-v1.0,41458919,0.4688415229320526
deepfloyd_if-i-xl-v1.0,41565779,1.1494189500808716
deepfloyd_if-i-xl-v1.0,41766391,-0.9257099628448486
deepfloyd_if-i-xl-v1.0,41982710,0.26548895239830017
deepfloyd_if-i-xl-v1.0,42048260,-0.8869910836219788
deepfloyd_if-i-xl-v1.0,42849420,-1.391314148902893
deepfloyd_if-i-xl-v1.0,42931583,-1.242473840713501
deepfloyd_if-i-xl-v1.0,43060946,0.9179424047470093
deepfloyd_if-i-xl-v1.0,43153800,0.4987308382987976
deepfloyd_if-i-xl-v1.0,43161384,2.1710360050201416
deepfloyd_if-i-xl-v1.0,43301379,-0.48412463068962097
deepfloyd_if-i-xl-v1.0,43304323,1.9611912965774536
deepfloyd_if-i-xl-v1.0,43367797,2.4656975269317627
deepfloyd_if-i-xl-v1.0,43431032,-0.21878275275230408
deepfloyd_if-i-xl-v1.0,43631801,0.061216361820697784
deepfloyd_if-i-xl-v1.0,43735560,1.077181339263916
deepfloyd_if-i-xl-v1.0,43858443,1.766804575920105
deepfloyd_if-i-xl-v1.0,43918624,2.7152135372161865
deepfloyd_if-i-xl-v1.0,44280552,0.9348256587982178
deepfloyd_if-i-xl-v1.0,44295589,1.1669740676879883
deepfloyd_if-i-xl-v1.0,44621915,0.914111316204071
deepfloyd_if-i-xl-v1.0,44645737,0.7785968780517578
deepfloyd_if-i-xl-v1.0,44838123,0.7339307069778442
deepfloyd_if-i-xl-v1.0,45258070,1.6291608810424805
deepfloyd_if-i-xl-v1.0,45297641,1.7896053791046143
deepfloyd_if-i-xl-v1.0,45418454,-0.39583712816238403
deepfloyd_if-i-xl-v1.0,45564900,1.120354175567627
deepfloyd_if-i-xl-v1.0,46150029,1.2184333801269531
deepfloyd_if-i-xl-v1.0,46394736,0.1761581152677536
deepfloyd_if-i-xl-v1.0,46673664,-0.7931596040725708
deepfloyd_if-i-xl-v1.0,46994920,3.1961963176727295
deepfloyd_if-i-xl-v1.0,47009060,-0.2605454921722412
deepfloyd_if-i-xl-v1.0,47552953,-0.7838973999023438
deepfloyd_if-i-xl-v1.0,47595220,1.232904076576233
deepfloyd_if-i-xl-v1.0,47819321,0.9661568999290466
deepfloyd_if-i-xl-v1.0,48223384,1.4141631126403809
deepfloyd_if-i-xl-v1.0,48351897,-0.15904241800308228
deepfloyd_if-i-xl-v1.0,48754831,0.6806008815765381
deepfloyd_if-i-xl-v1.0,49054805,-0.5199901461601257
deepfloyd_if-i-xl-v1.0,49089576,0.4752642810344696
deepfloyd_if-i-xl-v1.0,49300740,-1.6430317163467407
deepfloyd_if-i-xl-v1.0,49358811,1.85539710521698
deepfloyd_if-i-xl-v1.0,49462954,0.9698247909545898
deepfloyd_if-i-xl-v1.0,50262859,-0.6087042093276978
deepfloyd_if-i-xl-v1.0,50871471,0.26980870962142944
deepfloyd_if-i-xl-v1.0,50952217,1.308876395225525
deepfloyd_if-i-xl-v1.0,51060824,3.007673740386963
deepfloyd_if-i-xl-v1.0,51314050,-0.31917664408683777
deepfloyd_if-i-xl-v1.0,51946990,1.7719578742980957
deepfloyd_if-i-xl-v1.0,52325745,2.030059337615967
deepfloyd_if-i-xl-v1.0,52474100,1.261143684387207
deepfloyd_if-i-xl-v1.0,52516409,1.367035984992981
deepfloyd_if-i-xl-v1.0,52711595,1.2036648988723755
deepfloyd_if-i-xl-v1.0,53022028,-1.9019339084625244
deepfloyd_if-i-xl-v1.0,53205877,1.4563109874725342
deepfloyd_if-i-xl-v1.0,53288018,1.3267438411712646
deepfloyd_if-i-xl-v1.0,53443611,0.2532219886779785
deepfloyd_if-i-xl-v1.0,53815934,0.5692195892333984
deepfloyd_if-i-xl-v1.0,54495173,-0.2097577452659607
deepfloyd_if-i-xl-v1.0,54931507,-0.17125658690929413
deepfloyd_if-i-xl-v1.0,55191509,1.4555020332336426
deepfloyd_if-i-xl-v1.0,55255145,-0.8557802438735962
deepfloyd_if-i-xl-v1.0,55457672,0.1542646586894989
deepfloyd_if-i-xl-v1.0,55588327,0.7163965702056885
deepfloyd_if-i-xl-v1.0,55653646,2.3580479621887207
deepfloyd_if-i-xl-v1.0,55658809,0.09224355965852737
deepfloyd_if-i-xl-v1.0,55812974,0.10803385823965073
deepfloyd_if-i-xl-v1.0,55819553,0.036191776394844055
deepfloyd_if-i-xl-v1.0,55826966,1.750378131866455
deepfloyd_if-i-xl-v1.0,55983905,1.6092164516448975
deepfloyd_if-i-xl-v1.0,56074056,1.040313482284546
deepfloyd_if-i-xl-v1.0,56112588,0.842648446559906
deepfloyd_if-i-xl-v1.0,56121520,2.403290033340454
deepfloyd_if-i-xl-v1.0,56250900,0.23557916283607483
deepfloyd_if-i-xl-v1.0,56458800,0.6664754748344421
deepfloyd_if-i-xl-v1.0,56792430,-0.8910973072052002
deepfloyd_if-i-xl-v1.0,56982260,1.2269567251205444
deepfloyd_if-i-xl-v1.0,57673976,-0.33949369192123413
deepfloyd_if-i-xl-v1.0,57716963,-0.8009212017059326
deepfloyd_if-i-xl-v1.0,57729980,1.3024053573608398
deepfloyd_if-i-xl-v1.0,57785005,1.8223152160644531
deepfloyd_if-i-xl-v1.0,57873614,-0.2756931185722351
deepfloyd_if-i-xl-v1.0,58727024,1.413564920425415
deepfloyd_if-i-xl-v1.0,58761464,-1.9556376934051514
deepfloyd_if-i-xl-v1.0,59399259,1.3707566261291504
deepfloyd_if-i-xl-v1.0,59976859,0.2804264426231384
deepfloyd_if-i-xl-v1.0,60083345,1.1339128017425537
deepfloyd_if-i-xl-v1.0,60214770,0.9550808668136597
deepfloyd_if-i-xl-v1.0,60215376,1.6631803512573242
deepfloyd_if-i-xl-v1.0,60375309,1.6154186725616455
deepfloyd_if-i-xl-v1.0,60606896,-0.08235890418291092
deepfloyd_if-i-xl-v1.0,60668084,-0.5803589224815369
deepfloyd_if-i-xl-v1.0,61035709,-0.014759158715605736
deepfloyd_if-i-xl-v1.0,61388266,0.44113242626190186
deepfloyd_if-i-xl-v1.0,61627313,0.1355261653661728
deepfloyd_if-i-xl-v1.0,61635816,-0.09263047575950623
deepfloyd_if-i-xl-v1.0,61853324,0.5246888995170593
deepfloyd_if-i-xl-v1.0,62408818,0.23133204877376556
deepfloyd_if-i-xl-v1.0,62841330,-0.9666697382926941
deepfloyd_if-i-xl-v1.0,63015570,1.963585376739502
deepfloyd_if-i-xl-v1.0,63336441,-0.6318305134773254
deepfloyd_if-i-xl-v1.0,63633117,-0.19141602516174316
deepfloyd_if-i-xl-v1.0,64576544,1.0612657070159912
deepfloyd_if-i-xl-v1.0,64687077,-0.20034433901309967
deepfloyd_if-i-xl-v1.0,64693533,0.16009646654129028
deepfloyd_if-i-xl-v1.0,64856142,-0.8988752365112305
deepfloyd_if-i-xl-v1.0,65411270,1.0905290842056274
deepfloyd_if-i-xl-v1.0,65557844,-1.3810607194900513
deepfloyd_if-i-xl-v1.0,65824677,1.5595108270645142
deepfloyd_if-i-xl-v1.0,65890875,0.5460764169692993
deepfloyd_if-i-xl-v1.0,65960228,-0.1322980523109436
deepfloyd_if-i-xl-v1.0,66668538,-0.5139516592025757
deepfloyd_if-i-xl-v1.0,67344811,1.9125990867614746
deepfloyd_if-i-xl-v1.0,67949798,-1.3037842512130737
deepfloyd_if-i-xl-v1.0,68246844,0.5948360562324524
deepfloyd_if-i-xl-v1.0,68280322,-1.0226414203643799
deepfloyd_if-i-xl-v1.0,68321683,0.9186781644821167
deepfloyd_if-i-xl-v1.0,68380669,1.2799230813980103
deepfloyd_if-i-xl-v1.0,68575085,0.2452695369720459
deepfloyd_if-i-xl-v1.0,70380966,2.9950642585754395
deepfloyd_if-i-xl-v1.0,70494671,-0.9301329255104065
deepfloyd_if-i-xl-v1.0,71055464,-0.37922990322113037
deepfloyd_if-i-xl-v1.0,71591839,-1.3959535360336304
deepfloyd_if-i-xl-v1.0,71828875,1.2388226985931396
deepfloyd_if-i-xl-v1.0,71910823,1.3102474212646484
deepfloyd_if-i-xl-v1.0,71959499,0.7710735201835632
deepfloyd_if-i-xl-v1.0,72432241,-2.179969310760498
deepfloyd_if-i-xl-v1.0,72553814,-0.6469736695289612
deepfloyd_if-i-xl-v1.0,73051579,1.5740752220153809
deepfloyd_if-i-xl-v1.0,73600586,1.352469563484192
deepfloyd_if-i-xl-v1.0,73616417,0.16734817624092102
deepfloyd_if-i-xl-v1.0,73681289,-1.7277196645736694
deepfloyd_if-i-xl-v1.0,73962724,3.1959586143493652
deepfloyd_if-i-xl-v1.0,74175857,0.2924354076385498
deepfloyd_if-i-xl-v1.0,75051801,1.5192205905914307
deepfloyd_if-i-xl-v1.0,75787772,1.2120811939239502
deepfloyd_if-i-xl-v1.0,75944980,1.1793516874313354
deepfloyd_if-i-xl-v1.0,75964288,0.09350230544805527
deepfloyd_if-i-xl-v1.0,76066166,2.5893659591674805
deepfloyd_if-i-xl-v1.0,76100398,3.078054904937744
deepfloyd_if-i-xl-v1.0,76425345,-0.12050431221723557
deepfloyd_if-i-xl-v1.0,77106105,1.493922233581543
deepfloyd_if-i-xl-v1.0,77132310,1.816454291343689
deepfloyd_if-i-xl-v1.0,77232534,-1.2540264129638672
deepfloyd_if-i-xl-v1.0,77312726,0.6295056939125061
deepfloyd_if-i-xl-v1.0,77358840,0.6011295914649963
deepfloyd_if-i-xl-v1.0,77490593,0.01869167946279049
deepfloyd_if-i-xl-v1.0,77726888,-0.5145309567451477
deepfloyd_if-i-xl-v1.0,78735978,0.5769226551055908
deepfloyd_if-i-xl-v1.0,79077085,-1.7014216184616089
deepfloyd_if-i-xl-v1.0,79212243,-0.6061267852783203
deepfloyd_if-i-xl-v1.0,79606917,-0.43324610590934753
deepfloyd_if-i-xl-v1.0,79918827,-0.81086266040802
deepfloyd_if-i-xl-v1.0,80289373,0.9280527234077454
deepfloyd_if-i-xl-v1.0,80371125,1.1524075269699097
deepfloyd_if-i-xl-v1.0,80540387,1.32705819606781
deepfloyd_if-i-xl-v1.0,81135077,1.0761940479278564
deepfloyd_if-i-xl-v1.0,81303945,-1.554879069328308
deepfloyd_if-i-xl-v1.0,81435593,2.619481325149536
deepfloyd_if-i-xl-v1.0,82282590,-1.0632156133651733
deepfloyd_if-i-xl-v1.0,82696415,-0.9077699780464172
deepfloyd_if-i-xl-v1.0,82916016,0.5641665458679199
deepfloyd_if-i-xl-v1.0,83084473,0.23521819710731506
deepfloyd_if-i-xl-v1.0,83418847,-0.05204581469297409
deepfloyd_if-i-xl-v1.0,84089324,1.9172672033309937
deepfloyd_if-i-xl-v1.0,84306831,-0.3760682940483093
deepfloyd_if-i-xl-v1.0,84510135,-0.8532424569129944
deepfloyd_if-i-xl-v1.0,84788890,0.5632486343383789
deepfloyd_if-i-xl-v1.0,84985982,0.3148929476737976
deepfloyd_if-i-xl-v1.0,85191733,-0.6660934686660767
deepfloyd_if-i-xl-v1.0,86119145,-0.06289070099592209
deepfloyd_if-i-xl-v1.0,86340862,0.631344199180603
deepfloyd_if-i-xl-v1.0,86341828,0.8136351108551025
deepfloyd_if-i-xl-v1.0,86537356,2.871424436569214
deepfloyd_if-i-xl-v1.0,86701636,0.05094733089208603
deepfloyd_if-i-xl-v1.0,86714939,0.3394410014152527
deepfloyd_if-i-xl-v1.0,87574583,1.2949318885803223
deepfloyd_if-i-xl-v1.0,87699711,0.9004536867141724
deepfloyd_if-i-xl-v1.0,88016571,1.242010474205017
deepfloyd_if-i-xl-v1.0,88087492,2.427029848098755
deepfloyd_if-i-xl-v1.0,89227603,-1.1865662336349487
deepfloyd_if-i-xl-v1.0,89539854,1.7140779495239258
deepfloyd_if-i-xl-v1.0,89926787,1.3492088317871094
deepfloyd_if-i-xl-v1.0,90244932,-0.2286301702260971
deepfloyd_if-i-xl-v1.0,90493027,2.0861003398895264
deepfloyd_if-i-xl-v1.0,90613035,1.4666402339935303
deepfloyd_if-i-xl-v1.0,91368797,0.38802793622016907
deepfloyd_if-i-xl-v1.0,91784299,1.8471759557724
deepfloyd_if-i-xl-v1.0,91790573,0.44018781185150146
deepfloyd_if-i-xl-v1.0,91834546,-1.7994481325149536
deepfloyd_if-i-xl-v1.0,92068094,-1.069628119468689
deepfloyd_if-i-xl-v1.0,92311656,2.5741806030273438
deepfloyd_if-i-xl-v1.0,92709444,2.2242603302001953
deepfloyd_if-i-xl-v1.0,93114575,-0.163136824965477
deepfloyd_if-i-xl-v1.0,93256557,1.3435477018356323
deepfloyd_if-i-xl-v1.0,93407716,0.954354465007782
deepfloyd_if-i-xl-v1.0,93436296,-0.05021550506353378
deepfloyd_if-i-xl-v1.0,93512057,-0.4780057668685913
deepfloyd_if-i-xl-v1.0,94006560,2.026609420776367
deepfloyd_if-i-xl-v1.0,94321535,0.6266735792160034
deepfloyd_if-i-xl-v1.0,94532154,2.578871250152588
deepfloyd_if-i-xl-v1.0,95171107,-0.40620893239974976
deepfloyd_if-i-xl-v1.0,95228839,0.5578250885009766
deepfloyd_if-i-xl-v1.0,95325441,0.571912407875061
deepfloyd_if-i-xl-v1.0,95450946,0.39123955368995667
deepfloyd_if-i-xl-v1.0,95583911,-0.47484031319618225
deepfloyd_if-i-xl-v1.0,95718306,1.4068959951400757
deepfloyd_if-i-xl-v1.0,95737828,2.5968990325927734
deepfloyd_if-i-xl-v1.0,96448597,0.9129101037979126
deepfloyd_if-i-xl-v1.0,96482065,1.6553752422332764
deepfloyd_if-i-xl-v1.0,96521920,0.37939512729644775
deepfloyd_if-i-xl-v1.0,96850153,-0.24408675730228424
deepfloyd_if-i-xl-v1.0,98113191,-0.0306622963398695
deepfloyd_if-i-xl-v1.0,98195317,0.6504552960395813
deepfloyd_if-i-xl-v1.0,98254655,2.7212719917297363
deepfloyd_if-i-xl-v1.0,98319500,0.4076409339904785
deepfloyd_if-i-xl-v1.0,98642787,0.9773762226104736
deepfloyd_if-i-xl-v1.0,98646702,-1.7894413471221924
deepfloyd_if-i-xl-v1.0,98929226,1.802940011024475
deepfloyd_if-i-xl-v1.0,99178779,1.4742310047149658
deepfloyd_if-i-xl-v1.0,99185892,1.8610111474990845
deepfloyd_if-i-xl-v1.0,99211012,-0.2671126425266266
deepfloyd_if-i-xl-v1.0,99410560,1.1837682723999023
deepfloyd_if-i-xl-v1.0,99862294,0.16694864630699158
pixart-alpha_pixart-sigma-xl-2-512-ms,138508,0.9178940653800964
pixart-alpha_pixart-sigma-xl-2-512-ms,192051,0.6260358691215515
pixart-alpha_pixart-sigma-xl-2-512-ms,213186,0.37358272075653076
pixart-alpha_pixart-sigma-xl-2-512-ms,232386,1.3309810161590576
pixart-alpha_pixart-sigma-xl-2-512-ms,232765,-0.8145434856414795
pixart-alpha_pixart-sigma-xl-2-512-ms,258857,0.7723284363746643
pixart-alpha_pixart-sigma-xl-2-512-ms,283090,-0.6929545402526855
pixart-alpha_pixart-sigma-xl-2-512-ms,285141,1.555127739906311
pixart-alpha_pixart-sigma-xl-2-512-ms,399030,0.9344410300254822
pixart-alpha_pixart-sigma-xl-2-512-ms,440189,1.528369665145874
pixart-alpha_pixart-sigma-xl-2-512-ms,445169,1.7037813663482666
pixart-alpha_pixart-sigma-xl-2-512-ms,486490,-0.9761970043182373
pixart-alpha_pixart-sigma-xl-2-512-ms,487072,0.9980624914169312
pixart-alpha_pixart-sigma-xl-2-512-ms,487326,-1.1306108236312866
pixart-alpha_pixart-sigma-xl-2-512-ms,489837,1.3150655031204224
pixart-alpha_pixart-sigma-xl-2-512-ms,646833,-1.7789353132247925
pixart-alpha_pixart-sigma-xl-2-512-ms,708860,-0.8640779852867126
pixart-alpha_pixart-sigma-xl-2-512-ms,717208,-1.9703190326690674
pixart-alpha_pixart-sigma-xl-2-512-ms,717468,0.3333446681499481
pixart-alpha_pixart-sigma-xl-2-512-ms,735254,-1.273155927658081
pixart-alpha_pixart-sigma-xl-2-512-ms,762478,-0.5310836434364319
pixart-alpha_pixart-sigma-xl-2-512-ms,825443,-1.2400882244110107
pixart-alpha_pixart-sigma-xl-2-512-ms,831919,-0.40517789125442505
pixart-alpha_pixart-sigma-xl-2-512-ms,896677,-0.7198527455329895
pixart-alpha_pixart-sigma-xl-2-512-ms,936620,-0.8820526599884033
pixart-alpha_pixart-sigma-xl-2-512-ms,974367,0.19676998257637024
pixart-alpha_pixart-sigma-xl-2-512-ms,993014,-0.1247141882777214
pixart-alpha_pixart-sigma-xl-2-512-ms,995855,-0.4453347623348236
pixart-alpha_pixart-sigma-xl-2-512-ms,1113367,1.8971143960952759
pixart-alpha_pixart-sigma-xl-2-512-ms,1171644,0.1808512806892395
pixart-alpha_pixart-sigma-xl-2-512-ms,1209135,1.0028932094573975
pixart-alpha_pixart-sigma-xl-2-512-ms,1317294,1.528672456741333
pixart-alpha_pixart-sigma-xl-2-512-ms,1317533,-0.2337479144334793
pixart-alpha_pixart-sigma-xl-2-512-ms,1321854,-0.22247011959552765
pixart-alpha_pixart-sigma-xl-2-512-ms,1377758,0.31879353523254395
pixart-alpha_pixart-sigma-xl-2-512-ms,1474832,1.3594603538513184
pixart-alpha_pixart-sigma-xl-2-512-ms,1516071,0.1288648396730423
pixart-alpha_pixart-sigma-xl-2-512-ms,1566705,0.37753695249557495
pixart-alpha_pixart-sigma-xl-2-512-ms,1640855,0.9854410290718079
pixart-alpha_pixart-sigma-xl-2-512-ms,1668603,-0.44167670607566833
pixart-alpha_pixart-sigma-xl-2-512-ms,1678990,-0.5634139180183411
pixart-alpha_pixart-sigma-xl-2-512-ms,1699831,0.3371530771255493
pixart-alpha_pixart-sigma-xl-2-512-ms,1707698,0.047937169671058655
pixart-alpha_pixart-sigma-xl-2-512-ms,1727942,-0.6739190816879272
pixart-alpha_pixart-sigma-xl-2-512-ms,2045760,-1.8839631080627441
pixart-alpha_pixart-sigma-xl-2-512-ms,2075049,0.5461940169334412
pixart-alpha_pixart-sigma-xl-2-512-ms,2075764,0.9369564056396484
pixart-alpha_pixart-sigma-xl-2-512-ms,2241569,1.4570238590240479
pixart-alpha_pixart-sigma-xl-2-512-ms,2720725,3.058243751525879
pixart-alpha_pixart-sigma-xl-2-512-ms,2721160,0.060730405151844025
pixart-alpha_pixart-sigma-xl-2-512-ms,2730265,-0.7209604978561401
pixart-alpha_pixart-sigma-xl-2-512-ms,2744395,0.2983233332633972
pixart-alpha_pixart-sigma-xl-2-512-ms,2770078,0.128556489944458
pixart-alpha_pixart-sigma-xl-2-512-ms,2793684,0.42429864406585693
pixart-alpha_pixart-sigma-xl-2-512-ms,2803666,-0.322123646736145
pixart-alpha_pixart-sigma-xl-2-512-ms,2807731,-1.0622972249984741
pixart-alpha_pixart-sigma-xl-2-512-ms,2821943,-2.0867414474487305
pixart-alpha_pixart-sigma-xl-2-512-ms,2824319,-0.08493713289499283
pixart-alpha_pixart-sigma-xl-2-512-ms,2825442,-1.8123791217803955
pixart-alpha_pixart-sigma-xl-2-512-ms,2852043,-0.8840798735618591
pixart-alpha_pixart-sigma-xl-2-512-ms,2870293,-1.6807249784469604
pixart-alpha_pixart-sigma-xl-2-512-ms,2870880,-1.7746392488479614
pixart-alpha_pixart-sigma-xl-2-512-ms,2923535,-1.331468939781189
pixart-alpha_pixart-sigma-xl-2-512-ms,2933112,-1.562394618988037
pixart-alpha_pixart-sigma-xl-2-512-ms,2963987,-0.5830500721931458
pixart-alpha_pixart-sigma-xl-2-512-ms,2991302,0.3553348481655121
pixart-alpha_pixart-sigma-xl-2-512-ms,3024209,1.2053639888763428
pixart-alpha_pixart-sigma-xl-2-512-ms,3035832,-1.7442961931228638
pixart-alpha_pixart-sigma-xl-2-512-ms,3049457,-0.6308050751686096
pixart-alpha_pixart-sigma-xl-2-512-ms,3107488,-0.10392843931913376
pixart-alpha_pixart-sigma-xl-2-512-ms,3131388,-0.329867959022522
pixart-alpha_pixart-sigma-xl-2-512-ms,3131669,-0.5575223565101624
pixart-alpha_pixart-sigma-xl-2-512-ms,3152830,-0.20218029618263245
pixart-alpha_pixart-sigma-xl-2-512-ms,3249569,-0.035299234092235565
pixart-alpha_pixart-sigma-xl-2-512-ms,3262349,-0.677325963973999
pixart-alpha_pixart-sigma-xl-2-512-ms,3288500,-1.11478590965271
pixart-alpha_pixart-sigma-xl-2-512-ms,3298716,-1.305474042892456
pixart-alpha_pixart-sigma-xl-2-512-ms,3308246,0.6987401843070984
pixart-alpha_pixart-sigma-xl-2-512-ms,3309110,1.8691825866699219
pixart-alpha_pixart-sigma-xl-2-512-ms,3347220,-1.3524243831634521
pixart-alpha_pixart-sigma-xl-2-512-ms,3353281,-2.553938865661621
pixart-alpha_pixart-sigma-xl-2-512-ms,3366112,0.8297603726387024
pixart-alpha_pixart-sigma-xl-2-512-ms,3411927,0.2393924593925476
pixart-alpha_pixart-sigma-xl-2-512-ms,3456665,0.23588384687900543
pixart-alpha_pixart-sigma-xl-2-512-ms,3563208,0.0749906525015831
pixart-alpha_pixart-sigma-xl-2-512-ms,3580281,0.5454460382461548
pixart-alpha_pixart-sigma-xl-2-512-ms,3603442,0.4516057074069977
pixart-alpha_pixart-sigma-xl-2-512-ms,3607029,0.8444085121154785
pixart-alpha_pixart-sigma-xl-2-512-ms,3628071,1.362700343132019
pixart-alpha_pixart-sigma-xl-2-512-ms,3630383,-0.895635724067688
pixart-alpha_pixart-sigma-xl-2-512-ms,3676483,1.1037628650665283
pixart-alpha_pixart-sigma-xl-2-512-ms,3679712,-0.8667645454406738
pixart-alpha_pixart-sigma-xl-2-512-ms,3685307,-0.12204626947641373
pixart-alpha_pixart-sigma-xl-2-512-ms,3703463,-0.5126748085021973
pixart-alpha_pixart-sigma-xl-2-512-ms,3714235,0.2231786847114563
pixart-alpha_pixart-sigma-xl-2-512-ms,3728318,0.6218900084495544
pixart-alpha_pixart-sigma-xl-2-512-ms,3748162,-0.35457730293273926
pixart-alpha_pixart-sigma-xl-2-512-ms,3764276,0.01968599297106266
pixart-alpha_pixart-sigma-xl-2-512-ms,3818090,0.5605965852737427
pixart-alpha_pixart-sigma-xl-2-512-ms,3842156,-0.19531822204589844
pixart-alpha_pixart-sigma-xl-2-512-ms,3880032,-0.3970208466053009
pixart-alpha_pixart-sigma-xl-2-512-ms,3889343,-1.0488767623901367
pixart-alpha_pixart-sigma-xl-2-512-ms,3907654,0.20316801965236664
pixart-alpha_pixart-sigma-xl-2-512-ms,3940713,-1.1257799863815308
pixart-alpha_pixart-sigma-xl-2-512-ms,3975232,0.113490529358387
pixart-alpha_pixart-sigma-xl-2-512-ms,3982060,0.09741023927927017
pixart-alpha_pixart-sigma-xl-2-512-ms,3990474,-1.354247808456421
pixart-alpha_pixart-sigma-xl-2-512-ms,4010305,-2.1039743423461914
pixart-alpha_pixart-sigma-xl-2-512-ms,4025130,-0.2529773712158203
pixart-alpha_pixart-sigma-xl-2-512-ms,4062807,-0.4175865054130554
pixart-alpha_pixart-sigma-xl-2-512-ms,4123448,0.19631239771842957
pixart-alpha_pixart-sigma-xl-2-512-ms,4125853,-0.35010480880737305
pixart-alpha_pixart-sigma-xl-2-512-ms,4140340,1.756596565246582
pixart-alpha_pixart-sigma-xl-2-512-ms,4145056,0.4480392634868622
pixart-alpha_pixart-sigma-xl-2-512-ms,4192521,-0.6772973537445068
pixart-alpha_pixart-sigma-xl-2-512-ms,4259202,0.8639092445373535
pixart-alpha_pixart-sigma-xl-2-512-ms,4285773,-1.8794952630996704
pixart-alpha_pixart-sigma-xl-2-512-ms,4345028,-1.3572568893432617
pixart-alpha_pixart-sigma-xl-2-512-ms,4387201,-0.03761397302150726
pixart-alpha_pixart-sigma-xl-2-512-ms,4416901,1.5285842418670654
pixart-alpha_pixart-sigma-xl-2-512-ms,4455579,-0.9208245873451233
pixart-alpha_pixart-sigma-xl-2-512-ms,4497570,-1.351333737373352
pixart-alpha_pixart-sigma-xl-2-512-ms,4534520,1.2870200872421265
pixart-alpha_pixart-sigma-xl-2-512-ms,4539203,-0.6008157134056091
pixart-alpha_pixart-sigma-xl-2-512-ms,4552551,-1.4338654279708862
pixart-alpha_pixart-sigma-xl-2-512-ms,4596797,-0.8953930735588074
pixart-alpha_pixart-sigma-xl-2-512-ms,4832208,0.49865442514419556
pixart-alpha_pixart-sigma-xl-2-512-ms,4930139,0.07454629987478256
pixart-alpha_pixart-sigma-xl-2-512-ms,5008085,-0.13954485952854156
pixart-alpha_pixart-sigma-xl-2-512-ms,5219923,-0.9978167414665222
pixart-alpha_pixart-sigma-xl-2-512-ms,5316083,0.17222273349761963
pixart-alpha_pixart-sigma-xl-2-512-ms,5350912,0.18097054958343506
pixart-alpha_pixart-sigma-xl-2-512-ms,5374860,0.7590079307556152
pixart-alpha_pixart-sigma-xl-2-512-ms,5410315,0.5451104640960693
pixart-alpha_pixart-sigma-xl-2-512-ms,5522784,0.8149941563606262
pixart-alpha_pixart-sigma-xl-2-512-ms,5728577,0.7862380743026733
pixart-alpha_pixart-sigma-xl-2-512-ms,5752544,-1.2807543277740479
pixart-alpha_pixart-sigma-xl-2-512-ms,5794797,-0.08452828973531723
pixart-alpha_pixart-sigma-xl-2-512-ms,5895919,-1.2252799272537231
pixart-alpha_pixart-sigma-xl-2-512-ms,5958517,-0.9679628014564514
pixart-alpha_pixart-sigma-xl-2-512-ms,6189776,1.1660183668136597
pixart-alpha_pixart-sigma-xl-2-512-ms,6528587,-0.07375503331422806
pixart-alpha_pixart-sigma-xl-2-512-ms,6584891,0.6511819362640381
pixart-alpha_pixart-sigma-xl-2-512-ms,6586355,-0.3207884430885315
pixart-alpha_pixart-sigma-xl-2-512-ms,6607809,0.9794823527336121
pixart-alpha_pixart-sigma-xl-2-512-ms,6615026,-0.045631296932697296
pixart-alpha_pixart-sigma-xl-2-512-ms,6615458,0.5170586109161377
pixart-alpha_pixart-sigma-xl-2-512-ms,6615818,0.766724169254303
pixart-alpha_pixart-sigma-xl-2-512-ms,6616314,-0.18022194504737854
pixart-alpha_pixart-sigma-xl-2-512-ms,6617011,0.961227536201477
pixart-alpha_pixart-sigma-xl-2-512-ms,6617413,1.4071893692016602
pixart-alpha_pixart-sigma-xl-2-512-ms,6729499,-1.1778531074523926
pixart-alpha_pixart-sigma-xl-2-512-ms,6880664,1.9078943729400635
pixart-alpha_pixart-sigma-xl-2-512-ms,6883725,1.7461131811141968
pixart-alpha_pixart-sigma-xl-2-512-ms,6946774,0.6131709814071655
pixart-alpha_pixart-sigma-xl-2-512-ms,7025268,-0.38360896706581116
pixart-alpha_pixart-sigma-xl-2-512-ms,7109847,-0.18229582905769348
pixart-alpha_pixart-sigma-xl-2-512-ms,7116261,-0.2990933656692505
pixart-alpha_pixart-sigma-xl-2-512-ms,7150023,-0.1252921223640442
pixart-alpha_pixart-sigma-xl-2-512-ms,7163803,0.5966206789016724
pixart-alpha_pixart-sigma-xl-2-512-ms,7507098,-1.6893012523651123
pixart-alpha_pixart-sigma-xl-2-512-ms,7596684,0.005306446924805641
pixart-alpha_pixart-sigma-xl-2-512-ms,7597365,-1.0774898529052734
pixart-alpha_pixart-sigma-xl-2-512-ms,7601809,-0.8296575546264648
pixart-alpha_pixart-sigma-xl-2-512-ms,7605282,1.3463926315307617
pixart-alpha_pixart-sigma-xl-2-512-ms,7606419,-1.1481823921203613
pixart-alpha_pixart-sigma-xl-2-512-ms,7607707,-0.15831027925014496
pixart-alpha_pixart-sigma-xl-2-512-ms,7608721,-0.40231555700302124
pixart-alpha_pixart-sigma-xl-2-512-ms,7625977,-0.26733702421188354
pixart-alpha_pixart-sigma-xl-2-512-ms,7626721,-0.17849412560462952
pixart-alpha_pixart-sigma-xl-2-512-ms,7626833,-0.30390775203704834
pixart-alpha_pixart-sigma-xl-2-512-ms,7627310,-0.8087244033813477
pixart-alpha_pixart-sigma-xl-2-512-ms,7651454,-2.4988739490509033
pixart-alpha_pixart-sigma-xl-2-512-ms,7654438,-1.5837970972061157
pixart-alpha_pixart-sigma-xl-2-512-ms,7664468,-2.3112363815307617
pixart-alpha_pixart-sigma-xl-2-512-ms,7698915,0.7538425326347351
pixart-alpha_pixart-sigma-xl-2-512-ms,7700167,0.32738327980041504
pixart-alpha_pixart-sigma-xl-2-512-ms,7700868,-0.5801264047622681
pixart-alpha_pixart-sigma-xl-2-512-ms,7701244,-0.5787562727928162
pixart-alpha_pixart-sigma-xl-2-512-ms,7702193,-0.12191937118768692
pixart-alpha_pixart-sigma-xl-2-512-ms,7710616,-0.5761327147483826
pixart-alpha_pixart-sigma-xl-2-512-ms,7834065,-0.2806604504585266
pixart-alpha_pixart-sigma-xl-2-512-ms,7854266,0.6320433020591736
pixart-alpha_pixart-sigma-xl-2-512-ms,7854455,-0.38678091764450073
pixart-alpha_pixart-sigma-xl-2-512-ms,7871940,-1.7576303482055664
pixart-alpha_pixart-sigma-xl-2-512-ms,7891189,-0.4328490197658539
pixart-alpha_pixart-sigma-xl-2-512-ms,7897116,-0.3563692569732666
pixart-alpha_pixart-sigma-xl-2-512-ms,7914271,-1.826706886291504
pixart-alpha_pixart-sigma-xl-2-512-ms,7922764,-1.2584009170532227
pixart-alpha_pixart-sigma-xl-2-512-ms,7929519,-0.7726495862007141
pixart-alpha_pixart-sigma-xl-2-512-ms,7933274,-0.4937874674797058
pixart-alpha_pixart-sigma-xl-2-512-ms,7933530,-0.5929515957832336
pixart-alpha_pixart-sigma-xl-2-512-ms,8089797,-1.2841358184814453
pixart-alpha_pixart-sigma-xl-2-512-ms,8095160,-0.748125433921814
pixart-alpha_pixart-sigma-xl-2-512-ms,8124208,-2.138737916946411
pixart-alpha_pixart-sigma-xl-2-512-ms,8339939,-0.2518487870693207
pixart-alpha_pixart-sigma-xl-2-512-ms,8876291,-0.45681947469711304
pixart-alpha_pixart-sigma-xl-2-512-ms,9020389,0.9273205399513245
pixart-alpha_pixart-sigma-xl-2-512-ms,9044146,1.2116234302520752
pixart-alpha_pixart-sigma-xl-2-512-ms,9057052,-0.21583497524261475
pixart-alpha_pixart-sigma-xl-2-512-ms,9427682,-0.7719639539718628
pixart-alpha_pixart-sigma-xl-2-512-ms,9580065,-0.9509906768798828
pixart-alpha_pixart-sigma-xl-2-512-ms,9719434,-0.6594269871711731
pixart-alpha_pixart-sigma-xl-2-512-ms,9793248,-0.7504756450653076
pixart-alpha_pixart-sigma-xl-2-512-ms,9794211,-0.07208137959241867
pixart-alpha_pixart-sigma-xl-2-512-ms,9862621,-0.5574581027030945
pixart-alpha_pixart-sigma-xl-2-512-ms,9875188,-0.21309401094913483
pixart-alpha_pixart-sigma-xl-2-512-ms,9984659,0.6567730903625488
pixart-alpha_pixart-sigma-xl-2-512-ms,10012874,0.8977577686309814
pixart-alpha_pixart-sigma-xl-2-512-ms,10024569,0.7815632820129395
pixart-alpha_pixart-sigma-xl-2-512-ms,10080493,-1.6793262958526611
pixart-alpha_pixart-sigma-xl-2-512-ms,10106452,-0.05393748730421066
pixart-alpha_pixart-sigma-xl-2-512-ms,10198409,1.0157055854797363
pixart-alpha_pixart-sigma-xl-2-512-ms,10333317,-1.1753863096237183
pixart-alpha_pixart-sigma-xl-2-512-ms,10408552,-0.21990329027175903
pixart-alpha_pixart-sigma-xl-2-512-ms,10444677,0.4971970319747925
pixart-alpha_pixart-sigma-xl-2-512-ms,10453357,-0.17120137810707092
pixart-alpha_pixart-sigma-xl-2-512-ms,10548623,-0.781278669834137
pixart-alpha_pixart-sigma-xl-2-512-ms,10572128,-1.611230731010437
pixart-alpha_pixart-sigma-xl-2-512-ms,10794014,-0.03275331109762192
pixart-alpha_pixart-sigma-xl-2-512-ms,10939743,1.0233074426651
pixart-alpha_pixart-sigma-xl-2-512-ms,11039909,-0.04219896346330643
pixart-alpha_pixart-sigma-xl-2-512-ms,11334088,0.2942400574684143
pixart-alpha_pixart-sigma-xl-2-512-ms,11417672,-0.10328591614961624
pixart-alpha_pixart-sigma-xl-2-512-ms,11437577,-0.05262956768274307
pixart-alpha_pixart-sigma-xl-2-512-ms,11460338,0.8537535071372986
pixart-alpha_pixart-sigma-xl-2-512-ms,12345739,1.4865288734436035
pixart-alpha_pixart-sigma-xl-2-512-ms,12402348,1.2269774675369263
pixart-alpha_pixart-sigma-xl-2-512-ms,13221529,0.8948572874069214
pixart-alpha_pixart-sigma-xl-2-512-ms,13290566,-0.04590729624032974
pixart-alpha_pixart-sigma-xl-2-512-ms,13389475,1.9010878801345825
pixart-alpha_pixart-sigma-xl-2-512-ms,13390139,1.1760472059249878
pixart-alpha_pixart-sigma-xl-2-512-ms,13390405,1.6395245790481567
pixart-alpha_pixart-sigma-xl-2-512-ms,13392786,1.9421294927597046
pixart-alpha_pixart-sigma-xl-2-512-ms,13649361,-0.9311980605125427
pixart-alpha_pixart-sigma-xl-2-512-ms,13716878,0.34807288646698
pixart-alpha_pixart-sigma-xl-2-512-ms,13884740,0.987849771976471
pixart-alpha_pixart-sigma-xl-2-512-ms,13915305,0.4200890064239502
pixart-alpha_pixart-sigma-xl-2-512-ms,13931145,-0.24516773223876953
pixart-alpha_pixart-sigma-xl-2-512-ms,13984082,-0.15811842679977417
pixart-alpha_pixart-sigma-xl-2-512-ms,14140678,0.8268554210662842
pixart-alpha_pixart-sigma-xl-2-512-ms,14195315,1.7890958786010742
pixart-alpha_pixart-sigma-xl-2-512-ms,14294568,-0.5561654567718506
pixart-alpha_pixart-sigma-xl-2-512-ms,14320813,-0.15905039012432098
pixart-alpha_pixart-sigma-xl-2-512-ms,14360436,1.0966564416885376
pixart-alpha_pixart-sigma-xl-2-512-ms,14488317,-0.8971105217933655
pixart-alpha_pixart-sigma-xl-2-512-ms,14533937,0.6910064816474915
pixart-alpha_pixart-sigma-xl-2-512-ms,14550987,-0.18650206923484802
pixart-alpha_pixart-sigma-xl-2-512-ms,14579933,-0.7619562745094299
pixart-alpha_pixart-sigma-xl-2-512-ms,14606290,-0.45867201685905457
pixart-alpha_pixart-sigma-xl-2-512-ms,14620257,-0.45647522807121277
pixart-alpha_pixart-sigma-xl-2-512-ms,14632648,-0.24303054809570312
pixart-alpha_pixart-sigma-xl-2-512-ms,14647235,1.002758264541626
pixart-alpha_pixart-sigma-xl-2-512-ms,14654954,0.5269283056259155
pixart-alpha_pixart-sigma-xl-2-512-ms,14686352,-0.0849425196647644
pixart-alpha_pixart-sigma-xl-2-512-ms,14702875,-0.02948281727731228
pixart-alpha_pixart-sigma-xl-2-512-ms,14703190,1.050041913986206
pixart-alpha_pixart-sigma-xl-2-512-ms,14807929,0.9359313249588013
pixart-alpha_pixart-sigma-xl-2-512-ms,14809057,0.36401796340942383
pixart-alpha_pixart-sigma-xl-2-512-ms,14867690,-0.16214478015899658
pixart-alpha_pixart-sigma-xl-2-512-ms,14872875,2.022386312484741
pixart-alpha_pixart-sigma-xl-2-512-ms,14880557,0.09766290336847305
pixart-alpha_pixart-sigma-xl-2-512-ms,14894140,-0.8178901076316833
pixart-alpha_pixart-sigma-xl-2-512-ms,15180934,-0.4672909080982208
pixart-alpha_pixart-sigma-xl-2-512-ms,15970145,-0.7437840104103088
pixart-alpha_pixart-sigma-xl-2-512-ms,17002912,0.07914898544549942
pixart-alpha_pixart-sigma-xl-2-512-ms,17012379,1.3555035591125488
pixart-alpha_pixart-sigma-xl-2-512-ms,17282800,0.9536807537078857
pixart-alpha_pixart-sigma-xl-2-512-ms,17925539,-0.23848950862884521
pixart-alpha_pixart-sigma-xl-2-512-ms,18367104,-0.7068704962730408
pixart-alpha_pixart-sigma-xl-2-512-ms,18758723,0.6420621871948242
pixart-alpha_pixart-sigma-xl-2-512-ms,19143128,0.33356791734695435
pixart-alpha_pixart-sigma-xl-2-512-ms,19671124,1.5532617568969727
pixart-alpha_pixart-sigma-xl-2-512-ms,19855707,0.46149787306785583
pixart-alpha_pixart-sigma-xl-2-512-ms,19893872,-0.45030176639556885
pixart-alpha_pixart-sigma-xl-2-512-ms,20017667,-0.16010361909866333
pixart-alpha_pixart-sigma-xl-2-512-ms,20128079,-0.018403185531497
pixart-alpha_pixart-sigma-xl-2-512-ms,20471134,0.39349618554115295
pixart-alpha_pixart-sigma-xl-2-512-ms,20495093,-0.6374544501304626
pixart-alpha_pixart-sigma-xl-2-512-ms,20782430,1.52760910987854
pixart-alpha_pixart-sigma-xl-2-512-ms,21377549,0.7305241823196411
pixart-alpha_pixart-sigma-xl-2-512-ms,21564446,0.6278201341629028
pixart-alpha_pixart-sigma-xl-2-512-ms,21620388,-1.7456462383270264
pixart-alpha_pixart-sigma-xl-2-512-ms,22149540,0.2069738209247589
pixart-alpha_pixart-sigma-xl-2-512-ms,22738759,0.4866020083427429
pixart-alpha_pixart-sigma-xl-2-512-ms,22767176,1.223955512046814
pixart-alpha_pixart-sigma-xl-2-512-ms,23129661,0.6608873605728149
pixart-alpha_pixart-sigma-xl-2-512-ms,23185551,0.9047492146492004
pixart-alpha_pixart-sigma-xl-2-512-ms,23232427,1.6055502891540527
pixart-alpha_pixart-sigma-xl-2-512-ms,23257851,2.403182029724121
pixart-alpha_pixart-sigma-xl-2-512-ms,23620789,-1.7233269214630127
pixart-alpha_pixart-sigma-xl-2-512-ms,24808131,-1.0547044277191162
pixart-alpha_pixart-sigma-xl-2-512-ms,24843217,-0.6056177020072937
pixart-alpha_pixart-sigma-xl-2-512-ms,24933378,-0.22242745757102966
pixart-alpha_pixart-sigma-xl-2-512-ms,24942232,-0.7906574010848999
pixart-alpha_pixart-sigma-xl-2-512-ms,25290589,-0.1345604658126831
pixart-alpha_pixart-sigma-xl-2-512-ms,25579216,-0.02475995384156704
pixart-alpha_pixart-sigma-xl-2-512-ms,25685207,0.49465540051460266
pixart-alpha_pixart-sigma-xl-2-512-ms,25776594,-0.05268207937479019
pixart-alpha_pixart-sigma-xl-2-512-ms,26078214,-0.6051069498062134
pixart-alpha_pixart-sigma-xl-2-512-ms,26746434,0.710178017616272
pixart-alpha_pixart-sigma-xl-2-512-ms,26998039,-1.1332136392593384
pixart-alpha_pixart-sigma-xl-2-512-ms,27106238,-1.1820207834243774
pixart-alpha_pixart-sigma-xl-2-512-ms,27246777,-1.030177354812622
pixart-alpha_pixart-sigma-xl-2-512-ms,27768637,-0.44655081629753113
pixart-alpha_pixart-sigma-xl-2-512-ms,27871992,1.5652679204940796
pixart-alpha_pixart-sigma-xl-2-512-ms,28190972,-0.9110972881317139
pixart-alpha_pixart-sigma-xl-2-512-ms,29094321,0.07871002703905106
pixart-alpha_pixart-sigma-xl-2-512-ms,29148617,-0.25062525272369385
pixart-alpha_pixart-sigma-xl-2-512-ms,29161294,0.5364059805870056
pixart-alpha_pixart-sigma-xl-2-512-ms,29632917,-0.07866913825273514
pixart-alpha_pixart-sigma-xl-2-512-ms,29703209,0.8111312985420227
pixart-alpha_pixart-sigma-xl-2-512-ms,29779486,1.2509642839431763
pixart-alpha_pixart-sigma-xl-2-512-ms,30028757,0.7454952001571655
pixart-alpha_pixart-sigma-xl-2-512-ms,30225071,0.209539994597435
pixart-alpha_pixart-sigma-xl-2-512-ms,30373565,0.5293715596199036
pixart-alpha_pixart-sigma-xl-2-512-ms,30484086,0.644781231880188
pixart-alpha_pixart-sigma-xl-2-512-ms,30883080,-0.4140469431877136
pixart-alpha_pixart-sigma-xl-2-512-ms,31114750,-1.3887956142425537
pixart-alpha_pixart-sigma-xl-2-512-ms,31196176,1.3538544178009033
pixart-alpha_pixart-sigma-xl-2-512-ms,31391857,-0.9373070001602173
pixart-alpha_pixart-sigma-xl-2-512-ms,31595142,-0.29224973917007446
pixart-alpha_pixart-sigma-xl-2-512-ms,32152786,-1.1285094022750854
pixart-alpha_pixart-sigma-xl-2-512-ms,32327818,0.8595975637435913
pixart-alpha_pixart-sigma-xl-2-512-ms,32379732,-0.42806476354599
pixart-alpha_pixart-sigma-xl-2-512-ms,32473966,1.1975414752960205
pixart-alpha_pixart-sigma-xl-2-512-ms,32902730,-0.287817120552063
pixart-alpha_pixart-sigma-xl-2-512-ms,32932491,1.2750651836395264
pixart-alpha_pixart-sigma-xl-2-512-ms,33006578,-0.2879590392112732
pixart-alpha_pixart-sigma-xl-2-512-ms,33478721,-1.6969290971755981
pixart-alpha_pixart-sigma-xl-2-512-ms,34475997,0.5493019819259644
pixart-alpha_pixart-sigma-xl-2-512-ms,34578737,-0.8524566292762756
pixart-alpha_pixart-sigma-xl-2-512-ms,34773230,0.9657930731773376
pixart-alpha_pixart-sigma-xl-2-512-ms,36507085,-1.8606994152069092
pixart-alpha_pixart-sigma-xl-2-512-ms,36678439,-0.2971731126308441
pixart-alpha_pixart-sigma-xl-2-512-ms,37287360,0.7856151461601257
pixart-alpha_pixart-sigma-xl-2-512-ms,37319253,0.9495161771774292
pixart-alpha_pixart-sigma-xl-2-512-ms,37547870,-1.7298446893692017
pixart-alpha_pixart-sigma-xl-2-512-ms,37736408,0.4127223789691925
pixart-alpha_pixart-sigma-xl-2-512-ms,38014258,-0.02912747673690319
pixart-alpha_pixart-sigma-xl-2-512-ms,38297191,-1.1721585988998413
pixart-alpha_pixart-sigma-xl-2-512-ms,38402744,-0.9484841823577881
pixart-alpha_pixart-sigma-xl-2-512-ms,38954086,1.1354013681411743
pixart-alpha_pixart-sigma-xl-2-512-ms,39139190,-1.427870750427246
pixart-alpha_pixart-sigma-xl-2-512-ms,39560404,1.3884141445159912
pixart-alpha_pixart-sigma-xl-2-512-ms,39566065,-1.1496742963790894
pixart-alpha_pixart-sigma-xl-2-512-ms,39595218,-0.7290982007980347
pixart-alpha_pixart-sigma-xl-2-512-ms,40825299,2.4230923652648926
pixart-alpha_pixart-sigma-xl-2-512-ms,40945115,1.5435338020324707
pixart-alpha_pixart-sigma-xl-2-512-ms,40995095,1.0544960498809814
pixart-alpha_pixart-sigma-xl-2-512-ms,41015844,-0.8390623331069946
pixart-alpha_pixart-sigma-xl-2-512-ms,41031648,-0.037431396543979645
pixart-alpha_pixart-sigma-xl-2-512-ms,41161074,1.0552726984024048
pixart-alpha_pixart-sigma-xl-2-512-ms,41458919,-0.42240971326828003
pixart-alpha_pixart-sigma-xl-2-512-ms,41565779,0.624792754650116
pixart-alpha_pixart-sigma-xl-2-512-ms,41766391,1.0752006769180298
pixart-alpha_pixart-sigma-xl-2-512-ms,41982710,0.4082365036010742
pixart-alpha_pixart-sigma-xl-2-512-ms,42048260,-1.4248195886611938
pixart-alpha_pixart-sigma-xl-2-512-ms,42849420,1.272387981414795
pixart-alpha_pixart-sigma-xl-2-512-ms,42931583,0.5641089081764221
pixart-alpha_pixart-sigma-xl-2-512-ms,43060946,1.094020962715149
pixart-alpha_pixart-sigma-xl-2-512-ms,43153800,0.38271790742874146
pixart-alpha_pixart-sigma-xl-2-512-ms,43161384,0.5773845314979553
pixart-alpha_pixart-sigma-xl-2-512-ms,43301379,-1.5626859664916992
pixart-alpha_pixart-sigma-xl-2-512-ms,43304323,0.17136940360069275
pixart-alpha_pixart-sigma-xl-2-512-ms,43367797,-1.4938795566558838
pixart-alpha_pixart-sigma-xl-2-512-ms,43431032,-0.6429516673088074
pixart-alpha_pixart-sigma-xl-2-512-ms,43631801,0.7236250638961792
pixart-alpha_pixart-sigma-xl-2-512-ms,43735560,0.856140673160553
pixart-alpha_pixart-sigma-xl-2-512-ms,43858443,-0.5279482007026672
pixart-alpha_pixart-sigma-xl-2-512-ms,43918624,1.5629513263702393
pixart-alpha_pixart-sigma-xl-2-512-ms,44280552,0.9423239231109619
pixart-alpha_pixart-sigma-xl-2-512-ms,44295589,-0.565586507320404
pixart-alpha_pixart-sigma-xl-2-512-ms,44621915,-0.7316354513168335
pixart-alpha_pixart-sigma-xl-2-512-ms,44645737,-0.7834996581077576
pixart-alpha_pixart-sigma-xl-2-512-ms,44838123,0.49047064781188965
pixart-alpha_pixart-sigma-xl-2-512-ms,45258070,0.6948577165603638
pixart-alpha_pixart-sigma-xl-2-512-ms,45297641,1.8219069242477417
pixart-alpha_pixart-sigma-xl-2-512-ms,45418454,-0.15623310208320618
pixart-alpha_pixart-sigma-xl-2-512-ms,45564900,0.023252034559845924
pixart-alpha_pixart-sigma-xl-2-512-ms,46150029,-0.22977188229560852
pixart-alpha_pixart-sigma-xl-2-512-ms,46394736,2.422866106033325
pixart-alpha_pixart-sigma-xl-2-512-ms,46673664,-0.4334610104560852
pixart-alpha_pixart-sigma-xl-2-512-ms,46994920,2.1431314945220947
pixart-alpha_pixart-sigma-xl-2-512-ms,47009060,-0.4648122787475586
pixart-alpha_pixart-sigma-xl-2-512-ms,47552953,-0.8793744444847107
pixart-alpha_pixart-sigma-xl-2-512-ms,47595220,-1.3619388341903687
pixart-alpha_pixart-sigma-xl-2-512-ms,47819321,-0.008386021479964256
pixart-alpha_pixart-sigma-xl-2-512-ms,48223384,0.7749360799789429
pixart-alpha_pixart-sigma-xl-2-512-ms,48351897,-0.23837533593177795
pixart-alpha_pixart-sigma-xl-2-512-ms,48754831,-0.4997660219669342
pixart-alpha_pixart-sigma-xl-2-512-ms,49054805,-0.8315118551254272
pixart-alpha_pixart-sigma-xl-2-512-ms,49089576,0.2466219663619995
pixart-alpha_pixart-sigma-xl-2-512-ms,49300740,-1.3326566219329834
pixart-alpha_pixart-sigma-xl-2-512-ms,49358811,-1.6139113903045654
pixart-alpha_pixart-sigma-xl-2-512-ms,49462954,2.185626983642578
pixart-alpha_pixart-sigma-xl-2-512-ms,50262859,0.7194628119468689
pixart-alpha_pixart-sigma-xl-2-512-ms,50871471,1.0100847482681274
pixart-alpha_pixart-sigma-xl-2-512-ms,50952217,1.1390548944473267
pixart-alpha_pixart-sigma-xl-2-512-ms,51060824,0.4222639203071594
pixart-alpha_pixart-sigma-xl-2-512-ms,51314050,0.15724699199199677
pixart-alpha_pixart-sigma-xl-2-512-ms,51946990,0.7722105979919434
pixart-alpha_pixart-sigma-xl-2-512-ms,52325745,0.06682707369327545
pixart-alpha_pixart-sigma-xl-2-512-ms,52474100,-0.3844360411167145
pixart-alpha_pixart-sigma-xl-2-512-ms,52516409,1.1005120277404785
pixart-alpha_pixart-sigma-xl-2-512-ms,52711595,-0.03757113218307495
pixart-alpha_pixart-sigma-xl-2-512-ms,53022028,-0.27086547017097473
pixart-alpha_pixart-sigma-xl-2-512-ms,53205877,-0.3417508006095886
pixart-alpha_pixart-sigma-xl-2-512-ms,53288018,0.22033707797527313
pixart-alpha_pixart-sigma-xl-2-512-ms,53443611,-0.2708688974380493
pixart-alpha_pixart-sigma-xl-2-512-ms,53815934,-0.006940646097064018
pixart-alpha_pixart-sigma-xl-2-512-ms,54495173,-1.6618762016296387
pixart-alpha_pixart-sigma-xl-2-512-ms,54931507,-0.7403956651687622
pixart-alpha_pixart-sigma-xl-2-512-ms,55191509,-0.23555025458335876
pixart-alpha_pixart-sigma-xl-2-512-ms,55255145,-1.3616478443145752
pixart-alpha_pixart-sigma-xl-2-512-ms,55457672,-1.1424115896224976
pixart-alpha_pixart-sigma-xl-2-512-ms,55588327,-0.7229869961738586
pixart-alpha_pixart-sigma-xl-2-512-ms,55653646,-0.7466890811920166
pixart-alpha_pixart-sigma-xl-2-512-ms,55658809,-0.15372604131698608
pixart-alpha_pixart-sigma-xl-2-512-ms,55812974,-0.5140752196311951
pixart-alpha_pixart-sigma-xl-2-512-ms,55819553,-0.010554274544119835
pixart-alpha_pixart-sigma-xl-2-512-ms,55826966,1.7410266399383545
pixart-alpha_pixart-sigma-xl-2-512-ms,55983905,-0.3392946124076843
pixart-alpha_pixart-sigma-xl-2-512-ms,56074056,-1.072570562362671
pixart-alpha_pixart-sigma-xl-2-512-ms,56112588,1.7627912759780884
pixart-alpha_pixart-sigma-xl-2-512-ms,56121520,0.8843441009521484
pixart-alpha_pixart-sigma-xl-2-512-ms,56250900,1.4856622219085693
pixart-alpha_pixart-sigma-xl-2-512-ms,56458800,-0.13353276252746582
pixart-alpha_pixart-sigma-xl-2-512-ms,56792430,-0.7210425138473511
pixart-alpha_pixart-sigma-xl-2-512-ms,56982260,0.7182246446609497
pixart-alpha_pixart-sigma-xl-2-512-ms,57673976,1.1494085788726807
pixart-alpha_pixart-sigma-xl-2-512-ms,57716963,-1.462525725364685
pixart-alpha_pixart-sigma-xl-2-512-ms,57729980,-0.8958666324615479
pixart-alpha_pixart-sigma-xl-2-512-ms,57785005,0.9805159568786621
pixart-alpha_pixart-sigma-xl-2-512-ms,57873614,0.23791830241680145
pixart-alpha_pixart-sigma-xl-2-512-ms,58727024,1.8640029430389404
pixart-alpha_pixart-sigma-xl-2-512-ms,58761464,-0.8010785579681396
pixart-alpha_pixart-sigma-xl-2-512-ms,59399259,0.3753313422203064
pixart-alpha_pixart-sigma-xl-2-512-ms,59976859,0.14060093462467194
pixart-alpha_pixart-sigma-xl-2-512-ms,60083345,1.2483781576156616
pixart-alpha_pixart-sigma-xl-2-512-ms,60214770,0.6975612640380859
pixart-alpha_pixart-sigma-xl-2-512-ms,60215376,0.3802036643028259
pixart-alpha_pixart-sigma-xl-2-512-ms,60375309,1.5906946659088135
pixart-alpha_pixart-sigma-xl-2-512-ms,60606896,-0.1484474241733551
pixart-alpha_pixart-sigma-xl-2-512-ms,60668084,-2.011786699295044
pixart-alpha_pixart-sigma-xl-2-512-ms,61035709,-0.899763822555542
pixart-alpha_pixart-sigma-xl-2-512-ms,61388266,0.40449216961860657
pixart-alpha_pixart-sigma-xl-2-512-ms,61627313,-0.7901718020439148
pixart-alpha_pixart-sigma-xl-2-512-ms,61635816,-0.5700665712356567
pixart-alpha_pixart-sigma-xl-2-512-ms,61853324,0.3654811978340149
pixart-alpha_pixart-sigma-xl-2-512-ms,62408818,-0.5729870200157166
pixart-alpha_pixart-sigma-xl-2-512-ms,62841330,-1.8424081802368164
pixart-alpha_pixart-sigma-xl-2-512-ms,63015570,-0.7769304513931274
pixart-alpha_pixart-sigma-xl-2-512-ms,63336441,-0.06127890199422836
pixart-alpha_pixart-sigma-xl-2-512-ms,63633117,-1.8953757286071777
pixart-alpha_pixart-sigma-xl-2-512-ms,64576544,0.506553053855896
pixart-alpha_pixart-sigma-xl-2-512-ms,64687077,0.3338882327079773
pixart-alpha_pixart-sigma-xl-2-512-ms,64693533,0.9975489377975464
pixart-alpha_pixart-sigma-xl-2-512-ms,64856142,0.25930196046829224
pixart-alpha_pixart-sigma-xl-2-512-ms,65411270,0.6033142805099487
pixart-alpha_pixart-sigma-xl-2-512-ms,65557844,-1.0723788738250732
pixart-alpha_pixart-sigma-xl-2-512-ms,65824677,1.0484099388122559
pixart-alpha_pixart-sigma-xl-2-512-ms,65890875,-1.4694474935531616
pixart-alpha_pixart-sigma-xl-2-512-ms,65960228,-1.387332558631897
pixart-alpha_pixart-sigma-xl-2-512-ms,66668538,0.462179958820343
pixart-alpha_pixart-sigma-xl-2-512-ms,67344811,0.40941670536994934
pixart-alpha_pixart-sigma-xl-2-512-ms,67949798,-1.6431400775909424
pixart-alpha_pixart-sigma-xl-2-512-ms,68246844,0.18621978163719177
pixart-alpha_pixart-sigma-xl-2-512-ms,68280322,0.6106117367744446
pixart-alpha_pixart-sigma-xl-2-512-ms,68321683,-0.47417783737182617
pixart-alpha_pixart-sigma-xl-2-512-ms,68380669,0.20477229356765747
pixart-alpha_pixart-sigma-xl-2-512-ms,68575085,-0.6632930636405945
pixart-alpha_pixart-sigma-xl-2-512-ms,70380966,0.8702101111412048
pixart-alpha_pixart-sigma-xl-2-512-ms,70494671,-0.9463431239128113
pixart-alpha_pixart-sigma-xl-2-512-ms,71055464,0.07342730462551117
pixart-alpha_pixart-sigma-xl-2-512-ms,71591839,2.2511889934539795
pixart-alpha_pixart-sigma-xl-2-512-ms,71828875,-0.2155287265777588
pixart-alpha_pixart-sigma-xl-2-512-ms,71910823,0.7561883926391602
pixart-alpha_pixart-sigma-xl-2-512-ms,71959499,-2.094576358795166
pixart-alpha_pixart-sigma-xl-2-512-ms,72432241,-1.377210259437561
pixart-alpha_pixart-sigma-xl-2-512-ms,72553814,-0.14033952355384827
pixart-alpha_pixart-sigma-xl-2-512-ms,73051579,-2.0323326587677
pixart-alpha_pixart-sigma-xl-2-512-ms,73600586,1.3290603160858154
pixart-alpha_pixart-sigma-xl-2-512-ms,73616417,0.8495544791221619
pixart-alpha_pixart-sigma-xl-2-512-ms,73681289,-0.06721026450395584
pixart-alpha_pixart-sigma-xl-2-512-ms,73962724,0.7017184495925903
pixart-alpha_pixart-sigma-xl-2-512-ms,74175857,-0.6915039420127869
pixart-alpha_pixart-sigma-xl-2-512-ms,75051801,0.996660590171814
pixart-alpha_pixart-sigma-xl-2-512-ms,75787772,-0.6010937094688416
pixart-alpha_pixart-sigma-xl-2-512-ms,75944980,0.305531769990921
pixart-alpha_pixart-sigma-xl-2-512-ms,75964288,0.9989790916442871
pixart-alpha_pixart-sigma-xl-2-512-ms,76066166,0.41842886805534363
pixart-alpha_pixart-sigma-xl-2-512-ms,76100398,0.7916793823242188
pixart-alpha_pixart-sigma-xl-2-512-ms,76425345,-0.5074125528335571
pixart-alpha_pixart-sigma-xl-2-512-ms,77106105,1.2200044393539429
pixart-alpha_pixart-sigma-xl-2-512-ms,77132310,0.697007954120636
pixart-alpha_pixart-sigma-xl-2-512-ms,77232534,-1.2010209560394287
pixart-alpha_pixart-sigma-xl-2-512-ms,77312726,0.7974755764007568
pixart-alpha_pixart-sigma-xl-2-512-ms,77358840,0.5265514850616455
pixart-alpha_pixart-sigma-xl-2-512-ms,77490593,0.34883809089660645
pixart-alpha_pixart-sigma-xl-2-512-ms,77726888,-0.013334503397345543
pixart-alpha_pixart-sigma-xl-2-512-ms,78735978,-0.4486931264400482
pixart-alpha_pixart-sigma-xl-2-512-ms,79077085,-0.504000186920166
pixart-alpha_pixart-sigma-xl-2-512-ms,79212243,-1.7024356126785278
pixart-alpha_pixart-sigma-xl-2-512-ms,79606917,0.04103510081768036
pixart-alpha_pixart-sigma-xl-2-512-ms,79918827,-0.8483893871307373
pixart-alpha_pixart-sigma-xl-2-512-ms,80289373,-0.4065796732902527
pixart-alpha_pixart-sigma-xl-2-512-ms,80371125,1.0883092880249023
pixart-alpha_pixart-sigma-xl-2-512-ms,80540387,-1.1698431968688965
pixart-alpha_pixart-sigma-xl-2-512-ms,81135077,-0.8636719584465027
pixart-alpha_pixart-sigma-xl-2-512-ms,81303945,-2.4258227348327637
pixart-alpha_pixart-sigma-xl-2-512-ms,81435593,1.4952185153961182
pixart-alpha_pixart-sigma-xl-2-512-ms,82282590,0.5311675667762756
pixart-alpha_pixart-sigma-xl-2-512-ms,82696415,0.25502118468284607
pixart-alpha_pixart-sigma-xl-2-512-ms,82916016,0.43335235118865967
pixart-alpha_pixart-sigma-xl-2-512-ms,83084473,-0.3743287920951843
pixart-alpha_pixart-sigma-xl-2-512-ms,83418847,-1.2508902549743652
pixart-alpha_pixart-sigma-xl-2-512-ms,84089324,1.16695237159729
pixart-alpha_pixart-sigma-xl-2-512-ms,84306831,-1.1998275518417358
pixart-alpha_pixart-sigma-xl-2-512-ms,84510135,-0.02905844710767269
pixart-alpha_pixart-sigma-xl-2-512-ms,84788890,-0.8649348616600037
pixart-alpha_pixart-sigma-xl-2-512-ms,84985982,-0.1437746286392212
pixart-alpha_pixart-sigma-xl-2-512-ms,85191733,-0.4097678065299988
pixart-alpha_pixart-sigma-xl-2-512-ms,86119145,0.4404149353504181
pixart-alpha_pixart-sigma-xl-2-512-ms,86340862,-0.6871914863586426
pixart-alpha_pixart-sigma-xl-2-512-ms,86341828,-1.3048241138458252
pixart-alpha_pixart-sigma-xl-2-512-ms,86537356,-0.780724287033081
pixart-alpha_pixart-sigma-xl-2-512-ms,86701636,-2.191824197769165
pixart-alpha_pixart-sigma-xl-2-512-ms,86714939,2.2247238159179688
pixart-alpha_pixart-sigma-xl-2-512-ms,87574583,-0.07946231216192245
pixart-alpha_pixart-sigma-xl-2-512-ms,87699711,-0.6686924695968628
pixart-alpha_pixart-sigma-xl-2-512-ms,88016571,0.4121585190296173
pixart-alpha_pixart-sigma-xl-2-512-ms,88087492,-1.9448844194412231
pixart-alpha_pixart-sigma-xl-2-512-ms,89227603,-1.1856029033660889
pixart-alpha_pixart-sigma-xl-2-512-ms,89539854,0.8583477139472961
pixart-alpha_pixart-sigma-xl-2-512-ms,89926787,-0.5949370861053467
pixart-alpha_pixart-sigma-xl-2-512-ms,90244932,-0.8229604959487915
pixart-alpha_pixart-sigma-xl-2-512-ms,90493027,-0.9340860247612
pixart-alpha_pixart-sigma-xl-2-512-ms,90613035,-1.2601583003997803
pixart-alpha_pixart-sigma-xl-2-512-ms,91368797,-0.6853184103965759
pixart-alpha_pixart-sigma-xl-2-512-ms,91784299,-0.14931997656822205
pixart-alpha_pixart-sigma-xl-2-512-ms,91790573,-0.6591967940330505
pixart-alpha_pixart-sigma-xl-2-512-ms,91834546,0.324930876493454
pixart-alpha_pixart-sigma-xl-2-512-ms,92068094,-0.4301484227180481
pixart-alpha_pixart-sigma-xl-2-512-ms,92311656,-0.16499218344688416
pixart-alpha_pixart-sigma-xl-2-512-ms,92709444,1.4089144468307495
pixart-alpha_pixart-sigma-xl-2-512-ms,93114575,2.0284955501556396
pixart-alpha_pixart-sigma-xl-2-512-ms,93256557,1.303415060043335
pixart-alpha_pixart-sigma-xl-2-512-ms,93407716,0.139253169298172
pixart-alpha_pixart-sigma-xl-2-512-ms,93436296,-0.05305640399456024
pixart-alpha_pixart-sigma-xl-2-512-ms,93512057,-2.1718909740448
pixart-alpha_pixart-sigma-xl-2-512-ms,94006560,0.4423201084136963
pixart-alpha_pixart-sigma-xl-2-512-ms,94321535,-0.5151405334472656
pixart-alpha_pixart-sigma-xl-2-512-ms,94532154,1.898540735244751
pixart-alpha_pixart-sigma-xl-2-512-ms,95171107,-0.03679894655942917
pixart-alpha_pixart-sigma-xl-2-512-ms,95228839,1.0714291334152222
pixart-alpha_pixart-sigma-xl-2-512-ms,95325441,2.0087437629699707
pixart-alpha_pixart-sigma-xl-2-512-ms,95450946,-0.9252814650535583
pixart-alpha_pixart-sigma-xl-2-512-ms,95583911,-0.3533661961555481
pixart-alpha_pixart-sigma-xl-2-512-ms,95718306,-2.228407382965088
pixart-alpha_pixart-sigma-xl-2-512-ms,95737828,2.507878303527832
pixart-alpha_pixart-sigma-xl-2-512-ms,96448597,1.4106266498565674
pixart-alpha_pixart-sigma-xl-2-512-ms,96482065,0.7540899515151978
pixart-alpha_pixart-sigma-xl-2-512-ms,96521920,-0.8626024723052979
pixart-alpha_pixart-sigma-xl-2-512-ms,96850153,-0.478370726108551
pixart-alpha_pixart-sigma-xl-2-512-ms,98113191,0.04105282574892044
pixart-alpha_pixart-sigma-xl-2-512-ms,98195317,0.4028332829475403
pixart-alpha_pixart-sigma-xl-2-512-ms,98254655,-0.903369665145874
pixart-alpha_pixart-sigma-xl-2-512-ms,98319500,-0.2571459412574768
pixart-alpha_pixart-sigma-xl-2-512-ms,98642787,0.3839695453643799
pixart-alpha_pixart-sigma-xl-2-512-ms,98646702,0.9555303454399109
pixart-alpha_pixart-sigma-xl-2-512-ms,98929226,1.2009166479110718
pixart-alpha_pixart-sigma-xl-2-512-ms,99178779,-0.6620640754699707
pixart-alpha_pixart-sigma-xl-2-512-ms,99185892,-0.8841705322265625
pixart-alpha_pixart-sigma-xl-2-512-ms,99211012,-0.6833544373512268
pixart-alpha_pixart-sigma-xl-2-512-ms,99410560,0.34455615282058716
pixart-alpha_pixart-sigma-xl-2-512-ms,99862294,1.639122486114502
tencent-hunyuan_hunyuandit-v1.2-diffusers,138508,0.06698807328939438
tencent-hunyuan_hunyuandit-v1.2-diffusers,192051,1.7458523511886597
tencent-hunyuan_hunyuandit-v1.2-diffusers,213186,0.7463507652282715
tencent-hunyuan_hunyuandit-v1.2-diffusers,232386,-0.12176287174224854
tencent-hunyuan_hunyuandit-v1.2-diffusers,232765,-0.03568431735038757
tencent-hunyuan_hunyuandit-v1.2-diffusers,258857,0.7139188051223755
tencent-hunyuan_hunyuandit-v1.2-diffusers,283090,0.8554326295852661
tencent-hunyuan_hunyuandit-v1.2-diffusers,285141,0.6036167144775391
tencent-hunyuan_hunyuandit-v1.2-diffusers,399030,0.15444403886795044
tencent-hunyuan_hunyuandit-v1.2-diffusers,440189,-0.035920850932598114
tencent-hunyuan_hunyuandit-v1.2-diffusers,445169,-0.13989928364753723
tencent-hunyuan_hunyuandit-v1.2-diffusers,486490,-1.5957762002944946
tencent-hunyuan_hunyuandit-v1.2-diffusers,487072,-0.039329446852207184
tencent-hunyuan_hunyuandit-v1.2-diffusers,487326,-0.3410629332065582
tencent-hunyuan_hunyuandit-v1.2-diffusers,489837,0.3898131251335144
tencent-hunyuan_hunyuandit-v1.2-diffusers,646833,-1.0618573427200317
tencent-hunyuan_hunyuandit-v1.2-diffusers,708860,-1.0359419584274292
tencent-hunyuan_hunyuandit-v1.2-diffusers,717208,-2.1431891918182373
tencent-hunyuan_hunyuandit-v1.2-diffusers,717468,-1.6772325038909912
tencent-hunyuan_hunyuandit-v1.2-diffusers,735254,0.1723037213087082
tencent-hunyuan_hunyuandit-v1.2-diffusers,762478,1.3545666933059692
tencent-hunyuan_hunyuandit-v1.2-diffusers,825443,-0.716789722442627
tencent-hunyuan_hunyuandit-v1.2-diffusers,831919,-1.4361156225204468
tencent-hunyuan_hunyuandit-v1.2-diffusers,896677,0.6398807764053345
tencent-hunyuan_hunyuandit-v1.2-diffusers,936620,-0.5090115070343018
tencent-hunyuan_hunyuandit-v1.2-diffusers,974367,0.3680644631385803
tencent-hunyuan_hunyuandit-v1.2-diffusers,993014,-1.69685959815979
tencent-hunyuan_hunyuandit-v1.2-diffusers,995855,0.33139652013778687
tencent-hunyuan_hunyuandit-v1.2-diffusers,1113367,-0.4475865066051483
tencent-hunyuan_hunyuandit-v1.2-diffusers,1171644,0.6616603136062622
tencent-hunyuan_hunyuandit-v1.2-diffusers,1209135,0.7320226430892944
tencent-hunyuan_hunyuandit-v1.2-diffusers,1317294,2.077568531036377
tencent-hunyuan_hunyuandit-v1.2-diffusers,1317533,0.8834495544433594
tencent-hunyuan_hunyuandit-v1.2-diffusers,1321854,0.9663214683532715
tencent-hunyuan_hunyuandit-v1.2-diffusers,1377758,0.03993797302246094
tencent-hunyuan_hunyuandit-v1.2-diffusers,1474832,1.1128207445144653
tencent-hunyuan_hunyuandit-v1.2-diffusers,1516071,0.12948699295520782
tencent-hunyuan_hunyuandit-v1.2-diffusers,1566705,0.1297985315322876
tencent-hunyuan_hunyuandit-v1.2-diffusers,1640855,0.06566551327705383
tencent-hunyuan_hunyuandit-v1.2-diffusers,1668603,1.33772611618042
tencent-hunyuan_hunyuandit-v1.2-diffusers,1678990,-0.6458079814910889
tencent-hunyuan_hunyuandit-v1.2-diffusers,1699831,0.6711128354072571
tencent-hunyuan_hunyuandit-v1.2-diffusers,1707698,0.22090718150138855
tencent-hunyuan_hunyuandit-v1.2-diffusers,1727942,-1.8354332447052002
tencent-hunyuan_hunyuandit-v1.2-diffusers,2045760,-1.7865691184997559
tencent-hunyuan_hunyuandit-v1.2-diffusers,2075049,0.28124046325683594
tencent-hunyuan_hunyuandit-v1.2-diffusers,2075764,-1.1295521259307861
tencent-hunyuan_hunyuandit-v1.2-diffusers,2241569,2.0238425731658936
tencent-hunyuan_hunyuandit-v1.2-diffusers,2720725,1.9775667190551758
tencent-hunyuan_hunyuandit-v1.2-diffusers,2721160,0.09500119835138321
tencent-hunyuan_hunyuandit-v1.2-diffusers,2730265,0.8623253107070923
tencent-hunyuan_hunyuandit-v1.2-diffusers,2744395,1.663915991783142
tencent-hunyuan_hunyuandit-v1.2-diffusers,2770078,-1.3117344379425049
tencent-hunyuan_hunyuandit-v1.2-diffusers,2793684,-0.03944113850593567
tencent-hunyuan_hunyuandit-v1.2-diffusers,2803666,1.3300962448120117
tencent-hunyuan_hunyuandit-v1.2-diffusers,2807731,-0.5844398140907288
tencent-hunyuan_hunyuandit-v1.2-diffusers,2821943,-1.0009167194366455
tencent-hunyuan_hunyuandit-v1.2-diffusers,2824319,-0.427325040102005
tencent-hunyuan_hunyuandit-v1.2-diffusers,2825442,-0.7714214324951172
tencent-hunyuan_hunyuandit-v1.2-diffusers,2852043,-0.48528653383255005
tencent-hunyuan_hunyuandit-v1.2-diffusers,2870293,-0.7806607484817505
tencent-hunyuan_hunyuandit-v1.2-diffusers,2870880,-1.9768593311309814
tencent-hunyuan_hunyuandit-v1.2-diffusers,2923535,-1.5176987648010254
tencent-hunyuan_hunyuandit-v1.2-diffusers,2933112,-1.548540472984314
tencent-hunyuan_hunyuandit-v1.2-diffusers,2963987,-0.5303084254264832
tencent-hunyuan_hunyuandit-v1.2-diffusers,2991302,-0.44935712218284607
tencent-hunyuan_hunyuandit-v1.2-diffusers,3024209,0.2826741635799408
tencent-hunyuan_hunyuandit-v1.2-diffusers,3035832,-0.6392474174499512
tencent-hunyuan_hunyuandit-v1.2-diffusers,3049457,-0.5016129016876221
tencent-hunyuan_hunyuandit-v1.2-diffusers,3107488,-1.5288429260253906
tencent-hunyuan_hunyuandit-v1.2-diffusers,3131388,-0.7667784690856934
tencent-hunyuan_hunyuandit-v1.2-diffusers,3131669,-0.8984357118606567
tencent-hunyuan_hunyuandit-v1.2-diffusers,3152830,-0.15013813972473145
tencent-hunyuan_hunyuandit-v1.2-diffusers,3249569,1.3882403373718262
tencent-hunyuan_hunyuandit-v1.2-diffusers,3262349,-0.08456151187419891
tencent-hunyuan_hunyuandit-v1.2-diffusers,3288500,-1.1103662252426147
tencent-hunyuan_hunyuandit-v1.2-diffusers,3298716,-0.6575590372085571
tencent-hunyuan_hunyuandit-v1.2-diffusers,3308246,2.0267343521118164
tencent-hunyuan_hunyuandit-v1.2-diffusers,3309110,1.2480789422988892
tencent-hunyuan_hunyuandit-v1.2-diffusers,3347220,0.4845002293586731
tencent-hunyuan_hunyuandit-v1.2-diffusers,3353281,-1.632662057876587
tencent-hunyuan_hunyuandit-v1.2-diffusers,3366112,-0.8553786873817444
tencent-hunyuan_hunyuandit-v1.2-diffusers,3411927,-0.03149162977933884
tencent-hunyuan_hunyuandit-v1.2-diffusers,3456665,-0.7470669746398926
tencent-hunyuan_hunyuandit-v1.2-diffusers,3563208,-0.559674084186554
tencent-hunyuan_hunyuandit-v1.2-diffusers,3580281,-0.31027430295944214
tencent-hunyuan_hunyuandit-v1.2-diffusers,3603442,-0.2286999225616455
tencent-hunyuan_hunyuandit-v1.2-diffusers,3607029,-0.4036300778388977
tencent-hunyuan_hunyuandit-v1.2-diffusers,3628071,0.40369370579719543
tencent-hunyuan_hunyuandit-v1.2-diffusers,3630383,-1.6733341217041016
tencent-hunyuan_hunyuandit-v1.2-diffusers,3676483,0.08555202931165695
tencent-hunyuan_hunyuandit-v1.2-diffusers,3679712,-1.6887260675430298
tencent-hunyuan_hunyuandit-v1.2-diffusers,3685307,2.0796561241149902
tencent-hunyuan_hunyuandit-v1.2-diffusers,3703463,-0.6454777717590332
tencent-hunyuan_hunyuandit-v1.2-diffusers,3714235,0.38365015387535095
tencent-hunyuan_hunyuandit-v1.2-diffusers,3728318,1.3893613815307617
tencent-hunyuan_hunyuandit-v1.2-diffusers,3748162,-0.22104017436504364
tencent-hunyuan_hunyuandit-v1.2-diffusers,3764276,-0.29854080080986023
tencent-hunyuan_hunyuandit-v1.2-diffusers,3818090,-1.0890724658966064
tencent-hunyuan_hunyuandit-v1.2-diffusers,3842156,-1.2826837301254272
tencent-hunyuan_hunyuandit-v1.2-diffusers,3880032,-0.231620192527771
tencent-hunyuan_hunyuandit-v1.2-diffusers,3889343,0.004634762182831764
tencent-hunyuan_hunyuandit-v1.2-diffusers,3907654,0.4057460427284241
tencent-hunyuan_hunyuandit-v1.2-diffusers,3940713,-0.2765602469444275
tencent-hunyuan_hunyuandit-v1.2-diffusers,3975232,0.3657187223434448
tencent-hunyuan_hunyuandit-v1.2-diffusers,3982060,1.0854240655899048
tencent-hunyuan_hunyuandit-v1.2-diffusers,3990474,-2.1126067638397217
tencent-hunyuan_hunyuandit-v1.2-diffusers,4010305,-2.477048873901367
tencent-hunyuan_hunyuandit-v1.2-diffusers,4025130,0.2564528286457062
tencent-hunyuan_hunyuandit-v1.2-diffusers,4062807,0.43371474742889404
tencent-hunyuan_hunyuandit-v1.2-diffusers,4123448,-1.932302713394165
tencent-hunyuan_hunyuandit-v1.2-diffusers,4125853,-0.3307379484176636
tencent-hunyuan_hunyuandit-v1.2-diffusers,4140340,0.3101595640182495
tencent-hunyuan_hunyuandit-v1.2-diffusers,4145056,1.0575090646743774
tencent-hunyuan_hunyuandit-v1.2-diffusers,4192521,-0.3637767434120178
tencent-hunyuan_hunyuandit-v1.2-diffusers,4259202,0.5252092480659485
tencent-hunyuan_hunyuandit-v1.2-diffusers,4285773,-0.8817242383956909
tencent-hunyuan_hunyuandit-v1.2-diffusers,4345028,-0.32487767934799194
tencent-hunyuan_hunyuandit-v1.2-diffusers,4387201,0.3212614953517914
tencent-hunyuan_hunyuandit-v1.2-diffusers,4416901,0.6257095336914062
tencent-hunyuan_hunyuandit-v1.2-diffusers,4455579,-0.990854024887085
tencent-hunyuan_hunyuandit-v1.2-diffusers,4497570,-0.9864386916160583
tencent-hunyuan_hunyuandit-v1.2-diffusers,4534520,0.8974371552467346
tencent-hunyuan_hunyuandit-v1.2-diffusers,4539203,-1.0432288646697998
tencent-hunyuan_hunyuandit-v1.2-diffusers,4552551,-1.1890558004379272
tencent-hunyuan_hunyuandit-v1.2-diffusers,4596797,-1.1622837781906128
tencent-hunyuan_hunyuandit-v1.2-diffusers,4832208,-0.438135027885437
tencent-hunyuan_hunyuandit-v1.2-diffusers,4930139,-0.07218798249959946
tencent-hunyuan_hunyuandit-v1.2-diffusers,5008085,0.5436983108520508
tencent-hunyuan_hunyuandit-v1.2-diffusers,5219923,0.024104489013552666
tencent-hunyuan_hunyuandit-v1.2-diffusers,5316083,0.5159361958503723
tencent-hunyuan_hunyuandit-v1.2-diffusers,5350912,-1.6833035945892334
tencent-hunyuan_hunyuandit-v1.2-diffusers,5374860,1.86408269405365
tencent-hunyuan_hunyuandit-v1.2-diffusers,5410315,0.790229082107544
tencent-hunyuan_hunyuandit-v1.2-diffusers,5522784,0.7363083958625793
tencent-hunyuan_hunyuandit-v1.2-diffusers,5728577,1.1011903285980225
tencent-hunyuan_hunyuandit-v1.2-diffusers,5752544,-0.10810868442058563
tencent-hunyuan_hunyuandit-v1.2-diffusers,5794797,-0.3726141154766083
tencent-hunyuan_hunyuandit-v1.2-diffusers,5895919,-0.37284260988235474
tencent-hunyuan_hunyuandit-v1.2-diffusers,5958517,1.4584392309188843
tencent-hunyuan_hunyuandit-v1.2-diffusers,6189776,-1.4934396743774414
tencent-hunyuan_hunyuandit-v1.2-diffusers,6528587,-0.14102229475975037
tencent-hunyuan_hunyuandit-v1.2-diffusers,6584891,0.7797719240188599
tencent-hunyuan_hunyuandit-v1.2-diffusers,6586355,-0.3637971580028534
tencent-hunyuan_hunyuandit-v1.2-diffusers,6607809,0.6521684527397156
tencent-hunyuan_hunyuandit-v1.2-diffusers,6615026,-0.06845087558031082
tencent-hunyuan_hunyuandit-v1.2-diffusers,6615458,1.61440908908844
tencent-hunyuan_hunyuandit-v1.2-diffusers,6615818,0.4684000611305237
tencent-hunyuan_hunyuandit-v1.2-diffusers,6616314,0.4719383120536804
tencent-hunyuan_hunyuandit-v1.2-diffusers,6617011,0.28900444507598877
tencent-hunyuan_hunyuandit-v1.2-diffusers,6617413,0.9306382536888123
tencent-hunyuan_hunyuandit-v1.2-diffusers,6729499,0.43253064155578613
tencent-hunyuan_hunyuandit-v1.2-diffusers,6880664,1.0617800951004028
tencent-hunyuan_hunyuandit-v1.2-diffusers,6883725,1.4755077362060547
tencent-hunyuan_hunyuandit-v1.2-diffusers,6946774,-0.32655102014541626
tencent-hunyuan_hunyuandit-v1.2-diffusers,7025268,2.1456823348999023
tencent-hunyuan_hunyuandit-v1.2-diffusers,7109847,1.1368751525878906
tencent-hunyuan_hunyuandit-v1.2-diffusers,7116261,-0.6615637540817261
tencent-hunyuan_hunyuandit-v1.2-diffusers,7150023,0.773115873336792
tencent-hunyuan_hunyuandit-v1.2-diffusers,7163803,-1.318874478340149
tencent-hunyuan_hunyuandit-v1.2-diffusers,7507098,-1.0763380527496338
tencent-hunyuan_hunyuandit-v1.2-diffusers,7596684,0.8555256128311157
tencent-hunyuan_hunyuandit-v1.2-diffusers,7597365,0.30228662490844727
tencent-hunyuan_hunyuandit-v1.2-diffusers,7601809,-1.0495634078979492
tencent-hunyuan_hunyuandit-v1.2-diffusers,7605282,0.7851433157920837
tencent-hunyuan_hunyuandit-v1.2-diffusers,7606419,0.2046372890472412
tencent-hunyuan_hunyuandit-v1.2-diffusers,7607707,-0.5277305245399475
tencent-hunyuan_hunyuandit-v1.2-diffusers,7608721,-1.0149519443511963
tencent-hunyuan_hunyuandit-v1.2-diffusers,7625977,0.5409239530563354
tencent-hunyuan_hunyuandit-v1.2-diffusers,7626721,0.5620043277740479
tencent-hunyuan_hunyuandit-v1.2-diffusers,7626833,-1.3378647565841675
tencent-hunyuan_hunyuandit-v1.2-diffusers,7627310,-0.6916424036026001
tencent-hunyuan_hunyuandit-v1.2-diffusers,7651454,-0.9545432925224304
tencent-hunyuan_hunyuandit-v1.2-diffusers,7654438,-1.3124215602874756
tencent-hunyuan_hunyuandit-v1.2-diffusers,7664468,-1.3800785541534424
tencent-hunyuan_hunyuandit-v1.2-diffusers,7698915,1.2378976345062256
tencent-hunyuan_hunyuandit-v1.2-diffusers,7700167,0.9840362071990967
tencent-hunyuan_hunyuandit-v1.2-diffusers,7700868,-0.21668481826782227
tencent-hunyuan_hunyuandit-v1.2-diffusers,7701244,0.9750688672065735
tencent-hunyuan_hunyuandit-v1.2-diffusers,7702193,0.30236437916755676
tencent-hunyuan_hunyuandit-v1.2-diffusers,7710616,0.679166316986084
tencent-hunyuan_hunyuandit-v1.2-diffusers,7834065,-0.17988908290863037
tencent-hunyuan_hunyuandit-v1.2-diffusers,7854266,-0.24483779072761536
tencent-hunyuan_hunyuandit-v1.2-diffusers,7854455,0.9443323612213135
tencent-hunyuan_hunyuandit-v1.2-diffusers,7871940,-0.7915530204772949
tencent-hunyuan_hunyuandit-v1.2-diffusers,7891189,-0.02851966582238674
tencent-hunyuan_hunyuandit-v1.2-diffusers,7897116,-1.7686471939086914
tencent-hunyuan_hunyuandit-v1.2-diffusers,7914271,-1.4466321468353271
tencent-hunyuan_hunyuandit-v1.2-diffusers,7922764,-1.4483473300933838
tencent-hunyuan_hunyuandit-v1.2-diffusers,7929519,-0.8691886067390442
tencent-hunyuan_hunyuandit-v1.2-diffusers,7933274,-0.3950527310371399
tencent-hunyuan_hunyuandit-v1.2-diffusers,7933530,-0.32924649119377136
tencent-hunyuan_hunyuandit-v1.2-diffusers,8089797,-0.06620273739099503
tencent-hunyuan_hunyuandit-v1.2-diffusers,8095160,0.5258053541183472
tencent-hunyuan_hunyuandit-v1.2-diffusers,8124208,-2.1872193813323975
tencent-hunyuan_hunyuandit-v1.2-diffusers,8339939,1.4151067733764648
tencent-hunyuan_hunyuandit-v1.2-diffusers,8876291,-1.3898558616638184
tencent-hunyuan_hunyuandit-v1.2-diffusers,9020389,1.3026318550109863
tencent-hunyuan_hunyuandit-v1.2-diffusers,9044146,-1.2082622051239014
tencent-hunyuan_hunyuandit-v1.2-diffusers,9057052,-0.05047180503606796
tencent-hunyuan_hunyuandit-v1.2-diffusers,9427682,1.3840079307556152
tencent-hunyuan_hunyuandit-v1.2-diffusers,9580065,1.2043298482894897
tencent-hunyuan_hunyuandit-v1.2-diffusers,9719434,-0.2733162045478821
tencent-hunyuan_hunyuandit-v1.2-diffusers,9793248,-1.1825923919677734
tencent-hunyuan_hunyuandit-v1.2-diffusers,9794211,-1.4874616861343384
tencent-hunyuan_hunyuandit-v1.2-diffusers,9862621,-0.02846561186015606
tencent-hunyuan_hunyuandit-v1.2-diffusers,9875188,0.9181989431381226
tencent-hunyuan_hunyuandit-v1.2-diffusers,9984659,0.12565647065639496
tencent-hunyuan_hunyuandit-v1.2-diffusers,10012874,0.20548921823501587
tencent-hunyuan_hunyuandit-v1.2-diffusers,10024569,0.9220467805862427
tencent-hunyuan_hunyuandit-v1.2-diffusers,10080493,-1.208664059638977
tencent-hunyuan_hunyuandit-v1.2-diffusers,10106452,-0.9537161588668823
tencent-hunyuan_hunyuandit-v1.2-diffusers,10198409,0.49524661898612976
tencent-hunyuan_hunyuandit-v1.2-diffusers,10333317,-1.146052360534668
tencent-hunyuan_hunyuandit-v1.2-diffusers,10408552,-0.011728277429938316
tencent-hunyuan_hunyuandit-v1.2-diffusers,10444677,-0.4157889783382416
tencent-hunyuan_hunyuandit-v1.2-diffusers,10453357,-0.9348379969596863
tencent-hunyuan_hunyuandit-v1.2-diffusers,10548623,-0.4428485035896301
tencent-hunyuan_hunyuandit-v1.2-diffusers,10572128,-2.2730064392089844
tencent-hunyuan_hunyuandit-v1.2-diffusers,10794014,1.483297348022461
tencent-hunyuan_hunyuandit-v1.2-diffusers,10939743,0.4099179208278656
tencent-hunyuan_hunyuandit-v1.2-diffusers,11039909,0.5265928506851196
tencent-hunyuan_hunyuandit-v1.2-diffusers,11334088,0.7907984852790833
tencent-hunyuan_hunyuandit-v1.2-diffusers,11417672,-0.7091193199157715
tencent-hunyuan_hunyuandit-v1.2-diffusers,11437577,0.059351615607738495
tencent-hunyuan_hunyuandit-v1.2-diffusers,11460338,1.1584569215774536
tencent-hunyuan_hunyuandit-v1.2-diffusers,12345739,0.7797937393188477
tencent-hunyuan_hunyuandit-v1.2-diffusers,12402348,1.1924080848693848
tencent-hunyuan_hunyuandit-v1.2-diffusers,13221529,1.547526240348816
tencent-hunyuan_hunyuandit-v1.2-diffusers,13290566,0.676453709602356
tencent-hunyuan_hunyuandit-v1.2-diffusers,13389475,0.14373868703842163
tencent-hunyuan_hunyuandit-v1.2-diffusers,13390139,0.17332512140274048
tencent-hunyuan_hunyuandit-v1.2-diffusers,13390405,1.5350323915481567
tencent-hunyuan_hunyuandit-v1.2-diffusers,13392786,0.040568627417087555
tencent-hunyuan_hunyuandit-v1.2-diffusers,13649361,0.9176723957061768
tencent-hunyuan_hunyuandit-v1.2-diffusers,13716878,-1.4257757663726807
tencent-hunyuan_hunyuandit-v1.2-diffusers,13884740,-1.3239169120788574
tencent-hunyuan_hunyuandit-v1.2-diffusers,13915305,2.1871604919433594
tencent-hunyuan_hunyuandit-v1.2-diffusers,13931145,0.6781045794487
tencent-hunyuan_hunyuandit-v1.2-diffusers,13984082,0.5151271224021912
tencent-hunyuan_hunyuandit-v1.2-diffusers,14140678,-0.3645196259021759
tencent-hunyuan_hunyuandit-v1.2-diffusers,14195315,2.130014419555664
tencent-hunyuan_hunyuandit-v1.2-diffusers,14294568,-1.61912202835083
tencent-hunyuan_hunyuandit-v1.2-diffusers,14320813,0.8056631088256836
tencent-hunyuan_hunyuandit-v1.2-diffusers,14360436,-0.17013539373874664
tencent-hunyuan_hunyuandit-v1.2-diffusers,14488317,-0.787217378616333
tencent-hunyuan_hunyuandit-v1.2-diffusers,14533937,-0.32406067848205566
tencent-hunyuan_hunyuandit-v1.2-diffusers,14550987,-0.3090439438819885
tencent-hunyuan_hunyuandit-v1.2-diffusers,14579933,-0.456742525100708
tencent-hunyuan_hunyuandit-v1.2-diffusers,14606290,2.595353841781616
tencent-hunyuan_hunyuandit-v1.2-diffusers,14620257,1.057495355606079
tencent-hunyuan_hunyuandit-v1.2-diffusers,14632648,-0.5453624129295349
tencent-hunyuan_hunyuandit-v1.2-diffusers,14647235,-0.9369194507598877
tencent-hunyuan_hunyuandit-v1.2-diffusers,14654954,0.8868748545646667
tencent-hunyuan_hunyuandit-v1.2-diffusers,14686352,0.20010539889335632
tencent-hunyuan_hunyuandit-v1.2-diffusers,14702875,0.2998756170272827
tencent-hunyuan_hunyuandit-v1.2-diffusers,14703190,0.547206699848175
tencent-hunyuan_hunyuandit-v1.2-diffusers,14807929,1.0109844207763672
tencent-hunyuan_hunyuandit-v1.2-diffusers,14809057,0.2231534719467163
tencent-hunyuan_hunyuandit-v1.2-diffusers,14867690,-0.6003041863441467
tencent-hunyuan_hunyuandit-v1.2-diffusers,14872875,1.3138725757598877
tencent-hunyuan_hunyuandit-v1.2-diffusers,14880557,0.20748767256736755
tencent-hunyuan_hunyuandit-v1.2-diffusers,14894140,0.824582576751709
tencent-hunyuan_hunyuandit-v1.2-diffusers,15180934,-1.1560978889465332
tencent-hunyuan_hunyuandit-v1.2-diffusers,15970145,-0.3067552447319031
tencent-hunyuan_hunyuandit-v1.2-diffusers,17002912,-0.3016563057899475
tencent-hunyuan_hunyuandit-v1.2-diffusers,17012379,0.41612228751182556
tencent-hunyuan_hunyuandit-v1.2-diffusers,17282800,1.987726092338562
tencent-hunyuan_hunyuandit-v1.2-diffusers,17925539,0.09486202150583267
tencent-hunyuan_hunyuandit-v1.2-diffusers,18367104,-0.40614935755729675
tencent-hunyuan_hunyuandit-v1.2-diffusers,18758723,1.0475656986236572
tencent-hunyuan_hunyuandit-v1.2-diffusers,19143128,-1.501800298690796
tencent-hunyuan_hunyuandit-v1.2-diffusers,19671124,1.2535849809646606
tencent-hunyuan_hunyuandit-v1.2-diffusers,19855707,1.2710483074188232
tencent-hunyuan_hunyuandit-v1.2-diffusers,19893872,0.3343704044818878
tencent-hunyuan_hunyuandit-v1.2-diffusers,20017667,-1.202989101409912
tencent-hunyuan_hunyuandit-v1.2-diffusers,20128079,-0.1054125428199768
tencent-hunyuan_hunyuandit-v1.2-diffusers,20471134,0.17339572310447693
tencent-hunyuan_hunyuandit-v1.2-diffusers,20495093,-0.11765517294406891
tencent-hunyuan_hunyuandit-v1.2-diffusers,20782430,1.472018837928772
tencent-hunyuan_hunyuandit-v1.2-diffusers,21377549,-1.6276302337646484
tencent-hunyuan_hunyuandit-v1.2-diffusers,21564446,0.9202198386192322
tencent-hunyuan_hunyuandit-v1.2-diffusers,21620388,-0.9463011026382446
tencent-hunyuan_hunyuandit-v1.2-diffusers,22149540,-0.5379166007041931
tencent-hunyuan_hunyuandit-v1.2-diffusers,22738759,0.32234296202659607
tencent-hunyuan_hunyuandit-v1.2-diffusers,22767176,1.251269817352295
tencent-hunyuan_hunyuandit-v1.2-diffusers,23129661,1.0995986461639404
tencent-hunyuan_hunyuandit-v1.2-diffusers,23185551,-0.1453028917312622
tencent-hunyuan_hunyuandit-v1.2-diffusers,23232427,1.2033393383026123
tencent-hunyuan_hunyuandit-v1.2-diffusers,23257851,1.2308748960494995
tencent-hunyuan_hunyuandit-v1.2-diffusers,23620789,-1.7794755697250366
tencent-hunyuan_hunyuandit-v1.2-diffusers,24808131,0.9497209191322327
tencent-hunyuan_hunyuandit-v1.2-diffusers,24843217,-0.42930248379707336
tencent-hunyuan_hunyuandit-v1.2-diffusers,24933378,0.35382333397865295
tencent-hunyuan_hunyuandit-v1.2-diffusers,24942232,0.25985753536224365
tencent-hunyuan_hunyuandit-v1.2-diffusers,25290589,0.42067545652389526
tencent-hunyuan_hunyuandit-v1.2-diffusers,25579216,1.3946597576141357
tencent-hunyuan_hunyuandit-v1.2-diffusers,25685207,0.3791009187698364
tencent-hunyuan_hunyuandit-v1.2-diffusers,25776594,0.6717979311943054
tencent-hunyuan_hunyuandit-v1.2-diffusers,26078214,-0.6919574737548828
tencent-hunyuan_hunyuandit-v1.2-diffusers,26746434,0.8417215347290039
tencent-hunyuan_hunyuandit-v1.2-diffusers,26998039,-1.3168981075286865
tencent-hunyuan_hunyuandit-v1.2-diffusers,27106238,-1.0738251209259033
tencent-hunyuan_hunyuandit-v1.2-diffusers,27246777,-0.9814832806587219
tencent-hunyuan_hunyuandit-v1.2-diffusers,27768637,0.5150234699249268
tencent-hunyuan_hunyuandit-v1.2-diffusers,27871992,1.7314532995224
tencent-hunyuan_hunyuandit-v1.2-diffusers,28190972,0.29104188084602356
tencent-hunyuan_hunyuandit-v1.2-diffusers,29094321,-1.336712121963501
tencent-hunyuan_hunyuandit-v1.2-diffusers,29148617,-0.11663184314966202
tencent-hunyuan_hunyuandit-v1.2-diffusers,29161294,-0.044040851294994354
tencent-hunyuan_hunyuandit-v1.2-diffusers,29632917,-0.1191071942448616
tencent-hunyuan_hunyuandit-v1.2-diffusers,29703209,2.3735756874084473
tencent-hunyuan_hunyuandit-v1.2-diffusers,29779486,-0.8431621193885803
tencent-hunyuan_hunyuandit-v1.2-diffusers,30028757,-0.23270413279533386
tencent-hunyuan_hunyuandit-v1.2-diffusers,30225071,0.4226551055908203
tencent-hunyuan_hunyuandit-v1.2-diffusers,30373565,-1.7644096612930298
tencent-hunyuan_hunyuandit-v1.2-diffusers,30484086,0.3327721953392029
tencent-hunyuan_hunyuandit-v1.2-diffusers,30883080,0.38183215260505676
tencent-hunyuan_hunyuandit-v1.2-diffusers,31114750,-0.5588486790657043
tencent-hunyuan_hunyuandit-v1.2-diffusers,31196176,0.24385827779769897
tencent-hunyuan_hunyuandit-v1.2-diffusers,31391857,-0.4584847390651703
tencent-hunyuan_hunyuandit-v1.2-diffusers,31595142,-0.8802434206008911
tencent-hunyuan_hunyuandit-v1.2-diffusers,32152786,-1.3824315071105957
tencent-hunyuan_hunyuandit-v1.2-diffusers,32327818,0.9124186038970947
tencent-hunyuan_hunyuandit-v1.2-diffusers,32379732,-0.8237289190292358
tencent-hunyuan_hunyuandit-v1.2-diffusers,32473966,1.2579420804977417
tencent-hunyuan_hunyuandit-v1.2-diffusers,32902730,-1.1948267221450806
tencent-hunyuan_hunyuandit-v1.2-diffusers,32932491,0.7808021306991577
tencent-hunyuan_hunyuandit-v1.2-diffusers,33006578,0.3036305010318756
tencent-hunyuan_hunyuandit-v1.2-diffusers,33478721,-1.3077692985534668
tencent-hunyuan_hunyuandit-v1.2-diffusers,34475997,0.7644810080528259
tencent-hunyuan_hunyuandit-v1.2-diffusers,34578737,-0.9443213939666748
tencent-hunyuan_hunyuandit-v1.2-diffusers,34773230,1.130487322807312
tencent-hunyuan_hunyuandit-v1.2-diffusers,36507085,0.2604142427444458
tencent-hunyuan_hunyuandit-v1.2-diffusers,36678439,2.1190872192382812
tencent-hunyuan_hunyuandit-v1.2-diffusers,37287360,1.7265353202819824
tencent-hunyuan_hunyuandit-v1.2-diffusers,37319253,0.04362316429615021
tencent-hunyuan_hunyuandit-v1.2-diffusers,37547870,-1.3418247699737549
tencent-hunyuan_hunyuandit-v1.2-diffusers,37736408,-0.27045533061027527
tencent-hunyuan_hunyuandit-v1.2-diffusers,38014258,0.7412235736846924
tencent-hunyuan_hunyuandit-v1.2-diffusers,38297191,-1.3516438007354736
tencent-hunyuan_hunyuandit-v1.2-diffusers,38402744,0.1530880630016327
tencent-hunyuan_hunyuandit-v1.2-diffusers,38954086,1.4320297241210938
tencent-hunyuan_hunyuandit-v1.2-diffusers,39139190,-0.9157168865203857
tencent-hunyuan_hunyuandit-v1.2-diffusers,39560404,0.10767147690057755
tencent-hunyuan_hunyuandit-v1.2-diffusers,39566065,-0.8953438997268677
tencent-hunyuan_hunyuandit-v1.2-diffusers,39595218,-0.3118862509727478
tencent-hunyuan_hunyuandit-v1.2-diffusers,40825299,-1.1952967643737793
tencent-hunyuan_hunyuandit-v1.2-diffusers,40945115,0.8116785883903503
tencent-hunyuan_hunyuandit-v1.2-diffusers,40995095,-1.216963529586792
tencent-hunyuan_hunyuandit-v1.2-diffusers,41015844,0.03290020674467087
tencent-hunyuan_hunyuandit-v1.2-diffusers,41031648,-0.15502801537513733
tencent-hunyuan_hunyuandit-v1.2-diffusers,41161074,0.656606137752533
tencent-hunyuan_hunyuandit-v1.2-diffusers,41458919,-1.0282433032989502
tencent-hunyuan_hunyuandit-v1.2-diffusers,41565779,1.126758337020874
tencent-hunyuan_hunyuandit-v1.2-diffusers,41766391,-1.7978843450546265
tencent-hunyuan_hunyuandit-v1.2-diffusers,41982710,-0.3671601414680481
tencent-hunyuan_hunyuandit-v1.2-diffusers,42048260,-1.4887335300445557
tencent-hunyuan_hunyuandit-v1.2-diffusers,42849420,0.7722584009170532
tencent-hunyuan_hunyuandit-v1.2-diffusers,42931583,-0.4757494330406189
tencent-hunyuan_hunyuandit-v1.2-diffusers,43060946,1.0448541641235352
tencent-hunyuan_hunyuandit-v1.2-diffusers,43153800,-0.04832959920167923
tencent-hunyuan_hunyuandit-v1.2-diffusers,43161384,-0.4176430106163025
tencent-hunyuan_hunyuandit-v1.2-diffusers,43301379,-1.8737560510635376
tencent-hunyuan_hunyuandit-v1.2-diffusers,43304323,0.7941380143165588
tencent-hunyuan_hunyuandit-v1.2-diffusers,43367797,-1.6878297328948975
tencent-hunyuan_hunyuandit-v1.2-diffusers,43431032,-0.5496114492416382
tencent-hunyuan_hunyuandit-v1.2-diffusers,43631801,0.47995230555534363
tencent-hunyuan_hunyuandit-v1.2-diffusers,43735560,0.09886739403009415
tencent-hunyuan_hunyuandit-v1.2-diffusers,43858443,-0.9406850934028625
tencent-hunyuan_hunyuandit-v1.2-diffusers,43918624,1.8854742050170898
tencent-hunyuan_hunyuandit-v1.2-diffusers,44280552,-0.020572518929839134
tencent-hunyuan_hunyuandit-v1.2-diffusers,44295589,-0.01849347911775112
tencent-hunyuan_hunyuandit-v1.2-diffusers,44621915,-0.9399724006652832
tencent-hunyuan_hunyuandit-v1.2-diffusers,44645737,0.4303245544433594
tencent-hunyuan_hunyuandit-v1.2-diffusers,44838123,0.6481906175613403
tencent-hunyuan_hunyuandit-v1.2-diffusers,45258070,0.0681152194738388
tencent-hunyuan_hunyuandit-v1.2-diffusers,45297641,1.0187749862670898
tencent-hunyuan_hunyuandit-v1.2-diffusers,45418454,-1.5693491697311401
tencent-hunyuan_hunyuandit-v1.2-diffusers,45564900,-0.3914879858493805
tencent-hunyuan_hunyuandit-v1.2-diffusers,46150029,0.7021946907043457
tencent-hunyuan_hunyuandit-v1.2-diffusers,46394736,-0.7470097541809082
tencent-hunyuan_hunyuandit-v1.2-diffusers,46673664,0.389490008354187
tencent-hunyuan_hunyuandit-v1.2-diffusers,46994920,0.4322926998138428
tencent-hunyuan_hunyuandit-v1.2-diffusers,47009060,0.521794855594635
tencent-hunyuan_hunyuandit-v1.2-diffusers,47552953,1.2552893161773682
tencent-hunyuan_hunyuandit-v1.2-diffusers,47595220,-0.7154092192649841
tencent-hunyuan_hunyuandit-v1.2-diffusers,47819321,0.729896605014801
tencent-hunyuan_hunyuandit-v1.2-diffusers,48223384,0.49686741828918457
tencent-hunyuan_hunyuandit-v1.2-diffusers,48351897,-0.21640072762966156
tencent-hunyuan_hunyuandit-v1.2-diffusers,48754831,-1.2535192966461182
tencent-hunyuan_hunyuandit-v1.2-diffusers,49054805,-1.7220909595489502
tencent-hunyuan_hunyuandit-v1.2-diffusers,49089576,-0.7591820955276489
tencent-hunyuan_hunyuandit-v1.2-diffusers,49300740,0.8224436044692993
tencent-hunyuan_hunyuandit-v1.2-diffusers,49358811,1.1379371881484985
tencent-hunyuan_hunyuandit-v1.2-diffusers,49462954,-0.13594356179237366
tencent-hunyuan_hunyuandit-v1.2-diffusers,50262859,-0.9215012788772583
tencent-hunyuan_hunyuandit-v1.2-diffusers,50871471,1.5835460424423218
tencent-hunyuan_hunyuandit-v1.2-diffusers,50952217,2.051725387573242
tencent-hunyuan_hunyuandit-v1.2-diffusers,51060824,0.2563604712486267
tencent-hunyuan_hunyuandit-v1.2-diffusers,51314050,1.3602133989334106
tencent-hunyuan_hunyuandit-v1.2-diffusers,51946990,1.3193806409835815
tencent-hunyuan_hunyuandit-v1.2-diffusers,52325745,0.8026832342147827
tencent-hunyuan_hunyuandit-v1.2-diffusers,52474100,-0.7639461755752563
tencent-hunyuan_hunyuandit-v1.2-diffusers,52516409,0.7543356418609619
tencent-hunyuan_hunyuandit-v1.2-diffusers,52711595,-0.30192363262176514
tencent-hunyuan_hunyuandit-v1.2-diffusers,53022028,0.09618345648050308
tencent-hunyuan_hunyuandit-v1.2-diffusers,53205877,0.772003173828125
tencent-hunyuan_hunyuandit-v1.2-diffusers,53288018,0.6074014902114868
tencent-hunyuan_hunyuandit-v1.2-diffusers,53443611,-0.5304623246192932
tencent-hunyuan_hunyuandit-v1.2-diffusers,53815934,1.1896668672561646
tencent-hunyuan_hunyuandit-v1.2-diffusers,54495173,-0.9752923250198364
tencent-hunyuan_hunyuandit-v1.2-diffusers,54931507,-0.6936960816383362
tencent-hunyuan_hunyuandit-v1.2-diffusers,55191509,0.12816885113716125
tencent-hunyuan_hunyuandit-v1.2-diffusers,55255145,-1.3611137866973877
tencent-hunyuan_hunyuandit-v1.2-diffusers,55457672,-0.446478933095932
tencent-hunyuan_hunyuandit-v1.2-diffusers,55588327,-0.5437124371528625
tencent-hunyuan_hunyuandit-v1.2-diffusers,55653646,-0.8815739154815674
tencent-hunyuan_hunyuandit-v1.2-diffusers,55658809,-1.1146230697631836
tencent-hunyuan_hunyuandit-v1.2-diffusers,55812974,1.383365511894226
tencent-hunyuan_hunyuandit-v1.2-diffusers,55819553,2.26444149017334
tencent-hunyuan_hunyuandit-v1.2-diffusers,55826966,0.8913399577140808
tencent-hunyuan_hunyuandit-v1.2-diffusers,55983905,-0.7078132033348083
tencent-hunyuan_hunyuandit-v1.2-diffusers,56074056,-0.9068992733955383
tencent-hunyuan_hunyuandit-v1.2-diffusers,56112588,0.39838942885398865
tencent-hunyuan_hunyuandit-v1.2-diffusers,56121520,1.0339114665985107
tencent-hunyuan_hunyuandit-v1.2-diffusers,56250900,0.08835052698850632
tencent-hunyuan_hunyuandit-v1.2-diffusers,56458800,-1.2485322952270508
tencent-hunyuan_hunyuandit-v1.2-diffusers,56792430,-0.18390944600105286
tencent-hunyuan_hunyuandit-v1.2-diffusers,56982260,1.3799433708190918
tencent-hunyuan_hunyuandit-v1.2-diffusers,57673976,-0.06635409593582153
tencent-hunyuan_hunyuandit-v1.2-diffusers,57716963,-1.7674859762191772
tencent-hunyuan_hunyuandit-v1.2-diffusers,57729980,0.4901423156261444
tencent-hunyuan_hunyuandit-v1.2-diffusers,57785005,0.3003730773925781
tencent-hunyuan_hunyuandit-v1.2-diffusers,57873614,-0.12977659702301025
tencent-hunyuan_hunyuandit-v1.2-diffusers,58727024,1.3233786821365356
tencent-hunyuan_hunyuandit-v1.2-diffusers,58761464,-1.8399989604949951
tencent-hunyuan_hunyuandit-v1.2-diffusers,59399259,0.5751087069511414
tencent-hunyuan_hunyuandit-v1.2-diffusers,59976859,-0.8735150098800659
tencent-hunyuan_hunyuandit-v1.2-diffusers,60083345,1.3963476419448853
tencent-hunyuan_hunyuandit-v1.2-diffusers,60214770,1.2287397384643555
tencent-hunyuan_hunyuandit-v1.2-diffusers,60215376,0.7564478516578674
tencent-hunyuan_hunyuandit-v1.2-diffusers,60375309,0.2960771322250366
tencent-hunyuan_hunyuandit-v1.2-diffusers,60606896,-0.42143338918685913
tencent-hunyuan_hunyuandit-v1.2-diffusers,60668084,-1.5961112976074219
tencent-hunyuan_hunyuandit-v1.2-diffusers,61035709,-1.3037052154541016
tencent-hunyuan_hunyuandit-v1.2-diffusers,61388266,1.1833758354187012
tencent-hunyuan_hunyuandit-v1.2-diffusers,61627313,-1.111039638519287
tencent-hunyuan_hunyuandit-v1.2-diffusers,61635816,-1.2295538187026978
tencent-hunyuan_hunyuandit-v1.2-diffusers,61853324,-0.42402976751327515
tencent-hunyuan_hunyuandit-v1.2-diffusers,62408818,0.5177980661392212
tencent-hunyuan_hunyuandit-v1.2-diffusers,62841330,-1.5904128551483154
tencent-hunyuan_hunyuandit-v1.2-diffusers,63015570,0.03795371204614639
tencent-hunyuan_hunyuandit-v1.2-diffusers,63336441,0.14175936579704285
tencent-hunyuan_hunyuandit-v1.2-diffusers,63633117,-0.3349307179450989
tencent-hunyuan_hunyuandit-v1.2-diffusers,64576544,0.635586678981781
tencent-hunyuan_hunyuandit-v1.2-diffusers,64687077,0.6399880647659302
tencent-hunyuan_hunyuandit-v1.2-diffusers,64693533,-0.12727037072181702
tencent-hunyuan_hunyuandit-v1.2-diffusers,64856142,0.8255728483200073
tencent-hunyuan_hunyuandit-v1.2-diffusers,65411270,0.3778057098388672
tencent-hunyuan_hunyuandit-v1.2-diffusers,65557844,1.5617384910583496
tencent-hunyuan_hunyuandit-v1.2-diffusers,65824677,-0.3035190999507904
tencent-hunyuan_hunyuandit-v1.2-diffusers,65890875,-2.3468191623687744
tencent-hunyuan_hunyuandit-v1.2-diffusers,65960228,-1.8260623216629028
tencent-hunyuan_hunyuandit-v1.2-diffusers,66668538,0.6313132643699646
tencent-hunyuan_hunyuandit-v1.2-diffusers,67344811,-0.3252214789390564
tencent-hunyuan_hunyuandit-v1.2-diffusers,67949798,-1.1876749992370605
tencent-hunyuan_hunyuandit-v1.2-diffusers,68246844,-0.8141008615493774
tencent-hunyuan_hunyuandit-v1.2-diffusers,68280322,1.8839528560638428
tencent-hunyuan_hunyuandit-v1.2-diffusers,68321683,-1.3313761949539185
tencent-hunyuan_hunyuandit-v1.2-diffusers,68380669,0.4345814287662506
tencent-hunyuan_hunyuandit-v1.2-diffusers,68575085,-0.42246633768081665
tencent-hunyuan_hunyuandit-v1.2-diffusers,70380966,2.170010805130005
tencent-hunyuan_hunyuandit-v1.2-diffusers,70494671,0.04659012705087662
tencent-hunyuan_hunyuandit-v1.2-diffusers,71055464,-0.026692843064665794
tencent-hunyuan_hunyuandit-v1.2-diffusers,71591839,1.7983977794647217
tencent-hunyuan_hunyuandit-v1.2-diffusers,71828875,0.4248218238353729
tencent-hunyuan_hunyuandit-v1.2-diffusers,71910823,0.022350842133164406
tencent-hunyuan_hunyuandit-v1.2-diffusers,71959499,-1.587446928024292
tencent-hunyuan_hunyuandit-v1.2-diffusers,72432241,-1.7503126859664917
tencent-hunyuan_hunyuandit-v1.2-diffusers,72553814,-1.3396692276000977
tencent-hunyuan_hunyuandit-v1.2-diffusers,73051579,0.04273209720849991
tencent-hunyuan_hunyuandit-v1.2-diffusers,73600586,1.2569668292999268
tencent-hunyuan_hunyuandit-v1.2-diffusers,73616417,0.30143558979034424
tencent-hunyuan_hunyuandit-v1.2-diffusers,73681289,0.4427372217178345
tencent-hunyuan_hunyuandit-v1.2-diffusers,73962724,1.527625322341919
tencent-hunyuan_hunyuandit-v1.2-diffusers,74175857,-0.1081266924738884
tencent-hunyuan_hunyuandit-v1.2-diffusers,75051801,0.2580563426017761
tencent-hunyuan_hunyuandit-v1.2-diffusers,75787772,0.4351573884487152
tencent-hunyuan_hunyuandit-v1.2-diffusers,75944980,2.6823172569274902
tencent-hunyuan_hunyuandit-v1.2-diffusers,75964288,-0.4134751260280609
tencent-hunyuan_hunyuandit-v1.2-diffusers,76066166,-1.2771269083023071
tencent-hunyuan_hunyuandit-v1.2-diffusers,76100398,0.8372762203216553
tencent-hunyuan_hunyuandit-v1.2-diffusers,76425345,-1.3900597095489502
tencent-hunyuan_hunyuandit-v1.2-diffusers,77106105,1.2167730331420898
tencent-hunyuan_hunyuandit-v1.2-diffusers,77132310,-1.0762728452682495
tencent-hunyuan_hunyuandit-v1.2-diffusers,77232534,-1.1008589267730713
tencent-hunyuan_hunyuandit-v1.2-diffusers,77312726,1.1707587242126465
tencent-hunyuan_hunyuandit-v1.2-diffusers,77358840,-0.5360685586929321
tencent-hunyuan_hunyuandit-v1.2-diffusers,77490593,1.361379861831665
tencent-hunyuan_hunyuandit-v1.2-diffusers,77726888,0.48589739203453064
tencent-hunyuan_hunyuandit-v1.2-diffusers,78735978,-0.18040558695793152
tencent-hunyuan_hunyuandit-v1.2-diffusers,79077085,-0.6958615183830261
tencent-hunyuan_hunyuandit-v1.2-diffusers,79212243,-2.402977705001831
tencent-hunyuan_hunyuandit-v1.2-diffusers,79606917,-1.5070927143096924
tencent-hunyuan_hunyuandit-v1.2-diffusers,79918827,-0.8724708557128906
tencent-hunyuan_hunyuandit-v1.2-diffusers,80289373,0.1452166587114334
tencent-hunyuan_hunyuandit-v1.2-diffusers,80371125,1.3525702953338623
tencent-hunyuan_hunyuandit-v1.2-diffusers,80540387,0.16097618639469147
tencent-hunyuan_hunyuandit-v1.2-diffusers,81135077,-0.8065761923789978
tencent-hunyuan_hunyuandit-v1.2-diffusers,81303945,-0.9585735201835632
tencent-hunyuan_hunyuandit-v1.2-diffusers,81435593,0.7750988602638245
tencent-hunyuan_hunyuandit-v1.2-diffusers,82282590,-0.8119341135025024
tencent-hunyuan_hunyuandit-v1.2-diffusers,82696415,-1.134005069732666
tencent-hunyuan_hunyuandit-v1.2-diffusers,82916016,0.07412032783031464
tencent-hunyuan_hunyuandit-v1.2-diffusers,83084473,0.001991206780076027
tencent-hunyuan_hunyuandit-v1.2-diffusers,83418847,-1.0526866912841797
tencent-hunyuan_hunyuandit-v1.2-diffusers,84089324,0.002930993214249611
tencent-hunyuan_hunyuandit-v1.2-diffusers,84306831,-0.5342491269111633
tencent-hunyuan_hunyuandit-v1.2-diffusers,84510135,1.608690857887268
tencent-hunyuan_hunyuandit-v1.2-diffusers,84788890,-0.6159980893135071
tencent-hunyuan_hunyuandit-v1.2-diffusers,84985982,-0.3353389501571655
tencent-hunyuan_hunyuandit-v1.2-diffusers,85191733,-1.0520501136779785
tencent-hunyuan_hunyuandit-v1.2-diffusers,86119145,-1.032488465309143
tencent-hunyuan_hunyuandit-v1.2-diffusers,86340862,-1.0085625648498535
tencent-hunyuan_hunyuandit-v1.2-diffusers,86341828,0.8321120142936707
tencent-hunyuan_hunyuandit-v1.2-diffusers,86537356,-0.019019609317183495
tencent-hunyuan_hunyuandit-v1.2-diffusers,86701636,-0.017043283209204674
tencent-hunyuan_hunyuandit-v1.2-diffusers,86714939,1.571831226348877
tencent-hunyuan_hunyuandit-v1.2-diffusers,87574583,-0.7445221543312073
tencent-hunyuan_hunyuandit-v1.2-diffusers,87699711,1.0526854991912842
tencent-hunyuan_hunyuandit-v1.2-diffusers,88016571,0.7353250980377197
tencent-hunyuan_hunyuandit-v1.2-diffusers,88087492,0.12483897060155869
tencent-hunyuan_hunyuandit-v1.2-diffusers,89227603,-1.650330901145935
tencent-hunyuan_hunyuandit-v1.2-diffusers,89539854,1.5597504377365112
tencent-hunyuan_hunyuandit-v1.2-diffusers,89926787,0.3207553029060364
tencent-hunyuan_hunyuandit-v1.2-diffusers,90244932,-0.5565148591995239
tencent-hunyuan_hunyuandit-v1.2-diffusers,90493027,0.9322062134742737
tencent-hunyuan_hunyuandit-v1.2-diffusers,90613035,1.2056019306182861
tencent-hunyuan_hunyuandit-v1.2-diffusers,91368797,-2.3650593757629395
tencent-hunyuan_hunyuandit-v1.2-diffusers,91784299,-0.04478078335523605
tencent-hunyuan_hunyuandit-v1.2-diffusers,91790573,-1.2828296422958374
tencent-hunyuan_hunyuandit-v1.2-diffusers,91834546,0.9229953289031982
tencent-hunyuan_hunyuandit-v1.2-diffusers,92068094,-1.55645751953125
tencent-hunyuan_hunyuandit-v1.2-diffusers,92311656,-0.07361117005348206
tencent-hunyuan_hunyuandit-v1.2-diffusers,92709444,-0.33469057083129883
tencent-hunyuan_hunyuandit-v1.2-diffusers,93114575,-0.4207960367202759
tencent-hunyuan_hunyuandit-v1.2-diffusers,93256557,1.4787064790725708
tencent-hunyuan_hunyuandit-v1.2-diffusers,93407716,-0.6486918330192566
tencent-hunyuan_hunyuandit-v1.2-diffusers,93436296,-1.250856637954712
tencent-hunyuan_hunyuandit-v1.2-diffusers,93512057,-1.433315396308899
tencent-hunyuan_hunyuandit-v1.2-diffusers,94006560,0.23653148114681244
tencent-hunyuan_hunyuandit-v1.2-diffusers,94321535,-1.0193885564804077
tencent-hunyuan_hunyuandit-v1.2-diffusers,94532154,0.9896858334541321
tencent-hunyuan_hunyuandit-v1.2-diffusers,95171107,0.7883926033973694
tencent-hunyuan_hunyuandit-v1.2-diffusers,95228839,0.7378844022750854
tencent-hunyuan_hunyuandit-v1.2-diffusers,95325441,-1.0445555448532104
tencent-hunyuan_hunyuandit-v1.2-diffusers,95450946,-2.0963258743286133
tencent-hunyuan_hunyuandit-v1.2-diffusers,95583911,-0.49549466371536255
tencent-hunyuan_hunyuandit-v1.2-diffusers,95718306,-1.0606297254562378
tencent-hunyuan_hunyuandit-v1.2-diffusers,95737828,0.9148367643356323
tencent-hunyuan_hunyuandit-v1.2-diffusers,96448597,-0.4409520626068115
tencent-hunyuan_hunyuandit-v1.2-diffusers,96482065,-0.23619574308395386
tencent-hunyuan_hunyuandit-v1.2-diffusers,96521920,0.857771635055542
tencent-hunyuan_hunyuandit-v1.2-diffusers,96850153,-1.0140347480773926
tencent-hunyuan_hunyuandit-v1.2-diffusers,98113191,-0.7839896082878113
tencent-hunyuan_hunyuandit-v1.2-diffusers,98195317,0.2694612145423889
tencent-hunyuan_hunyuandit-v1.2-diffusers,98254655,-1.1163347959518433
tencent-hunyuan_hunyuandit-v1.2-diffusers,98319500,-0.5567858815193176
tencent-hunyuan_hunyuandit-v1.2-diffusers,98642787,0.6589153409004211
tencent-hunyuan_hunyuandit-v1.2-diffusers,98646702,0.70280522108078
tencent-hunyuan_hunyuandit-v1.2-diffusers,98929226,0.9921181201934814
tencent-hunyuan_hunyuandit-v1.2-diffusers,99178779,-0.7366935610771179
tencent-hunyuan_hunyuandit-v1.2-diffusers,99185892,0.6945255994796753
tencent-hunyuan_hunyuandit-v1.2-diffusers,99211012,-0.7110129594802856
tencent-hunyuan_hunyuandit-v1.2-diffusers,99410560,-0.7575629353523254
tencent-hunyuan_hunyuandit-v1.2-diffusers,99862294,-0.24703168869018555
black-forest-labs_flux.1-dev,138508,0.40956246852874756
black-forest-labs_flux.1-dev,192051,0.34415799379348755
black-forest-labs_flux.1-dev,213186,-0.8850238919258118
black-forest-labs_flux.1-dev,232386,-0.38371360301971436
black-forest-labs_flux.1-dev,232765,-0.035944849252700806
black-forest-labs_flux.1-dev,258857,0.9707785248756409
black-forest-labs_flux.1-dev,283090,-0.5287472009658813
black-forest-labs_flux.1-dev,285141,0.19016049802303314
black-forest-labs_flux.1-dev,399030,1.0981004238128662
black-forest-labs_flux.1-dev,440189,-0.6103423833847046
black-forest-labs_flux.1-dev,445169,-0.9841261506080627
black-forest-labs_flux.1-dev,486490,-1.4512547254562378
black-forest-labs_flux.1-dev,487072,0.08607537299394608
black-forest-labs_flux.1-dev,487326,-0.4652191698551178
black-forest-labs_flux.1-dev,489837,-0.59275221824646
black-forest-labs_flux.1-dev,646833,-1.8575091361999512
black-forest-labs_flux.1-dev,708860,-1.8049136400222778
black-forest-labs_flux.1-dev,717208,-0.9766800999641418
black-forest-labs_flux.1-dev,717468,-1.3159810304641724
black-forest-labs_flux.1-dev,735254,-1.5985527038574219
black-forest-labs_flux.1-dev,762478,0.14794175326824188
black-forest-labs_flux.1-dev,825443,-0.9241303205490112
black-forest-labs_flux.1-dev,831919,-0.3158339262008667
black-forest-labs_flux.1-dev,896677,1.4391870498657227
black-forest-labs_flux.1-dev,936620,-1.247929573059082
black-forest-labs_flux.1-dev,974367,0.04943578690290451
black-forest-labs_flux.1-dev,993014,0.1286088526248932
black-forest-labs_flux.1-dev,995855,0.7678377032279968
black-forest-labs_flux.1-dev,1113367,1.8671728372573853
black-forest-labs_flux.1-dev,1171644,0.017726445570588112
black-forest-labs_flux.1-dev,1209135,-0.7206475138664246
black-forest-labs_flux.1-dev,1317294,-1.2237497568130493
black-forest-labs_flux.1-dev,1317533,0.5778614282608032
black-forest-labs_flux.1-dev,1321854,-0.74919593334198
black-forest-labs_flux.1-dev,1377758,-1.5670506954193115
black-forest-labs_flux.1-dev,1474832,1.0748987197875977
black-forest-labs_flux.1-dev,1516071,-0.4692634344100952
black-forest-labs_flux.1-dev,1566705,-0.26545581221580505
black-forest-labs_flux.1-dev,1640855,-0.9531999230384827
black-forest-labs_flux.1-dev,1668603,-1.3083853721618652
black-forest-labs_flux.1-dev,1678990,-1.0475709438323975
black-forest-labs_flux.1-dev,1699831,0.07445303350687027
black-forest-labs_flux.1-dev,1707698,1.219272494316101
black-forest-labs_flux.1-dev,1727942,-0.8648152351379395
black-forest-labs_flux.1-dev,2045760,-0.4208906590938568
black-forest-labs_flux.1-dev,2075049,1.4680287837982178
black-forest-labs_flux.1-dev,2075764,1.3402822017669678
black-forest-labs_flux.1-dev,2241569,0.8011158108711243
black-forest-labs_flux.1-dev,2720725,0.3566494286060333
black-forest-labs_flux.1-dev,2721160,2.9467029571533203
black-forest-labs_flux.1-dev,2730265,-0.7591569423675537
black-forest-labs_flux.1-dev,2744395,0.2737777531147003
black-forest-labs_flux.1-dev,2770078,-0.6693015098571777
black-forest-labs_flux.1-dev,2793684,-0.618937611579895
black-forest-labs_flux.1-dev,2803666,-0.5798621773719788
black-forest-labs_flux.1-dev,2807731,-1.8083971738815308
black-forest-labs_flux.1-dev,2821943,-2.284848690032959
black-forest-labs_flux.1-dev,2824319,0.47854238748550415
black-forest-labs_flux.1-dev,2825442,-1.7446568012237549
black-forest-labs_flux.1-dev,2852043,-0.9157377481460571
black-forest-labs_flux.1-dev,2870293,-2.72957444190979
black-forest-labs_flux.1-dev,2870880,-1.2707469463348389
black-forest-labs_flux.1-dev,2923535,-0.17789390683174133
black-forest-labs_flux.1-dev,2933112,-1.5277050733566284
black-forest-labs_flux.1-dev,2963987,-1.3279005289077759
black-forest-labs_flux.1-dev,2991302,0.5011073350906372
black-forest-labs_flux.1-dev,3024209,-1.6475080251693726
black-forest-labs_flux.1-dev,3035832,2.077028274536133
black-forest-labs_flux.1-dev,3049457,-2.134526014328003
black-forest-labs_flux.1-dev,3107488,-0.7563268542289734
black-forest-labs_flux.1-dev,3131388,-0.11225835233926773
black-forest-labs_flux.1-dev,3131669,-0.2322392463684082
black-forest-labs_flux.1-dev,3152830,-0.9418731331825256
black-forest-labs_flux.1-dev,3249569,-1.1926878690719604
black-forest-labs_flux.1-dev,3262349,-1.059584379196167
black-forest-labs_flux.1-dev,3288500,-1.4657803773880005
black-forest-labs_flux.1-dev,3298716,-0.970552921295166
black-forest-labs_flux.1-dev,3308246,-2.790524959564209
black-forest-labs_flux.1-dev,3309110,1.8327311277389526
black-forest-labs_flux.1-dev,3347220,-1.2286931276321411
black-forest-labs_flux.1-dev,3353281,0.9584264755249023
black-forest-labs_flux.1-dev,3366112,-0.10661493986845016
black-forest-labs_flux.1-dev,3411927,-0.974581778049469
black-forest-labs_flux.1-dev,3456665,-0.7209992408752441
black-forest-labs_flux.1-dev,3563208,-1.1079446077346802
black-forest-labs_flux.1-dev,3580281,-0.7120753526687622
black-forest-labs_flux.1-dev,3603442,-0.3671163022518158
black-forest-labs_flux.1-dev,3607029,0.007998982444405556
black-forest-labs_flux.1-dev,3628071,-0.6069560050964355
black-forest-labs_flux.1-dev,3630383,1.1898912191390991
black-forest-labs_flux.1-dev,3676483,-1.897578239440918
black-forest-labs_flux.1-dev,3679712,-1.30268132686615
black-forest-labs_flux.1-dev,3685307,-0.6053188443183899
black-forest-labs_flux.1-dev,3703463,0.46405190229415894
black-forest-labs_flux.1-dev,3714235,0.11158829182386398
black-forest-labs_flux.1-dev,3728318,-0.12303746491670609
black-forest-labs_flux.1-dev,3748162,-0.5049943327903748
black-forest-labs_flux.1-dev,3764276,0.45564165711402893
black-forest-labs_flux.1-dev,3818090,-0.2854079008102417
black-forest-labs_flux.1-dev,3842156,-1.320157527923584
black-forest-labs_flux.1-dev,3880032,-1.041657567024231
black-forest-labs_flux.1-dev,3889343,0.8499816060066223
black-forest-labs_flux.1-dev,3907654,0.7875147461891174
black-forest-labs_flux.1-dev,3940713,0.1895768940448761
black-forest-labs_flux.1-dev,3975232,-1.3543983697891235
black-forest-labs_flux.1-dev,3982060,-1.1063175201416016
black-forest-labs_flux.1-dev,3990474,-0.7238520979881287
black-forest-labs_flux.1-dev,4010305,-0.6862002015113831
black-forest-labs_flux.1-dev,4025130,-0.27493008971214294
black-forest-labs_flux.1-dev,4062807,0.30128777027130127
black-forest-labs_flux.1-dev,4123448,-1.532584547996521
black-forest-labs_flux.1-dev,4125853,-0.7970278263092041
black-forest-labs_flux.1-dev,4140340,-1.2772526741027832
black-forest-labs_flux.1-dev,4145056,0.5264562368392944
black-forest-labs_flux.1-dev,4192521,0.25376150012016296
black-forest-labs_flux.1-dev,4259202,0.862154483795166
black-forest-labs_flux.1-dev,4285773,-0.5128836035728455
black-forest-labs_flux.1-dev,4345028,-0.013174360617995262
black-forest-labs_flux.1-dev,4387201,-0.7916333675384521
black-forest-labs_flux.1-dev,4416901,0.431235671043396
black-forest-labs_flux.1-dev,4455579,0.45928704738616943
black-forest-labs_flux.1-dev,4497570,0.32925423979759216
black-forest-labs_flux.1-dev,4534520,0.9825474619865417
black-forest-labs_flux.1-dev,4539203,0.5010844469070435
black-forest-labs_flux.1-dev,4552551,-0.9213981032371521
black-forest-labs_flux.1-dev,4596797,-0.5014951825141907
black-forest-labs_flux.1-dev,4832208,-0.9575389623641968
black-forest-labs_flux.1-dev,4930139,-1.259057879447937
black-forest-labs_flux.1-dev,5008085,0.3114519715309143
black-forest-labs_flux.1-dev,5219923,0.09994158893823624
black-forest-labs_flux.1-dev,5316083,0.2365056872367859
black-forest-labs_flux.1-dev,5350912,-1.110403299331665
black-forest-labs_flux.1-dev,5374860,-0.5022818446159363
black-forest-labs_flux.1-dev,5410315,1.5825681686401367
black-forest-labs_flux.1-dev,5522784,-0.09947416931390762
black-forest-labs_flux.1-dev,5728577,0.0677327886223793
black-forest-labs_flux.1-dev,5752544,-0.4734359085559845
black-forest-labs_flux.1-dev,5794797,1.219935655593872
black-forest-labs_flux.1-dev,5895919,-1.014449954032898
black-forest-labs_flux.1-dev,5958517,7.329322397708893e-05
black-forest-labs_flux.1-dev,6189776,1.3628262281417847
black-forest-labs_flux.1-dev,6528587,0.2585766017436981
black-forest-labs_flux.1-dev,6584891,0.1220993623137474
black-forest-labs_flux.1-dev,6586355,0.3353212773799896
black-forest-labs_flux.1-dev,6607809,2.031667947769165
black-forest-labs_flux.1-dev,6615026,-0.191024512052536
black-forest-labs_flux.1-dev,6615458,-0.7776846885681152
black-forest-labs_flux.1-dev,6615818,-0.8512167930603027
black-forest-labs_flux.1-dev,6616314,-0.6201845407485962
black-forest-labs_flux.1-dev,6617011,-0.15248295664787292
black-forest-labs_flux.1-dev,6617413,1.137463927268982
black-forest-labs_flux.1-dev,6729499,-1.5350401401519775
black-forest-labs_flux.1-dev,6880664,0.9097731113433838
black-forest-labs_flux.1-dev,6883725,0.13200697302818298
black-forest-labs_flux.1-dev,6946774,-2.3076844215393066
black-forest-labs_flux.1-dev,7025268,-1.496233582496643
black-forest-labs_flux.1-dev,7109847,1.6434732675552368
black-forest-labs_flux.1-dev,7116261,-1.235063910484314
black-forest-labs_flux.1-dev,7150023,-0.8811509609222412
black-forest-labs_flux.1-dev,7163803,0.2928210496902466
black-forest-labs_flux.1-dev,7507098,-0.32803332805633545
black-forest-labs_flux.1-dev,7596684,-0.2129264920949936
black-forest-labs_flux.1-dev,7597365,1.621235966682434
black-forest-labs_flux.1-dev,7601809,0.4556475281715393
black-forest-labs_flux.1-dev,7605282,-0.08247000724077225
black-forest-labs_flux.1-dev,7606419,1.5305477380752563
black-forest-labs_flux.1-dev,7607707,0.6665490865707397
black-forest-labs_flux.1-dev,7608721,-0.2479425072669983
black-forest-labs_flux.1-dev,7625977,-0.17805153131484985
black-forest-labs_flux.1-dev,7626721,-0.42190417647361755
black-forest-labs_flux.1-dev,7626833,-0.5672248601913452
black-forest-labs_flux.1-dev,7627310,-0.7862934470176697
black-forest-labs_flux.1-dev,7651454,-2.151618480682373
black-forest-labs_flux.1-dev,7654438,-1.7019118070602417
black-forest-labs_flux.1-dev,7664468,1.2770756483078003
black-forest-labs_flux.1-dev,7698915,-1.9737247228622437
black-forest-labs_flux.1-dev,7700167,-0.6985840797424316
black-forest-labs_flux.1-dev,7700868,-1.9500226974487305
black-forest-labs_flux.1-dev,7701244,-0.2530328631401062
black-forest-labs_flux.1-dev,7702193,0.7624298334121704
black-forest-labs_flux.1-dev,7710616,-0.35688599944114685
black-forest-labs_flux.1-dev,7834065,-1.5322359800338745
black-forest-labs_flux.1-dev,7854266,0.989024817943573
black-forest-labs_flux.1-dev,7854455,-0.1368698924779892
black-forest-labs_flux.1-dev,7871940,-0.6326795220375061
black-forest-labs_flux.1-dev,7891189,-0.7568933963775635
black-forest-labs_flux.1-dev,7897116,1.3337044715881348
black-forest-labs_flux.1-dev,7914271,-1.1159721612930298
black-forest-labs_flux.1-dev,7922764,0.6852893829345703
black-forest-labs_flux.1-dev,7929519,-1.0428296327590942
black-forest-labs_flux.1-dev,7933274,-1.4385814666748047
black-forest-labs_flux.1-dev,7933530,-2.2616465091705322
black-forest-labs_flux.1-dev,8089797,1.0692082643508911
black-forest-labs_flux.1-dev,8095160,-1.7021775245666504
black-forest-labs_flux.1-dev,8124208,-1.7866125106811523
black-forest-labs_flux.1-dev,8339939,-0.22394201159477234
black-forest-labs_flux.1-dev,8876291,0.3731258809566498
black-forest-labs_flux.1-dev,9020389,-0.6411193013191223
black-forest-labs_flux.1-dev,9044146,0.19448676705360413
black-forest-labs_flux.1-dev,9057052,-1.9359626770019531
black-forest-labs_flux.1-dev,9427682,-0.6622765064239502
black-forest-labs_flux.1-dev,9580065,-0.7210623025894165
black-forest-labs_flux.1-dev,9719434,-1.6819608211517334
black-forest-labs_flux.1-dev,9793248,1.042013168334961
black-forest-labs_flux.1-dev,9794211,-1.4038701057434082
black-forest-labs_flux.1-dev,9862621,-1.1919987201690674
black-forest-labs_flux.1-dev,9875188,1.2461496591567993
black-forest-labs_flux.1-dev,9984659,0.8177033066749573
black-forest-labs_flux.1-dev,10012874,-0.07689259946346283
black-forest-labs_flux.1-dev,10024569,0.30485185980796814
black-forest-labs_flux.1-dev,10080493,-1.6147338151931763
black-forest-labs_flux.1-dev,10106452,-0.6679232716560364
black-forest-labs_flux.1-dev,10198409,2.2790756225585938
black-forest-labs_flux.1-dev,10333317,1.0753049850463867
black-forest-labs_flux.1-dev,10408552,-1.7462204694747925
black-forest-labs_flux.1-dev,10444677,0.23060715198516846
black-forest-labs_flux.1-dev,10453357,1.6445738077163696
black-forest-labs_flux.1-dev,10548623,-1.524872899055481
black-forest-labs_flux.1-dev,10572128,-1.6095714569091797
black-forest-labs_flux.1-dev,10794014,0.6796597242355347
black-forest-labs_flux.1-dev,10939743,0.9561330080032349
black-forest-labs_flux.1-dev,11039909,0.1007288470864296
black-forest-labs_flux.1-dev,11334088,-0.2971731424331665
black-forest-labs_flux.1-dev,11417672,-0.8676968812942505
black-forest-labs_flux.1-dev,11437577,1.3762303590774536
black-forest-labs_flux.1-dev,11460338,1.0286802053451538
black-forest-labs_flux.1-dev,12345739,0.2967684268951416
black-forest-labs_flux.1-dev,12402348,-0.12312856316566467
black-forest-labs_flux.1-dev,13221529,0.9765647649765015
black-forest-labs_flux.1-dev,13290566,0.1583162099123001
black-forest-labs_flux.1-dev,13389475,1.5797724723815918
black-forest-labs_flux.1-dev,13390139,-1.4552383422851562
black-forest-labs_flux.1-dev,13390405,-2.0649492740631104
black-forest-labs_flux.1-dev,13392786,-0.4473556876182556
black-forest-labs_flux.1-dev,13649361,1.879657506942749
black-forest-labs_flux.1-dev,13716878,-1.4596997499465942
black-forest-labs_flux.1-dev,13884740,0.10032986104488373
black-forest-labs_flux.1-dev,13915305,0.4385918974876404
black-forest-labs_flux.1-dev,13931145,-0.7057920694351196
black-forest-labs_flux.1-dev,13984082,1.8255220651626587
black-forest-labs_flux.1-dev,14140678,0.12335174530744553
black-forest-labs_flux.1-dev,14195315,0.8974922895431519
black-forest-labs_flux.1-dev,14294568,-0.06998894363641739
black-forest-labs_flux.1-dev,14320813,0.31234750151634216
black-forest-labs_flux.1-dev,14360436,-0.9047357439994812
black-forest-labs_flux.1-dev,14488317,-1.9191429615020752
black-forest-labs_flux.1-dev,14533937,-0.08632702380418777
black-forest-labs_flux.1-dev,14550987,-0.14502407610416412
black-forest-labs_flux.1-dev,14579933,-0.07288061827421188
black-forest-labs_flux.1-dev,14606290,1.234695315361023
black-forest-labs_flux.1-dev,14620257,-0.14725884795188904
black-forest-labs_flux.1-dev,14632648,1.108656644821167
black-forest-labs_flux.1-dev,14647235,0.9977939128875732
black-forest-labs_flux.1-dev,14654954,-1.8874152898788452
black-forest-labs_flux.1-dev,14686352,-0.0396667942404747
black-forest-labs_flux.1-dev,14702875,0.21342426538467407
black-forest-labs_flux.1-dev,14703190,-0.336663156747818
black-forest-labs_flux.1-dev,14807929,1.6108598709106445
black-forest-labs_flux.1-dev,14809057,0.8009786009788513
black-forest-labs_flux.1-dev,14867690,1.2448703050613403
black-forest-labs_flux.1-dev,14872875,1.1248520612716675
black-forest-labs_flux.1-dev,14880557,-2.9568910598754883
black-forest-labs_flux.1-dev,14894140,0.2843225598335266
black-forest-labs_flux.1-dev,15180934,-0.5054847002029419
black-forest-labs_flux.1-dev,15970145,-1.1768074035644531
black-forest-labs_flux.1-dev,17002912,-0.48225629329681396
black-forest-labs_flux.1-dev,17012379,-0.5016087889671326
black-forest-labs_flux.1-dev,17282800,0.5933736562728882
black-forest-labs_flux.1-dev,17925539,-0.7788189053535461
black-forest-labs_flux.1-dev,18367104,-0.4178035855293274
black-forest-labs_flux.1-dev,18758723,1.8389533758163452
black-forest-labs_flux.1-dev,19143128,-1.0683776140213013
black-forest-labs_flux.1-dev,19671124,0.45295605063438416
black-forest-labs_flux.1-dev,19855707,-1.0932515859603882
black-forest-labs_flux.1-dev,19893872,-0.2529875636100769
black-forest-labs_flux.1-dev,20017667,-0.12471563369035721
black-forest-labs_flux.1-dev,20128079,-0.5654085278511047
black-forest-labs_flux.1-dev,20471134,0.04748068004846573
black-forest-labs_flux.1-dev,20495093,-1.2004607915878296
black-forest-labs_flux.1-dev,20782430,0.22701050341129303
black-forest-labs_flux.1-dev,21377549,0.8633682131767273
black-forest-labs_flux.1-dev,21564446,0.3460375964641571
black-forest-labs_flux.1-dev,21620388,-0.18138182163238525
black-forest-labs_flux.1-dev,22149540,-0.5731810331344604
black-forest-labs_flux.1-dev,22738759,-0.9815927743911743
black-forest-labs_flux.1-dev,22767176,-0.3939588665962219
black-forest-labs_flux.1-dev,23129661,-0.07916393131017685
black-forest-labs_flux.1-dev,23185551,-0.28106534481048584
black-forest-labs_flux.1-dev,23232427,0.15297244489192963
black-forest-labs_flux.1-dev,23257851,1.6571009159088135
black-forest-labs_flux.1-dev,23620789,-1.2800111770629883
black-forest-labs_flux.1-dev,24808131,1.64833402633667
black-forest-labs_flux.1-dev,24843217,-1.7617390155792236
black-forest-labs_flux.1-dev,24933378,0.5574833154678345
black-forest-labs_flux.1-dev,24942232,-0.7622165679931641
black-forest-labs_flux.1-dev,25290589,2.5157241821289062
black-forest-labs_flux.1-dev,25579216,1.8010294437408447
black-forest-labs_flux.1-dev,25685207,-1.928110957145691
black-forest-labs_flux.1-dev,25776594,0.7258040904998779
black-forest-labs_flux.1-dev,26078214,-1.7326443195343018
black-forest-labs_flux.1-dev,26746434,0.8421257734298706
black-forest-labs_flux.1-dev,26998039,-1.5419858694076538
black-forest-labs_flux.1-dev,27106238,-0.8278682827949524
black-forest-labs_flux.1-dev,27246777,-1.479496717453003
black-forest-labs_flux.1-dev,27768637,-1.5425466299057007
black-forest-labs_flux.1-dev,27871992,0.9390797019004822
black-forest-labs_flux.1-dev,28190972,0.18675848841667175
black-forest-labs_flux.1-dev,29094321,-0.9356450438499451
black-forest-labs_flux.1-dev,29148617,0.8221848607063293
black-forest-labs_flux.1-dev,29161294,-0.49639105796813965
black-forest-labs_flux.1-dev,29632917,-0.35072582960128784
black-forest-labs_flux.1-dev,29703209,0.9749863743782043
black-forest-labs_flux.1-dev,29779486,-0.24017208814620972
black-forest-labs_flux.1-dev,30028757,-0.17013196647167206
black-forest-labs_flux.1-dev,30225071,1.1822130680084229
black-forest-labs_flux.1-dev,30373565,-0.2649664282798767
black-forest-labs_flux.1-dev,30484086,0.5823049545288086
black-forest-labs_flux.1-dev,30883080,1.324485182762146
black-forest-labs_flux.1-dev,31114750,-1.3898268938064575
black-forest-labs_flux.1-dev,31196176,-0.41010135412216187
black-forest-labs_flux.1-dev,31391857,-0.21944530308246613
black-forest-labs_flux.1-dev,31595142,-0.3258800208568573
black-forest-labs_flux.1-dev,32152786,-0.13217173516750336
black-forest-labs_flux.1-dev,32327818,0.7459577322006226
black-forest-labs_flux.1-dev,32379732,-0.6445909142494202
black-forest-labs_flux.1-dev,32473966,0.2605692148208618
black-forest-labs_flux.1-dev,32902730,-0.8052347898483276
black-forest-labs_flux.1-dev,32932491,-0.6718223690986633
black-forest-labs_flux.1-dev,33006578,1.7341210842132568
black-forest-labs_flux.1-dev,33478721,-0.17212346196174622
black-forest-labs_flux.1-dev,34475997,0.8372084498405457
black-forest-labs_flux.1-dev,34578737,-0.848203182220459
black-forest-labs_flux.1-dev,34773230,0.8677695393562317
black-forest-labs_flux.1-dev,36507085,-0.5536243319511414
black-forest-labs_flux.1-dev,36678439,1.4695647954940796
black-forest-labs_flux.1-dev,37287360,2.130049467086792
black-forest-labs_flux.1-dev,37319253,1.3499492406845093
black-forest-labs_flux.1-dev,37547870,-1.7521514892578125
black-forest-labs_flux.1-dev,37736408,0.40228813886642456
black-forest-labs_flux.1-dev,38014258,0.23518222570419312
black-forest-labs_flux.1-dev,38297191,0.26006147265434265
black-forest-labs_flux.1-dev,38402744,0.3967740535736084
black-forest-labs_flux.1-dev,38954086,0.9311363101005554
black-forest-labs_flux.1-dev,39139190,-1.9924366474151611
black-forest-labs_flux.1-dev,39560404,-0.22031170129776
black-forest-labs_flux.1-dev,39566065,-1.8348140716552734
black-forest-labs_flux.1-dev,39595218,-0.7282618284225464
black-forest-labs_flux.1-dev,40825299,-0.8413344621658325
black-forest-labs_flux.1-dev,40945115,0.11172717064619064
black-forest-labs_flux.1-dev,40995095,-1.0976202487945557
black-forest-labs_flux.1-dev,41015844,1.4410169124603271
black-forest-labs_flux.1-dev,41031648,-0.5058095455169678
black-forest-labs_flux.1-dev,41161074,0.7669073939323425
black-forest-labs_flux.1-dev,41458919,1.3096644878387451
black-forest-labs_flux.1-dev,41565779,0.17128653824329376
black-forest-labs_flux.1-dev,41766391,-0.24206572771072388
black-forest-labs_flux.1-dev,41982710,-0.5605394244194031
black-forest-labs_flux.1-dev,42048260,-1.747357964515686
black-forest-labs_flux.1-dev,42849420,-2.80112886428833
black-forest-labs_flux.1-dev,42931583,-0.15559712052345276
black-forest-labs_flux.1-dev,43060946,-0.3085998594760895
black-forest-labs_flux.1-dev,43153800,0.5556133985519409
black-forest-labs_flux.1-dev,43161384,-0.14149630069732666
black-forest-labs_flux.1-dev,43301379,-0.966270923614502
black-forest-labs_flux.1-dev,43304323,-0.5267200469970703
black-forest-labs_flux.1-dev,43367797,-1.395268440246582
black-forest-labs_flux.1-dev,43431032,-0.8492202162742615
black-forest-labs_flux.1-dev,43631801,-1.2022840976715088
black-forest-labs_flux.1-dev,43735560,0.3271143436431885
black-forest-labs_flux.1-dev,43858443,-0.4644460082054138
black-forest-labs_flux.1-dev,43918624,0.7891777753829956
black-forest-labs_flux.1-dev,44280552,-2.0979678630828857
black-forest-labs_flux.1-dev,44295589,0.8014664649963379
black-forest-labs_flux.1-dev,44621915,-0.2427539825439453
black-forest-labs_flux.1-dev,44645737,0.04005374759435654
black-forest-labs_flux.1-dev,44838123,0.2469969391822815
black-forest-labs_flux.1-dev,45258070,0.6141048669815063
black-forest-labs_flux.1-dev,45297641,1.048658013343811
black-forest-labs_flux.1-dev,45418454,-1.4948233366012573
black-forest-labs_flux.1-dev,45564900,-0.6076111197471619
black-forest-labs_flux.1-dev,46150029,-0.9002101421356201
black-forest-labs_flux.1-dev,46394736,-0.399394690990448
black-forest-labs_flux.1-dev,46673664,-0.696220874786377
black-forest-labs_flux.1-dev,46994920,1.6549798250198364
black-forest-labs_flux.1-dev,47009060,-0.03812740743160248
black-forest-labs_flux.1-dev,47552953,-0.057109035551548004
black-forest-labs_flux.1-dev,47595220,-0.2896471619606018
black-forest-labs_flux.1-dev,47819321,0.4397800862789154
black-forest-labs_flux.1-dev,48223384,0.39222389459609985
black-forest-labs_flux.1-dev,48351897,-0.05673106759786606
black-forest-labs_flux.1-dev,48754831,-1.4146194458007812
black-forest-labs_flux.1-dev,49054805,-1.0462268590927124
black-forest-labs_flux.1-dev,49089576,-1.285500407218933
black-forest-labs_flux.1-dev,49300740,-0.20074519515037537
black-forest-labs_flux.1-dev,49358811,0.976683497428894
black-forest-labs_flux.1-dev,49462954,0.18881523609161377
black-forest-labs_flux.1-dev,50262859,-0.41106635332107544
black-forest-labs_flux.1-dev,50871471,0.19053378701210022
black-forest-labs_flux.1-dev,50952217,0.9261519312858582
black-forest-labs_flux.1-dev,51060824,-0.5897092223167419
black-forest-labs_flux.1-dev,51314050,0.43019378185272217
black-forest-labs_flux.1-dev,51946990,1.1282232999801636
black-forest-labs_flux.1-dev,52325745,-0.3656977117061615
black-forest-labs_flux.1-dev,52474100,-1.0770704746246338
black-forest-labs_flux.1-dev,52516409,-0.39519521594047546
black-forest-labs_flux.1-dev,52711595,0.42884162068367004
black-forest-labs_flux.1-dev,53022028,-2.310356855392456
black-forest-labs_flux.1-dev,53205877,2.3868489265441895
black-forest-labs_flux.1-dev,53288018,0.41491222381591797
black-forest-labs_flux.1-dev,53443611,-0.15729555487632751
black-forest-labs_flux.1-dev,53815934,-0.06326765567064285
black-forest-labs_flux.1-dev,54495173,0.23760512471199036
black-forest-labs_flux.1-dev,54931507,-0.9127474427223206
black-forest-labs_flux.1-dev,55191509,-0.17919059097766876
black-forest-labs_flux.1-dev,55255145,-0.8019706606864929
black-forest-labs_flux.1-dev,55457672,0.9071810245513916
black-forest-labs_flux.1-dev,55588327,-0.6581372022628784
black-forest-labs_flux.1-dev,55653646,-1.1117879152297974
black-forest-labs_flux.1-dev,55658809,0.5568066835403442
black-forest-labs_flux.1-dev,55812974,1.288954496383667
black-forest-labs_flux.1-dev,55819553,-1.3471051454544067
black-forest-labs_flux.1-dev,55826966,-0.028739934787154198
black-forest-labs_flux.1-dev,55983905,0.7713654637336731
black-forest-labs_flux.1-dev,56074056,-0.9797875881195068
black-forest-labs_flux.1-dev,56112588,0.5360749363899231
black-forest-labs_flux.1-dev,56121520,0.5302456021308899
black-forest-labs_flux.1-dev,56250900,-0.3359648585319519
black-forest-labs_flux.1-dev,56458800,-0.9143030643463135
black-forest-labs_flux.1-dev,56792430,-1.1801249980926514
black-forest-labs_flux.1-dev,56982260,0.292300820350647
black-forest-labs_flux.1-dev,57673976,-0.24501192569732666
black-forest-labs_flux.1-dev,57716963,-1.0886602401733398
black-forest-labs_flux.1-dev,57729980,0.058001525700092316
black-forest-labs_flux.1-dev,57785005,-0.6234365105628967
black-forest-labs_flux.1-dev,57873614,0.7692792415618896
black-forest-labs_flux.1-dev,58727024,0.866115927696228
black-forest-labs_flux.1-dev,58761464,-0.9028509855270386
black-forest-labs_flux.1-dev,59399259,1.1881712675094604
black-forest-labs_flux.1-dev,59976859,-0.15355709195137024
black-forest-labs_flux.1-dev,60083345,0.9101676940917969
black-forest-labs_flux.1-dev,60214770,0.8043195605278015
black-forest-labs_flux.1-dev,60215376,-0.49755680561065674
black-forest-labs_flux.1-dev,60375309,-0.15919125080108643
black-forest-labs_flux.1-dev,60606896,0.20241576433181763
black-forest-labs_flux.1-dev,60668084,-0.6978369951248169
black-forest-labs_flux.1-dev,61035709,-1.1856598854064941
black-forest-labs_flux.1-dev,61388266,0.1807890236377716
black-forest-labs_flux.1-dev,61627313,-0.6954813599586487
black-forest-labs_flux.1-dev,61635816,-0.14088088274002075
black-forest-labs_flux.1-dev,61853324,-0.5155885815620422
black-forest-labs_flux.1-dev,62408818,1.4633285999298096
black-forest-labs_flux.1-dev,62841330,-1.0503063201904297
black-forest-labs_flux.1-dev,63015570,-0.2240283489227295
black-forest-labs_flux.1-dev,63336441,1.6126554012298584
black-forest-labs_flux.1-dev,63633117,-1.791585922241211
black-forest-labs_flux.1-dev,64576544,-0.41625601053237915
black-forest-labs_flux.1-dev,64687077,0.9430516958236694
black-forest-labs_flux.1-dev,64693533,-0.28831541538238525
black-forest-labs_flux.1-dev,64856142,-2.760110855102539
black-forest-labs_flux.1-dev,65411270,-0.37929627299308777
black-forest-labs_flux.1-dev,65557844,0.8416315317153931
black-forest-labs_flux.1-dev,65824677,0.7672213315963745
black-forest-labs_flux.1-dev,65890875,-0.21372774243354797
black-forest-labs_flux.1-dev,65960228,-0.34902167320251465
black-forest-labs_flux.1-dev,66668538,0.6668432354927063
black-forest-labs_flux.1-dev,67344811,-0.8532683253288269
black-forest-labs_flux.1-dev,67949798,1.1878957748413086
black-forest-labs_flux.1-dev,68246844,-0.1557038426399231
black-forest-labs_flux.1-dev,68280322,0.3876621127128601
black-forest-labs_flux.1-dev,68321683,-1.2758642435073853
black-forest-labs_flux.1-dev,68380669,-2.0099356174468994
black-forest-labs_flux.1-dev,68575085,0.645168662071228
black-forest-labs_flux.1-dev,70380966,0.6297924518585205
black-forest-labs_flux.1-dev,70494671,-0.7000213861465454
black-forest-labs_flux.1-dev,71055464,-2.173585891723633
black-forest-labs_flux.1-dev,71591839,0.6904377937316895
black-forest-labs_flux.1-dev,71828875,0.041116438806056976
black-forest-labs_flux.1-dev,71910823,0.119790218770504
black-forest-labs_flux.1-dev,71959499,-1.0184110403060913
black-forest-labs_flux.1-dev,72432241,0.06334052234888077
black-forest-labs_flux.1-dev,72553814,-1.0724116563796997
black-forest-labs_flux.1-dev,73051579,0.17726998031139374
black-forest-labs_flux.1-dev,73600586,0.8851221799850464
black-forest-labs_flux.1-dev,73616417,-0.8399256467819214
black-forest-labs_flux.1-dev,73681289,0.15151670575141907
black-forest-labs_flux.1-dev,73962724,-0.3800731301307678
black-forest-labs_flux.1-dev,74175857,0.6845844388008118
black-forest-labs_flux.1-dev,75051801,0.2320360690355301
black-forest-labs_flux.1-dev,75787772,1.199499249458313
black-forest-labs_flux.1-dev,75944980,-0.2727084755897522
black-forest-labs_flux.1-dev,75964288,1.5295889377593994
black-forest-labs_flux.1-dev,76066166,0.6275273561477661
black-forest-labs_flux.1-dev,76100398,0.17895910143852234
black-forest-labs_flux.1-dev,76425345,-2.0226802825927734
black-forest-labs_flux.1-dev,77106105,0.21806801855564117
black-forest-labs_flux.1-dev,77132310,-1.1904590129852295
black-forest-labs_flux.1-dev,77232534,-0.6039726734161377
black-forest-labs_flux.1-dev,77312726,-0.7918903827667236
black-forest-labs_flux.1-dev,77358840,-0.23828011751174927
black-forest-labs_flux.1-dev,77490593,-0.4997452199459076
black-forest-labs_flux.1-dev,77726888,-0.9127110838890076
black-forest-labs_flux.1-dev,78735978,-0.7981413006782532
black-forest-labs_flux.1-dev,79077085,-1.1474543809890747
black-forest-labs_flux.1-dev,79212243,-2.158474922180176
black-forest-labs_flux.1-dev,79606917,-1.709282398223877
black-forest-labs_flux.1-dev,79918827,-0.5168229937553406
black-forest-labs_flux.1-dev,80289373,-0.08153301477432251
black-forest-labs_flux.1-dev,80371125,1.4765859842300415
black-forest-labs_flux.1-dev,80540387,-0.48524153232574463
black-forest-labs_flux.1-dev,81135077,-0.2754012942314148
black-forest-labs_flux.1-dev,81303945,-2.16890287399292
black-forest-labs_flux.1-dev,81435593,0.4775657057762146
black-forest-labs_flux.1-dev,82282590,0.17824789881706238
black-forest-labs_flux.1-dev,82696415,-1.9794118404388428
black-forest-labs_flux.1-dev,82916016,0.1557275950908661
black-forest-labs_flux.1-dev,83084473,-0.24673053622245789
black-forest-labs_flux.1-dev,83418847,-1.816234827041626
black-forest-labs_flux.1-dev,84089324,-0.9924110770225525
black-forest-labs_flux.1-dev,84306831,-0.5877741575241089
black-forest-labs_flux.1-dev,84510135,1.255262017250061
black-forest-labs_flux.1-dev,84788890,-1.5487210750579834
black-forest-labs_flux.1-dev,84985982,0.024895401671528816
black-forest-labs_flux.1-dev,85191733,-0.680812418460846
black-forest-labs_flux.1-dev,86119145,0.7588697075843811
black-forest-labs_flux.1-dev,86340862,-0.03670058399438858
black-forest-labs_flux.1-dev,86341828,-0.6068234443664551
black-forest-labs_flux.1-dev,86537356,0.5533162951469421
black-forest-labs_flux.1-dev,86701636,-0.6231502890586853
black-forest-labs_flux.1-dev,86714939,-0.578505277633667
black-forest-labs_flux.1-dev,87574583,0.5743862390518188
black-forest-labs_flux.1-dev,87699711,-0.23828789591789246
black-forest-labs_flux.1-dev,88016571,1.005658507347107
black-forest-labs_flux.1-dev,88087492,-0.4232195019721985
black-forest-labs_flux.1-dev,89227603,-1.460499882698059
black-forest-labs_flux.1-dev,89539854,0.8911519050598145
black-forest-labs_flux.1-dev,89926787,-0.10346690565347672
black-forest-labs_flux.1-dev,90244932,-0.526671290397644
black-forest-labs_flux.1-dev,90493027,-0.19709712266921997
black-forest-labs_flux.1-dev,90613035,1.1689631938934326
black-forest-labs_flux.1-dev,91368797,-0.9817814826965332
black-forest-labs_flux.1-dev,91784299,-0.08058951050043106
black-forest-labs_flux.1-dev,91790573,2.0718228816986084
black-forest-labs_flux.1-dev,91834546,-1.156693696975708
black-forest-labs_flux.1-dev,92068094,-0.870003342628479
black-forest-labs_flux.1-dev,92311656,-0.6056580543518066
black-forest-labs_flux.1-dev,92709444,0.9905382990837097
black-forest-labs_flux.1-dev,93114575,0.2715109884738922
black-forest-labs_flux.1-dev,93256557,0.4352101683616638
black-forest-labs_flux.1-dev,93407716,-0.547595202922821
black-forest-labs_flux.1-dev,93436296,0.3431752622127533
black-forest-labs_flux.1-dev,93512057,-0.4850515127182007
black-forest-labs_flux.1-dev,94006560,0.5911821722984314
black-forest-labs_flux.1-dev,94321535,-0.658209502696991
black-forest-labs_flux.1-dev,94532154,1.2407054901123047
black-forest-labs_flux.1-dev,95171107,-0.6983363032341003
black-forest-labs_flux.1-dev,95228839,1.5604493618011475
black-forest-labs_flux.1-dev,95325441,-0.5632832050323486
black-forest-labs_flux.1-dev,95450946,-0.83165043592453
black-forest-labs_flux.1-dev,95583911,-1.7982085943222046
black-forest-labs_flux.1-dev,95718306,-1.3230376243591309
black-forest-labs_flux.1-dev,95737828,0.5370739102363586
black-forest-labs_flux.1-dev,96448597,-0.36108171939849854
black-forest-labs_flux.1-dev,96482065,-1.0193861722946167
black-forest-labs_flux.1-dev,96521920,1.08642578125
black-forest-labs_flux.1-dev,96850153,-0.7832618951797485
black-forest-labs_flux.1-dev,98113191,-0.6336100101470947
black-forest-labs_flux.1-dev,98195317,-0.5384685397148132
black-forest-labs_flux.1-dev,98254655,-1.2258472442626953
black-forest-labs_flux.1-dev,98319500,-0.44568413496017456
black-forest-labs_flux.1-dev,98642787,-0.492559015750885
black-forest-labs_flux.1-dev,98646702,-0.34552761912345886
black-forest-labs_flux.1-dev,98929226,0.20768535137176514
black-forest-labs_flux.1-dev,99178779,-0.6476452350616455
black-forest-labs_flux.1-dev,99185892,0.5312156081199646
black-forest-labs_flux.1-dev,99211012,-0.3963109850883484
black-forest-labs_flux.1-dev,99410560,0.09831815958023071
black-forest-labs_flux.1-dev,99862294,-1.5555161237716675
kandinsky-community_kandinsky-3,138508,2.0537705421447754
kandinsky-community_kandinsky-3,192051,0.11042795330286026
kandinsky-community_kandinsky-3,213186,2.5151209831237793
kandinsky-community_kandinsky-3,232386,0.3581896126270294
kandinsky-community_kandinsky-3,232765,1.0700002908706665
kandinsky-community_kandinsky-3,258857,0.09301671385765076
kandinsky-community_kandinsky-3,283090,2.191558599472046
kandinsky-community_kandinsky-3,285141,-0.8152640461921692
kandinsky-community_kandinsky-3,399030,0.41191551089286804
kandinsky-community_kandinsky-3,440189,1.2487295866012573
kandinsky-community_kandinsky-3,445169,1.8088512420654297
kandinsky-community_kandinsky-3,486490,1.5120441913604736
kandinsky-community_kandinsky-3,487072,1.7730276584625244
kandinsky-community_kandinsky-3,487326,-0.9149404168128967
kandinsky-community_kandinsky-3,489837,1.5977801084518433
kandinsky-community_kandinsky-3,646833,-2.1347744464874268
kandinsky-community_kandinsky-3,708860,-0.7734793424606323
kandinsky-community_kandinsky-3,717208,0.6738492250442505
kandinsky-community_kandinsky-3,717468,-1.5637389421463013
kandinsky-community_kandinsky-3,735254,-2.2043111324310303
kandinsky-community_kandinsky-3,762478,-0.3204052150249481
kandinsky-community_kandinsky-3,825443,-0.38270431756973267
kandinsky-community_kandinsky-3,831919,-1.0802956819534302
kandinsky-community_kandinsky-3,896677,-0.8191105127334595
kandinsky-community_kandinsky-3,936620,-0.09803319722414017
kandinsky-community_kandinsky-3,974367,0.4999079704284668
kandinsky-community_kandinsky-3,993014,2.178834915161133
kandinsky-community_kandinsky-3,995855,1.0420293807983398
kandinsky-community_kandinsky-3,1113367,1.7949060201644897
kandinsky-community_kandinsky-3,1171644,-0.03028797172009945
kandinsky-community_kandinsky-3,1209135,0.5067200660705566
kandinsky-community_kandinsky-3,1317294,1.5416747331619263
kandinsky-community_kandinsky-3,1317533,-0.7371493577957153
kandinsky-community_kandinsky-3,1321854,0.31833651661872864
kandinsky-community_kandinsky-3,1377758,1.5999372005462646
kandinsky-community_kandinsky-3,1474832,1.7462226152420044
kandinsky-community_kandinsky-3,1516071,0.18280863761901855
kandinsky-community_kandinsky-3,1566705,0.22174270451068878
kandinsky-community_kandinsky-3,1640855,-0.7518765330314636
kandinsky-community_kandinsky-3,1668603,1.6071343421936035
kandinsky-community_kandinsky-3,1678990,-0.7555605173110962
kandinsky-community_kandinsky-3,1699831,1.3182653188705444
kandinsky-community_kandinsky-3,1707698,1.716119408607483
kandinsky-community_kandinsky-3,1727942,-1.2954531908035278
kandinsky-community_kandinsky-3,2045760,-1.2184743881225586
kandinsky-community_kandinsky-3,2075049,0.6249057650566101
kandinsky-community_kandinsky-3,2075764,0.04993139207363129
kandinsky-community_kandinsky-3,2241569,1.4880173206329346
kandinsky-community_kandinsky-3,2720725,0.7074707746505737
kandinsky-community_kandinsky-3,2721160,0.3984794318675995
kandinsky-community_kandinsky-3,2730265,-0.4087952673435211
kandinsky-community_kandinsky-3,2744395,0.5696990489959717
kandinsky-community_kandinsky-3,2770078,-1.1266779899597168
kandinsky-community_kandinsky-3,2793684,0.5491580963134766
kandinsky-community_kandinsky-3,2803666,0.5424220561981201
kandinsky-community_kandinsky-3,2807731,-1.2815688848495483
kandinsky-community_kandinsky-3,2821943,-1.4433503150939941
kandinsky-community_kandinsky-3,2824319,-0.028396187350153923
kandinsky-community_kandinsky-3,2825442,-0.3620077073574066
kandinsky-community_kandinsky-3,2852043,-0.20304034650325775
kandinsky-community_kandinsky-3,2870293,-2.119800329208374
kandinsky-community_kandinsky-3,2870880,-1.0414484739303589
kandinsky-community_kandinsky-3,2923535,0.6061410903930664
kandinsky-community_kandinsky-3,2933112,-0.7778477668762207
kandinsky-community_kandinsky-3,2963987,-0.6967516541481018
kandinsky-community_kandinsky-3,2991302,-0.6588965654373169
kandinsky-community_kandinsky-3,3024209,-0.5863558053970337
kandinsky-community_kandinsky-3,3035832,-0.667555570602417
kandinsky-community_kandinsky-3,3049457,-0.9847626686096191
kandinsky-community_kandinsky-3,3107488,1.5244163274765015
kandinsky-community_kandinsky-3,3131388,0.8785293102264404
kandinsky-community_kandinsky-3,3131669,-0.4062466621398926
kandinsky-community_kandinsky-3,3152830,0.10283559560775757
kandinsky-community_kandinsky-3,3249569,1.0844218730926514
kandinsky-community_kandinsky-3,3262349,0.0694757029414177
kandinsky-community_kandinsky-3,3288500,-0.6523275375366211
kandinsky-community_kandinsky-3,3298716,-0.8130576610565186
kandinsky-community_kandinsky-3,3308246,-0.11103228479623795
kandinsky-community_kandinsky-3,3309110,1.6034724712371826
kandinsky-community_kandinsky-3,3347220,-1.57229483127594
kandinsky-community_kandinsky-3,3353281,-1.674277901649475
kandinsky-community_kandinsky-3,3366112,0.8244069218635559
kandinsky-community_kandinsky-3,3411927,-0.3274132311344147
kandinsky-community_kandinsky-3,3456665,-0.010690813884139061
kandinsky-community_kandinsky-3,3563208,1.0038565397262573
kandinsky-community_kandinsky-3,3580281,-0.2774733006954193
kandinsky-community_kandinsky-3,3603442,0.5340544581413269
kandinsky-community_kandinsky-3,3607029,0.5450025796890259
kandinsky-community_kandinsky-3,3628071,2.007256269454956
kandinsky-community_kandinsky-3,3630383,-2.21565580368042
kandinsky-community_kandinsky-3,3676483,-0.4056554436683655
kandinsky-community_kandinsky-3,3679712,-2.171248197555542
kandinsky-community_kandinsky-3,3685307,0.23488961160182953
kandinsky-community_kandinsky-3,3703463,0.24763643741607666
kandinsky-community_kandinsky-3,3714235,0.8118595480918884
kandinsky-community_kandinsky-3,3728318,2.1304869651794434
kandinsky-community_kandinsky-3,3748162,0.34151798486709595
kandinsky-community_kandinsky-3,3764276,0.4746928811073303
kandinsky-community_kandinsky-3,3818090,0.994711697101593
kandinsky-community_kandinsky-3,3842156,-1.5153303146362305
kandinsky-community_kandinsky-3,3880032,1.0309661626815796
kandinsky-community_kandinsky-3,3889343,-0.44701310992240906
kandinsky-community_kandinsky-3,3907654,-0.09552549570798874
kandinsky-community_kandinsky-3,3940713,-0.9844039678573608
kandinsky-community_kandinsky-3,3975232,-0.8399160504341125
kandinsky-community_kandinsky-3,3982060,-0.07199558615684509
kandinsky-community_kandinsky-3,3990474,-1.1379430294036865
kandinsky-community_kandinsky-3,4010305,0.7254382967948914
kandinsky-community_kandinsky-3,4025130,0.3475222587585449
kandinsky-community_kandinsky-3,4062807,1.200209617614746
kandinsky-community_kandinsky-3,4123448,-1.1490787267684937
kandinsky-community_kandinsky-3,4125853,0.5183468461036682
kandinsky-community_kandinsky-3,4140340,0.40613996982574463
kandinsky-community_kandinsky-3,4145056,-0.058860428631305695
kandinsky-community_kandinsky-3,4192521,-1.0146219730377197
kandinsky-community_kandinsky-3,4259202,1.3359758853912354
kandinsky-community_kandinsky-3,4285773,-0.55784010887146
kandinsky-community_kandinsky-3,4345028,-0.8219982385635376
kandinsky-community_kandinsky-3,4387201,0.19848354160785675
kandinsky-community_kandinsky-3,4416901,2.7010419368743896
kandinsky-community_kandinsky-3,4455579,-0.0797717347741127
kandinsky-community_kandinsky-3,4497570,0.587020754814148
kandinsky-community_kandinsky-3,4534520,1.6568838357925415
kandinsky-community_kandinsky-3,4539203,-1.135777473449707
kandinsky-community_kandinsky-3,4552551,-1.1165940761566162
kandinsky-community_kandinsky-3,4596797,-1.0773792266845703
kandinsky-community_kandinsky-3,4832208,-1.706351399421692
kandinsky-community_kandinsky-3,4930139,-0.6224918961524963
kandinsky-community_kandinsky-3,5008085,0.38598889112472534
kandinsky-community_kandinsky-3,5219923,1.8803231716156006
kandinsky-community_kandinsky-3,5316083,1.1735131740570068
kandinsky-community_kandinsky-3,5350912,0.6737738251686096
kandinsky-community_kandinsky-3,5374860,0.912198543548584
kandinsky-community_kandinsky-3,5410315,1.3244209289550781
kandinsky-community_kandinsky-3,5522784,1.373307704925537
kandinsky-community_kandinsky-3,5728577,-0.5401865243911743
kandinsky-community_kandinsky-3,5752544,-0.6554466485977173
kandinsky-community_kandinsky-3,5794797,0.16874495148658752
kandinsky-community_kandinsky-3,5895919,-0.6226454973220825
kandinsky-community_kandinsky-3,5958517,0.07585334032773972
kandinsky-community_kandinsky-3,6189776,0.09548472613096237
kandinsky-community_kandinsky-3,6528587,0.37611109018325806
kandinsky-community_kandinsky-3,6584891,1.5278626680374146
kandinsky-community_kandinsky-3,6586355,1.4162129163742065
kandinsky-community_kandinsky-3,6607809,0.3831269145011902
kandinsky-community_kandinsky-3,6615026,-0.10018830746412277
kandinsky-community_kandinsky-3,6615458,-0.2155105322599411
kandinsky-community_kandinsky-3,6615818,-0.5680356025695801
kandinsky-community_kandinsky-3,6616314,0.1207905039191246
kandinsky-community_kandinsky-3,6617011,-1.719005823135376
kandinsky-community_kandinsky-3,6617413,0.2866821587085724
kandinsky-community_kandinsky-3,6729499,-1.8031426668167114
kandinsky-community_kandinsky-3,6880664,1.120286226272583
kandinsky-community_kandinsky-3,6883725,1.237746238708496
kandinsky-community_kandinsky-3,6946774,-0.21599620580673218
kandinsky-community_kandinsky-3,7025268,0.7769637107849121
kandinsky-community_kandinsky-3,7109847,-0.248216450214386
kandinsky-community_kandinsky-3,7116261,-0.33802086114883423
kandinsky-community_kandinsky-3,7150023,-0.2701128125190735
kandinsky-community_kandinsky-3,7163803,0.16585904359817505
kandinsky-community_kandinsky-3,7507098,1.3555991649627686
kandinsky-community_kandinsky-3,7596684,0.9925830364227295
kandinsky-community_kandinsky-3,7597365,1.3063435554504395
kandinsky-community_kandinsky-3,7601809,1.5393143892288208
kandinsky-community_kandinsky-3,7605282,1.702652931213379
kandinsky-community_kandinsky-3,7606419,1.1349272727966309
kandinsky-community_kandinsky-3,7607707,0.7069461345672607
kandinsky-community_kandinsky-3,7608721,0.6612791419029236
kandinsky-community_kandinsky-3,7625977,2.0966975688934326
kandinsky-community_kandinsky-3,7626721,0.09061881899833679
kandinsky-community_kandinsky-3,7626833,-0.37121719121932983
kandinsky-community_kandinsky-3,7627310,0.1410747915506363
kandinsky-community_kandinsky-3,7651454,0.7275317907333374
kandinsky-community_kandinsky-3,7654438,-0.9697225689888
kandinsky-community_kandinsky-3,7664468,-1.2991247177124023
kandinsky-community_kandinsky-3,7698915,-0.8567126989364624
kandinsky-community_kandinsky-3,7700167,-0.7402914762496948
kandinsky-community_kandinsky-3,7700868,-1.6652182340621948
kandinsky-community_kandinsky-3,7701244,0.2543847858905792
kandinsky-community_kandinsky-3,7702193,0.29832643270492554
kandinsky-community_kandinsky-3,7710616,0.6725390553474426
kandinsky-community_kandinsky-3,7834065,0.38435667753219604
kandinsky-community_kandinsky-3,7854266,0.4684503376483917
kandinsky-community_kandinsky-3,7854455,0.015469679608941078
kandinsky-community_kandinsky-3,7871940,-0.6246269941329956
kandinsky-community_kandinsky-3,7891189,-0.491804301738739
kandinsky-community_kandinsky-3,7897116,-0.619935929775238
kandinsky-community_kandinsky-3,7914271,-1.526566743850708
kandinsky-community_kandinsky-3,7922764,-1.1755071878433228
kandinsky-community_kandinsky-3,7929519,0.7047529220581055
kandinsky-community_kandinsky-3,7933274,-0.17828701436519623
kandinsky-community_kandinsky-3,7933530,-0.24657118320465088
kandinsky-community_kandinsky-3,8089797,2.0003514289855957
kandinsky-community_kandinsky-3,8095160,-1.0441614389419556
kandinsky-community_kandinsky-3,8124208,-0.06137806922197342
kandinsky-community_kandinsky-3,8339939,0.5888118743896484
kandinsky-community_kandinsky-3,8876291,-1.6568187475204468
kandinsky-community_kandinsky-3,9020389,1.5694012641906738
kandinsky-community_kandinsky-3,9044146,2.5428106784820557
kandinsky-community_kandinsky-3,9057052,-2.2718074321746826
kandinsky-community_kandinsky-3,9427682,-0.866585373878479
kandinsky-community_kandinsky-3,9580065,0.591788113117218
kandinsky-community_kandinsky-3,9719434,-0.3281400799751282
kandinsky-community_kandinsky-3,9793248,-0.4874266982078552
kandinsky-community_kandinsky-3,9794211,2.1705644130706787
kandinsky-community_kandinsky-3,9862621,0.07362549751996994
kandinsky-community_kandinsky-3,9875188,-1.5552716255187988
kandinsky-community_kandinsky-3,9984659,-0.4969403147697449
kandinsky-community_kandinsky-3,10012874,1.229667067527771
kandinsky-community_kandinsky-3,10024569,0.36980748176574707
kandinsky-community_kandinsky-3,10080493,-0.7747046947479248
kandinsky-community_kandinsky-3,10106452,2.317558765411377
kandinsky-community_kandinsky-3,10198409,1.6521618366241455
kandinsky-community_kandinsky-3,10333317,-1.2183337211608887
kandinsky-community_kandinsky-3,10408552,1.2358540296554565
kandinsky-community_kandinsky-3,10444677,-0.9031718373298645
kandinsky-community_kandinsky-3,10453357,0.784429669380188
kandinsky-community_kandinsky-3,10548623,-0.7812458872795105
kandinsky-community_kandinsky-3,10572128,-2.093186378479004
kandinsky-community_kandinsky-3,10794014,-0.224861279129982
kandinsky-community_kandinsky-3,10939743,1.8241593837738037
kandinsky-community_kandinsky-3,11039909,-0.15990963578224182
kandinsky-community_kandinsky-3,11334088,0.04389367997646332
kandinsky-community_kandinsky-3,11417672,1.482149362564087
kandinsky-community_kandinsky-3,11437577,1.663313865661621
kandinsky-community_kandinsky-3,11460338,0.6855999231338501
kandinsky-community_kandinsky-3,12345739,0.8770011067390442
kandinsky-community_kandinsky-3,12402348,2.451349973678589
kandinsky-community_kandinsky-3,13221529,2.8388547897338867
kandinsky-community_kandinsky-3,13290566,-0.4947103261947632
kandinsky-community_kandinsky-3,13389475,-0.3264530301094055
kandinsky-community_kandinsky-3,13390139,-1.1266541481018066
kandinsky-community_kandinsky-3,13390405,-1.3916805982589722
kandinsky-community_kandinsky-3,13392786,-1.2184600830078125
kandinsky-community_kandinsky-3,13649361,1.1757625341415405
kandinsky-community_kandinsky-3,13716878,-0.8308090567588806
kandinsky-community_kandinsky-3,13884740,1.697685718536377
kandinsky-community_kandinsky-3,13915305,1.2667313814163208
kandinsky-community_kandinsky-3,13931145,-0.6587810516357422
kandinsky-community_kandinsky-3,13984082,0.6078467965126038
kandinsky-community_kandinsky-3,14140678,0.6491252183914185
kandinsky-community_kandinsky-3,14195315,0.8152440190315247
kandinsky-community_kandinsky-3,14294568,-0.9498324394226074
kandinsky-community_kandinsky-3,14320813,0.798892080783844
kandinsky-community_kandinsky-3,14360436,1.8646795749664307
kandinsky-community_kandinsky-3,14488317,0.9568310976028442
kandinsky-community_kandinsky-3,14533937,0.8053396940231323
kandinsky-community_kandinsky-3,14550987,1.255878210067749
kandinsky-community_kandinsky-3,14579933,-0.5066176056861877
kandinsky-community_kandinsky-3,14606290,1.3625683784484863
kandinsky-community_kandinsky-3,14620257,-1.0938613414764404
kandinsky-community_kandinsky-3,14632648,1.544189691543579
kandinsky-community_kandinsky-3,14647235,1.7277125120162964
kandinsky-community_kandinsky-3,14654954,0.864709198474884
kandinsky-community_kandinsky-3,14686352,1.6149661540985107
kandinsky-community_kandinsky-3,14702875,1.6204602718353271
kandinsky-community_kandinsky-3,14703190,1.651782512664795
kandinsky-community_kandinsky-3,14807929,2.0735158920288086
kandinsky-community_kandinsky-3,14809057,0.985767662525177
kandinsky-community_kandinsky-3,14867690,0.12483476847410202
kandinsky-community_kandinsky-3,14872875,2.14479923248291
kandinsky-community_kandinsky-3,14880557,-0.5305678844451904
kandinsky-community_kandinsky-3,14894140,1.288158893585205
kandinsky-community_kandinsky-3,15180934,0.5959994792938232
kandinsky-community_kandinsky-3,15970145,0.3149498403072357
kandinsky-community_kandinsky-3,17002912,-0.6661391854286194
kandinsky-community_kandinsky-3,17012379,1.0391724109649658
kandinsky-community_kandinsky-3,17282800,0.0332060381770134
kandinsky-community_kandinsky-3,17925539,-0.6428468823432922
kandinsky-community_kandinsky-3,18367104,-0.2539014220237732
kandinsky-community_kandinsky-3,18758723,-0.15715180337429047
kandinsky-community_kandinsky-3,19143128,-1.2098724842071533
kandinsky-community_kandinsky-3,19671124,-0.744583249092102
kandinsky-community_kandinsky-3,19855707,-0.7114890217781067
kandinsky-community_kandinsky-3,19893872,-0.8050452470779419
kandinsky-community_kandinsky-3,20017667,-0.5667308568954468
kandinsky-community_kandinsky-3,20128079,0.15604624152183533
kandinsky-community_kandinsky-3,20471134,-1.9991645812988281
kandinsky-community_kandinsky-3,20495093,-1.6392900943756104
kandinsky-community_kandinsky-3,20782430,1.5202903747558594
kandinsky-community_kandinsky-3,21377549,0.3851419687271118
kandinsky-community_kandinsky-3,21564446,0.10862214118242264
kandinsky-community_kandinsky-3,21620388,-1.070243239402771
kandinsky-community_kandinsky-3,22149540,-0.732170045375824
kandinsky-community_kandinsky-3,22738759,-0.0028853286057710648
kandinsky-community_kandinsky-3,22767176,0.07342218607664108
kandinsky-community_kandinsky-3,23129661,0.2447572946548462
kandinsky-community_kandinsky-3,23185551,0.04322081804275513
kandinsky-community_kandinsky-3,23232427,1.373844027519226
kandinsky-community_kandinsky-3,23257851,1.353960394859314
kandinsky-community_kandinsky-3,23620789,-0.5317395925521851
kandinsky-community_kandinsky-3,24808131,-0.03174667805433273
kandinsky-community_kandinsky-3,24843217,-1.2640841007232666
kandinsky-community_kandinsky-3,24933378,-0.25047364830970764
kandinsky-community_kandinsky-3,24942232,-0.5469731092453003
kandinsky-community_kandinsky-3,25290589,1.0002998113632202
kandinsky-community_kandinsky-3,25579216,1.1529614925384521
kandinsky-community_kandinsky-3,25685207,-1.8781071901321411
kandinsky-community_kandinsky-3,25776594,1.8011460304260254
kandinsky-community_kandinsky-3,26078214,-1.630345344543457
kandinsky-community_kandinsky-3,26746434,1.7250161170959473
kandinsky-community_kandinsky-3,26998039,-0.9596467614173889
kandinsky-community_kandinsky-3,27106238,-1.1345100402832031
kandinsky-community_kandinsky-3,27246777,-1.3391616344451904
kandinsky-community_kandinsky-3,27768637,1.1884057521820068
kandinsky-community_kandinsky-3,27871992,-0.7776060104370117
kandinsky-community_kandinsky-3,28190972,-0.7145380973815918
kandinsky-community_kandinsky-3,29094321,-0.5738356709480286
kandinsky-community_kandinsky-3,29148617,0.42568036913871765
kandinsky-community_kandinsky-3,29161294,0.6564040780067444
kandinsky-community_kandinsky-3,29632917,0.31277135014533997
kandinsky-community_kandinsky-3,29703209,1.2419750690460205
kandinsky-community_kandinsky-3,29779486,-1.16668701171875
kandinsky-community_kandinsky-3,30028757,0.12088539451360703
kandinsky-community_kandinsky-3,30225071,0.6839497089385986
kandinsky-community_kandinsky-3,30373565,-1.4184072017669678
kandinsky-community_kandinsky-3,30484086,0.553628146648407
kandinsky-community_kandinsky-3,30883080,-0.16534805297851562
kandinsky-community_kandinsky-3,31114750,-1.8139922618865967
kandinsky-community_kandinsky-3,31196176,1.4771738052368164
kandinsky-community_kandinsky-3,31391857,0.18445466458797455
kandinsky-community_kandinsky-3,31595142,-0.5180445909500122
kandinsky-community_kandinsky-3,32152786,-1.8073132038116455
kandinsky-community_kandinsky-3,32327818,0.7052389979362488
kandinsky-community_kandinsky-3,32379732,-0.6989427804946899
kandinsky-community_kandinsky-3,32473966,1.0456809997558594
kandinsky-community_kandinsky-3,32902730,-0.15548285841941833
kandinsky-community_kandinsky-3,32932491,0.2745037376880646
kandinsky-community_kandinsky-3,33006578,-1.4149562120437622
kandinsky-community_kandinsky-3,33478721,2.195892810821533
kandinsky-community_kandinsky-3,34475997,3.02710223197937
kandinsky-community_kandinsky-3,34578737,-0.26382505893707275
kandinsky-community_kandinsky-3,34773230,0.6545247435569763
kandinsky-community_kandinsky-3,36507085,-0.9791678190231323
kandinsky-community_kandinsky-3,36678439,1.6258031129837036
kandinsky-community_kandinsky-3,37287360,0.33481693267822266
kandinsky-community_kandinsky-3,37319253,1.2817925214767456
kandinsky-community_kandinsky-3,37547870,-0.14826896786689758
kandinsky-community_kandinsky-3,37736408,0.22147877514362335
kandinsky-community_kandinsky-3,38014258,1.3430646657943726
kandinsky-community_kandinsky-3,38297191,-0.9808084964752197
kandinsky-community_kandinsky-3,38402744,-1.2484837770462036
kandinsky-community_kandinsky-3,38954086,1.1434504985809326
kandinsky-community_kandinsky-3,39139190,-0.11585044115781784
kandinsky-community_kandinsky-3,39560404,1.769622802734375
kandinsky-community_kandinsky-3,39566065,-0.7267247438430786
kandinsky-community_kandinsky-3,39595218,0.5647892355918884
kandinsky-community_kandinsky-3,40825299,-0.3599408268928528
kandinsky-community_kandinsky-3,40945115,0.3655983507633209
kandinsky-community_kandinsky-3,40995095,1.0382916927337646
kandinsky-community_kandinsky-3,41015844,-1.0426172018051147
kandinsky-community_kandinsky-3,41031648,0.31335383653640747
kandinsky-community_kandinsky-3,41161074,0.6745534539222717
kandinsky-community_kandinsky-3,41458919,0.6071203947067261
kandinsky-community_kandinsky-3,41565779,1.2635011672973633
kandinsky-community_kandinsky-3,41766391,0.5857188701629639
kandinsky-community_kandinsky-3,41982710,-0.26345980167388916
kandinsky-community_kandinsky-3,42048260,-2.3493456840515137
kandinsky-community_kandinsky-3,42849420,-2.2220489978790283
kandinsky-community_kandinsky-3,42931583,0.1941072642803192
kandinsky-community_kandinsky-3,43060946,0.6190383434295654
kandinsky-community_kandinsky-3,43153800,0.05963432788848877
kandinsky-community_kandinsky-3,43161384,0.9209986925125122
kandinsky-community_kandinsky-3,43301379,0.1746196746826172
kandinsky-community_kandinsky-3,43304323,-0.2649417519569397
kandinsky-community_kandinsky-3,43367797,0.3231561779975891
kandinsky-community_kandinsky-3,43431032,-1.1139029264450073
kandinsky-community_kandinsky-3,43631801,1.246187448501587
kandinsky-community_kandinsky-3,43735560,0.9864847660064697
kandinsky-community_kandinsky-3,43858443,-0.8768259882926941
kandinsky-community_kandinsky-3,43918624,1.183516502380371
kandinsky-community_kandinsky-3,44280552,0.36760395765304565
kandinsky-community_kandinsky-3,44295589,-0.906684398651123
kandinsky-community_kandinsky-3,44621915,-1.0563218593597412
kandinsky-community_kandinsky-3,44645737,-0.6330047845840454
kandinsky-community_kandinsky-3,44838123,-0.04366973787546158
kandinsky-community_kandinsky-3,45258070,1.9463400840759277
kandinsky-community_kandinsky-3,45297641,-0.9095271229743958
kandinsky-community_kandinsky-3,45418454,0.6005825996398926
kandinsky-community_kandinsky-3,45564900,2.840330123901367
kandinsky-community_kandinsky-3,46150029,1.4255118370056152
kandinsky-community_kandinsky-3,46394736,0.03685637563467026
kandinsky-community_kandinsky-3,46673664,-0.6988051533699036
kandinsky-community_kandinsky-3,46994920,2.3251407146453857
kandinsky-community_kandinsky-3,47009060,-0.23996731638908386
kandinsky-community_kandinsky-3,47552953,-1.2824106216430664
kandinsky-community_kandinsky-3,47595220,0.8933231830596924
kandinsky-community_kandinsky-3,47819321,-0.8521370887756348
kandinsky-community_kandinsky-3,48223384,1.0216361284255981
kandinsky-community_kandinsky-3,48351897,0.7030990123748779
kandinsky-community_kandinsky-3,48754831,-0.734010636806488
kandinsky-community_kandinsky-3,49054805,-0.9317240118980408
kandinsky-community_kandinsky-3,49089576,0.22774599492549896
kandinsky-community_kandinsky-3,49300740,0.657922089099884
kandinsky-community_kandinsky-3,49358811,-0.5539329051971436
kandinsky-community_kandinsky-3,49462954,0.8893118500709534
kandinsky-community_kandinsky-3,50262859,-1.3695361614227295
kandinsky-community_kandinsky-3,50871471,-0.8004145622253418
kandinsky-community_kandinsky-3,50952217,1.5796679258346558
kandinsky-community_kandinsky-3,51060824,-0.0890965536236763
kandinsky-community_kandinsky-3,51314050,1.8305739164352417
kandinsky-community_kandinsky-3,51946990,-0.06939875334501266
kandinsky-community_kandinsky-3,52325745,-0.07475493103265762
kandinsky-community_kandinsky-3,52474100,1.3916008472442627
kandinsky-community_kandinsky-3,52516409,-1.2514252662658691
kandinsky-community_kandinsky-3,52711595,-0.6468450427055359
kandinsky-community_kandinsky-3,53022028,-0.25983867049217224
kandinsky-community_kandinsky-3,53205877,-0.3693561851978302
kandinsky-community_kandinsky-3,53288018,0.8593124747276306
kandinsky-community_kandinsky-3,53443611,-0.21912875771522522
kandinsky-community_kandinsky-3,53815934,1.6190643310546875
kandinsky-community_kandinsky-3,54495173,-0.34835484623908997
kandinsky-community_kandinsky-3,54931507,0.9405388236045837
kandinsky-community_kandinsky-3,55191509,0.17194825410842896
kandinsky-community_kandinsky-3,55255145,-0.5549368858337402
kandinsky-community_kandinsky-3,55457672,-1.058364987373352
kandinsky-community_kandinsky-3,55588327,-0.601803719997406
kandinsky-community_kandinsky-3,55653646,-0.6885188221931458
kandinsky-community_kandinsky-3,55658809,0.31268617510795593
kandinsky-community_kandinsky-3,55812974,2.3334133625030518
kandinsky-community_kandinsky-3,55819553,0.7644915580749512
kandinsky-community_kandinsky-3,55826966,1.8655116558074951
kandinsky-community_kandinsky-3,55983905,-0.21858909726142883
kandinsky-community_kandinsky-3,56074056,-0.30731379985809326
kandinsky-community_kandinsky-3,56112588,1.4014835357666016
kandinsky-community_kandinsky-3,56121520,2.262695789337158
kandinsky-community_kandinsky-3,56250900,1.0964275598526
kandinsky-community_kandinsky-3,56458800,-0.616238534450531
kandinsky-community_kandinsky-3,56792430,0.4096815884113312
kandinsky-community_kandinsky-3,56982260,0.3024401068687439
kandinsky-community_kandinsky-3,57673976,-0.267535537481308
kandinsky-community_kandinsky-3,57716963,-1.67428457736969
kandinsky-community_kandinsky-3,57729980,0.7304688096046448
kandinsky-community_kandinsky-3,57785005,0.8398092985153198
kandinsky-community_kandinsky-3,57873614,-0.4740665555000305
kandinsky-community_kandinsky-3,58727024,0.9669926166534424
kandinsky-community_kandinsky-3,58761464,0.29939723014831543
kandinsky-community_kandinsky-3,59399259,1.3384361267089844
kandinsky-community_kandinsky-3,59976859,-0.5934204459190369
kandinsky-community_kandinsky-3,60083345,1.267824649810791
kandinsky-community_kandinsky-3,60214770,1.8291198015213013
kandinsky-community_kandinsky-3,60215376,0.22798998653888702
kandinsky-community_kandinsky-3,60375309,0.2602123022079468
kandinsky-community_kandinsky-3,60606896,-0.36451256275177
kandinsky-community_kandinsky-3,60668084,-0.9439347982406616
kandinsky-community_kandinsky-3,61035709,-0.1186639741063118
kandinsky-community_kandinsky-3,61388266,1.6911457777023315
kandinsky-community_kandinsky-3,61627313,-0.2649378776550293
kandinsky-community_kandinsky-3,61635816,-0.5780640840530396
kandinsky-community_kandinsky-3,61853324,-0.22934865951538086
kandinsky-community_kandinsky-3,62408818,1.901986002922058
kandinsky-community_kandinsky-3,62841330,-1.3520234823226929
kandinsky-community_kandinsky-3,63015570,1.85117506980896
kandinsky-community_kandinsky-3,63336441,0.7127302289009094
kandinsky-community_kandinsky-3,63633117,-1.260380744934082
kandinsky-community_kandinsky-3,64576544,0.759967029094696
kandinsky-community_kandinsky-3,64687077,0.8060466647148132
kandinsky-community_kandinsky-3,64693533,-0.40012842416763306
kandinsky-community_kandinsky-3,64856142,-1.6721497774124146
kandinsky-community_kandinsky-3,65411270,-0.7760328054428101
kandinsky-community_kandinsky-3,65557844,-0.25327807664871216
kandinsky-community_kandinsky-3,65824677,2.393840789794922
kandinsky-community_kandinsky-3,65890875,-1.6881846189498901
kandinsky-community_kandinsky-3,65960228,-0.25412505865097046
kandinsky-community_kandinsky-3,66668538,1.4889646768569946
kandinsky-community_kandinsky-3,67344811,-0.9633446931838989
kandinsky-community_kandinsky-3,67949798,-0.2955578863620758
kandinsky-community_kandinsky-3,68246844,0.44905006885528564
kandinsky-community_kandinsky-3,68280322,1.161154866218567
kandinsky-community_kandinsky-3,68321683,-0.3647959232330322
kandinsky-community_kandinsky-3,68380669,-0.8624075055122375
kandinsky-community_kandinsky-3,68575085,-1.104115605354309
kandinsky-community_kandinsky-3,70380966,1.922722578048706
kandinsky-community_kandinsky-3,70494671,0.8149611949920654
kandinsky-community_kandinsky-3,71055464,-1.9211695194244385
kandinsky-community_kandinsky-3,71591839,1.6201926469802856
kandinsky-community_kandinsky-3,71828875,2.0268917083740234
kandinsky-community_kandinsky-3,71910823,0.8717989921569824
kandinsky-community_kandinsky-3,71959499,-0.5525737404823303
kandinsky-community_kandinsky-3,72432241,1.0278855562210083
kandinsky-community_kandinsky-3,72553814,-0.48774075508117676
kandinsky-community_kandinsky-3,73051579,-0.9186914563179016
kandinsky-community_kandinsky-3,73600586,2.4215824604034424
kandinsky-community_kandinsky-3,73616417,-1.3568485975265503
kandinsky-community_kandinsky-3,73681289,0.3863564431667328
kandinsky-community_kandinsky-3,73962724,-0.23391133546829224
kandinsky-community_kandinsky-3,74175857,0.5933704376220703
kandinsky-community_kandinsky-3,75051801,0.8764787912368774
kandinsky-community_kandinsky-3,75787772,0.345464289188385
kandinsky-community_kandinsky-3,75944980,0.8992315530776978
kandinsky-community_kandinsky-3,75964288,0.11263208091259003
kandinsky-community_kandinsky-3,76066166,-1.6511584520339966
kandinsky-community_kandinsky-3,76100398,0.6470396518707275
kandinsky-community_kandinsky-3,76425345,-0.8789600729942322
kandinsky-community_kandinsky-3,77106105,0.6399825811386108
kandinsky-community_kandinsky-3,77132310,-1.1191985607147217
kandinsky-community_kandinsky-3,77232534,-0.9408682584762573
kandinsky-community_kandinsky-3,77312726,1.4579404592514038
kandinsky-community_kandinsky-3,77358840,-0.7088228464126587
kandinsky-community_kandinsky-3,77490593,-0.37793731689453125
kandinsky-community_kandinsky-3,77726888,-0.5045245289802551
kandinsky-community_kandinsky-3,78735978,-0.9178523421287537
kandinsky-community_kandinsky-3,79077085,-0.4538612961769104
kandinsky-community_kandinsky-3,79212243,-1.3618314266204834
kandinsky-community_kandinsky-3,79606917,-1.0701310634613037
kandinsky-community_kandinsky-3,79918827,-1.707512617111206
kandinsky-community_kandinsky-3,80289373,1.861620545387268
kandinsky-community_kandinsky-3,80371125,1.4468916654586792
kandinsky-community_kandinsky-3,80540387,-0.8414197564125061
kandinsky-community_kandinsky-3,81135077,-0.7749858498573303
kandinsky-community_kandinsky-3,81303945,-2.1202926635742188
kandinsky-community_kandinsky-3,81435593,0.938795804977417
kandinsky-community_kandinsky-3,82282590,-0.05444865673780441
kandinsky-community_kandinsky-3,82696415,-1.2283662557601929
kandinsky-community_kandinsky-3,82916016,1.1244614124298096
kandinsky-community_kandinsky-3,83084473,-0.14837807416915894
kandinsky-community_kandinsky-3,83418847,0.22615502774715424
kandinsky-community_kandinsky-3,84089324,2.0447981357574463
kandinsky-community_kandinsky-3,84306831,0.07138228416442871
kandinsky-community_kandinsky-3,84510135,1.6956311464309692
kandinsky-community_kandinsky-3,84788890,-0.57718825340271
kandinsky-community_kandinsky-3,84985982,-0.0717993676662445
kandinsky-community_kandinsky-3,85191733,0.8337187170982361
kandinsky-community_kandinsky-3,86119145,-0.6010030508041382
kandinsky-community_kandinsky-3,86340862,-0.4128541350364685
kandinsky-community_kandinsky-3,86341828,0.08108451217412949
kandinsky-community_kandinsky-3,86537356,-0.5019341111183167
kandinsky-community_kandinsky-3,86701636,-1.6456007957458496
kandinsky-community_kandinsky-3,86714939,0.8692916035652161
kandinsky-community_kandinsky-3,87574583,2.200562000274658
kandinsky-community_kandinsky-3,87699711,-0.06841399520635605
kandinsky-community_kandinsky-3,88016571,1.8533337116241455
kandinsky-community_kandinsky-3,88087492,-2.558464765548706
kandinsky-community_kandinsky-3,89227603,-1.0257550477981567
kandinsky-community_kandinsky-3,89539854,1.3909050226211548
kandinsky-community_kandinsky-3,89926787,-0.5163448452949524
kandinsky-community_kandinsky-3,90244932,-0.3243493437767029
kandinsky-community_kandinsky-3,90493027,0.37267935276031494
kandinsky-community_kandinsky-3,90613035,-1.4061318635940552
kandinsky-community_kandinsky-3,91368797,-1.8342387676239014
kandinsky-community_kandinsky-3,91784299,0.8279107809066772
kandinsky-community_kandinsky-3,91790573,-0.9963807463645935
kandinsky-community_kandinsky-3,91834546,0.21659182012081146
kandinsky-community_kandinsky-3,92068094,-0.8647542595863342
kandinsky-community_kandinsky-3,92311656,1.39217209815979
kandinsky-community_kandinsky-3,92709444,1.5208710432052612
kandinsky-community_kandinsky-3,93114575,-0.11876579374074936
kandinsky-community_kandinsky-3,93256557,1.141343593597412
kandinsky-community_kandinsky-3,93407716,0.6087781190872192
kandinsky-community_kandinsky-3,93436296,-0.3305630385875702
kandinsky-community_kandinsky-3,93512057,-1.5272043943405151
kandinsky-community_kandinsky-3,94006560,-1.1937254667282104
kandinsky-community_kandinsky-3,94321535,0.7598074674606323
kandinsky-community_kandinsky-3,94532154,1.323840856552124
kandinsky-community_kandinsky-3,95171107,0.7264583110809326
kandinsky-community_kandinsky-3,95228839,0.7276049852371216
kandinsky-community_kandinsky-3,95325441,0.7790043950080872
kandinsky-community_kandinsky-3,95450946,-0.14587107300758362
kandinsky-community_kandinsky-3,95583911,1.2069482803344727
kandinsky-community_kandinsky-3,95718306,-2.1299967765808105
kandinsky-community_kandinsky-3,95737828,1.5607950687408447
kandinsky-community_kandinsky-3,96448597,1.708693027496338
kandinsky-community_kandinsky-3,96482065,-0.05445122718811035
kandinsky-community_kandinsky-3,96521920,-0.019969558343291283
kandinsky-community_kandinsky-3,96850153,-0.4178045988082886
kandinsky-community_kandinsky-3,98113191,-0.04944096505641937
kandinsky-community_kandinsky-3,98195317,2.175997257232666
kandinsky-community_kandinsky-3,98254655,0.6120821237564087
kandinsky-community_kandinsky-3,98319500,-0.07227619737386703
kandinsky-community_kandinsky-3,98642787,1.340309500694275
kandinsky-community_kandinsky-3,98646702,-1.592381477355957
kandinsky-community_kandinsky-3,98929226,0.7815748453140259
kandinsky-community_kandinsky-3,99178779,0.7431044578552246
kandinsky-community_kandinsky-3,99185892,-0.5924891829490662
kandinsky-community_kandinsky-3,99211012,-0.13487105071544647
kandinsky-community_kandinsky-3,99410560,0.9775763154029846
kandinsky-community_kandinsky-3,99862294,0.5293549299240112
playgroundai_playground-v2.5-1024px-aesthetic,138508,1.1577210426330566
playgroundai_playground-v2.5-1024px-aesthetic,192051,-1.5011447668075562
playgroundai_playground-v2.5-1024px-aesthetic,213186,-0.30813539028167725
playgroundai_playground-v2.5-1024px-aesthetic,232386,-0.11734958738088608
playgroundai_playground-v2.5-1024px-aesthetic,232765,-0.46414944529533386
playgroundai_playground-v2.5-1024px-aesthetic,258857,0.036190807819366455
playgroundai_playground-v2.5-1024px-aesthetic,283090,-0.3372514843940735
playgroundai_playground-v2.5-1024px-aesthetic,285141,0.1806371659040451
playgroundai_playground-v2.5-1024px-aesthetic,399030,-0.040735386312007904
playgroundai_playground-v2.5-1024px-aesthetic,440189,-0.4046647250652313
playgroundai_playground-v2.5-1024px-aesthetic,445169,-0.13408058881759644
playgroundai_playground-v2.5-1024px-aesthetic,486490,-0.693299412727356
playgroundai_playground-v2.5-1024px-aesthetic,487072,1.0846397876739502
playgroundai_playground-v2.5-1024px-aesthetic,487326,-0.21255972981452942
playgroundai_playground-v2.5-1024px-aesthetic,489837,0.006238440051674843
playgroundai_playground-v2.5-1024px-aesthetic,646833,-1.3521511554718018
playgroundai_playground-v2.5-1024px-aesthetic,708860,0.6014850735664368
playgroundai_playground-v2.5-1024px-aesthetic,717208,-2.683929204940796
playgroundai_playground-v2.5-1024px-aesthetic,717468,-0.9280850291252136
playgroundai_playground-v2.5-1024px-aesthetic,735254,-0.09090282768011093
playgroundai_playground-v2.5-1024px-aesthetic,762478,-1.1460551023483276
playgroundai_playground-v2.5-1024px-aesthetic,825443,-1.2568851709365845
playgroundai_playground-v2.5-1024px-aesthetic,831919,-1.068650722503662
playgroundai_playground-v2.5-1024px-aesthetic,896677,0.19961634278297424
playgroundai_playground-v2.5-1024px-aesthetic,936620,-2.2172751426696777
playgroundai_playground-v2.5-1024px-aesthetic,974367,0.8164719343185425
playgroundai_playground-v2.5-1024px-aesthetic,993014,-0.6825445890426636
playgroundai_playground-v2.5-1024px-aesthetic,995855,-0.005190989002585411
playgroundai_playground-v2.5-1024px-aesthetic,1113367,0.6524252891540527
playgroundai_playground-v2.5-1024px-aesthetic,1171644,-0.5200855731964111
playgroundai_playground-v2.5-1024px-aesthetic,1209135,0.7665504217147827
playgroundai_playground-v2.5-1024px-aesthetic,1317294,0.6098125576972961
playgroundai_playground-v2.5-1024px-aesthetic,1317533,0.5315576791763306
playgroundai_playground-v2.5-1024px-aesthetic,1321854,0.03912370651960373
playgroundai_playground-v2.5-1024px-aesthetic,1377758,-1.3330566883087158
playgroundai_playground-v2.5-1024px-aesthetic,1474832,0.4635494351387024
playgroundai_playground-v2.5-1024px-aesthetic,1516071,1.0429518222808838
playgroundai_playground-v2.5-1024px-aesthetic,1566705,0.6373418569564819
playgroundai_playground-v2.5-1024px-aesthetic,1640855,0.02028522826731205
playgroundai_playground-v2.5-1024px-aesthetic,1668603,0.09122233837842941
playgroundai_playground-v2.5-1024px-aesthetic,1678990,-0.03715907037258148
playgroundai_playground-v2.5-1024px-aesthetic,1699831,0.4657807946205139
playgroundai_playground-v2.5-1024px-aesthetic,1707698,-0.3831822872161865
playgroundai_playground-v2.5-1024px-aesthetic,1727942,-1.8065910339355469
playgroundai_playground-v2.5-1024px-aesthetic,2045760,-2.105844259262085
playgroundai_playground-v2.5-1024px-aesthetic,2075049,-0.24777397513389587
playgroundai_playground-v2.5-1024px-aesthetic,2075764,-0.3977297842502594
playgroundai_playground-v2.5-1024px-aesthetic,2241569,0.6533634662628174
playgroundai_playground-v2.5-1024px-aesthetic,2720725,-0.6002207398414612
playgroundai_playground-v2.5-1024px-aesthetic,2721160,-0.40805232524871826
playgroundai_playground-v2.5-1024px-aesthetic,2730265,-1.0503435134887695
playgroundai_playground-v2.5-1024px-aesthetic,2744395,-0.37389612197875977
playgroundai_playground-v2.5-1024px-aesthetic,2770078,-1.3993695974349976
playgroundai_playground-v2.5-1024px-aesthetic,2793684,-1.036659598350525
playgroundai_playground-v2.5-1024px-aesthetic,2803666,1.083883285522461
playgroundai_playground-v2.5-1024px-aesthetic,2807731,-1.6662317514419556
playgroundai_playground-v2.5-1024px-aesthetic,2821943,-1.2800545692443848
playgroundai_playground-v2.5-1024px-aesthetic,2824319,-0.6547109484672546
playgroundai_playground-v2.5-1024px-aesthetic,2825442,-1.47245454788208
playgroundai_playground-v2.5-1024px-aesthetic,2852043,0.2688601613044739
playgroundai_playground-v2.5-1024px-aesthetic,2870293,-0.21566414833068848
playgroundai_playground-v2.5-1024px-aesthetic,2870880,-1.4236599206924438
playgroundai_playground-v2.5-1024px-aesthetic,2923535,-0.02734108828008175
playgroundai_playground-v2.5-1024px-aesthetic,2933112,-1.3102951049804688
playgroundai_playground-v2.5-1024px-aesthetic,2963987,-0.22332189977169037
playgroundai_playground-v2.5-1024px-aesthetic,2991302,-0.3746684193611145
playgroundai_playground-v2.5-1024px-aesthetic,3024209,-1.1171259880065918
playgroundai_playground-v2.5-1024px-aesthetic,3035832,-1.2184052467346191
playgroundai_playground-v2.5-1024px-aesthetic,3049457,-0.18134042620658875
playgroundai_playground-v2.5-1024px-aesthetic,3107488,0.26757973432540894
playgroundai_playground-v2.5-1024px-aesthetic,3131388,-0.1048947274684906
playgroundai_playground-v2.5-1024px-aesthetic,3131669,-0.7214562296867371
playgroundai_playground-v2.5-1024px-aesthetic,3152830,-0.12552136182785034
playgroundai_playground-v2.5-1024px-aesthetic,3249569,-0.17327627539634705
playgroundai_playground-v2.5-1024px-aesthetic,3262349,0.7428350448608398
playgroundai_playground-v2.5-1024px-aesthetic,3288500,-0.9705753326416016
playgroundai_playground-v2.5-1024px-aesthetic,3298716,-0.7362736463546753
playgroundai_playground-v2.5-1024px-aesthetic,3308246,0.1613115519285202
playgroundai_playground-v2.5-1024px-aesthetic,3309110,1.3264960050582886
playgroundai_playground-v2.5-1024px-aesthetic,3347220,-0.33668816089630127
playgroundai_playground-v2.5-1024px-aesthetic,3353281,-0.3686407804489136
playgroundai_playground-v2.5-1024px-aesthetic,3366112,0.43742603063583374
playgroundai_playground-v2.5-1024px-aesthetic,3411927,-0.7114769220352173
playgroundai_playground-v2.5-1024px-aesthetic,3456665,-0.6085087060928345
playgroundai_playground-v2.5-1024px-aesthetic,3563208,-0.5696251392364502
playgroundai_playground-v2.5-1024px-aesthetic,3580281,-0.07681582868099213
playgroundai_playground-v2.5-1024px-aesthetic,3603442,-1.3231899738311768
playgroundai_playground-v2.5-1024px-aesthetic,3607029,0.09228780120611191
playgroundai_playground-v2.5-1024px-aesthetic,3628071,-0.30889344215393066
playgroundai_playground-v2.5-1024px-aesthetic,3630383,-1.0437904596328735
playgroundai_playground-v2.5-1024px-aesthetic,3676483,-1.3735203742980957
playgroundai_playground-v2.5-1024px-aesthetic,3679712,-1.6507630348205566
playgroundai_playground-v2.5-1024px-aesthetic,3685307,0.29439911246299744
playgroundai_playground-v2.5-1024px-aesthetic,3703463,-1.3962630033493042
playgroundai_playground-v2.5-1024px-aesthetic,3714235,-1.1772735118865967
playgroundai_playground-v2.5-1024px-aesthetic,3728318,0.03579620271921158
playgroundai_playground-v2.5-1024px-aesthetic,3748162,-0.16523243486881256
playgroundai_playground-v2.5-1024px-aesthetic,3764276,-0.7422230839729309
playgroundai_playground-v2.5-1024px-aesthetic,3818090,0.06648656725883484
playgroundai_playground-v2.5-1024px-aesthetic,3842156,-0.8916345238685608
playgroundai_playground-v2.5-1024px-aesthetic,3880032,-1.1723212003707886
playgroundai_playground-v2.5-1024px-aesthetic,3889343,-1.2555373907089233
playgroundai_playground-v2.5-1024px-aesthetic,3907654,-0.785549521446228
playgroundai_playground-v2.5-1024px-aesthetic,3940713,0.832690954208374
playgroundai_playground-v2.5-1024px-aesthetic,3975232,-1.0550570487976074
playgroundai_playground-v2.5-1024px-aesthetic,3982060,1.0368330478668213
playgroundai_playground-v2.5-1024px-aesthetic,3990474,-0.37539219856262207
playgroundai_playground-v2.5-1024px-aesthetic,4010305,-0.6684327721595764
playgroundai_playground-v2.5-1024px-aesthetic,4025130,0.9088174104690552
playgroundai_playground-v2.5-1024px-aesthetic,4062807,-0.7091661691665649
playgroundai_playground-v2.5-1024px-aesthetic,4123448,-1.5859655141830444
playgroundai_playground-v2.5-1024px-aesthetic,4125853,-1.4502711296081543
playgroundai_playground-v2.5-1024px-aesthetic,4140340,1.0312411785125732
playgroundai_playground-v2.5-1024px-aesthetic,4145056,1.2098729610443115
playgroundai_playground-v2.5-1024px-aesthetic,4192521,-1.8618305921554565
playgroundai_playground-v2.5-1024px-aesthetic,4259202,0.770746111869812
playgroundai_playground-v2.5-1024px-aesthetic,4285773,-0.4720747470855713
playgroundai_playground-v2.5-1024px-aesthetic,4345028,-0.5869260430335999
playgroundai_playground-v2.5-1024px-aesthetic,4387201,1.675039529800415
playgroundai_playground-v2.5-1024px-aesthetic,4416901,0.8150631785392761
playgroundai_playground-v2.5-1024px-aesthetic,4455579,-1.6455622911453247
playgroundai_playground-v2.5-1024px-aesthetic,4497570,-0.10557473450899124
playgroundai_playground-v2.5-1024px-aesthetic,4534520,0.15829312801361084
playgroundai_playground-v2.5-1024px-aesthetic,4539203,-0.435820996761322
playgroundai_playground-v2.5-1024px-aesthetic,4552551,-1.343733787536621
playgroundai_playground-v2.5-1024px-aesthetic,4596797,-1.013922929763794
playgroundai_playground-v2.5-1024px-aesthetic,4832208,-0.5529930591583252
playgroundai_playground-v2.5-1024px-aesthetic,4930139,-0.4265667796134949
playgroundai_playground-v2.5-1024px-aesthetic,5008085,1.3555231094360352
playgroundai_playground-v2.5-1024px-aesthetic,5219923,-1.2180193662643433
playgroundai_playground-v2.5-1024px-aesthetic,5316083,-0.1788541078567505
playgroundai_playground-v2.5-1024px-aesthetic,5350912,-0.8847911357879639
playgroundai_playground-v2.5-1024px-aesthetic,5374860,0.05630078166723251
playgroundai_playground-v2.5-1024px-aesthetic,5410315,1.1885488033294678
playgroundai_playground-v2.5-1024px-aesthetic,5522784,1.6298853158950806
playgroundai_playground-v2.5-1024px-aesthetic,5728577,-0.34159377217292786
playgroundai_playground-v2.5-1024px-aesthetic,5752544,-0.7643078565597534
playgroundai_playground-v2.5-1024px-aesthetic,5794797,-0.1623801290988922
playgroundai_playground-v2.5-1024px-aesthetic,5895919,-0.09485889226198196
playgroundai_playground-v2.5-1024px-aesthetic,5958517,-0.6543916463851929
playgroundai_playground-v2.5-1024px-aesthetic,6189776,-0.44294846057891846
playgroundai_playground-v2.5-1024px-aesthetic,6528587,0.16748499870300293
playgroundai_playground-v2.5-1024px-aesthetic,6584891,0.28059980273246765
playgroundai_playground-v2.5-1024px-aesthetic,6586355,-0.1911330223083496
playgroundai_playground-v2.5-1024px-aesthetic,6607809,1.5994967222213745
playgroundai_playground-v2.5-1024px-aesthetic,6615026,-1.3008273839950562
playgroundai_playground-v2.5-1024px-aesthetic,6615458,0.7465380430221558
playgroundai_playground-v2.5-1024px-aesthetic,6615818,0.29393041133880615
playgroundai_playground-v2.5-1024px-aesthetic,6616314,-1.285792589187622
playgroundai_playground-v2.5-1024px-aesthetic,6617011,-0.42745518684387207
playgroundai_playground-v2.5-1024px-aesthetic,6617413,0.12999692559242249
playgroundai_playground-v2.5-1024px-aesthetic,6729499,-1.3568235635757446
playgroundai_playground-v2.5-1024px-aesthetic,6880664,1.429025650024414
playgroundai_playground-v2.5-1024px-aesthetic,6883725,0.8094006776809692
playgroundai_playground-v2.5-1024px-aesthetic,6946774,0.22161462903022766
playgroundai_playground-v2.5-1024px-aesthetic,7025268,0.10626844316720963
playgroundai_playground-v2.5-1024px-aesthetic,7109847,0.6724730730056763
playgroundai_playground-v2.5-1024px-aesthetic,7116261,-1.0107423067092896
playgroundai_playground-v2.5-1024px-aesthetic,7150023,-1.6575182676315308
playgroundai_playground-v2.5-1024px-aesthetic,7163803,-1.180476188659668
playgroundai_playground-v2.5-1024px-aesthetic,7507098,-2.238300323486328
playgroundai_playground-v2.5-1024px-aesthetic,7596684,0.5805608034133911
playgroundai_playground-v2.5-1024px-aesthetic,7597365,-0.3225034773349762
playgroundai_playground-v2.5-1024px-aesthetic,7601809,0.1091267392039299
playgroundai_playground-v2.5-1024px-aesthetic,7605282,-0.12382716685533524
playgroundai_playground-v2.5-1024px-aesthetic,7606419,0.028003374114632607
playgroundai_playground-v2.5-1024px-aesthetic,7607707,-0.8091714382171631
playgroundai_playground-v2.5-1024px-aesthetic,7608721,-0.17895439267158508
playgroundai_playground-v2.5-1024px-aesthetic,7625977,-0.27947670221328735
playgroundai_playground-v2.5-1024px-aesthetic,7626721,-0.5840674638748169
playgroundai_playground-v2.5-1024px-aesthetic,7626833,-0.8066727519035339
playgroundai_playground-v2.5-1024px-aesthetic,7627310,-0.29402679204940796
playgroundai_playground-v2.5-1024px-aesthetic,7651454,-1.284578561782837
playgroundai_playground-v2.5-1024px-aesthetic,7654438,-1.9853336811065674
playgroundai_playground-v2.5-1024px-aesthetic,7664468,-1.7207578420639038
playgroundai_playground-v2.5-1024px-aesthetic,7698915,0.42453181743621826
playgroundai_playground-v2.5-1024px-aesthetic,7700167,-0.53602135181427
playgroundai_playground-v2.5-1024px-aesthetic,7700868,-1.0878645181655884
playgroundai_playground-v2.5-1024px-aesthetic,7701244,-0.19965940713882446
playgroundai_playground-v2.5-1024px-aesthetic,7702193,-0.01259261928498745
playgroundai_playground-v2.5-1024px-aesthetic,7710616,-0.40553778409957886
playgroundai_playground-v2.5-1024px-aesthetic,7834065,-1.193074345588684
playgroundai_playground-v2.5-1024px-aesthetic,7854266,0.7000451683998108
playgroundai_playground-v2.5-1024px-aesthetic,7854455,-1.5937002897262573
playgroundai_playground-v2.5-1024px-aesthetic,7871940,-0.7087867259979248
playgroundai_playground-v2.5-1024px-aesthetic,7891189,-0.058201879262924194
playgroundai_playground-v2.5-1024px-aesthetic,7897116,-1.965210199356079
playgroundai_playground-v2.5-1024px-aesthetic,7914271,-1.237048864364624
playgroundai_playground-v2.5-1024px-aesthetic,7922764,-1.8755626678466797
playgroundai_playground-v2.5-1024px-aesthetic,7929519,-1.2452303171157837
playgroundai_playground-v2.5-1024px-aesthetic,7933274,-0.9509390592575073
playgroundai_playground-v2.5-1024px-aesthetic,7933530,-0.8492966890335083
playgroundai_playground-v2.5-1024px-aesthetic,8089797,-1.1870357990264893
playgroundai_playground-v2.5-1024px-aesthetic,8095160,-0.16642478108406067
playgroundai_playground-v2.5-1024px-aesthetic,8124208,-2.594820022583008
playgroundai_playground-v2.5-1024px-aesthetic,8339939,-0.04423881322145462
playgroundai_playground-v2.5-1024px-aesthetic,8876291,-1.8124996423721313
playgroundai_playground-v2.5-1024px-aesthetic,9020389,0.9791433811187744
playgroundai_playground-v2.5-1024px-aesthetic,9044146,-0.14626862108707428
playgroundai_playground-v2.5-1024px-aesthetic,9057052,0.18289759755134583
playgroundai_playground-v2.5-1024px-aesthetic,9427682,-1.5565778017044067
playgroundai_playground-v2.5-1024px-aesthetic,9580065,-1.9978368282318115
playgroundai_playground-v2.5-1024px-aesthetic,9719434,-0.4313781261444092
playgroundai_playground-v2.5-1024px-aesthetic,9793248,-0.4334716796875
playgroundai_playground-v2.5-1024px-aesthetic,9794211,0.17912013828754425
playgroundai_playground-v2.5-1024px-aesthetic,9862621,-0.5664101839065552
playgroundai_playground-v2.5-1024px-aesthetic,9875188,-0.16637550294399261
playgroundai_playground-v2.5-1024px-aesthetic,9984659,-0.08328860253095627
playgroundai_playground-v2.5-1024px-aesthetic,10012874,0.2364400029182434
playgroundai_playground-v2.5-1024px-aesthetic,10024569,0.057200223207473755
playgroundai_playground-v2.5-1024px-aesthetic,10080493,-1.5187653303146362
playgroundai_playground-v2.5-1024px-aesthetic,10106452,-0.1712067872285843
playgroundai_playground-v2.5-1024px-aesthetic,10198409,2.7831270694732666
playgroundai_playground-v2.5-1024px-aesthetic,10333317,-1.3911775350570679
playgroundai_playground-v2.5-1024px-aesthetic,10408552,-0.7101882100105286
playgroundai_playground-v2.5-1024px-aesthetic,10444677,-0.7873930931091309
playgroundai_playground-v2.5-1024px-aesthetic,10453357,-0.49236732721328735
playgroundai_playground-v2.5-1024px-aesthetic,10548623,0.8666135668754578
playgroundai_playground-v2.5-1024px-aesthetic,10572128,-2.3307595252990723
playgroundai_playground-v2.5-1024px-aesthetic,10794014,-1.177667498588562
playgroundai_playground-v2.5-1024px-aesthetic,10939743,0.48247456550598145
playgroundai_playground-v2.5-1024px-aesthetic,11039909,-1.765645146369934
playgroundai_playground-v2.5-1024px-aesthetic,11334088,-1.194676160812378
playgroundai_playground-v2.5-1024px-aesthetic,11417672,0.0733485296368599
playgroundai_playground-v2.5-1024px-aesthetic,11437577,-0.7218773365020752
playgroundai_playground-v2.5-1024px-aesthetic,11460338,1.3228166103363037
playgroundai_playground-v2.5-1024px-aesthetic,12345739,1.1111961603164673
playgroundai_playground-v2.5-1024px-aesthetic,12402348,1.0688148736953735
playgroundai_playground-v2.5-1024px-aesthetic,13221529,0.5323365926742554
playgroundai_playground-v2.5-1024px-aesthetic,13290566,-0.317108690738678
playgroundai_playground-v2.5-1024px-aesthetic,13389475,1.7847776412963867
playgroundai_playground-v2.5-1024px-aesthetic,13390139,1.067346453666687
playgroundai_playground-v2.5-1024px-aesthetic,13390405,1.3226841688156128
playgroundai_playground-v2.5-1024px-aesthetic,13392786,0.6680985689163208
playgroundai_playground-v2.5-1024px-aesthetic,13649361,-0.08100345730781555
playgroundai_playground-v2.5-1024px-aesthetic,13716878,-0.6919545531272888
playgroundai_playground-v2.5-1024px-aesthetic,13884740,-1.3738983869552612
playgroundai_playground-v2.5-1024px-aesthetic,13915305,0.6706807613372803
playgroundai_playground-v2.5-1024px-aesthetic,13931145,-1.2539973258972168
playgroundai_playground-v2.5-1024px-aesthetic,13984082,-0.1286279410123825
playgroundai_playground-v2.5-1024px-aesthetic,14140678,1.1758824586868286
playgroundai_playground-v2.5-1024px-aesthetic,14195315,0.5723204612731934
playgroundai_playground-v2.5-1024px-aesthetic,14294568,0.5522195100784302
playgroundai_playground-v2.5-1024px-aesthetic,14320813,-0.22629082202911377
playgroundai_playground-v2.5-1024px-aesthetic,14360436,-1.3728564977645874
playgroundai_playground-v2.5-1024px-aesthetic,14488317,-1.045936107635498
playgroundai_playground-v2.5-1024px-aesthetic,14533937,-0.7100377082824707
playgroundai_playground-v2.5-1024px-aesthetic,14550987,-0.7652851343154907
playgroundai_playground-v2.5-1024px-aesthetic,14579933,-1.613804578781128
playgroundai_playground-v2.5-1024px-aesthetic,14606290,0.7682701945304871
playgroundai_playground-v2.5-1024px-aesthetic,14620257,1.074389100074768
playgroundai_playground-v2.5-1024px-aesthetic,14632648,-0.17246589064598083
playgroundai_playground-v2.5-1024px-aesthetic,14647235,1.7034915685653687
playgroundai_playground-v2.5-1024px-aesthetic,14654954,0.23473170399665833
playgroundai_playground-v2.5-1024px-aesthetic,14686352,-0.7243516445159912
playgroundai_playground-v2.5-1024px-aesthetic,14702875,-0.6808751225471497
playgroundai_playground-v2.5-1024px-aesthetic,14703190,0.059546761214733124
playgroundai_playground-v2.5-1024px-aesthetic,14807929,0.8461393117904663
playgroundai_playground-v2.5-1024px-aesthetic,14809057,0.03117675520479679
playgroundai_playground-v2.5-1024px-aesthetic,14867690,-1.074205756187439
playgroundai_playground-v2.5-1024px-aesthetic,14872875,1.9453667402267456
playgroundai_playground-v2.5-1024px-aesthetic,14880557,-1.747762680053711
playgroundai_playground-v2.5-1024px-aesthetic,14894140,-0.6913673877716064
playgroundai_playground-v2.5-1024px-aesthetic,15180934,-1.6152323484420776
playgroundai_playground-v2.5-1024px-aesthetic,15970145,1.3841304779052734
playgroundai_playground-v2.5-1024px-aesthetic,17002912,-1.4493353366851807
playgroundai_playground-v2.5-1024px-aesthetic,17012379,0.44476741552352905
playgroundai_playground-v2.5-1024px-aesthetic,17282800,1.6863666772842407
playgroundai_playground-v2.5-1024px-aesthetic,17925539,-0.6425126791000366
playgroundai_playground-v2.5-1024px-aesthetic,18367104,-1.1261577606201172
playgroundai_playground-v2.5-1024px-aesthetic,18758723,-0.9533993601799011
playgroundai_playground-v2.5-1024px-aesthetic,19143128,-1.1088523864746094
playgroundai_playground-v2.5-1024px-aesthetic,19671124,0.6841843128204346
playgroundai_playground-v2.5-1024px-aesthetic,19855707,0.9326868057250977
playgroundai_playground-v2.5-1024px-aesthetic,19893872,-0.48869356513023376
playgroundai_playground-v2.5-1024px-aesthetic,20017667,-1.1648589372634888
playgroundai_playground-v2.5-1024px-aesthetic,20128079,-0.8129628896713257
playgroundai_playground-v2.5-1024px-aesthetic,20471134,-0.4245944619178772
playgroundai_playground-v2.5-1024px-aesthetic,20495093,-2.2208926677703857
playgroundai_playground-v2.5-1024px-aesthetic,20782430,1.8571401834487915
playgroundai_playground-v2.5-1024px-aesthetic,21377549,0.4045388698577881
playgroundai_playground-v2.5-1024px-aesthetic,21564446,-0.056445248425006866
playgroundai_playground-v2.5-1024px-aesthetic,21620388,-0.39613741636276245
playgroundai_playground-v2.5-1024px-aesthetic,22149540,-0.35073935985565186
playgroundai_playground-v2.5-1024px-aesthetic,22738759,-0.44816532731056213
playgroundai_playground-v2.5-1024px-aesthetic,22767176,0.4455714523792267
playgroundai_playground-v2.5-1024px-aesthetic,23129661,-2.039741277694702
playgroundai_playground-v2.5-1024px-aesthetic,23185551,0.1151045635342598
playgroundai_playground-v2.5-1024px-aesthetic,23232427,-0.12776941061019897
playgroundai_playground-v2.5-1024px-aesthetic,23257851,1.5768768787384033
playgroundai_playground-v2.5-1024px-aesthetic,23620789,-0.45119690895080566
playgroundai_playground-v2.5-1024px-aesthetic,24808131,-1.0960633754730225
playgroundai_playground-v2.5-1024px-aesthetic,24843217,0.6795671582221985
playgroundai_playground-v2.5-1024px-aesthetic,24933378,-0.41580092906951904
playgroundai_playground-v2.5-1024px-aesthetic,24942232,-0.7142764925956726
playgroundai_playground-v2.5-1024px-aesthetic,25290589,1.2979381084442139
playgroundai_playground-v2.5-1024px-aesthetic,25579216,1.5238465070724487
playgroundai_playground-v2.5-1024px-aesthetic,25685207,-0.2714463770389557
playgroundai_playground-v2.5-1024px-aesthetic,25776594,-0.24730803072452545
playgroundai_playground-v2.5-1024px-aesthetic,26078214,0.15014541149139404
playgroundai_playground-v2.5-1024px-aesthetic,26746434,1.2179648876190186
playgroundai_playground-v2.5-1024px-aesthetic,26998039,-1.5060701370239258
playgroundai_playground-v2.5-1024px-aesthetic,27106238,-1.4770835638046265
playgroundai_playground-v2.5-1024px-aesthetic,27246777,-1.841511845588684
playgroundai_playground-v2.5-1024px-aesthetic,27768637,0.13195429742336273
playgroundai_playground-v2.5-1024px-aesthetic,27871992,1.391721248626709
playgroundai_playground-v2.5-1024px-aesthetic,28190972,-1.6199424266815186
playgroundai_playground-v2.5-1024px-aesthetic,29094321,-0.7405043840408325
playgroundai_playground-v2.5-1024px-aesthetic,29148617,-0.07859029620885849
playgroundai_playground-v2.5-1024px-aesthetic,29161294,0.37390679121017456
playgroundai_playground-v2.5-1024px-aesthetic,29632917,0.053860023617744446
playgroundai_playground-v2.5-1024px-aesthetic,29703209,0.6578734517097473
playgroundai_playground-v2.5-1024px-aesthetic,29779486,-0.5475926399230957
playgroundai_playground-v2.5-1024px-aesthetic,30028757,-0.9361441135406494
playgroundai_playground-v2.5-1024px-aesthetic,30225071,-0.9378559589385986
playgroundai_playground-v2.5-1024px-aesthetic,30373565,-0.7363014221191406
playgroundai_playground-v2.5-1024px-aesthetic,30484086,0.03561132401227951
playgroundai_playground-v2.5-1024px-aesthetic,30883080,-1.3919565677642822
playgroundai_playground-v2.5-1024px-aesthetic,31114750,-1.9321130514144897
playgroundai_playground-v2.5-1024px-aesthetic,31196176,0.6405588388442993
playgroundai_playground-v2.5-1024px-aesthetic,31391857,-1.620290994644165
playgroundai_playground-v2.5-1024px-aesthetic,31595142,-0.2090741991996765
playgroundai_playground-v2.5-1024px-aesthetic,32152786,-2.0963051319122314
playgroundai_playground-v2.5-1024px-aesthetic,32327818,0.16421157121658325
playgroundai_playground-v2.5-1024px-aesthetic,32379732,-0.7197368144989014
playgroundai_playground-v2.5-1024px-aesthetic,32473966,0.5036260485649109
playgroundai_playground-v2.5-1024px-aesthetic,32902730,-0.49548032879829407
playgroundai_playground-v2.5-1024px-aesthetic,32932491,1.3703274726867676
playgroundai_playground-v2.5-1024px-aesthetic,33006578,-1.2142913341522217
playgroundai_playground-v2.5-1024px-aesthetic,33478721,-1.553130865097046
playgroundai_playground-v2.5-1024px-aesthetic,34475997,0.6835514903068542
playgroundai_playground-v2.5-1024px-aesthetic,34578737,-2.068075180053711
playgroundai_playground-v2.5-1024px-aesthetic,34773230,-0.646419882774353
playgroundai_playground-v2.5-1024px-aesthetic,36507085,-1.6687155961990356
playgroundai_playground-v2.5-1024px-aesthetic,36678439,1.6267457008361816
playgroundai_playground-v2.5-1024px-aesthetic,37287360,-0.1256745159626007
playgroundai_playground-v2.5-1024px-aesthetic,37319253,1.0331602096557617
playgroundai_playground-v2.5-1024px-aesthetic,37547870,-1.894622564315796
playgroundai_playground-v2.5-1024px-aesthetic,37736408,0.04411139339208603
playgroundai_playground-v2.5-1024px-aesthetic,38014258,-0.6229608654975891
playgroundai_playground-v2.5-1024px-aesthetic,38297191,-2.472500801086426
playgroundai_playground-v2.5-1024px-aesthetic,38402744,0.07525216042995453
playgroundai_playground-v2.5-1024px-aesthetic,38954086,1.663198471069336
playgroundai_playground-v2.5-1024px-aesthetic,39139190,-0.7525610327720642
playgroundai_playground-v2.5-1024px-aesthetic,39560404,-0.6536534428596497
playgroundai_playground-v2.5-1024px-aesthetic,39566065,-0.9312764406204224
playgroundai_playground-v2.5-1024px-aesthetic,39595218,-0.7273349761962891
playgroundai_playground-v2.5-1024px-aesthetic,40825299,-1.4011420011520386
playgroundai_playground-v2.5-1024px-aesthetic,40945115,1.2157495021820068
playgroundai_playground-v2.5-1024px-aesthetic,40995095,-1.5931845903396606
playgroundai_playground-v2.5-1024px-aesthetic,41015844,-0.6222742199897766
playgroundai_playground-v2.5-1024px-aesthetic,41031648,-1.5237181186676025
playgroundai_playground-v2.5-1024px-aesthetic,41161074,0.09712996333837509
playgroundai_playground-v2.5-1024px-aesthetic,41458919,-0.22544251382350922
playgroundai_playground-v2.5-1024px-aesthetic,41565779,0.38066452741622925
playgroundai_playground-v2.5-1024px-aesthetic,41766391,-1.2867568731307983
playgroundai_playground-v2.5-1024px-aesthetic,41982710,0.4288558065891266
playgroundai_playground-v2.5-1024px-aesthetic,42048260,-1.5540591478347778
playgroundai_playground-v2.5-1024px-aesthetic,42849420,0.25009816884994507
playgroundai_playground-v2.5-1024px-aesthetic,42931583,0.6276916265487671
playgroundai_playground-v2.5-1024px-aesthetic,43060946,0.0841943696141243
playgroundai_playground-v2.5-1024px-aesthetic,43153800,2.1178195476531982
playgroundai_playground-v2.5-1024px-aesthetic,43161384,-0.7411423921585083
playgroundai_playground-v2.5-1024px-aesthetic,43301379,-0.8212413191795349
playgroundai_playground-v2.5-1024px-aesthetic,43304323,-0.7057661414146423
playgroundai_playground-v2.5-1024px-aesthetic,43367797,-0.795311450958252
playgroundai_playground-v2.5-1024px-aesthetic,43431032,-1.653095006942749
playgroundai_playground-v2.5-1024px-aesthetic,43631801,1.3397005796432495
playgroundai_playground-v2.5-1024px-aesthetic,43735560,0.9487437009811401
playgroundai_playground-v2.5-1024px-aesthetic,43858443,-0.9337233304977417
playgroundai_playground-v2.5-1024px-aesthetic,43918624,0.9512441754341125
playgroundai_playground-v2.5-1024px-aesthetic,44280552,-0.17026549577713013
playgroundai_playground-v2.5-1024px-aesthetic,44295589,0.1740952730178833
playgroundai_playground-v2.5-1024px-aesthetic,44621915,-0.8481192588806152
playgroundai_playground-v2.5-1024px-aesthetic,44645737,-0.9726632237434387
playgroundai_playground-v2.5-1024px-aesthetic,44838123,0.4341285228729248
playgroundai_playground-v2.5-1024px-aesthetic,45258070,0.4782727360725403
playgroundai_playground-v2.5-1024px-aesthetic,45297641,-0.1703844666481018
playgroundai_playground-v2.5-1024px-aesthetic,45418454,-1.2363299131393433
playgroundai_playground-v2.5-1024px-aesthetic,45564900,-0.0017546769231557846
playgroundai_playground-v2.5-1024px-aesthetic,46150029,-0.21532262861728668
playgroundai_playground-v2.5-1024px-aesthetic,46394736,0.4978916049003601
playgroundai_playground-v2.5-1024px-aesthetic,46673664,0.899320125579834
playgroundai_playground-v2.5-1024px-aesthetic,46994920,2.2073817253112793
playgroundai_playground-v2.5-1024px-aesthetic,47009060,-0.470062255859375
playgroundai_playground-v2.5-1024px-aesthetic,47552953,-0.9263165593147278
playgroundai_playground-v2.5-1024px-aesthetic,47595220,-1.4251348972320557
playgroundai_playground-v2.5-1024px-aesthetic,47819321,-0.4900715947151184
playgroundai_playground-v2.5-1024px-aesthetic,48223384,1.0671014785766602
playgroundai_playground-v2.5-1024px-aesthetic,48351897,0.5039116740226746
playgroundai_playground-v2.5-1024px-aesthetic,48754831,-0.9060829281806946
playgroundai_playground-v2.5-1024px-aesthetic,49054805,-1.2963107824325562
playgroundai_playground-v2.5-1024px-aesthetic,49089576,-0.9890438914299011
playgroundai_playground-v2.5-1024px-aesthetic,49300740,-1.014703392982483
playgroundai_playground-v2.5-1024px-aesthetic,49358811,-0.3456665873527527
playgroundai_playground-v2.5-1024px-aesthetic,49462954,-0.7162407040596008
playgroundai_playground-v2.5-1024px-aesthetic,50262859,-1.1810966730117798
playgroundai_playground-v2.5-1024px-aesthetic,50871471,-1.3775177001953125
playgroundai_playground-v2.5-1024px-aesthetic,50952217,1.0077989101409912
playgroundai_playground-v2.5-1024px-aesthetic,51060824,0.028794320300221443
playgroundai_playground-v2.5-1024px-aesthetic,51314050,1.8372029066085815
playgroundai_playground-v2.5-1024px-aesthetic,51946990,1.4158207178115845
playgroundai_playground-v2.5-1024px-aesthetic,52325745,-0.5421364307403564
playgroundai_playground-v2.5-1024px-aesthetic,52474100,-0.5997130870819092
playgroundai_playground-v2.5-1024px-aesthetic,52516409,0.8388814926147461
playgroundai_playground-v2.5-1024px-aesthetic,52711595,-0.015302268788218498
playgroundai_playground-v2.5-1024px-aesthetic,53022028,-0.6268143057823181
playgroundai_playground-v2.5-1024px-aesthetic,53205877,-0.699046790599823
playgroundai_playground-v2.5-1024px-aesthetic,53288018,-0.8647314310073853
playgroundai_playground-v2.5-1024px-aesthetic,53443611,-0.33106958866119385
playgroundai_playground-v2.5-1024px-aesthetic,53815934,-0.25435060262680054
playgroundai_playground-v2.5-1024px-aesthetic,54495173,-1.6955044269561768
playgroundai_playground-v2.5-1024px-aesthetic,54931507,-0.06120216101408005
playgroundai_playground-v2.5-1024px-aesthetic,55191509,-0.20094648003578186
playgroundai_playground-v2.5-1024px-aesthetic,55255145,-1.6244754791259766
playgroundai_playground-v2.5-1024px-aesthetic,55457672,-1.236960530281067
playgroundai_playground-v2.5-1024px-aesthetic,55588327,-1.1482740640640259
playgroundai_playground-v2.5-1024px-aesthetic,55653646,-0.5255163311958313
playgroundai_playground-v2.5-1024px-aesthetic,55658809,0.20570285618305206
playgroundai_playground-v2.5-1024px-aesthetic,55812974,0.7033231258392334
playgroundai_playground-v2.5-1024px-aesthetic,55819553,0.4738234579563141
playgroundai_playground-v2.5-1024px-aesthetic,55826966,-0.0165844913572073
playgroundai_playground-v2.5-1024px-aesthetic,55983905,-0.19952639937400818
playgroundai_playground-v2.5-1024px-aesthetic,56074056,-0.3786504566669464
playgroundai_playground-v2.5-1024px-aesthetic,56112588,0.9267864227294922
playgroundai_playground-v2.5-1024px-aesthetic,56121520,1.0200982093811035
playgroundai_playground-v2.5-1024px-aesthetic,56250900,0.022847989574074745
playgroundai_playground-v2.5-1024px-aesthetic,56458800,-0.4381711184978485
playgroundai_playground-v2.5-1024px-aesthetic,56792430,-1.373701810836792
playgroundai_playground-v2.5-1024px-aesthetic,56982260,0.5051950216293335
playgroundai_playground-v2.5-1024px-aesthetic,57673976,-0.22008487582206726
playgroundai_playground-v2.5-1024px-aesthetic,57716963,-1.5166869163513184
playgroundai_playground-v2.5-1024px-aesthetic,57729980,-0.59816974401474
playgroundai_playground-v2.5-1024px-aesthetic,57785005,1.547494649887085
playgroundai_playground-v2.5-1024px-aesthetic,57873614,0.5282848477363586
playgroundai_playground-v2.5-1024px-aesthetic,58727024,1.1993844509124756
playgroundai_playground-v2.5-1024px-aesthetic,58761464,-0.9901754856109619
playgroundai_playground-v2.5-1024px-aesthetic,59399259,-0.2155139148235321
playgroundai_playground-v2.5-1024px-aesthetic,59976859,0.2742777466773987
playgroundai_playground-v2.5-1024px-aesthetic,60083345,0.39577406644821167
playgroundai_playground-v2.5-1024px-aesthetic,60214770,1.938826084136963
playgroundai_playground-v2.5-1024px-aesthetic,60215376,-0.12913677096366882
playgroundai_playground-v2.5-1024px-aesthetic,60375309,-0.5476841926574707
playgroundai_playground-v2.5-1024px-aesthetic,60606896,0.4561131000518799
playgroundai_playground-v2.5-1024px-aesthetic,60668084,-0.058761730790138245
playgroundai_playground-v2.5-1024px-aesthetic,61035709,-0.7030075192451477
playgroundai_playground-v2.5-1024px-aesthetic,61388266,-0.5059589743614197
playgroundai_playground-v2.5-1024px-aesthetic,61627313,-0.007535463199019432
playgroundai_playground-v2.5-1024px-aesthetic,61635816,0.11543995141983032
playgroundai_playground-v2.5-1024px-aesthetic,61853324,-0.6085379123687744
playgroundai_playground-v2.5-1024px-aesthetic,62408818,-0.3181047737598419
playgroundai_playground-v2.5-1024px-aesthetic,62841330,-0.014126313850283623
playgroundai_playground-v2.5-1024px-aesthetic,63015570,-0.535516619682312
playgroundai_playground-v2.5-1024px-aesthetic,63336441,0.532784640789032
playgroundai_playground-v2.5-1024px-aesthetic,63633117,-1.562045931816101
playgroundai_playground-v2.5-1024px-aesthetic,64576544,-0.3813072741031647
playgroundai_playground-v2.5-1024px-aesthetic,64687077,0.33893537521362305
playgroundai_playground-v2.5-1024px-aesthetic,64693533,-0.15678466856479645
playgroundai_playground-v2.5-1024px-aesthetic,64856142,-0.42785507440567017
playgroundai_playground-v2.5-1024px-aesthetic,65411270,0.3020293116569519
playgroundai_playground-v2.5-1024px-aesthetic,65557844,-1.2410435676574707
playgroundai_playground-v2.5-1024px-aesthetic,65824677,0.030577747151255608
playgroundai_playground-v2.5-1024px-aesthetic,65890875,-1.2850219011306763
playgroundai_playground-v2.5-1024px-aesthetic,65960228,-1.8712607622146606
playgroundai_playground-v2.5-1024px-aesthetic,66668538,-0.17458367347717285
playgroundai_playground-v2.5-1024px-aesthetic,67344811,-0.18830430507659912
playgroundai_playground-v2.5-1024px-aesthetic,67949798,-1.137175440788269
playgroundai_playground-v2.5-1024px-aesthetic,68246844,-1.1932207345962524
playgroundai_playground-v2.5-1024px-aesthetic,68280322,-1.2824596166610718
playgroundai_playground-v2.5-1024px-aesthetic,68321683,1.0323021411895752
playgroundai_playground-v2.5-1024px-aesthetic,68380669,0.1293858289718628
playgroundai_playground-v2.5-1024px-aesthetic,68575085,-0.5602805614471436
playgroundai_playground-v2.5-1024px-aesthetic,70380966,1.3822952508926392
playgroundai_playground-v2.5-1024px-aesthetic,70494671,-0.8599205613136292
playgroundai_playground-v2.5-1024px-aesthetic,71055464,0.19123880565166473
playgroundai_playground-v2.5-1024px-aesthetic,71591839,-0.5971490740776062
playgroundai_playground-v2.5-1024px-aesthetic,71828875,0.45165255665779114
playgroundai_playground-v2.5-1024px-aesthetic,71910823,0.23188786208629608
playgroundai_playground-v2.5-1024px-aesthetic,71959499,-2.264059066772461
playgroundai_playground-v2.5-1024px-aesthetic,72432241,-1.6978429555892944
playgroundai_playground-v2.5-1024px-aesthetic,72553814,-1.5376155376434326
playgroundai_playground-v2.5-1024px-aesthetic,73051579,-0.7679392099380493
playgroundai_playground-v2.5-1024px-aesthetic,73600586,0.7114365696907043
playgroundai_playground-v2.5-1024px-aesthetic,73616417,-0.692615807056427
playgroundai_playground-v2.5-1024px-aesthetic,73681289,1.0070546865463257
playgroundai_playground-v2.5-1024px-aesthetic,73962724,0.9240026473999023
playgroundai_playground-v2.5-1024px-aesthetic,74175857,0.14779075980186462
playgroundai_playground-v2.5-1024px-aesthetic,75051801,-0.7149978280067444
playgroundai_playground-v2.5-1024px-aesthetic,75787772,0.6842565536499023
playgroundai_playground-v2.5-1024px-aesthetic,75944980,-0.6197794675827026
playgroundai_playground-v2.5-1024px-aesthetic,75964288,-0.11329855769872665
playgroundai_playground-v2.5-1024px-aesthetic,76066166,-1.7538690567016602
playgroundai_playground-v2.5-1024px-aesthetic,76100398,-0.01597895286977291
playgroundai_playground-v2.5-1024px-aesthetic,76425345,-0.5067457556724548
playgroundai_playground-v2.5-1024px-aesthetic,77106105,0.8986776471138
playgroundai_playground-v2.5-1024px-aesthetic,77132310,-1.0794991254806519
playgroundai_playground-v2.5-1024px-aesthetic,77232534,0.4454508125782013
playgroundai_playground-v2.5-1024px-aesthetic,77312726,0.6294690370559692
playgroundai_playground-v2.5-1024px-aesthetic,77358840,-0.705057680606842
playgroundai_playground-v2.5-1024px-aesthetic,77490593,0.34462472796440125
playgroundai_playground-v2.5-1024px-aesthetic,77726888,-1.0932453870773315
playgroundai_playground-v2.5-1024px-aesthetic,78735978,1.0586707592010498
playgroundai_playground-v2.5-1024px-aesthetic,79077085,1.160169243812561
playgroundai_playground-v2.5-1024px-aesthetic,79212243,-1.865798830986023
playgroundai_playground-v2.5-1024px-aesthetic,79606917,0.20635363459587097
playgroundai_playground-v2.5-1024px-aesthetic,79918827,-1.7214093208312988
playgroundai_playground-v2.5-1024px-aesthetic,80289373,0.004262039437890053
playgroundai_playground-v2.5-1024px-aesthetic,80371125,0.9901407957077026
playgroundai_playground-v2.5-1024px-aesthetic,80540387,2.146547555923462
playgroundai_playground-v2.5-1024px-aesthetic,81135077,-0.5333444476127625
playgroundai_playground-v2.5-1024px-aesthetic,81303945,-1.4568129777908325
playgroundai_playground-v2.5-1024px-aesthetic,81435593,1.3756253719329834
playgroundai_playground-v2.5-1024px-aesthetic,82282590,-1.76158607006073
playgroundai_playground-v2.5-1024px-aesthetic,82696415,-0.9864863157272339
playgroundai_playground-v2.5-1024px-aesthetic,82916016,-0.6991387009620667
playgroundai_playground-v2.5-1024px-aesthetic,83084473,-0.7798582315444946
playgroundai_playground-v2.5-1024px-aesthetic,83418847,0.37171781063079834
playgroundai_playground-v2.5-1024px-aesthetic,84089324,1.1823673248291016
playgroundai_playground-v2.5-1024px-aesthetic,84306831,-1.837169885635376
playgroundai_playground-v2.5-1024px-aesthetic,84510135,-0.5550646185874939
playgroundai_playground-v2.5-1024px-aesthetic,84788890,-1.6334439516067505
playgroundai_playground-v2.5-1024px-aesthetic,84985982,-0.46342435479164124
playgroundai_playground-v2.5-1024px-aesthetic,85191733,0.630297839641571
playgroundai_playground-v2.5-1024px-aesthetic,86119145,-0.8708326816558838
playgroundai_playground-v2.5-1024px-aesthetic,86340862,1.0536553859710693
playgroundai_playground-v2.5-1024px-aesthetic,86341828,-1.0166813135147095
playgroundai_playground-v2.5-1024px-aesthetic,86537356,1.5544108152389526
playgroundai_playground-v2.5-1024px-aesthetic,86701636,-0.4160481095314026
playgroundai_playground-v2.5-1024px-aesthetic,86714939,2.4890503883361816
playgroundai_playground-v2.5-1024px-aesthetic,87574583,-0.6979790925979614
playgroundai_playground-v2.5-1024px-aesthetic,87699711,-0.20881406962871552
playgroundai_playground-v2.5-1024px-aesthetic,88016571,1.0056840181350708
playgroundai_playground-v2.5-1024px-aesthetic,88087492,-2.348360776901245
playgroundai_playground-v2.5-1024px-aesthetic,89227603,-0.8339242339134216
playgroundai_playground-v2.5-1024px-aesthetic,89539854,-0.6655867099761963
playgroundai_playground-v2.5-1024px-aesthetic,89926787,-0.5028655529022217
playgroundai_playground-v2.5-1024px-aesthetic,90244932,-0.8791747093200684
playgroundai_playground-v2.5-1024px-aesthetic,90493027,-0.42037686705589294
playgroundai_playground-v2.5-1024px-aesthetic,90613035,0.6715022325515747
playgroundai_playground-v2.5-1024px-aesthetic,91368797,-0.6709477305412292
playgroundai_playground-v2.5-1024px-aesthetic,91784299,-0.7390958070755005
playgroundai_playground-v2.5-1024px-aesthetic,91790573,-1.0924988985061646
playgroundai_playground-v2.5-1024px-aesthetic,91834546,1.3504648208618164
playgroundai_playground-v2.5-1024px-aesthetic,92068094,-1.1276805400848389
playgroundai_playground-v2.5-1024px-aesthetic,92311656,-0.9596349596977234
playgroundai_playground-v2.5-1024px-aesthetic,92709444,0.4487447738647461
playgroundai_playground-v2.5-1024px-aesthetic,93114575,-0.5349987745285034
playgroundai_playground-v2.5-1024px-aesthetic,93256557,0.8119244575500488
playgroundai_playground-v2.5-1024px-aesthetic,93407716,0.22259235382080078
playgroundai_playground-v2.5-1024px-aesthetic,93436296,-1.1343690156936646
playgroundai_playground-v2.5-1024px-aesthetic,93512057,-2.5399255752563477
playgroundai_playground-v2.5-1024px-aesthetic,94006560,-0.07759880274534225
playgroundai_playground-v2.5-1024px-aesthetic,94321535,-0.5135452151298523
playgroundai_playground-v2.5-1024px-aesthetic,94532154,1.339660406112671
playgroundai_playground-v2.5-1024px-aesthetic,95171107,-0.2768062949180603
playgroundai_playground-v2.5-1024px-aesthetic,95228839,1.580254316329956
playgroundai_playground-v2.5-1024px-aesthetic,95325441,-0.9718018770217896
playgroundai_playground-v2.5-1024px-aesthetic,95450946,-0.5228981375694275
playgroundai_playground-v2.5-1024px-aesthetic,95583911,-1.0743067264556885
playgroundai_playground-v2.5-1024px-aesthetic,95718306,-2.040449619293213
playgroundai_playground-v2.5-1024px-aesthetic,95737828,-0.5148850083351135
playgroundai_playground-v2.5-1024px-aesthetic,96448597,-0.7555224895477295
playgroundai_playground-v2.5-1024px-aesthetic,96482065,-1.1517302989959717
playgroundai_playground-v2.5-1024px-aesthetic,96521920,-0.16946981847286224
playgroundai_playground-v2.5-1024px-aesthetic,96850153,-0.4309631288051605
playgroundai_playground-v2.5-1024px-aesthetic,98113191,-0.1317477524280548
playgroundai_playground-v2.5-1024px-aesthetic,98195317,-0.6971467733383179
playgroundai_playground-v2.5-1024px-aesthetic,98254655,-0.4775547981262207
playgroundai_playground-v2.5-1024px-aesthetic,98319500,0.11481110751628876
playgroundai_playground-v2.5-1024px-aesthetic,98642787,-1.208799123764038
playgroundai_playground-v2.5-1024px-aesthetic,98646702,0.7982686161994934
playgroundai_playground-v2.5-1024px-aesthetic,98929226,0.16587096452713013
playgroundai_playground-v2.5-1024px-aesthetic,99178779,-0.23168224096298218
playgroundai_playground-v2.5-1024px-aesthetic,99185892,-0.011535590514540672
playgroundai_playground-v2.5-1024px-aesthetic,99211012,-0.666411817073822
playgroundai_playground-v2.5-1024px-aesthetic,99410560,-0.22404548525810242
playgroundai_playground-v2.5-1024px-aesthetic,99862294,-0.9110145568847656
prompthero_openjourney,138508,1.5238466262817383
prompthero_openjourney,192051,1.5476317405700684
prompthero_openjourney,213186,2.995725154876709
prompthero_openjourney,232386,0.335016131401062
prompthero_openjourney,232765,3.0104308128356934
prompthero_openjourney,258857,1.9697397947311401
prompthero_openjourney,283090,0.6892309188842773
prompthero_openjourney,285141,0.7962924838066101
prompthero_openjourney,399030,1.4416313171386719
prompthero_openjourney,440189,-0.31180626153945923
prompthero_openjourney,445169,1.785685420036316
prompthero_openjourney,486490,0.5288654565811157
prompthero_openjourney,487072,1.3416770696640015
prompthero_openjourney,487326,0.28844544291496277
prompthero_openjourney,489837,1.3796312808990479
prompthero_openjourney,646833,1.505895733833313
prompthero_openjourney,708860,-1.4230929613113403
prompthero_openjourney,717208,-0.8011424541473389
prompthero_openjourney,717468,0.41610029339790344
prompthero_openjourney,735254,1.1069540977478027
prompthero_openjourney,762478,0.5098139047622681
prompthero_openjourney,825443,1.1592206954956055
prompthero_openjourney,831919,2.1673367023468018
prompthero_openjourney,896677,1.909722089767456
prompthero_openjourney,936620,0.4576420783996582
prompthero_openjourney,974367,2.987415075302124
prompthero_openjourney,993014,2.242119312286377
prompthero_openjourney,995855,2.4130349159240723
prompthero_openjourney,1113367,1.7794023752212524
prompthero_openjourney,1171644,1.7700309753417969
prompthero_openjourney,1209135,1.4383037090301514
prompthero_openjourney,1317294,1.6105515956878662
prompthero_openjourney,1317533,1.5388509035110474
prompthero_openjourney,1321854,2.199833393096924
prompthero_openjourney,1377758,1.049640417098999
prompthero_openjourney,1474832,2.809903621673584
prompthero_openjourney,1516071,1.7057602405548096
prompthero_openjourney,1566705,1.5522656440734863
prompthero_openjourney,1640855,1.3562828302383423
prompthero_openjourney,1668603,2.2899630069732666
prompthero_openjourney,1678990,0.37064194679260254
prompthero_openjourney,1699831,1.8359475135803223
prompthero_openjourney,1707698,1.0697095394134521
prompthero_openjourney,1727942,0.18097403645515442
prompthero_openjourney,2045760,1.6464312076568604
prompthero_openjourney,2075049,1.3348820209503174
prompthero_openjourney,2075764,1.8353995084762573
prompthero_openjourney,2241569,1.813091516494751
prompthero_openjourney,2720725,2.314683675765991
prompthero_openjourney,2721160,2.7637133598327637
prompthero_openjourney,2730265,1.4159871339797974
prompthero_openjourney,2744395,2.1775050163269043
prompthero_openjourney,2770078,-0.1940944790840149
prompthero_openjourney,2793684,1.4638752937316895
prompthero_openjourney,2803666,0.40909576416015625
prompthero_openjourney,2807731,-0.314220130443573
prompthero_openjourney,2821943,-1.724547266960144
prompthero_openjourney,2824319,1.6214076280593872
prompthero_openjourney,2825442,0.12909787893295288
prompthero_openjourney,2852043,-0.36518335342407227
prompthero_openjourney,2870293,-1.5358390808105469
prompthero_openjourney,2870880,0.20559895038604736
prompthero_openjourney,2923535,1.7017630338668823
prompthero_openjourney,2933112,0.38745906949043274
prompthero_openjourney,2963987,-0.08577341586351395
prompthero_openjourney,2991302,-0.0873570516705513
prompthero_openjourney,3024209,-0.17258936166763306
prompthero_openjourney,3035832,1.2313121557235718
prompthero_openjourney,3049457,-0.33211103081703186
prompthero_openjourney,3107488,1.2556180953979492
prompthero_openjourney,3131388,-0.6130696535110474
prompthero_openjourney,3131669,1.3876556158065796
prompthero_openjourney,3152830,0.4306621253490448
prompthero_openjourney,3249569,0.26596927642822266
prompthero_openjourney,3262349,-0.8294446468353271
prompthero_openjourney,3288500,0.4222536087036133
prompthero_openjourney,3298716,0.3182406425476074
prompthero_openjourney,3308246,-0.4561113715171814
prompthero_openjourney,3309110,0.9887738227844238
prompthero_openjourney,3347220,2.064469337463379
prompthero_openjourney,3353281,0.9717726111412048
prompthero_openjourney,3366112,2.4191479682922363
prompthero_openjourney,3411927,1.0913807153701782
prompthero_openjourney,3456665,0.5526880025863647
prompthero_openjourney,3563208,-0.15160003304481506
prompthero_openjourney,3580281,1.6270346641540527
prompthero_openjourney,3603442,0.06304652243852615
prompthero_openjourney,3607029,0.7287511229515076
prompthero_openjourney,3628071,1.0172384977340698
prompthero_openjourney,3630383,-0.5294097661972046
prompthero_openjourney,3676483,-0.3876969814300537
prompthero_openjourney,3679712,-0.9357861876487732
prompthero_openjourney,3685307,1.1027520895004272
prompthero_openjourney,3703463,-1.1876366138458252
prompthero_openjourney,3714235,-0.19258755445480347
prompthero_openjourney,3728318,0.33978110551834106
prompthero_openjourney,3748162,0.758825957775116
prompthero_openjourney,3764276,1.135414958000183
prompthero_openjourney,3818090,2.630183219909668
prompthero_openjourney,3842156,-0.18022844195365906
prompthero_openjourney,3880032,1.709574818611145
prompthero_openjourney,3889343,1.222213625907898
prompthero_openjourney,3907654,0.9429957866668701
prompthero_openjourney,3940713,0.4248914122581482
prompthero_openjourney,3975232,1.9523289203643799
prompthero_openjourney,3982060,2.216012954711914
prompthero_openjourney,3990474,-1.2751121520996094
prompthero_openjourney,4010305,-0.33153101801872253
prompthero_openjourney,4025130,1.2096537351608276
prompthero_openjourney,4062807,0.1840762048959732
prompthero_openjourney,4123448,-0.794550359249115
prompthero_openjourney,4125853,0.2868579924106598
prompthero_openjourney,4140340,0.9680933952331543
prompthero_openjourney,4145056,0.37827739119529724
prompthero_openjourney,4192521,-0.9626753330230713
prompthero_openjourney,4259202,-0.10640660673379898
prompthero_openjourney,4285773,1.8674540519714355
prompthero_openjourney,4345028,-0.032740138471126556
prompthero_openjourney,4387201,0.5471349358558655
prompthero_openjourney,4416901,1.6194325685501099
prompthero_openjourney,4455579,0.6766223907470703
prompthero_openjourney,4497570,-0.31559205055236816
prompthero_openjourney,4534520,2.4835996627807617
prompthero_openjourney,4539203,-0.773894727230072
prompthero_openjourney,4552551,-0.758836567401886
prompthero_openjourney,4596797,0.5822014212608337
prompthero_openjourney,4832208,-0.4709998369216919
prompthero_openjourney,4930139,0.6393067836761475
prompthero_openjourney,5008085,2.577051877975464
prompthero_openjourney,5219923,-0.6148179173469543
prompthero_openjourney,5316083,1.821179986000061
prompthero_openjourney,5350912,0.9585877656936646
prompthero_openjourney,5374860,2.2357120513916016
prompthero_openjourney,5410315,2.6675848960876465
prompthero_openjourney,5522784,2.5408060550689697
prompthero_openjourney,5728577,2.178926467895508
prompthero_openjourney,5752544,1.4387613534927368
prompthero_openjourney,5794797,3.256988525390625
prompthero_openjourney,5895919,-0.3734750747680664
prompthero_openjourney,5958517,1.6450655460357666
prompthero_openjourney,6189776,1.1188044548034668
prompthero_openjourney,6528587,2.588510751724243
prompthero_openjourney,6584891,2.2733893394470215
prompthero_openjourney,6586355,1.5382925271987915
prompthero_openjourney,6607809,3.2238707542419434
prompthero_openjourney,6615026,0.21651047468185425
prompthero_openjourney,6615458,2.241798162460327
prompthero_openjourney,6615818,1.112461805343628
prompthero_openjourney,6616314,1.0955818891525269
prompthero_openjourney,6617011,0.7023453712463379
prompthero_openjourney,6617413,0.04590968042612076
prompthero_openjourney,6729499,2.594806671142578
prompthero_openjourney,6880664,2.5101985931396484
prompthero_openjourney,6883725,2.1777358055114746
prompthero_openjourney,6946774,-0.02614441327750683
prompthero_openjourney,7025268,0.640049934387207
prompthero_openjourney,7109847,1.438962459564209
prompthero_openjourney,7116261,1.1682729721069336
prompthero_openjourney,7150023,1.516891360282898
prompthero_openjourney,7163803,-0.20044299960136414
prompthero_openjourney,7507098,2.138270139694214
prompthero_openjourney,7596684,1.0471420288085938
prompthero_openjourney,7597365,0.12373759597539902
prompthero_openjourney,7601809,0.03949814289808273
prompthero_openjourney,7605282,1.274294376373291
prompthero_openjourney,7606419,0.5509850382804871
prompthero_openjourney,7607707,1.551028847694397
prompthero_openjourney,7608721,0.37381425499916077
prompthero_openjourney,7625977,0.23414680361747742
prompthero_openjourney,7626721,0.32044315338134766
prompthero_openjourney,7626833,-0.3568320572376251
prompthero_openjourney,7627310,0.39024728536605835
prompthero_openjourney,7651454,-0.2672157287597656
prompthero_openjourney,7654438,-0.49028658866882324
prompthero_openjourney,7664468,-1.0238804817199707
prompthero_openjourney,7698915,-0.0564240887761116
prompthero_openjourney,7700167,0.09714748710393906
prompthero_openjourney,7700868,-0.7254865169525146
prompthero_openjourney,7701244,1.4188576936721802
prompthero_openjourney,7702193,0.40520480275154114
prompthero_openjourney,7710616,-1.1686471700668335
prompthero_openjourney,7834065,0.9023133516311646
prompthero_openjourney,7854266,1.3684558868408203
prompthero_openjourney,7854455,0.7831369638442993
prompthero_openjourney,7871940,1.1594575643539429
prompthero_openjourney,7891189,-0.4948442280292511
prompthero_openjourney,7897116,0.9379098415374756
prompthero_openjourney,7914271,-0.3404184579849243
prompthero_openjourney,7922764,-0.20962464809417725
prompthero_openjourney,7929519,-0.41626793146133423
prompthero_openjourney,7933274,0.8650467991828918
prompthero_openjourney,7933530,1.5485401153564453
prompthero_openjourney,8089797,-1.3040120601654053
prompthero_openjourney,8095160,-0.03130616247653961
prompthero_openjourney,8124208,-0.7253752946853638
prompthero_openjourney,8339939,0.394966185092926
prompthero_openjourney,8876291,-0.7691707015037537
prompthero_openjourney,9020389,1.035828709602356
prompthero_openjourney,9044146,0.9281619787216187
prompthero_openjourney,9057052,-0.04768946021795273
prompthero_openjourney,9427682,1.0121861696243286
prompthero_openjourney,9580065,1.0195475816726685
prompthero_openjourney,9719434,0.1655336618423462
prompthero_openjourney,9793248,0.872555673122406
prompthero_openjourney,9794211,1.600233793258667
prompthero_openjourney,9862621,0.1466701626777649
prompthero_openjourney,9875188,0.34325361251831055
prompthero_openjourney,9984659,0.1805092990398407
prompthero_openjourney,10012874,2.653395652770996
prompthero_openjourney,10024569,2.647946357727051
prompthero_openjourney,10080493,0.10163319110870361
prompthero_openjourney,10106452,1.889922857284546
prompthero_openjourney,10198409,2.2527475357055664
prompthero_openjourney,10333317,0.03949332237243652
prompthero_openjourney,10408552,1.1408507823944092
prompthero_openjourney,10444677,0.41781771183013916
prompthero_openjourney,10453357,1.1332709789276123
prompthero_openjourney,10548623,0.43432310223579407
prompthero_openjourney,10572128,1.649867296218872
prompthero_openjourney,10794014,2.05191969871521
prompthero_openjourney,10939743,1.8389230966567993
prompthero_openjourney,11039909,1.773184061050415
prompthero_openjourney,11334088,-0.15969127416610718
prompthero_openjourney,11417672,0.24793264269828796
prompthero_openjourney,11437577,2.2609944343566895
prompthero_openjourney,11460338,2.7704877853393555
prompthero_openjourney,12345739,1.784774661064148
prompthero_openjourney,12402348,0.7860113978385925
prompthero_openjourney,13221529,1.9074102640151978
prompthero_openjourney,13290566,0.13817623257637024
prompthero_openjourney,13389475,2.0251760482788086
prompthero_openjourney,13390139,0.18219953775405884
prompthero_openjourney,13390405,-0.18580813705921173
prompthero_openjourney,13392786,-1.6798005104064941
prompthero_openjourney,13649361,3.441502571105957
prompthero_openjourney,13716878,1.6309185028076172
prompthero_openjourney,13884740,1.571292757987976
prompthero_openjourney,13915305,1.6308833360671997
prompthero_openjourney,13931145,1.4056540727615356
prompthero_openjourney,13984082,0.8448638319969177
prompthero_openjourney,14140678,0.8608294129371643
prompthero_openjourney,14195315,2.487457275390625
prompthero_openjourney,14294568,1.2742748260498047
prompthero_openjourney,14320813,1.0289925336837769
prompthero_openjourney,14360436,1.1241817474365234
prompthero_openjourney,14488317,0.24446047842502594
prompthero_openjourney,14533937,0.9904850721359253
prompthero_openjourney,14550987,-0.0696972981095314
prompthero_openjourney,14579933,0.293781042098999
prompthero_openjourney,14606290,3.5097100734710693
prompthero_openjourney,14620257,2.1100759506225586
prompthero_openjourney,14632648,1.8853298425674438
prompthero_openjourney,14647235,3.0561695098876953
prompthero_openjourney,14654954,-0.16176004707813263
prompthero_openjourney,14686352,1.382068395614624
prompthero_openjourney,14702875,1.6604678630828857
prompthero_openjourney,14703190,1.6292446851730347
prompthero_openjourney,14807929,3.1703622341156006
prompthero_openjourney,14809057,3.8147647380828857
prompthero_openjourney,14867690,1.3625563383102417
prompthero_openjourney,14872875,1.3060096502304077
prompthero_openjourney,14880557,-0.03971538692712784
prompthero_openjourney,14894140,3.2209041118621826
prompthero_openjourney,15180934,2.9126813411712646
prompthero_openjourney,15970145,0.19150307774543762
prompthero_openjourney,17002912,-0.5333653688430786
prompthero_openjourney,17012379,1.0486457347869873
prompthero_openjourney,17282800,1.1323096752166748
prompthero_openjourney,17925539,-0.24311509728431702
prompthero_openjourney,18367104,0.21359935402870178
prompthero_openjourney,18758723,2.6020612716674805
prompthero_openjourney,19143128,0.6755741834640503
prompthero_openjourney,19671124,2.289397716522217
prompthero_openjourney,19855707,-0.2634504735469818
prompthero_openjourney,19893872,0.8897794485092163
prompthero_openjourney,20017667,1.295202374458313
prompthero_openjourney,20128079,1.5713094472885132
prompthero_openjourney,20471134,1.396343469619751
prompthero_openjourney,20495093,1.441096305847168
prompthero_openjourney,20782430,1.7724690437316895
prompthero_openjourney,21377549,1.7615833282470703
prompthero_openjourney,21564446,3.292668581008911
prompthero_openjourney,21620388,1.1947076320648193
prompthero_openjourney,22149540,0.6537038087844849
prompthero_openjourney,22738759,2.0908265113830566
prompthero_openjourney,22767176,0.8498019576072693
prompthero_openjourney,23129661,2.3979244232177734
prompthero_openjourney,23185551,2.555495262145996
prompthero_openjourney,23232427,1.7692924737930298
prompthero_openjourney,23257851,3.1211423873901367
prompthero_openjourney,23620789,-0.4255501329898834
prompthero_openjourney,24808131,0.9588548541069031
prompthero_openjourney,24843217,0.34585314989089966
prompthero_openjourney,24933378,2.0612802505493164
prompthero_openjourney,24942232,1.9803943634033203
prompthero_openjourney,25290589,2.0944032669067383
prompthero_openjourney,25579216,2.7931723594665527
prompthero_openjourney,25685207,-0.593087375164032
prompthero_openjourney,25776594,2.792046308517456
prompthero_openjourney,26078214,0.7597851157188416
prompthero_openjourney,26746434,1.0138609409332275
prompthero_openjourney,26998039,2.8454017639160156
prompthero_openjourney,27106238,0.9938956499099731
prompthero_openjourney,27246777,1.0418267250061035
prompthero_openjourney,27768637,1.6560848951339722
prompthero_openjourney,27871992,2.42244291305542
prompthero_openjourney,28190972,1.286229133605957
prompthero_openjourney,29094321,3.0278501510620117
prompthero_openjourney,29148617,1.220803141593933
prompthero_openjourney,29161294,1.1710631847381592
prompthero_openjourney,29632917,0.6331763863563538
prompthero_openjourney,29703209,2.4648759365081787
prompthero_openjourney,29779486,1.426964521408081
prompthero_openjourney,30028757,2.1369950771331787
prompthero_openjourney,30225071,0.5491552352905273
prompthero_openjourney,30373565,1.985467791557312
prompthero_openjourney,30484086,1.6673070192337036
prompthero_openjourney,30883080,0.603436291217804
prompthero_openjourney,31114750,1.4286344051361084
prompthero_openjourney,31196176,1.3077363967895508
prompthero_openjourney,31391857,0.990032434463501
prompthero_openjourney,31595142,0.9605863094329834
prompthero_openjourney,32152786,-1.2298815250396729
prompthero_openjourney,32327818,1.1978142261505127
prompthero_openjourney,32379732,0.3471304476261139
prompthero_openjourney,32473966,1.4697679281234741
prompthero_openjourney,32902730,1.3894999027252197
prompthero_openjourney,32932491,2.4422082901000977
prompthero_openjourney,33006578,0.859954833984375
prompthero_openjourney,33478721,-1.4540928602218628
prompthero_openjourney,34475997,0.8577139377593994
prompthero_openjourney,34578737,0.5072185397148132
prompthero_openjourney,34773230,2.5002551078796387
prompthero_openjourney,36507085,1.853158950805664
prompthero_openjourney,36678439,1.117525577545166
prompthero_openjourney,37287360,0.8301522135734558
prompthero_openjourney,37319253,2.037506580352783
prompthero_openjourney,37547870,-0.12463758140802383
prompthero_openjourney,37736408,-0.16260406374931335
prompthero_openjourney,38014258,0.7854313254356384
prompthero_openjourney,38297191,-0.9240114092826843
prompthero_openjourney,38402744,1.942671537399292
prompthero_openjourney,38954086,1.8053631782531738
prompthero_openjourney,39139190,-0.24419844150543213
prompthero_openjourney,39560404,2.7861499786376953
prompthero_openjourney,39566065,0.28271734714508057
prompthero_openjourney,39595218,0.7238697409629822
prompthero_openjourney,40825299,0.7225522398948669
prompthero_openjourney,40945115,1.0197491645812988
prompthero_openjourney,40995095,1.9527727365493774
prompthero_openjourney,41015844,1.7404941320419312
prompthero_openjourney,41031648,0.3799143433570862
prompthero_openjourney,41161074,2.629268169403076
prompthero_openjourney,41458919,3.001844882965088
prompthero_openjourney,41565779,0.9429072141647339
prompthero_openjourney,41766391,2.6768388748168945
prompthero_openjourney,41982710,2.672272205352783
prompthero_openjourney,42048260,-0.4405882954597473
prompthero_openjourney,42849420,-0.48151880502700806
prompthero_openjourney,42931583,0.5634217262268066
prompthero_openjourney,43060946,1.4836703538894653
prompthero_openjourney,43153800,2.4141581058502197
prompthero_openjourney,43161384,0.18718066811561584
prompthero_openjourney,43301379,0.7766304016113281
prompthero_openjourney,43304323,2.3562660217285156
prompthero_openjourney,43367797,0.6781935691833496
prompthero_openjourney,43431032,0.2993362843990326
prompthero_openjourney,43631801,1.888490080833435
prompthero_openjourney,43735560,1.8361566066741943
prompthero_openjourney,43858443,-0.795087456703186
prompthero_openjourney,43918624,1.8373100757598877
prompthero_openjourney,44280552,2.304677724838257
prompthero_openjourney,44295589,2.14666748046875
prompthero_openjourney,44621915,-0.5545843839645386
prompthero_openjourney,44645737,-0.3204946219921112
prompthero_openjourney,44838123,1.888427495956421
prompthero_openjourney,45258070,1.6338622570037842
prompthero_openjourney,45297641,3.037503242492676
prompthero_openjourney,45418454,0.64886075258255
prompthero_openjourney,45564900,0.7204337120056152
prompthero_openjourney,46150029,1.046899437904358
prompthero_openjourney,46394736,0.08456911891698837
prompthero_openjourney,46673664,1.8927773237228394
prompthero_openjourney,46994920,1.6207700967788696
prompthero_openjourney,47009060,0.5593789219856262
prompthero_openjourney,47552953,1.014042615890503
prompthero_openjourney,47595220,1.6663293838500977
prompthero_openjourney,47819321,0.2980917692184448
prompthero_openjourney,48223384,2.052314281463623
prompthero_openjourney,48351897,0.9351078271865845
prompthero_openjourney,48754831,-0.2378178834915161
prompthero_openjourney,49054805,-0.5339552164077759
prompthero_openjourney,49089576,1.1211289167404175
prompthero_openjourney,49300740,1.517584204673767
prompthero_openjourney,49358811,0.7296102643013
prompthero_openjourney,49462954,1.5338890552520752
prompthero_openjourney,50262859,0.20610705018043518
prompthero_openjourney,50871471,1.115447998046875
prompthero_openjourney,50952217,2.105100393295288
prompthero_openjourney,51060824,1.913716435432434
prompthero_openjourney,51314050,2.0692901611328125
prompthero_openjourney,51946990,1.5600351095199585
prompthero_openjourney,52325745,0.657736599445343
prompthero_openjourney,52474100,1.529850721359253
prompthero_openjourney,52516409,0.9577093124389648
prompthero_openjourney,52711595,0.09668026864528656
prompthero_openjourney,53022028,0.7681227326393127
prompthero_openjourney,53205877,-0.1767360270023346
prompthero_openjourney,53288018,-0.8221052885055542
prompthero_openjourney,53443611,0.6752933263778687
prompthero_openjourney,53815934,2.1191909313201904
prompthero_openjourney,54495173,1.4702588319778442
prompthero_openjourney,54931507,-0.5970842838287354
prompthero_openjourney,55191509,2.667360305786133
prompthero_openjourney,55255145,0.06205170601606369
prompthero_openjourney,55457672,2.8126654624938965
prompthero_openjourney,55588327,2.8093113899230957
prompthero_openjourney,55653646,1.2602118253707886
prompthero_openjourney,55658809,2.5201351642608643
prompthero_openjourney,55812974,2.0977718830108643
prompthero_openjourney,55819553,1.7037913799285889
prompthero_openjourney,55826966,1.1644827127456665
prompthero_openjourney,55983905,0.813991129398346
prompthero_openjourney,56074056,0.21514147520065308
prompthero_openjourney,56112588,1.8566259145736694
prompthero_openjourney,56121520,1.4438772201538086
prompthero_openjourney,56250900,2.1674773693084717
prompthero_openjourney,56458800,-0.23944292962551117
prompthero_openjourney,56792430,0.8257650136947632
prompthero_openjourney,56982260,2.034268856048584
prompthero_openjourney,57673976,3.2213540077209473
prompthero_openjourney,57716963,-0.45066332817077637
prompthero_openjourney,57729980,0.2574861943721771
prompthero_openjourney,57785005,1.9483546018600464
prompthero_openjourney,57873614,1.0210227966308594
prompthero_openjourney,58727024,1.6315621137619019
prompthero_openjourney,58761464,0.5774861574172974
prompthero_openjourney,59399259,1.3265328407287598
prompthero_openjourney,59976859,2.6455349922180176
prompthero_openjourney,60083345,3.1457536220550537
prompthero_openjourney,60214770,1.8915880918502808
prompthero_openjourney,60215376,0.794772744178772
prompthero_openjourney,60375309,1.08391273021698
prompthero_openjourney,60606896,1.5443960428237915
prompthero_openjourney,60668084,1.0472956895828247
prompthero_openjourney,61035709,-1.2893363237380981
prompthero_openjourney,61388266,1.6479356288909912
prompthero_openjourney,61627313,-2.0031445026397705
prompthero_openjourney,61635816,2.7106027603149414
prompthero_openjourney,61853324,-0.6055245995521545
prompthero_openjourney,62408818,2.1486029624938965
prompthero_openjourney,62841330,2.466292381286621
prompthero_openjourney,63015570,0.8749716877937317
prompthero_openjourney,63336441,1.6203415393829346
prompthero_openjourney,63633117,1.6707091331481934
prompthero_openjourney,64576544,0.5824097990989685
prompthero_openjourney,64687077,0.46938833594322205
prompthero_openjourney,64693533,2.7531628608703613
prompthero_openjourney,64856142,0.39722001552581787
prompthero_openjourney,65411270,1.7019975185394287
prompthero_openjourney,65557844,-0.2638795077800751
prompthero_openjourney,65824677,1.9248991012573242
prompthero_openjourney,65890875,0.6144051551818848
prompthero_openjourney,65960228,2.503750801086426
prompthero_openjourney,66668538,0.5072957277297974
prompthero_openjourney,67344811,1.8334105014801025
prompthero_openjourney,67949798,-0.3845977485179901
prompthero_openjourney,68246844,3.1670379638671875
prompthero_openjourney,68280322,1.7812609672546387
prompthero_openjourney,68321683,1.6884026527404785
prompthero_openjourney,68380669,3.3580360412597656
prompthero_openjourney,68575085,0.4446658492088318
prompthero_openjourney,70380966,0.9301203489303589
prompthero_openjourney,70494671,0.9581262469291687
prompthero_openjourney,71055464,-0.6387038826942444
prompthero_openjourney,71591839,1.46867835521698
prompthero_openjourney,71828875,1.4697496891021729
prompthero_openjourney,71910823,1.3941357135772705
prompthero_openjourney,71959499,-0.1077178418636322
prompthero_openjourney,72432241,0.8883824944496155
prompthero_openjourney,72553814,0.46678245067596436
prompthero_openjourney,73051579,0.7536870837211609
prompthero_openjourney,73600586,3.3147034645080566
prompthero_openjourney,73616417,0.6158747673034668
prompthero_openjourney,73681289,0.6927992701530457
prompthero_openjourney,73962724,0.8730515837669373
prompthero_openjourney,74175857,1.6701397895812988
prompthero_openjourney,75051801,2.039318323135376
prompthero_openjourney,75787772,2.321732521057129
prompthero_openjourney,75944980,-0.44087475538253784
prompthero_openjourney,75964288,0.5005565881729126
prompthero_openjourney,76066166,1.6833819150924683
prompthero_openjourney,76100398,2.1072847843170166
prompthero_openjourney,76425345,0.11326040327548981
prompthero_openjourney,77106105,0.748897910118103
prompthero_openjourney,77132310,1.4106919765472412
prompthero_openjourney,77232534,-0.5782322883605957
prompthero_openjourney,77312726,1.5561460256576538
prompthero_openjourney,77358840,2.0671324729919434
prompthero_openjourney,77490593,1.2331809997558594
prompthero_openjourney,77726888,0.18870684504508972
prompthero_openjourney,78735978,2.3007969856262207
prompthero_openjourney,79077085,1.2637498378753662
prompthero_openjourney,79212243,-0.5953847169876099
prompthero_openjourney,79606917,0.9714510440826416
prompthero_openjourney,79918827,0.5685882568359375
prompthero_openjourney,80289373,1.0600279569625854
prompthero_openjourney,80371125,2.112489938735962
prompthero_openjourney,80540387,0.7843897938728333
prompthero_openjourney,81135077,1.6115965843200684
prompthero_openjourney,81303945,-0.5413420796394348
prompthero_openjourney,81435593,3.3261733055114746
prompthero_openjourney,82282590,-0.32815390825271606
prompthero_openjourney,82696415,-0.80363929271698
prompthero_openjourney,82916016,0.9048889875411987
prompthero_openjourney,83084473,1.624632716178894
prompthero_openjourney,83418847,0.003204578533768654
prompthero_openjourney,84089324,2.6244983673095703
prompthero_openjourney,84306831,0.5668904781341553
prompthero_openjourney,84510135,2.3788814544677734
prompthero_openjourney,84788890,0.7784209251403809
prompthero_openjourney,84985982,0.9516124725341797
prompthero_openjourney,85191733,-0.4182882308959961
prompthero_openjourney,86119145,1.1487135887145996
prompthero_openjourney,86340862,1.690055012702942
prompthero_openjourney,86341828,0.6681435108184814
prompthero_openjourney,86537356,2.539828062057495
prompthero_openjourney,86701636,-1.027087688446045
prompthero_openjourney,86714939,3.062791347503662
prompthero_openjourney,87574583,1.636361837387085
prompthero_openjourney,87699711,0.4732986092567444
prompthero_openjourney,88016571,0.9356992244720459
prompthero_openjourney,88087492,0.06830908358097076
prompthero_openjourney,89227603,0.10979921370744705
prompthero_openjourney,89539854,2.5540833473205566
prompthero_openjourney,89926787,1.3860578536987305
prompthero_openjourney,90244932,-1.1594879627227783
prompthero_openjourney,90493027,0.4302542209625244
prompthero_openjourney,90613035,2.150470733642578
prompthero_openjourney,91368797,0.5282124280929565
prompthero_openjourney,91784299,0.2695428729057312
prompthero_openjourney,91790573,-0.4915385842323303
prompthero_openjourney,91834546,0.31341999769210815
prompthero_openjourney,92068094,-0.3723360300064087
prompthero_openjourney,92311656,1.4525539875030518
prompthero_openjourney,92709444,0.4274499714374542
prompthero_openjourney,93114575,1.887669563293457
prompthero_openjourney,93256557,2.1145808696746826
prompthero_openjourney,93407716,0.53546541929245
prompthero_openjourney,93436296,2.9007492065429688
prompthero_openjourney,93512057,-1.100661277770996
prompthero_openjourney,94006560,1.1999340057373047
prompthero_openjourney,94321535,0.09975191205739975
prompthero_openjourney,94532154,2.3364861011505127
prompthero_openjourney,95171107,-0.18272757530212402
prompthero_openjourney,95228839,2.0314557552337646
prompthero_openjourney,95325441,2.1169023513793945
prompthero_openjourney,95450946,1.2649903297424316
prompthero_openjourney,95583911,2.4403350353240967
prompthero_openjourney,95718306,-0.5407171845436096
prompthero_openjourney,95737828,2.458176374435425
prompthero_openjourney,96448597,1.4461095333099365
prompthero_openjourney,96482065,2.043522834777832
prompthero_openjourney,96521920,1.1601638793945312
prompthero_openjourney,96850153,1.235040307044983
prompthero_openjourney,98113191,1.161833643913269
prompthero_openjourney,98195317,1.465262770652771
prompthero_openjourney,98254655,0.765066385269165
prompthero_openjourney,98319500,0.6624603271484375
prompthero_openjourney,98642787,-0.263979434967041
prompthero_openjourney,98646702,-1.362877607345581
prompthero_openjourney,98929226,2.1382155418395996
prompthero_openjourney,99178779,0.7230427265167236
prompthero_openjourney,99185892,2.258315086364746
prompthero_openjourney,99211012,-0.3533570468425751
prompthero_openjourney,99410560,-0.5630220770835876
prompthero_openjourney,99862294,-0.2700396478176117
retrieval,138508,0.9550628066062927
retrieval,192051,0.8447046875953674
retrieval,213186,0.7299194931983948
retrieval,232386,-0.6140393018722534
retrieval,232765,1.492323637008667
retrieval,258857,0.49214160442352295
retrieval,283090,2.3366644382476807
retrieval,285141,0.037379272282123566
retrieval,399030,0.7932947278022766
retrieval,440189,1.9087477922439575
retrieval,445169,0.9149848818778992
retrieval,486490,1.312736988067627
retrieval,487072,-0.692759096622467
retrieval,487326,0.31528979539871216
retrieval,489837,0.36181750893592834
retrieval,646833,0.38309788703918457
retrieval,708860,0.6945595741271973
retrieval,717208,-0.4622131586074829
retrieval,717468,0.7694782018661499
retrieval,735254,1.5436527729034424
retrieval,762478,0.055471740663051605
retrieval,825443,0.7935260534286499
retrieval,831919,1.5455996990203857
retrieval,936620,-0.45983290672302246
retrieval,974367,1.781554102897644
retrieval,993014,-0.8040750026702881
retrieval,1113367,0.5961322784423828
retrieval,1171644,-0.15797843039035797
retrieval,1209135,1.14115571975708
retrieval,1317294,0.19942675530910492
retrieval,1317533,0.23417672514915466
retrieval,1321854,1.084490180015564
retrieval,1377758,-0.004150887951254845
retrieval,1474832,3.329603672027588
retrieval,1516071,0.051886655390262604
retrieval,1566705,0.9867154955863953
retrieval,1640855,-0.005041142925620079
retrieval,1668603,0.4437848925590515
retrieval,1678990,0.8629398345947266
retrieval,1699831,1.7147698402404785
retrieval,1707698,0.6317167282104492
retrieval,1727942,-0.6099945306777954
retrieval,2045760,0.9804067015647888
retrieval,2075049,2.644559860229492
retrieval,2075764,0.5081120729446411
retrieval,2241569,0.4789104461669922
retrieval,2720725,0.6019836664199829
retrieval,2721160,1.8731482028961182
retrieval,2730265,0.97910475730896
retrieval,2744395,0.5676333904266357
retrieval,2770078,-0.3129531741142273
retrieval,2793684,1.5245109796524048
retrieval,2803666,-0.011179780587553978
retrieval,2807731,-0.05818469077348709
retrieval,2821943,0.29868122935295105
retrieval,2824319,2.4499411582946777
retrieval,2825442,1.1400352716445923
retrieval,2852043,1.5715973377227783
retrieval,2870293,1.7142343521118164
retrieval,2870880,1.6303943395614624
retrieval,2923535,1.4694666862487793
retrieval,2933112,-0.7905301451683044
retrieval,2963987,-0.8212606906890869
retrieval,2991302,1.3744350671768188
retrieval,3024209,0.8895664811134338
retrieval,3035832,-0.44078364968299866
retrieval,3049457,-0.5271668434143066
retrieval,3107488,-0.021032502874732018
retrieval,3131388,-0.002532901242375374
retrieval,3131669,0.4120962619781494
retrieval,3152830,1.1768391132354736
retrieval,3249569,-0.0812208279967308
retrieval,3262349,0.4111335873603821
retrieval,3288500,-0.6364530920982361
retrieval,3298716,-0.27238574624061584
retrieval,3308246,-0.4834897816181183
retrieval,3309110,0.5419553518295288
retrieval,3347220,-0.8171485662460327
retrieval,3353281,1.8062071800231934
retrieval,3366112,0.5439285635948181
retrieval,3411927,2.380821943283081
retrieval,3456665,0.6205815076828003
retrieval,3563208,0.9597969651222229
retrieval,3580281,0.2396119236946106
retrieval,3603442,1.7400747537612915
retrieval,3607029,1.27034592628479
retrieval,3628071,0.3119274973869324
retrieval,3630383,0.43228739500045776
retrieval,3676483,2.266389846801758
retrieval,3679712,-0.17056244611740112
retrieval,3685307,0.45887500047683716
retrieval,3703463,1.7009620666503906
retrieval,3714235,1.187580943107605
retrieval,3728318,1.933972954750061
retrieval,3748162,0.9358365535736084
retrieval,3764276,0.746047854423523
retrieval,3818090,0.47259342670440674
retrieval,3842156,1.852689266204834
retrieval,3880032,1.7629276514053345
retrieval,3889343,0.8237910270690918
retrieval,3907654,2.376185894012451
retrieval,3940713,0.5558415651321411
retrieval,3975232,2.7573819160461426
retrieval,3982060,0.23709562420845032
retrieval,3990474,1.034913182258606
retrieval,4010305,0.7867499589920044
retrieval,4025130,1.39005446434021
retrieval,4062807,1.5441094636917114
retrieval,4123448,-0.08671468496322632
retrieval,4125853,0.37566274404525757
retrieval,4140340,1.3276333808898926
retrieval,4145056,1.289107084274292
retrieval,4192521,1.5019993782043457
retrieval,4259202,0.22082725167274475
retrieval,4285773,0.4135727882385254
retrieval,4345028,-0.6266956925392151
retrieval,4387201,0.5482796430587769
retrieval,4416901,0.9228078126907349
retrieval,4455579,0.7033495903015137
retrieval,4497570,1.2036926746368408
retrieval,4534520,1.2795069217681885
retrieval,4539203,-0.4695391058921814
retrieval,4552551,0.4181819558143616
retrieval,4596797,0.692238450050354
retrieval,4832208,2.4577693939208984
retrieval,4930139,-0.8466404676437378
retrieval,5008085,0.2520666718482971
retrieval,5219923,0.08041992038488388
retrieval,5316083,0.2049013376235962
retrieval,5350912,-0.9339954257011414
retrieval,5374860,1.2744072675704956
retrieval,5410315,1.1940221786499023
retrieval,5522784,0.37542009353637695
retrieval,5728577,0.8582240343093872
retrieval,5752544,-0.4386380612850189
retrieval,5794797,0.5399514436721802
retrieval,5895919,0.7092265486717224
retrieval,5958517,2.764242649078369
retrieval,6189776,1.2882258892059326
retrieval,6528587,0.8556520342826843
retrieval,6584891,0.08682961761951447
retrieval,6586355,0.5866531133651733
retrieval,6607809,0.11447349935770035
retrieval,6615026,1.0020166635513306
retrieval,6615458,1.4688823223114014
retrieval,6615818,0.4604800045490265
retrieval,6616314,1.833685278892517
retrieval,6617011,1.1316206455230713
retrieval,6617413,1.1227288246154785
retrieval,6729499,1.2674578428268433
retrieval,6880664,0.9909737706184387
retrieval,6883725,0.9374098777770996
retrieval,6946774,1.5130627155303955
retrieval,7025268,1.513927936553955
retrieval,7109847,1.530226230621338
retrieval,7116261,-1.147362232208252
retrieval,7150023,0.2070121169090271
retrieval,7163803,-0.1664303094148636
retrieval,7507098,1.0713655948638916
retrieval,7596684,0.3021901845932007
retrieval,7601809,-0.2404147982597351
retrieval,7605282,1.163844108581543
retrieval,7606419,1.3418399095535278
retrieval,7607707,2.90399432182312
retrieval,7608721,0.7767128944396973
retrieval,7625977,1.2265617847442627
retrieval,7626721,0.7318083047866821
retrieval,7626833,1.3320120573043823
retrieval,7627310,0.5006377696990967
retrieval,7651454,1.3499383926391602
retrieval,7654438,-0.5052008032798767
retrieval,7664468,0.8985384702682495
retrieval,7698915,0.04703858494758606
retrieval,7700167,1.7854115962982178
retrieval,7700868,-0.08131057769060135
retrieval,7701244,0.7818983793258667
retrieval,7702193,0.9061915874481201
retrieval,7710616,-0.9987953901290894
retrieval,7834065,0.6598303914070129
retrieval,7854266,1.3355188369750977
retrieval,7854455,-0.23252005875110626
retrieval,7871940,-0.09279542416334152
retrieval,7891189,0.2875898480415344
retrieval,7897116,-0.5522546768188477
retrieval,7914271,1.0029518604278564
retrieval,7922764,-0.9436544179916382
retrieval,7929519,-0.6571710109710693
retrieval,7933274,-0.6716910600662231
retrieval,7933530,-0.04267207533121109
retrieval,8089797,1.5329842567443848
retrieval,8095160,0.1211417093873024
retrieval,8124208,0.6083394885063171
retrieval,8339939,0.9935103058815002
retrieval,8876291,2.421006441116333
retrieval,9020389,1.2878392934799194
retrieval,9044146,1.6223394870758057
retrieval,9057052,1.7223186492919922
retrieval,9427682,-0.46052777767181396
retrieval,9580065,1.6540400981903076
retrieval,9719434,1.039793610572815
retrieval,9793248,0.8796458840370178
retrieval,9794211,0.9612217545509338
retrieval,9862621,-0.5726043581962585
retrieval,9875188,1.5954689979553223
retrieval,9984659,0.7189540863037109
retrieval,10012874,0.8280264139175415
retrieval,10024569,0.5448337197303772
retrieval,10080493,-0.5632310509681702
retrieval,10106452,2.8038220405578613
retrieval,10198409,2.903111219406128
retrieval,10333317,0.5954880714416504
retrieval,10408552,0.3841468393802643
retrieval,10444677,-0.7728155851364136
retrieval,10453357,0.9859033226966858
retrieval,10548623,1.0198897123336792
retrieval,10572128,0.7186895608901978
retrieval,10794014,-0.21611925959587097
retrieval,10939743,0.9646208882331848
retrieval,11039909,-0.18284815549850464
retrieval,11334088,-1.3723667860031128
retrieval,11417672,1.051584005355835
retrieval,11437577,-0.0975755825638771
retrieval,11460338,1.807124137878418
retrieval,12345739,0.8596271276473999
retrieval,12402348,2.205479621887207
retrieval,13221529,2.08181095123291
retrieval,13290566,1.5517966747283936
retrieval,13389475,0.04322700947523117
retrieval,13390139,1.5335272550582886
retrieval,13390405,0.182591050863266
retrieval,13392786,-1.4833096265792847
retrieval,13649361,-0.0207973700016737
retrieval,13716878,0.527751088142395
retrieval,13884740,0.9252294301986694
retrieval,13931145,-0.5655999183654785
retrieval,13984082,1.7698793411254883
retrieval,14140678,0.6806017160415649
retrieval,14195315,1.7963166236877441
retrieval,14294568,-0.2916661202907562
retrieval,14320813,1.721686601638794
retrieval,14360436,1.3506944179534912
retrieval,14488317,0.016395030543208122
retrieval,14533937,0.6398988962173462
retrieval,14550987,0.9965894222259521
retrieval,14579933,-0.004544368013739586
retrieval,14606290,0.5318531394004822
retrieval,14620257,1.5687620639801025
retrieval,14632648,0.5803602337837219
retrieval,14647235,-0.302335262298584
retrieval,14654954,1.0916190147399902
retrieval,14686352,-0.6571884155273438
retrieval,14702875,0.8382185697555542
retrieval,14703190,0.6127614378929138
retrieval,14807929,0.6610116362571716
retrieval,14809057,0.41994524002075195
retrieval,14867690,1.5282673835754395
retrieval,14872875,1.2850041389465332
retrieval,14880557,0.3922065496444702
retrieval,14894140,1.38277006149292
retrieval,15180934,-0.7184041738510132
retrieval,15970145,1.5856382846832275
retrieval,17002912,2.3068528175354004
retrieval,17012379,-0.9995107054710388
retrieval,17282800,-2.6125216484069824
retrieval,17925539,0.35974377393722534
retrieval,18367104,0.4600220024585724
retrieval,18758723,-0.8487046360969543
retrieval,19671124,0.14438727498054504
retrieval,19855707,-2.825305700302124
retrieval,19893872,2.2428128719329834
retrieval,20017667,1.2067747116088867
retrieval,20128079,1.817219853401184
retrieval,20471134,0.26423144340515137
retrieval,20495093,0.3685281574726105
retrieval,20782430,0.14268235862255096
retrieval,21377549,0.4814452826976776
retrieval,21564446,1.5438156127929688
retrieval,21620388,0.529120683670044
retrieval,22149540,0.8263187408447266
retrieval,22738759,1.1353451013565063
retrieval,22767176,0.8933144807815552
retrieval,23129661,0.6347337961196899
retrieval,23185551,0.535559356212616
retrieval,23232427,1.6677721738815308
retrieval,23257851,1.1359798908233643
retrieval,23620789,1.277395486831665
retrieval,24808131,-0.8964755535125732
retrieval,24843217,1.5444968938827515
retrieval,24933378,0.9859033226966858
retrieval,24942232,-0.19513458013534546
retrieval,25290589,1.8173108100891113
retrieval,25579216,0.5207977294921875
retrieval,25685207,1.8149023056030273
retrieval,25776594,1.3345119953155518
retrieval,26078214,1.5344740152359009
retrieval,26746434,0.0030188504606485367
retrieval,26998039,-1.007229208946228
retrieval,27106238,1.462599515914917
retrieval,27246777,-0.8785375952720642
retrieval,27768637,-1.7292022705078125
retrieval,27871992,1.545034408569336
retrieval,28190972,1.707460880279541
retrieval,29094321,1.2659679651260376
retrieval,29148617,1.0665518045425415
retrieval,29161294,0.5791728496551514
retrieval,29632917,0.3021901845932007
retrieval,29703209,0.4805521070957184
retrieval,29779486,0.6832263469696045
retrieval,30028757,0.8436648845672607
retrieval,30225071,-0.10833318531513214
retrieval,30373565,0.6258084774017334
retrieval,30484086,1.4597811698913574
retrieval,30883080,0.16053828597068787
retrieval,31114750,0.7754414677619934
retrieval,31196176,0.8789747357368469
retrieval,31391857,1.398575782775879
retrieval,31595142,0.13014063239097595
retrieval,32152786,-1.3756766319274902
retrieval,32327818,1.6047425270080566
retrieval,32379732,0.6661342978477478
retrieval,32473966,0.8610640168190002
retrieval,32902730,1.4755275249481201
retrieval,32932491,1.930577278137207
retrieval,33006578,-1.3206285238265991
retrieval,33478721,2.7305986881256104
retrieval,34475997,2.08181095123291
retrieval,34578737,0.37738677859306335
retrieval,34773230,2.991212844848633
retrieval,36507085,0.8034247159957886
retrieval,36678439,0.94423508644104
retrieval,37287360,1.2878879308700562
retrieval,37319253,1.4507652521133423
retrieval,37547870,0.7156955599784851
retrieval,37736408,0.9656878709793091
retrieval,38014258,0.4326089322566986
retrieval,38297191,1.5793801546096802
retrieval,38402744,1.3344287872314453
retrieval,38954086,0.74996018409729
retrieval,39139190,0.9451367855072021
retrieval,39566065,0.13937346637248993
retrieval,39595218,0.033381059765815735
retrieval,40825299,1.3506944179534912
retrieval,40945115,0.6777721643447876
retrieval,40995095,-0.9514757394790649
retrieval,41015844,0.3911357522010803
retrieval,41031648,0.9070555567741394
retrieval,41161074,0.5682592988014221
retrieval,41458919,-0.8040750026702881
retrieval,41565779,1.089117169380188
retrieval,41766391,-0.2577826678752899
retrieval,41982710,0.3709142208099365
retrieval,42048260,-0.3817165195941925
retrieval,42849420,-0.7452991008758545
retrieval,42931583,1.2346699237823486
retrieval,43060946,-0.11578742414712906
retrieval,43153800,0.4309738278388977
retrieval,43161384,-0.3682698905467987
retrieval,43301379,0.5283818244934082
retrieval,43304323,1.7447339296340942
retrieval,43367797,-0.9854018092155457
retrieval,43431032,0.39580613374710083
retrieval,43631801,0.8091425895690918
retrieval,43735560,1.479549527168274
retrieval,43858443,0.5395935773849487
retrieval,43918624,1.8847990036010742
retrieval,44280552,0.6594552397727966
retrieval,44295589,0.8501560091972351
retrieval,44621915,-0.4137098789215088
retrieval,44645737,1.4965307712554932
retrieval,44838123,0.9965879917144775
retrieval,45258070,2.140636920928955
retrieval,45297641,1.567480444908142
retrieval,45418454,2.7305986881256104
retrieval,45564900,1.4661409854888916
retrieval,46150029,1.1788876056671143
retrieval,46394736,2.8353145122528076
retrieval,46673664,0.2356722205877304
retrieval,46994920,1.7634477615356445
retrieval,47552953,0.37026917934417725
retrieval,47595220,-0.22249004244804382
retrieval,47819321,0.8034247159957886
retrieval,48223384,0.8905144333839417
retrieval,48351897,0.7503458261489868
retrieval,48754831,-1.7018232345581055
retrieval,49089576,-0.7350455522537231
retrieval,49300740,0.4434845447540283
retrieval,49358811,1.6854125261306763
retrieval,49462954,0.08687181025743484
retrieval,50262859,0.5100832581520081
retrieval,50871471,0.6339107751846313
retrieval,50952217,2.4413256645202637
retrieval,51060824,1.5530411005020142
retrieval,51314050,-0.17618869245052338
retrieval,51946990,-1.1149648427963257
retrieval,52325745,0.6386128067970276
retrieval,52474100,0.8229105472564697
retrieval,52516409,0.36793768405914307
retrieval,52711595,0.8539576530456543
retrieval,53022028,1.6539794206619263
retrieval,53288018,1.9169747829437256
retrieval,53443611,0.5604072213172913
retrieval,53815934,2.2836036682128906
retrieval,54495173,0.3476867973804474
retrieval,54931507,1.257472276687622
retrieval,55191509,1.530226230621338
retrieval,55255145,0.08374734967947006
retrieval,55457672,0.5735809206962585
retrieval,55588327,0.17328797280788422
retrieval,55658809,-0.7079015970230103
retrieval,55812974,1.1225050687789917
retrieval,55819553,1.0916751623153687
retrieval,55826966,0.9030306339263916
retrieval,55983905,0.9331471920013428
retrieval,56074056,-1.7219493389129639
retrieval,56112588,0.6123962998390198
retrieval,56121520,2.4413256645202637
retrieval,56250900,1.7234137058258057
retrieval,56458800,1.04999840259552
retrieval,56792430,0.92437344789505
retrieval,56982260,1.2977266311645508
retrieval,57673976,-0.15458309650421143
retrieval,57716963,0.3119705617427826
retrieval,57785005,3.262883186340332
retrieval,57873614,0.8220180869102478
retrieval,58727024,0.8192301988601685
retrieval,58761464,1.6740742921829224
retrieval,59399259,0.1722491979598999
retrieval,59976859,0.6339107751846313
retrieval,60083345,1.3409031629562378
retrieval,60214770,0.8010668754577637
retrieval,60215376,-0.08386319875717163
retrieval,60375309,0.5769197344779968
retrieval,60606896,1.0739799737930298
retrieval,60668084,0.561337947845459
retrieval,61035709,1.0806864500045776
retrieval,61388266,2.8683228492736816
retrieval,61627313,1.6802278757095337
retrieval,61635816,2.38834547996521
retrieval,61853324,1.0791774988174438
retrieval,62841330,-0.9496668577194214
retrieval,63336441,0.9815404415130615
retrieval,63633117,0.36283430457115173
retrieval,64576544,1.7521611452102661
retrieval,64687077,2.1104202270507812
retrieval,64693533,0.12468894571065903
retrieval,64856142,-0.5179634094238281
retrieval,65411270,2.2836036682128906
retrieval,65557844,0.5038638114929199
retrieval,65824677,2.0689404010772705
retrieval,65890875,0.7989354133605957
retrieval,65960228,0.1820298135280609
retrieval,66668538,-0.9987953901290894
retrieval,67344811,3.262883186340332
retrieval,67949798,2.0809378623962402
retrieval,68246844,0.7033463716506958
retrieval,68280322,0.5889191627502441
retrieval,68321683,0.35152193903923035
retrieval,68380669,0.6308432221412659
retrieval,68575085,-0.1766965240240097
retrieval,71055464,0.15814626216888428
retrieval,71591839,0.6011618375778198
retrieval,71828875,2.705714225769043
retrieval,71910823,0.9757214784622192
retrieval,71959499,0.3892771899700165
retrieval,72432241,-0.2577826678752899
retrieval,72553814,0.8647075295448303
retrieval,73051579,0.8473448753356934
retrieval,73600586,0.89180988073349
retrieval,73616417,0.996574878692627
retrieval,73681289,-2.627877950668335
retrieval,73962724,0.9798426032066345
retrieval,74175857,0.2745179831981659
retrieval,75051801,0.8497673273086548
retrieval,75787772,1.412926435470581
retrieval,75944980,1.7267529964447021
retrieval,75964288,1.4742863178253174
retrieval,76066166,0.9718666076660156
retrieval,76100398,2.067317485809326
retrieval,76425345,0.8048195838928223
retrieval,77106105,0.926066517829895
retrieval,77132310,1.5016521215438843
retrieval,77232534,1.5724126100540161
retrieval,77312726,-0.6217800378799438
retrieval,77358840,0.7464940547943115
retrieval,77490593,-0.5579221844673157
retrieval,77726888,-1.5762901306152344
retrieval,78735978,0.8217244148254395
retrieval,79077085,1.7162264585494995
retrieval,79212243,-0.052608147263526917
retrieval,79606917,1.5054144859313965
retrieval,79918827,0.5183034539222717
retrieval,80289373,0.35953289270401
retrieval,80371125,0.25770363211631775
retrieval,80540387,-0.49990522861480713
retrieval,81303945,-0.6266728043556213
retrieval,81435593,1.8028628826141357
retrieval,82282590,2.399549961090088
retrieval,82696415,-1.1573208570480347
retrieval,82916016,-0.6643566489219666
retrieval,83084473,0.658994734287262
retrieval,83418847,1.098780632019043
retrieval,84089324,-0.18344055116176605
retrieval,84306831,1.7756671905517578
retrieval,84510135,2.092272996902466
retrieval,84788890,-0.3233417272567749
retrieval,84985982,1.0132194757461548
retrieval,85191733,0.7755398750305176
retrieval,86340862,0.992452085018158
retrieval,86341828,-0.6581689119338989
retrieval,86537356,0.5682592988014221
retrieval,86701636,1.034913182258606
retrieval,86714939,0.6904298067092896
retrieval,87574583,2.0559422969818115
retrieval,87699711,0.2869851291179657
retrieval,88016571,0.6192002892494202
retrieval,88087492,-0.8171485662460327
retrieval,89227603,0.06541755050420761
retrieval,89539854,0.733221173286438
retrieval,89926787,0.11130041629076004
retrieval,90244932,0.148249089717865
retrieval,90493027,0.7313380241394043
retrieval,90613035,2.31673002243042
retrieval,91784299,0.9358365535736084
retrieval,91790573,-0.2572656273841858
retrieval,91834546,-2.825305700302124
retrieval,92068094,0.8550301194190979
retrieval,92311656,1.0884305238723755
retrieval,92709444,-0.03385095298290253
retrieval,93114575,1.5595402717590332
retrieval,93256557,1.3611634969711304
retrieval,93407716,0.3661670982837677
retrieval,93512057,0.3685145676136017
retrieval,94006560,-0.061906300485134125
retrieval,94321535,0.7751511335372925
retrieval,94532154,2.107576847076416
retrieval,95171107,-0.23889783024787903
retrieval,95228839,1.6333097219467163
retrieval,95325441,1.3801641464233398
retrieval,95450946,0.4739612638950348
retrieval,95583911,-1.147362232208252
retrieval,95718306,0.3892771899700165
retrieval,95737828,1.043840765953064
retrieval,96448597,1.3506944179534912
retrieval,96482065,0.3821084797382355
retrieval,96521920,0.48297128081321716
retrieval,96850153,0.15828686952590942
retrieval,98113191,0.20188623666763306
retrieval,98195317,0.05710703879594803
retrieval,98254655,1.4755275249481201
retrieval,98319500,-0.793226957321167
retrieval,98642787,-0.3637586832046509
retrieval,98646702,-2.326465606689453
retrieval,98929226,0.8681628704071045
retrieval,99178779,0.10040786117315292
retrieval,99185892,-0.17334766685962677
retrieval,99211012,0.40741604566574097
retrieval,99410560,1.6374989748001099
retrieval,99862294,0.9812107086181641
runwayml_stable-diffusion-v1-5,138508,3.280748128890991
runwayml_stable-diffusion-v1-5,192051,2.3870012760162354
runwayml_stable-diffusion-v1-5,213186,0.0002962592989206314
runwayml_stable-diffusion-v1-5,232386,1.2776286602020264
runwayml_stable-diffusion-v1-5,232765,1.58626389503479
runwayml_stable-diffusion-v1-5,258857,0.9497635364532471
runwayml_stable-diffusion-v1-5,283090,1.2743393182754517
runwayml_stable-diffusion-v1-5,285141,0.7382102012634277
runwayml_stable-diffusion-v1-5,399030,1.939260721206665
runwayml_stable-diffusion-v1-5,440189,1.3943105936050415
runwayml_stable-diffusion-v1-5,445169,2.409217357635498
runwayml_stable-diffusion-v1-5,486490,1.0528285503387451
runwayml_stable-diffusion-v1-5,487072,0.7966141104698181
runwayml_stable-diffusion-v1-5,487326,1.4175878763198853
runwayml_stable-diffusion-v1-5,489837,1.708824872970581
runwayml_stable-diffusion-v1-5,646833,1.868445873260498
runwayml_stable-diffusion-v1-5,708860,-0.7588662505149841
runwayml_stable-diffusion-v1-5,717208,0.7710673809051514
runwayml_stable-diffusion-v1-5,717468,-0.43582987785339355
runwayml_stable-diffusion-v1-5,735254,1.2868983745574951
runwayml_stable-diffusion-v1-5,762478,1.2247629165649414
runwayml_stable-diffusion-v1-5,825443,0.7609575390815735
runwayml_stable-diffusion-v1-5,831919,1.1709872484207153
runwayml_stable-diffusion-v1-5,896677,2.846676826477051
runwayml_stable-diffusion-v1-5,936620,-0.6125067472457886
runwayml_stable-diffusion-v1-5,974367,2.5116119384765625
runwayml_stable-diffusion-v1-5,993014,1.9522700309753418
runwayml_stable-diffusion-v1-5,995855,1.52699875831604
runwayml_stable-diffusion-v1-5,1113367,-0.059663690626621246
runwayml_stable-diffusion-v1-5,1171644,1.8005188703536987
runwayml_stable-diffusion-v1-5,1209135,1.5721371173858643
runwayml_stable-diffusion-v1-5,1317294,2.2291386127471924
runwayml_stable-diffusion-v1-5,1317533,0.07798860222101212
runwayml_stable-diffusion-v1-5,1321854,1.637977123260498
runwayml_stable-diffusion-v1-5,1377758,1.4929403066635132
runwayml_stable-diffusion-v1-5,1474832,1.707641839981079
runwayml_stable-diffusion-v1-5,1516071,0.9583622217178345
runwayml_stable-diffusion-v1-5,1566705,2.304117441177368
runwayml_stable-diffusion-v1-5,1640855,2.8750925064086914
runwayml_stable-diffusion-v1-5,1668603,1.188185691833496
runwayml_stable-diffusion-v1-5,1678990,0.4952284097671509
runwayml_stable-diffusion-v1-5,1699831,2.6041252613067627
runwayml_stable-diffusion-v1-5,1707698,1.729405164718628
runwayml_stable-diffusion-v1-5,1727942,0.46168094873428345
runwayml_stable-diffusion-v1-5,2045760,0.6184285879135132
runwayml_stable-diffusion-v1-5,2075049,2.878883123397827
runwayml_stable-diffusion-v1-5,2075764,1.7270126342773438
runwayml_stable-diffusion-v1-5,2241569,0.7495763897895813
runwayml_stable-diffusion-v1-5,2720725,1.1179479360580444
runwayml_stable-diffusion-v1-5,2721160,1.8549326658248901
runwayml_stable-diffusion-v1-5,2730265,1.3739910125732422
runwayml_stable-diffusion-v1-5,2744395,1.7547638416290283
runwayml_stable-diffusion-v1-5,2770078,0.444328248500824
runwayml_stable-diffusion-v1-5,2793684,1.0885323286056519
runwayml_stable-diffusion-v1-5,2803666,1.6381357908248901
runwayml_stable-diffusion-v1-5,2807731,-1.3895565271377563
runwayml_stable-diffusion-v1-5,2821943,-0.7610889673233032
runwayml_stable-diffusion-v1-5,2824319,1.8786371946334839
runwayml_stable-diffusion-v1-5,2825442,-0.2731790542602539
runwayml_stable-diffusion-v1-5,2852043,-0.7434683442115784
runwayml_stable-diffusion-v1-5,2870293,-0.3464513123035431
runwayml_stable-diffusion-v1-5,2870880,-0.03557831794023514
runwayml_stable-diffusion-v1-5,2923535,2.0160298347473145
runwayml_stable-diffusion-v1-5,2933112,0.34604811668395996
runwayml_stable-diffusion-v1-5,2963987,0.2193424105644226
runwayml_stable-diffusion-v1-5,2991302,2.1203184127807617
runwayml_stable-diffusion-v1-5,3024209,0.7731842994689941
runwayml_stable-diffusion-v1-5,3035832,2.967108726501465
runwayml_stable-diffusion-v1-5,3049457,-1.06657075881958
runwayml_stable-diffusion-v1-5,3107488,-0.04062212258577347
runwayml_stable-diffusion-v1-5,3131388,-0.3305984437465668
runwayml_stable-diffusion-v1-5,3131669,1.6837577819824219
runwayml_stable-diffusion-v1-5,3152830,1.1712677478790283
runwayml_stable-diffusion-v1-5,3249569,1.4518488645553589
runwayml_stable-diffusion-v1-5,3262349,1.0715351104736328
runwayml_stable-diffusion-v1-5,3288500,0.22211714088916779
runwayml_stable-diffusion-v1-5,3298716,0.07909586280584335
runwayml_stable-diffusion-v1-5,3308246,-0.8354276418685913
runwayml_stable-diffusion-v1-5,3309110,2.045473337173462
runwayml_stable-diffusion-v1-5,3347220,1.326171636581421
runwayml_stable-diffusion-v1-5,3353281,-1.3183925151824951
runwayml_stable-diffusion-v1-5,3366112,2.206946849822998
runwayml_stable-diffusion-v1-5,3411927,-0.6161511540412903
runwayml_stable-diffusion-v1-5,3456665,1.310072898864746
runwayml_stable-diffusion-v1-5,3563208,0.3704155683517456
runwayml_stable-diffusion-v1-5,3580281,0.8189277052879333
runwayml_stable-diffusion-v1-5,3603442,0.7190275192260742
runwayml_stable-diffusion-v1-5,3607029,0.773251473903656
runwayml_stable-diffusion-v1-5,3628071,1.983290672302246
runwayml_stable-diffusion-v1-5,3630383,-0.1249777153134346
runwayml_stable-diffusion-v1-5,3676483,-0.5611639022827148
runwayml_stable-diffusion-v1-5,3679712,0.12670372426509857
runwayml_stable-diffusion-v1-5,3685307,1.4389840364456177
runwayml_stable-diffusion-v1-5,3703463,-1.1031064987182617
runwayml_stable-diffusion-v1-5,3714235,-0.33012598752975464
runwayml_stable-diffusion-v1-5,3728318,1.7817234992980957
runwayml_stable-diffusion-v1-5,3748162,0.8766389489173889
runwayml_stable-diffusion-v1-5,3764276,0.6319916248321533
runwayml_stable-diffusion-v1-5,3818090,3.026549816131592
runwayml_stable-diffusion-v1-5,3842156,-0.012078782543540001
runwayml_stable-diffusion-v1-5,3880032,0.9199835062026978
runwayml_stable-diffusion-v1-5,3889343,2.3716013431549072
runwayml_stable-diffusion-v1-5,3907654,1.3917688131332397
runwayml_stable-diffusion-v1-5,3940713,1.135189414024353
runwayml_stable-diffusion-v1-5,3975232,1.6082262992858887
runwayml_stable-diffusion-v1-5,3982060,2.2488081455230713
runwayml_stable-diffusion-v1-5,3990474,-0.876395583152771
runwayml_stable-diffusion-v1-5,4010305,1.1034443378448486
runwayml_stable-diffusion-v1-5,4025130,2.257328987121582
runwayml_stable-diffusion-v1-5,4062807,0.0004190448671579361
runwayml_stable-diffusion-v1-5,4123448,-0.23481465876102448
runwayml_stable-diffusion-v1-5,4125853,0.9456942081451416
runwayml_stable-diffusion-v1-5,4140340,1.5890638828277588
runwayml_stable-diffusion-v1-5,4145056,2.1565113067626953
runwayml_stable-diffusion-v1-5,4192521,0.4064812660217285
runwayml_stable-diffusion-v1-5,4259202,0.13726237416267395
runwayml_stable-diffusion-v1-5,4285773,2.3646347522735596
runwayml_stable-diffusion-v1-5,4345028,0.38685929775238037
runwayml_stable-diffusion-v1-5,4387201,1.2946690320968628
runwayml_stable-diffusion-v1-5,4416901,2.562493085861206
runwayml_stable-diffusion-v1-5,4455579,-0.23083719611167908
runwayml_stable-diffusion-v1-5,4497570,-1.01649010181427
runwayml_stable-diffusion-v1-5,4534520,1.824105978012085
runwayml_stable-diffusion-v1-5,4539203,-0.28357380628585815
runwayml_stable-diffusion-v1-5,4552551,-0.7749506235122681
runwayml_stable-diffusion-v1-5,4596797,0.40940964221954346
runwayml_stable-diffusion-v1-5,4832208,2.7026360034942627
runwayml_stable-diffusion-v1-5,4930139,-0.14720593392848969
runwayml_stable-diffusion-v1-5,5008085,1.2147870063781738
runwayml_stable-diffusion-v1-5,5219923,0.3363601863384247
runwayml_stable-diffusion-v1-5,5316083,2.280951738357544
runwayml_stable-diffusion-v1-5,5350912,0.40466463565826416
runwayml_stable-diffusion-v1-5,5374860,2.214207649230957
runwayml_stable-diffusion-v1-5,5410315,1.6756591796875
runwayml_stable-diffusion-v1-5,5522784,0.8354126214981079
runwayml_stable-diffusion-v1-5,5728577,2.5280704498291016
runwayml_stable-diffusion-v1-5,5752544,2.584111213684082
runwayml_stable-diffusion-v1-5,5794797,1.5870314836502075
runwayml_stable-diffusion-v1-5,5895919,0.9814841151237488
runwayml_stable-diffusion-v1-5,5958517,1.0435361862182617
runwayml_stable-diffusion-v1-5,6189776,1.1829476356506348
runwayml_stable-diffusion-v1-5,6528587,2.708730697631836
runwayml_stable-diffusion-v1-5,6584891,2.1216959953308105
runwayml_stable-diffusion-v1-5,6586355,1.3710741996765137
runwayml_stable-diffusion-v1-5,6607809,2.608699083328247
runwayml_stable-diffusion-v1-5,6615026,1.0887141227722168
runwayml_stable-diffusion-v1-5,6615458,1.322913646697998
runwayml_stable-diffusion-v1-5,6615818,1.072260856628418
runwayml_stable-diffusion-v1-5,6616314,1.2276434898376465
runwayml_stable-diffusion-v1-5,6617011,0.8228806853294373
runwayml_stable-diffusion-v1-5,6617413,0.3363940119743347
runwayml_stable-diffusion-v1-5,6729499,3.416680097579956
runwayml_stable-diffusion-v1-5,6880664,2.0545713901519775
runwayml_stable-diffusion-v1-5,6883725,2.404343605041504
runwayml_stable-diffusion-v1-5,6946774,0.7032561302185059
runwayml_stable-diffusion-v1-5,7025268,1.0971490144729614
runwayml_stable-diffusion-v1-5,7109847,2.6187195777893066
runwayml_stable-diffusion-v1-5,7116261,0.5085721611976624
runwayml_stable-diffusion-v1-5,7150023,2.9076716899871826
runwayml_stable-diffusion-v1-5,7163803,0.38815706968307495
runwayml_stable-diffusion-v1-5,7507098,1.695328950881958
runwayml_stable-diffusion-v1-5,7596684,0.7997652292251587
runwayml_stable-diffusion-v1-5,7597365,1.1758520603179932
runwayml_stable-diffusion-v1-5,7601809,0.00028739310801029205
runwayml_stable-diffusion-v1-5,7605282,1.0226540565490723
runwayml_stable-diffusion-v1-5,7606419,2.0280964374542236
runwayml_stable-diffusion-v1-5,7607707,1.7269670963287354
runwayml_stable-diffusion-v1-5,7608721,0.7142157554626465
runwayml_stable-diffusion-v1-5,7625977,0.5243623852729797
runwayml_stable-diffusion-v1-5,7626721,0.12761594355106354
runwayml_stable-diffusion-v1-5,7626833,0.44448694586753845
runwayml_stable-diffusion-v1-5,7627310,0.5485872030258179
runwayml_stable-diffusion-v1-5,7651454,-0.021793192252516747
runwayml_stable-diffusion-v1-5,7654438,-1.1362589597702026
runwayml_stable-diffusion-v1-5,7664468,-0.09146145731210709
runwayml_stable-diffusion-v1-5,7698915,0.7212841510772705
runwayml_stable-diffusion-v1-5,7700167,0.42946192622184753
runwayml_stable-diffusion-v1-5,7700868,-0.8495707511901855
runwayml_stable-diffusion-v1-5,7701244,0.6932226419448853
runwayml_stable-diffusion-v1-5,7702193,2.4235751628875732
runwayml_stable-diffusion-v1-5,7710616,0.6945663094520569
runwayml_stable-diffusion-v1-5,7834065,1.2396621704101562
runwayml_stable-diffusion-v1-5,7854266,2.591460704803467
runwayml_stable-diffusion-v1-5,7854455,0.9332388043403625
runwayml_stable-diffusion-v1-5,7871940,0.18650567531585693
runwayml_stable-diffusion-v1-5,7891189,0.5544736385345459
runwayml_stable-diffusion-v1-5,7897116,-1.5187793970108032
runwayml_stable-diffusion-v1-5,7914271,-0.735364556312561
runwayml_stable-diffusion-v1-5,7922764,-0.7774580717086792
runwayml_stable-diffusion-v1-5,7929519,0.43398913741111755
runwayml_stable-diffusion-v1-5,7933274,1.5984059572219849
runwayml_stable-diffusion-v1-5,7933530,0.8168843984603882
runwayml_stable-diffusion-v1-5,8089797,-0.16279534995555878
runwayml_stable-diffusion-v1-5,8095160,0.6973000764846802
runwayml_stable-diffusion-v1-5,8124208,-1.3929240703582764
runwayml_stable-diffusion-v1-5,8339939,2.076465129852295
runwayml_stable-diffusion-v1-5,8876291,-0.4855530261993408
runwayml_stable-diffusion-v1-5,9020389,0.6036877036094666
runwayml_stable-diffusion-v1-5,9044146,2.4024085998535156
runwayml_stable-diffusion-v1-5,9057052,0.17593154311180115
runwayml_stable-diffusion-v1-5,9427682,0.3233831524848938
runwayml_stable-diffusion-v1-5,9580065,-0.2958890497684479
runwayml_stable-diffusion-v1-5,9719434,1.1151068210601807
runwayml_stable-diffusion-v1-5,9793248,1.6077706813812256
runwayml_stable-diffusion-v1-5,9794211,2.107733964920044
runwayml_stable-diffusion-v1-5,9862621,2.141757011413574
runwayml_stable-diffusion-v1-5,9875188,1.9004250764846802
runwayml_stable-diffusion-v1-5,9984659,2.4433295726776123
runwayml_stable-diffusion-v1-5,10012874,2.2166073322296143
runwayml_stable-diffusion-v1-5,10024569,0.8893469572067261
runwayml_stable-diffusion-v1-5,10080493,0.13147565722465515
runwayml_stable-diffusion-v1-5,10106452,0.528045654296875
runwayml_stable-diffusion-v1-5,10198409,2.4360272884368896
runwayml_stable-diffusion-v1-5,10333317,-1.1496381759643555
runwayml_stable-diffusion-v1-5,10408552,1.3207674026489258
runwayml_stable-diffusion-v1-5,10444677,0.687203586101532
runwayml_stable-diffusion-v1-5,10453357,2.1361052989959717
runwayml_stable-diffusion-v1-5,10548623,-0.06507789343595505
runwayml_stable-diffusion-v1-5,10572128,2.678741455078125
runwayml_stable-diffusion-v1-5,10794014,1.155888557434082
runwayml_stable-diffusion-v1-5,10939743,1.0723105669021606
runwayml_stable-diffusion-v1-5,11039909,2.719066619873047
runwayml_stable-diffusion-v1-5,11334088,-0.12320087105035782
runwayml_stable-diffusion-v1-5,11417672,-0.1472991704940796
runwayml_stable-diffusion-v1-5,11437577,2.656952142715454
runwayml_stable-diffusion-v1-5,11460338,2.3010730743408203
runwayml_stable-diffusion-v1-5,12345739,2.0052032470703125
runwayml_stable-diffusion-v1-5,12402348,1.9811517000198364
runwayml_stable-diffusion-v1-5,13221529,2.2287943363189697
runwayml_stable-diffusion-v1-5,13290566,0.569042980670929
runwayml_stable-diffusion-v1-5,13389475,-0.7374110817909241
runwayml_stable-diffusion-v1-5,13390139,-0.493289977312088
runwayml_stable-diffusion-v1-5,13390405,-0.530051589012146
runwayml_stable-diffusion-v1-5,13392786,-0.7064464688301086
runwayml_stable-diffusion-v1-5,13649361,0.6465941667556763
runwayml_stable-diffusion-v1-5,13716878,1.788419246673584
runwayml_stable-diffusion-v1-5,13884740,2.8227193355560303
runwayml_stable-diffusion-v1-5,13915305,1.49931001663208
runwayml_stable-diffusion-v1-5,13931145,1.5567517280578613
runwayml_stable-diffusion-v1-5,13984082,1.2237709760665894
runwayml_stable-diffusion-v1-5,14140678,-0.5493738055229187
runwayml_stable-diffusion-v1-5,14195315,1.4959135055541992
runwayml_stable-diffusion-v1-5,14294568,1.2274761199951172
runwayml_stable-diffusion-v1-5,14320813,-0.16701640188694
runwayml_stable-diffusion-v1-5,14360436,2.128999710083008
runwayml_stable-diffusion-v1-5,14488317,2.790627956390381
runwayml_stable-diffusion-v1-5,14533937,1.9230048656463623
runwayml_stable-diffusion-v1-5,14550987,2.474087715148926
runwayml_stable-diffusion-v1-5,14579933,2.208364486694336
runwayml_stable-diffusion-v1-5,14606290,1.1699012517929077
runwayml_stable-diffusion-v1-5,14620257,0.19123083353042603
runwayml_stable-diffusion-v1-5,14632648,1.68790602684021
runwayml_stable-diffusion-v1-5,14647235,2.4287161827087402
runwayml_stable-diffusion-v1-5,14654954,0.4818793535232544
runwayml_stable-diffusion-v1-5,14686352,2.189082622528076
runwayml_stable-diffusion-v1-5,14702875,2.5176806449890137
runwayml_stable-diffusion-v1-5,14703190,1.727294683456421
runwayml_stable-diffusion-v1-5,14807929,3.299922466278076
runwayml_stable-diffusion-v1-5,14809057,1.850379228591919
runwayml_stable-diffusion-v1-5,14867690,1.9081649780273438
runwayml_stable-diffusion-v1-5,14872875,2.2974698543548584
runwayml_stable-diffusion-v1-5,14880557,1.367163896560669
runwayml_stable-diffusion-v1-5,14894140,1.1043651103973389
runwayml_stable-diffusion-v1-5,15180934,2.1812100410461426
runwayml_stable-diffusion-v1-5,15970145,0.04232214391231537
runwayml_stable-diffusion-v1-5,17002912,3.593733787536621
runwayml_stable-diffusion-v1-5,17012379,3.169567823410034
runwayml_stable-diffusion-v1-5,17282800,0.2525325119495392
runwayml_stable-diffusion-v1-5,17925539,-1.1834983825683594
runwayml_stable-diffusion-v1-5,18367104,1.151379108428955
runwayml_stable-diffusion-v1-5,18758723,2.1321041584014893
runwayml_stable-diffusion-v1-5,19143128,2.035844326019287
runwayml_stable-diffusion-v1-5,19671124,1.6174322366714478
runwayml_stable-diffusion-v1-5,19855707,1.226637363433838
runwayml_stable-diffusion-v1-5,19893872,-0.15655270218849182
runwayml_stable-diffusion-v1-5,20017667,1.9976742267608643
runwayml_stable-diffusion-v1-5,20128079,2.1745810508728027
runwayml_stable-diffusion-v1-5,20471134,1.8100730180740356
runwayml_stable-diffusion-v1-5,20495093,-0.1588181108236313
runwayml_stable-diffusion-v1-5,20782430,2.540292263031006
runwayml_stable-diffusion-v1-5,21377549,1.824562907218933
runwayml_stable-diffusion-v1-5,21564446,2.709449291229248
runwayml_stable-diffusion-v1-5,21620388,1.209543228149414
runwayml_stable-diffusion-v1-5,22149540,0.9337858557701111
runwayml_stable-diffusion-v1-5,22738759,0.5621452927589417
runwayml_stable-diffusion-v1-5,22767176,1.857129693031311
runwayml_stable-diffusion-v1-5,23129661,1.4099353551864624
runwayml_stable-diffusion-v1-5,23185551,2.6353750228881836
runwayml_stable-diffusion-v1-5,23232427,1.893174648284912
runwayml_stable-diffusion-v1-5,23257851,2.303556203842163
runwayml_stable-diffusion-v1-5,23620789,1.165466070175171
runwayml_stable-diffusion-v1-5,24808131,0.8426521420478821
runwayml_stable-diffusion-v1-5,24843217,-0.5672314763069153
runwayml_stable-diffusion-v1-5,24933378,2.3624958992004395
runwayml_stable-diffusion-v1-5,24942232,1.041670560836792
runwayml_stable-diffusion-v1-5,25290589,3.056835174560547
runwayml_stable-diffusion-v1-5,25579216,2.152498245239258
runwayml_stable-diffusion-v1-5,25685207,0.7171379923820496
runwayml_stable-diffusion-v1-5,25776594,2.0301804542541504
runwayml_stable-diffusion-v1-5,26078214,0.6303704977035522
runwayml_stable-diffusion-v1-5,26746434,1.503011703491211
runwayml_stable-diffusion-v1-5,26998039,0.006561001762747765
runwayml_stable-diffusion-v1-5,27106238,-0.48652032017707825
runwayml_stable-diffusion-v1-5,27246777,1.1419355869293213
runwayml_stable-diffusion-v1-5,27768637,-0.8460071682929993
runwayml_stable-diffusion-v1-5,27871992,2.7038450241088867
runwayml_stable-diffusion-v1-5,28190972,0.5612701773643494
runwayml_stable-diffusion-v1-5,29094321,1.7459537982940674
runwayml_stable-diffusion-v1-5,29148617,-0.2030230164527893
runwayml_stable-diffusion-v1-5,29161294,1.8493324518203735
runwayml_stable-diffusion-v1-5,29632917,-0.19562749564647675
runwayml_stable-diffusion-v1-5,29703209,1.1973695755004883
runwayml_stable-diffusion-v1-5,29779486,1.5532324314117432
runwayml_stable-diffusion-v1-5,30028757,3.1169676780700684
runwayml_stable-diffusion-v1-5,30225071,0.5607104897499084
runwayml_stable-diffusion-v1-5,30373565,-0.9731654524803162
runwayml_stable-diffusion-v1-5,30484086,1.5176830291748047
runwayml_stable-diffusion-v1-5,30883080,1.9407371282577515
runwayml_stable-diffusion-v1-5,31114750,2.147186517715454
runwayml_stable-diffusion-v1-5,31196176,1.8250961303710938
runwayml_stable-diffusion-v1-5,31391857,2.31148099899292
runwayml_stable-diffusion-v1-5,31595142,0.6132180690765381
runwayml_stable-diffusion-v1-5,32152786,-0.30795106291770935
runwayml_stable-diffusion-v1-5,32327818,1.8440253734588623
runwayml_stable-diffusion-v1-5,32379732,0.7786197066307068
runwayml_stable-diffusion-v1-5,32473966,0.4436988830566406
runwayml_stable-diffusion-v1-5,32902730,1.557596206665039
runwayml_stable-diffusion-v1-5,32932491,1.3058435916900635
runwayml_stable-diffusion-v1-5,33006578,1.3128902912139893
runwayml_stable-diffusion-v1-5,33478721,1.2201035022735596
runwayml_stable-diffusion-v1-5,34475997,1.4756741523742676
runwayml_stable-diffusion-v1-5,34578737,-1.9535229206085205
runwayml_stable-diffusion-v1-5,34773230,3.056628942489624
runwayml_stable-diffusion-v1-5,36507085,1.3603062629699707
runwayml_stable-diffusion-v1-5,36678439,2.441429615020752
runwayml_stable-diffusion-v1-5,37287360,1.2949320077896118
runwayml_stable-diffusion-v1-5,37319253,2.420071840286255
runwayml_stable-diffusion-v1-5,37547870,0.2578014135360718
runwayml_stable-diffusion-v1-5,37736408,0.46914342045783997
runwayml_stable-diffusion-v1-5,38014258,1.8261833190917969
runwayml_stable-diffusion-v1-5,38297191,-1.4093575477600098
runwayml_stable-diffusion-v1-5,38402744,0.7669769525527954
runwayml_stable-diffusion-v1-5,38954086,1.9493708610534668
runwayml_stable-diffusion-v1-5,39139190,0.06256451457738876
runwayml_stable-diffusion-v1-5,39560404,1.5027471780776978
runwayml_stable-diffusion-v1-5,39566065,-0.3535621464252472
runwayml_stable-diffusion-v1-5,39595218,0.736135721206665
runwayml_stable-diffusion-v1-5,40825299,1.1555801630020142
runwayml_stable-diffusion-v1-5,40945115,0.9107560515403748
runwayml_stable-diffusion-v1-5,40995095,0.8526337742805481
runwayml_stable-diffusion-v1-5,41015844,1.3391916751861572
runwayml_stable-diffusion-v1-5,41031648,1.4871050119400024
runwayml_stable-diffusion-v1-5,41161074,2.7333834171295166
runwayml_stable-diffusion-v1-5,41458919,2.3130719661712646
runwayml_stable-diffusion-v1-5,41565779,1.359525442123413
runwayml_stable-diffusion-v1-5,41766391,2.171386241912842
runwayml_stable-diffusion-v1-5,41982710,1.778133749961853
runwayml_stable-diffusion-v1-5,42048260,-1.21095871925354
runwayml_stable-diffusion-v1-5,42849420,-0.1737101823091507
runwayml_stable-diffusion-v1-5,42931583,-0.7710402607917786
runwayml_stable-diffusion-v1-5,43060946,0.5231120586395264
runwayml_stable-diffusion-v1-5,43153800,1.5818206071853638
runwayml_stable-diffusion-v1-5,43161384,0.872262716293335
runwayml_stable-diffusion-v1-5,43301379,0.8653910160064697
runwayml_stable-diffusion-v1-5,43304323,1.9227936267852783
runwayml_stable-diffusion-v1-5,43367797,1.5603443384170532
runwayml_stable-diffusion-v1-5,43431032,0.5503741502761841
runwayml_stable-diffusion-v1-5,43631801,-0.10071361064910889
runwayml_stable-diffusion-v1-5,43735560,2.395569086074829
runwayml_stable-diffusion-v1-5,43858443,0.20864762365818024
runwayml_stable-diffusion-v1-5,43918624,2.438364267349243
runwayml_stable-diffusion-v1-5,44280552,2.799572706222534
runwayml_stable-diffusion-v1-5,44295589,1.8084079027175903
runwayml_stable-diffusion-v1-5,44621915,0.3775424361228943
runwayml_stable-diffusion-v1-5,44645737,1.4948337078094482
runwayml_stable-diffusion-v1-5,44838123,1.1172833442687988
runwayml_stable-diffusion-v1-5,45258070,1.1234465837478638
runwayml_stable-diffusion-v1-5,45297641,2.519202947616577
runwayml_stable-diffusion-v1-5,45418454,-0.5747473239898682
runwayml_stable-diffusion-v1-5,45564900,-0.1648331731557846
runwayml_stable-diffusion-v1-5,46150029,2.11460280418396
runwayml_stable-diffusion-v1-5,46394736,0.85539311170578
runwayml_stable-diffusion-v1-5,46673664,1.6309980154037476
runwayml_stable-diffusion-v1-5,46994920,2.294809103012085
runwayml_stable-diffusion-v1-5,47009060,0.880156397819519
runwayml_stable-diffusion-v1-5,47552953,1.1304397583007812
runwayml_stable-diffusion-v1-5,47595220,1.1480870246887207
runwayml_stable-diffusion-v1-5,47819321,1.160216212272644
runwayml_stable-diffusion-v1-5,48223384,1.0710246562957764
runwayml_stable-diffusion-v1-5,48351897,0.4429563581943512
runwayml_stable-diffusion-v1-5,48754831,-0.9085066318511963
runwayml_stable-diffusion-v1-5,49054805,1.3547427654266357
runwayml_stable-diffusion-v1-5,49089576,-0.11011981219053268
runwayml_stable-diffusion-v1-5,49300740,0.39977437257766724
runwayml_stable-diffusion-v1-5,49358811,3.0623626708984375
runwayml_stable-diffusion-v1-5,49462954,1.3668092489242554
runwayml_stable-diffusion-v1-5,50262859,-0.22139997780323029
runwayml_stable-diffusion-v1-5,50871471,2.593874216079712
runwayml_stable-diffusion-v1-5,50952217,1.5143308639526367
runwayml_stable-diffusion-v1-5,51060824,1.6206499338150024
runwayml_stable-diffusion-v1-5,51314050,1.9133973121643066
runwayml_stable-diffusion-v1-5,51946990,1.051574468612671
runwayml_stable-diffusion-v1-5,52325745,2.4704196453094482
runwayml_stable-diffusion-v1-5,52474100,0.4324943423271179
runwayml_stable-diffusion-v1-5,52516409,0.2373332679271698
runwayml_stable-diffusion-v1-5,52711595,1.8849022388458252
runwayml_stable-diffusion-v1-5,53022028,1.4317083358764648
runwayml_stable-diffusion-v1-5,53205877,0.5315406322479248
runwayml_stable-diffusion-v1-5,53288018,0.46474596858024597
runwayml_stable-diffusion-v1-5,53443611,1.6974925994873047
runwayml_stable-diffusion-v1-5,53815934,0.33890533447265625
runwayml_stable-diffusion-v1-5,54495173,0.3315359950065613
runwayml_stable-diffusion-v1-5,54931507,0.3234711289405823
runwayml_stable-diffusion-v1-5,55191509,3.8913087844848633
runwayml_stable-diffusion-v1-5,55255145,0.1746094524860382
runwayml_stable-diffusion-v1-5,55457672,2.090790033340454
runwayml_stable-diffusion-v1-5,55588327,1.9870381355285645
runwayml_stable-diffusion-v1-5,55653646,1.626723289489746
runwayml_stable-diffusion-v1-5,55658809,-0.22200822830200195
runwayml_stable-diffusion-v1-5,55812974,0.7480913996696472
runwayml_stable-diffusion-v1-5,55819553,2.3076651096343994
runwayml_stable-diffusion-v1-5,55826966,1.4277735948562622
runwayml_stable-diffusion-v1-5,55983905,1.7350590229034424
runwayml_stable-diffusion-v1-5,56074056,0.6282481551170349
runwayml_stable-diffusion-v1-5,56112588,2.038172483444214
runwayml_stable-diffusion-v1-5,56121520,1.1248847246170044
runwayml_stable-diffusion-v1-5,56250900,2.820930242538452
runwayml_stable-diffusion-v1-5,56458800,2.6424474716186523
runwayml_stable-diffusion-v1-5,56792430,1.1291894912719727
runwayml_stable-diffusion-v1-5,56982260,1.4256234169006348
runwayml_stable-diffusion-v1-5,57673976,-0.012215262278914452
runwayml_stable-diffusion-v1-5,57716963,0.12303072959184647
runwayml_stable-diffusion-v1-5,57729980,0.7029406428337097
runwayml_stable-diffusion-v1-5,57785005,2.6318047046661377
runwayml_stable-diffusion-v1-5,57873614,2.117727279663086
runwayml_stable-diffusion-v1-5,58727024,2.8266665935516357
runwayml_stable-diffusion-v1-5,58761464,0.8015096187591553
runwayml_stable-diffusion-v1-5,59399259,2.512155055999756
runwayml_stable-diffusion-v1-5,59976859,3.4725515842437744
runwayml_stable-diffusion-v1-5,60083345,1.8838013410568237
runwayml_stable-diffusion-v1-5,60214770,2.3478264808654785
runwayml_stable-diffusion-v1-5,60215376,1.5180108547210693
runwayml_stable-diffusion-v1-5,60375309,1.5551857948303223
runwayml_stable-diffusion-v1-5,60606896,2.195564031600952
runwayml_stable-diffusion-v1-5,60668084,0.7971600294113159
runwayml_stable-diffusion-v1-5,61035709,0.2784101665019989
runwayml_stable-diffusion-v1-5,61388266,1.9198545217514038
runwayml_stable-diffusion-v1-5,61627313,-1.650223970413208
runwayml_stable-diffusion-v1-5,61635816,1.6782089471817017
runwayml_stable-diffusion-v1-5,61853324,0.5456910133361816
runwayml_stable-diffusion-v1-5,62408818,0.07456482201814651
runwayml_stable-diffusion-v1-5,62841330,-0.9312357306480408
runwayml_stable-diffusion-v1-5,63015570,1.7683675289154053
runwayml_stable-diffusion-v1-5,63336441,1.830533742904663
runwayml_stable-diffusion-v1-5,63633117,0.40882885456085205
runwayml_stable-diffusion-v1-5,64576544,0.02471962757408619
runwayml_stable-diffusion-v1-5,64687077,1.4029302597045898
runwayml_stable-diffusion-v1-5,64693533,1.6992113590240479
runwayml_stable-diffusion-v1-5,64856142,-0.20298147201538086
runwayml_stable-diffusion-v1-5,65411270,1.4137221574783325
runwayml_stable-diffusion-v1-5,65557844,0.8486810922622681
runwayml_stable-diffusion-v1-5,65824677,2.1929855346679688
runwayml_stable-diffusion-v1-5,65890875,0.8115994930267334
runwayml_stable-diffusion-v1-5,65960228,0.2047848105430603
runwayml_stable-diffusion-v1-5,66668538,-0.33898669481277466
runwayml_stable-diffusion-v1-5,67344811,2.0994715690612793
runwayml_stable-diffusion-v1-5,67949798,1.8648016452789307
runwayml_stable-diffusion-v1-5,68246844,-0.527195930480957
runwayml_stable-diffusion-v1-5,68280322,1.0795806646347046
runwayml_stable-diffusion-v1-5,68321683,0.8959037661552429
runwayml_stable-diffusion-v1-5,68380669,1.8668203353881836
runwayml_stable-diffusion-v1-5,68575085,-0.4906401038169861
runwayml_stable-diffusion-v1-5,70380966,1.1137611865997314
runwayml_stable-diffusion-v1-5,70494671,0.8033486604690552
runwayml_stable-diffusion-v1-5,71055464,-0.26134443283081055
runwayml_stable-diffusion-v1-5,71591839,0.8715503215789795
runwayml_stable-diffusion-v1-5,71828875,0.9559575915336609
runwayml_stable-diffusion-v1-5,71910823,1.573477864265442
runwayml_stable-diffusion-v1-5,71959499,0.9082778692245483
runwayml_stable-diffusion-v1-5,72432241,2.7635860443115234
runwayml_stable-diffusion-v1-5,72553814,0.1601959466934204
runwayml_stable-diffusion-v1-5,73051579,1.6207752227783203
runwayml_stable-diffusion-v1-5,73600586,2.857055902481079
runwayml_stable-diffusion-v1-5,73616417,2.181999921798706
runwayml_stable-diffusion-v1-5,73681289,0.32211005687713623
runwayml_stable-diffusion-v1-5,73962724,1.8473224639892578
runwayml_stable-diffusion-v1-5,74175857,0.7969177961349487
runwayml_stable-diffusion-v1-5,75051801,2.401207208633423
runwayml_stable-diffusion-v1-5,75787772,2.1585891246795654
runwayml_stable-diffusion-v1-5,75944980,-0.06572907418012619
runwayml_stable-diffusion-v1-5,75964288,0.971585214138031
runwayml_stable-diffusion-v1-5,76066166,0.8692513704299927
runwayml_stable-diffusion-v1-5,76100398,2.4864015579223633
runwayml_stable-diffusion-v1-5,76425345,0.23936894536018372
runwayml_stable-diffusion-v1-5,77106105,1.695717215538025
runwayml_stable-diffusion-v1-5,77132310,0.2009274810552597
runwayml_stable-diffusion-v1-5,77232534,1.0386906862258911
runwayml_stable-diffusion-v1-5,77312726,-0.18012580275535583
runwayml_stable-diffusion-v1-5,77358840,2.221280574798584
runwayml_stable-diffusion-v1-5,77490593,1.9080681800842285
runwayml_stable-diffusion-v1-5,77726888,2.111384630203247
runwayml_stable-diffusion-v1-5,78735978,2.237255096435547
runwayml_stable-diffusion-v1-5,79077085,0.9215094447135925
runwayml_stable-diffusion-v1-5,79212243,-0.23677179217338562
runwayml_stable-diffusion-v1-5,79606917,-0.995246171951294
runwayml_stable-diffusion-v1-5,79918827,0.07918353378772736
runwayml_stable-diffusion-v1-5,80289373,1.7345973253250122
runwayml_stable-diffusion-v1-5,80371125,1.4278357028961182
runwayml_stable-diffusion-v1-5,80540387,0.4971444010734558
runwayml_stable-diffusion-v1-5,81135077,1.7655755281448364
runwayml_stable-diffusion-v1-5,81303945,-0.6866984367370605
runwayml_stable-diffusion-v1-5,81435593,2.5213863849639893
runwayml_stable-diffusion-v1-5,82282590,-0.23240259289741516
runwayml_stable-diffusion-v1-5,82696415,-1.8173598051071167
runwayml_stable-diffusion-v1-5,82916016,0.4703073501586914
runwayml_stable-diffusion-v1-5,83084473,0.5304491519927979
runwayml_stable-diffusion-v1-5,83418847,0.4810551106929779
runwayml_stable-diffusion-v1-5,84089324,1.8014049530029297
runwayml_stable-diffusion-v1-5,84306831,0.554780900478363
runwayml_stable-diffusion-v1-5,84510135,-0.341997355222702
runwayml_stable-diffusion-v1-5,84788890,2.2400963306427
runwayml_stable-diffusion-v1-5,84985982,0.3378843665122986
runwayml_stable-diffusion-v1-5,85191733,0.8556022644042969
runwayml_stable-diffusion-v1-5,86119145,1.7056317329406738
runwayml_stable-diffusion-v1-5,86340862,0.6285597085952759
runwayml_stable-diffusion-v1-5,86341828,0.04298069328069687
runwayml_stable-diffusion-v1-5,86537356,1.9012514352798462
runwayml_stable-diffusion-v1-5,86701636,0.019212568178772926
runwayml_stable-diffusion-v1-5,86714939,2.36183762550354
runwayml_stable-diffusion-v1-5,87574583,1.6834710836410522
runwayml_stable-diffusion-v1-5,87699711,0.7562494277954102
runwayml_stable-diffusion-v1-5,88016571,0.9621427655220032
runwayml_stable-diffusion-v1-5,88087492,-0.07324253022670746
runwayml_stable-diffusion-v1-5,89227603,-0.7014639377593994
runwayml_stable-diffusion-v1-5,89539854,2.390122413635254
runwayml_stable-diffusion-v1-5,89926787,0.5667223930358887
runwayml_stable-diffusion-v1-5,90244932,0.36300140619277954
runwayml_stable-diffusion-v1-5,90493027,1.9212288856506348
runwayml_stable-diffusion-v1-5,90613035,0.8210722208023071
runwayml_stable-diffusion-v1-5,91368797,1.6728026866912842
runwayml_stable-diffusion-v1-5,91784299,2.35261607170105
runwayml_stable-diffusion-v1-5,91790573,1.3576587438583374
runwayml_stable-diffusion-v1-5,91834546,2.152665138244629
runwayml_stable-diffusion-v1-5,92068094,-0.8263172507286072
runwayml_stable-diffusion-v1-5,92311656,-0.8533157110214233
runwayml_stable-diffusion-v1-5,92709444,0.8558715581893921
runwayml_stable-diffusion-v1-5,93114575,1.7300227880477905
runwayml_stable-diffusion-v1-5,93256557,1.2784098386764526
runwayml_stable-diffusion-v1-5,93407716,0.908214271068573
runwayml_stable-diffusion-v1-5,93436296,1.3459316492080688
runwayml_stable-diffusion-v1-5,93512057,0.15791255235671997
runwayml_stable-diffusion-v1-5,94006560,1.9813568592071533
runwayml_stable-diffusion-v1-5,94321535,0.28079813718795776
runwayml_stable-diffusion-v1-5,94532154,0.9024101495742798
runwayml_stable-diffusion-v1-5,95171107,0.848584771156311
runwayml_stable-diffusion-v1-5,95228839,2.6848764419555664
runwayml_stable-diffusion-v1-5,95325441,1.9199528694152832
runwayml_stable-diffusion-v1-5,95450946,1.1909563541412354
runwayml_stable-diffusion-v1-5,95583911,0.9216341972351074
runwayml_stable-diffusion-v1-5,95718306,0.31779971718788147
runwayml_stable-diffusion-v1-5,95737828,1.939003586769104
runwayml_stable-diffusion-v1-5,96448597,2.666351795196533
runwayml_stable-diffusion-v1-5,96482065,2.078188896179199
runwayml_stable-diffusion-v1-5,96521920,1.4906706809997559
runwayml_stable-diffusion-v1-5,96850153,1.631618618965149
runwayml_stable-diffusion-v1-5,98113191,0.6517668962478638
runwayml_stable-diffusion-v1-5,98195317,1.7153617143630981
runwayml_stable-diffusion-v1-5,98254655,1.3317662477493286
runwayml_stable-diffusion-v1-5,98319500,0.09941833466291428
runwayml_stable-diffusion-v1-5,98642787,1.4630597829818726
runwayml_stable-diffusion-v1-5,98646702,1.7127387523651123
runwayml_stable-diffusion-v1-5,98929226,2.094642162322998
runwayml_stable-diffusion-v1-5,99178779,1.2481470108032227
runwayml_stable-diffusion-v1-5,99185892,2.0045840740203857
runwayml_stable-diffusion-v1-5,99211012,-1.1214957237243652
runwayml_stable-diffusion-v1-5,99410560,0.9194527864456177
runwayml_stable-diffusion-v1-5,99862294,2.467261791229248
stabilityai_sdxl-turbo,138508,2.816713809967041
stabilityai_sdxl-turbo,192051,1.891786813735962
stabilityai_sdxl-turbo,213186,-0.20443761348724365
stabilityai_sdxl-turbo,232386,2.5829482078552246
stabilityai_sdxl-turbo,232765,0.8345800638198853
stabilityai_sdxl-turbo,258857,0.45026910305023193
stabilityai_sdxl-turbo,283090,0.3832239806652069
stabilityai_sdxl-turbo,285141,1.7745914459228516
stabilityai_sdxl-turbo,399030,0.6233859062194824
stabilityai_sdxl-turbo,440189,0.21265161037445068
stabilityai_sdxl-turbo,445169,1.3105145692825317
stabilityai_sdxl-turbo,486490,0.6057586073875427
stabilityai_sdxl-turbo,487072,1.013301134109497
stabilityai_sdxl-turbo,487326,0.4628485441207886
stabilityai_sdxl-turbo,489837,-0.7227020859718323
stabilityai_sdxl-turbo,646833,-1.368393063545227
stabilityai_sdxl-turbo,708860,-0.5404576659202576
stabilityai_sdxl-turbo,717208,-0.6158290505409241
stabilityai_sdxl-turbo,717468,-0.5325660705566406
stabilityai_sdxl-turbo,735254,-0.7642143368721008
stabilityai_sdxl-turbo,762478,-0.35859429836273193
stabilityai_sdxl-turbo,825443,0.4272369146347046
stabilityai_sdxl-turbo,831919,-0.6251238584518433
stabilityai_sdxl-turbo,896677,-0.06128498166799545
stabilityai_sdxl-turbo,936620,-1.523603916168213
stabilityai_sdxl-turbo,974367,2.28108811378479
stabilityai_sdxl-turbo,993014,0.6996407508850098
stabilityai_sdxl-turbo,995855,2.576176166534424
stabilityai_sdxl-turbo,1113367,1.2185431718826294
stabilityai_sdxl-turbo,1171644,0.2861780524253845
stabilityai_sdxl-turbo,1209135,0.7448239326477051
stabilityai_sdxl-turbo,1317294,0.4264364242553711
stabilityai_sdxl-turbo,1317533,-0.8512003421783447
stabilityai_sdxl-turbo,1321854,2.3495194911956787
stabilityai_sdxl-turbo,1377758,0.6257808208465576
stabilityai_sdxl-turbo,1474832,0.8808462619781494
stabilityai_sdxl-turbo,1516071,0.35158053040504456
stabilityai_sdxl-turbo,1566705,0.2693776488304138
stabilityai_sdxl-turbo,1640855,0.0020579639822244644
stabilityai_sdxl-turbo,1668603,0.9764076471328735
stabilityai_sdxl-turbo,1678990,-0.22260692715644836
stabilityai_sdxl-turbo,1699831,0.8091061115264893
stabilityai_sdxl-turbo,1707698,1.3717114925384521
stabilityai_sdxl-turbo,1727942,-1.1724927425384521
stabilityai_sdxl-turbo,2045760,-0.0976797416806221
stabilityai_sdxl-turbo,2075049,1.1928691864013672
stabilityai_sdxl-turbo,2075764,0.17588172852993011
stabilityai_sdxl-turbo,2241569,2.5621795654296875
stabilityai_sdxl-turbo,2720725,1.4843697547912598
stabilityai_sdxl-turbo,2721160,0.26784229278564453
stabilityai_sdxl-turbo,2730265,0.5902451276779175
stabilityai_sdxl-turbo,2744395,1.5203828811645508
stabilityai_sdxl-turbo,2770078,-0.6381120085716248
stabilityai_sdxl-turbo,2793684,1.1186974048614502
stabilityai_sdxl-turbo,2803666,0.024834895506501198
stabilityai_sdxl-turbo,2807731,-1.1990816593170166
stabilityai_sdxl-turbo,2821943,-1.0881969928741455
stabilityai_sdxl-turbo,2824319,-0.4069828391075134
stabilityai_sdxl-turbo,2825442,-0.5081200003623962
stabilityai_sdxl-turbo,2852043,0.9592641592025757
stabilityai_sdxl-turbo,2870293,-0.15227198600769043
stabilityai_sdxl-turbo,2870880,-0.5809139013290405
stabilityai_sdxl-turbo,2923535,0.687524676322937
stabilityai_sdxl-turbo,2933112,-0.2604495882987976
stabilityai_sdxl-turbo,2963987,-1.1318470239639282
stabilityai_sdxl-turbo,2991302,-0.2757766842842102
stabilityai_sdxl-turbo,3024209,-1.3912314176559448
stabilityai_sdxl-turbo,3035832,-0.8354183435440063
stabilityai_sdxl-turbo,3049457,-0.09995245933532715
stabilityai_sdxl-turbo,3107488,-0.2858034372329712
stabilityai_sdxl-turbo,3131388,-0.011638319119811058
stabilityai_sdxl-turbo,3131669,-0.9362067580223083
stabilityai_sdxl-turbo,3152830,-1.3156452178955078
stabilityai_sdxl-turbo,3249569,0.3993169367313385
stabilityai_sdxl-turbo,3262349,0.5320261716842651
stabilityai_sdxl-turbo,3288500,-0.22320809960365295
stabilityai_sdxl-turbo,3298716,-0.2069428712129593
stabilityai_sdxl-turbo,3308246,-1.9144736528396606
stabilityai_sdxl-turbo,3309110,0.804698646068573
stabilityai_sdxl-turbo,3347220,-1.8746885061264038
stabilityai_sdxl-turbo,3353281,-1.257903814315796
stabilityai_sdxl-turbo,3366112,0.19545558094978333
stabilityai_sdxl-turbo,3411927,-0.9295542240142822
stabilityai_sdxl-turbo,3456665,-0.1642383188009262
stabilityai_sdxl-turbo,3563208,1.5078625679016113
stabilityai_sdxl-turbo,3580281,-0.4947076737880707
stabilityai_sdxl-turbo,3603442,0.5036255717277527
stabilityai_sdxl-turbo,3607029,0.996504545211792
stabilityai_sdxl-turbo,3628071,2.1179771423339844
stabilityai_sdxl-turbo,3630383,0.8031163811683655
stabilityai_sdxl-turbo,3676483,-1.3158824443817139
stabilityai_sdxl-turbo,3679712,-1.5190480947494507
stabilityai_sdxl-turbo,3685307,1.3284577131271362
stabilityai_sdxl-turbo,3703463,-1.0665669441223145
stabilityai_sdxl-turbo,3714235,-1.340450406074524
stabilityai_sdxl-turbo,3728318,0.7208729982376099
stabilityai_sdxl-turbo,3748162,1.2724049091339111
stabilityai_sdxl-turbo,3764276,1.0904343128204346
stabilityai_sdxl-turbo,3818090,-0.7877198457717896
stabilityai_sdxl-turbo,3842156,-1.229130744934082
stabilityai_sdxl-turbo,3880032,-1.0694235563278198
stabilityai_sdxl-turbo,3889343,1.0325877666473389
stabilityai_sdxl-turbo,3907654,0.559076726436615
stabilityai_sdxl-turbo,3940713,0.023738885298371315
stabilityai_sdxl-turbo,3975232,-0.5973504781723022
stabilityai_sdxl-turbo,3982060,0.1011669784784317
stabilityai_sdxl-turbo,3990474,-0.08416242152452469
stabilityai_sdxl-turbo,4010305,-1.539443850517273
stabilityai_sdxl-turbo,4025130,0.7516844272613525
stabilityai_sdxl-turbo,4062807,0.47730743885040283
stabilityai_sdxl-turbo,4123448,-0.6414472460746765
stabilityai_sdxl-turbo,4125853,-0.5166650414466858
stabilityai_sdxl-turbo,4140340,-0.07375941425561905
stabilityai_sdxl-turbo,4145056,1.1447373628616333
stabilityai_sdxl-turbo,4192521,0.8093379735946655
stabilityai_sdxl-turbo,4259202,-1.5537739992141724
stabilityai_sdxl-turbo,4285773,-0.14296217262744904
stabilityai_sdxl-turbo,4345028,-0.9206050038337708
stabilityai_sdxl-turbo,4387201,1.0049556493759155
stabilityai_sdxl-turbo,4416901,2.3848366737365723
stabilityai_sdxl-turbo,4455579,-0.2341032326221466
stabilityai_sdxl-turbo,4497570,0.42213302850723267
stabilityai_sdxl-turbo,4534520,1.567335844039917
stabilityai_sdxl-turbo,4539203,0.8604801893234253
stabilityai_sdxl-turbo,4552551,-0.4623732566833496
stabilityai_sdxl-turbo,4596797,-0.9041679501533508
stabilityai_sdxl-turbo,4832208,-1.1987478733062744
stabilityai_sdxl-turbo,4930139,0.06717497855424881
stabilityai_sdxl-turbo,5008085,2.0034537315368652
stabilityai_sdxl-turbo,5219923,-0.2828374207019806
stabilityai_sdxl-turbo,5316083,2.601574420928955
stabilityai_sdxl-turbo,5350912,-0.6971758604049683
stabilityai_sdxl-turbo,5374860,0.3829745650291443
stabilityai_sdxl-turbo,5410315,1.972445011138916
stabilityai_sdxl-turbo,5522784,0.9084015488624573
stabilityai_sdxl-turbo,5728577,0.10040319710969925
stabilityai_sdxl-turbo,5752544,0.5869622826576233
stabilityai_sdxl-turbo,5794797,1.3567533493041992
stabilityai_sdxl-turbo,5895919,-0.08029277622699738
stabilityai_sdxl-turbo,5958517,0.8039846420288086
stabilityai_sdxl-turbo,6189776,1.261883020401001
stabilityai_sdxl-turbo,6528587,-0.14097589254379272
stabilityai_sdxl-turbo,6584891,2.0540249347686768
stabilityai_sdxl-turbo,6586355,0.8250482678413391
stabilityai_sdxl-turbo,6607809,1.7321746349334717
stabilityai_sdxl-turbo,6615026,-1.2863788604736328
stabilityai_sdxl-turbo,6615458,1.279955267906189
stabilityai_sdxl-turbo,6615818,0.5202748775482178
stabilityai_sdxl-turbo,6616314,1.3709462881088257
stabilityai_sdxl-turbo,6617011,1.3458527326583862
stabilityai_sdxl-turbo,6617413,1.266332983970642
stabilityai_sdxl-turbo,6729499,0.17231369018554688
stabilityai_sdxl-turbo,6880664,2.2230472564697266
stabilityai_sdxl-turbo,6883725,1.3425086736679077
stabilityai_sdxl-turbo,6946774,0.2636573314666748
stabilityai_sdxl-turbo,7025268,0.4206642508506775
stabilityai_sdxl-turbo,7109847,-0.3243710696697235
stabilityai_sdxl-turbo,7116261,-0.8737217783927917
stabilityai_sdxl-turbo,7150023,0.6591888666152954
stabilityai_sdxl-turbo,7163803,0.9678909778594971
stabilityai_sdxl-turbo,7507098,-0.3092072606086731
stabilityai_sdxl-turbo,7596684,0.23614585399627686
stabilityai_sdxl-turbo,7597365,0.6755476593971252
stabilityai_sdxl-turbo,7601809,0.6475764513015747
stabilityai_sdxl-turbo,7605282,1.962249994277954
stabilityai_sdxl-turbo,7606419,1.9070162773132324
stabilityai_sdxl-turbo,7607707,0.9943309426307678
stabilityai_sdxl-turbo,7608721,1.3855562210083008
stabilityai_sdxl-turbo,7625977,0.32076701521873474
stabilityai_sdxl-turbo,7626721,0.12921372056007385
stabilityai_sdxl-turbo,7626833,0.726850152015686
stabilityai_sdxl-turbo,7627310,1.5556704998016357
stabilityai_sdxl-turbo,7651454,0.4316592216491699
stabilityai_sdxl-turbo,7654438,-0.6873608827590942
stabilityai_sdxl-turbo,7664468,-0.7848498225212097
stabilityai_sdxl-turbo,7698915,0.33473286032676697
stabilityai_sdxl-turbo,7700167,0.3006516993045807
stabilityai_sdxl-turbo,7700868,-0.5159268379211426
stabilityai_sdxl-turbo,7701244,0.2557736933231354
stabilityai_sdxl-turbo,7702193,-0.5037023425102234
stabilityai_sdxl-turbo,7710616,1.616296648979187
stabilityai_sdxl-turbo,7834065,-0.413736492395401
stabilityai_sdxl-turbo,7854266,1.0686627626419067
stabilityai_sdxl-turbo,7854455,1.4470537900924683
stabilityai_sdxl-turbo,7871940,-0.12617120146751404
stabilityai_sdxl-turbo,7891189,0.5538922548294067
stabilityai_sdxl-turbo,7897116,-1.1369799375534058
stabilityai_sdxl-turbo,7914271,-1.1239819526672363
stabilityai_sdxl-turbo,7922764,-1.1093100309371948
stabilityai_sdxl-turbo,7929519,-0.2889935374259949
stabilityai_sdxl-turbo,7933274,-0.4369044303894043
stabilityai_sdxl-turbo,7933530,-0.4788695275783539
stabilityai_sdxl-turbo,8089797,-0.2298314869403839
stabilityai_sdxl-turbo,8095160,-0.390643447637558
stabilityai_sdxl-turbo,8124208,-0.9165292978286743
stabilityai_sdxl-turbo,8339939,1.108841896057129
stabilityai_sdxl-turbo,8876291,-0.5768694281578064
stabilityai_sdxl-turbo,9020389,1.8886141777038574
stabilityai_sdxl-turbo,9044146,-0.3523300886154175
stabilityai_sdxl-turbo,9057052,0.8008681535720825
stabilityai_sdxl-turbo,9427682,0.18498651683330536
stabilityai_sdxl-turbo,9580065,-1.3135569095611572
stabilityai_sdxl-turbo,9719434,0.15412397682666779
stabilityai_sdxl-turbo,9793248,0.25601035356521606
stabilityai_sdxl-turbo,9794211,1.1592605113983154
stabilityai_sdxl-turbo,9862621,0.5537667274475098
stabilityai_sdxl-turbo,9875188,0.27654242515563965
stabilityai_sdxl-turbo,9984659,-0.2331455796957016
stabilityai_sdxl-turbo,10012874,2.0194029808044434
stabilityai_sdxl-turbo,10024569,0.6182094216346741
stabilityai_sdxl-turbo,10080493,-1.0027856826782227
stabilityai_sdxl-turbo,10106452,1.099169373512268
stabilityai_sdxl-turbo,10198409,1.2983230352401733
stabilityai_sdxl-turbo,10333317,0.21666690707206726
stabilityai_sdxl-turbo,10408552,1.123482346534729
stabilityai_sdxl-turbo,10444677,0.2042015790939331
stabilityai_sdxl-turbo,10453357,-0.1957409679889679
stabilityai_sdxl-turbo,10548623,-0.22385504841804504
stabilityai_sdxl-turbo,10572128,0.0504017248749733
stabilityai_sdxl-turbo,10794014,-1.12800931930542
stabilityai_sdxl-turbo,10939743,0.6153377294540405
stabilityai_sdxl-turbo,11039909,-0.578121542930603
stabilityai_sdxl-turbo,11334088,0.35382139682769775
stabilityai_sdxl-turbo,11417672,0.3204711675643921
stabilityai_sdxl-turbo,11437577,1.6379685401916504
stabilityai_sdxl-turbo,11460338,1.4835822582244873
stabilityai_sdxl-turbo,12345739,-1.512069582939148
stabilityai_sdxl-turbo,12402348,2.0663719177246094
stabilityai_sdxl-turbo,13221529,2.176147699356079
stabilityai_sdxl-turbo,13290566,0.19473229348659515
stabilityai_sdxl-turbo,13389475,0.04228328913450241
stabilityai_sdxl-turbo,13390139,-1.2480882406234741
stabilityai_sdxl-turbo,13390405,-0.9051136374473572
stabilityai_sdxl-turbo,13392786,-1.114282250404358
stabilityai_sdxl-turbo,13649361,-1.1321816444396973
stabilityai_sdxl-turbo,13716878,0.7584406137466431
stabilityai_sdxl-turbo,13884740,0.19654856622219086
stabilityai_sdxl-turbo,13915305,1.5091784000396729
stabilityai_sdxl-turbo,13931145,0.41735947132110596
stabilityai_sdxl-turbo,13984082,0.9682353138923645
stabilityai_sdxl-turbo,14140678,0.8788667321205139
stabilityai_sdxl-turbo,14195315,0.8507894277572632
stabilityai_sdxl-turbo,14294568,0.32063567638397217
stabilityai_sdxl-turbo,14320813,-0.024224644526839256
stabilityai_sdxl-turbo,14360436,0.8600867390632629
stabilityai_sdxl-turbo,14488317,-0.205792635679245
stabilityai_sdxl-turbo,14533937,-0.012795066460967064
stabilityai_sdxl-turbo,14550987,1.0484769344329834
stabilityai_sdxl-turbo,14579933,0.17154881358146667
stabilityai_sdxl-turbo,14606290,1.6786553859710693
stabilityai_sdxl-turbo,14620257,1.9722232818603516
stabilityai_sdxl-turbo,14632648,1.3934842348098755
stabilityai_sdxl-turbo,14647235,1.951854944229126
stabilityai_sdxl-turbo,14654954,0.8593124151229858
stabilityai_sdxl-turbo,14686352,1.4301643371582031
stabilityai_sdxl-turbo,14702875,2.364556074142456
stabilityai_sdxl-turbo,14703190,1.5486165285110474
stabilityai_sdxl-turbo,14807929,1.7598967552185059
stabilityai_sdxl-turbo,14809057,1.1492066383361816
stabilityai_sdxl-turbo,14867690,0.5216319561004639
stabilityai_sdxl-turbo,14872875,1.6505253314971924
stabilityai_sdxl-turbo,14880557,-0.9349982142448425
stabilityai_sdxl-turbo,14894140,1.8999316692352295
stabilityai_sdxl-turbo,15180934,1.7143404483795166
stabilityai_sdxl-turbo,15970145,0.7694575786590576
stabilityai_sdxl-turbo,17002912,0.04306861758232117
stabilityai_sdxl-turbo,17012379,1.8937385082244873
stabilityai_sdxl-turbo,17282800,1.1639766693115234
stabilityai_sdxl-turbo,17925539,-1.104149580001831
stabilityai_sdxl-turbo,18367104,0.07142634689807892
stabilityai_sdxl-turbo,18758723,0.9254106879234314
stabilityai_sdxl-turbo,19143128,-1.089110255241394
stabilityai_sdxl-turbo,19671124,1.169541597366333
stabilityai_sdxl-turbo,19855707,-0.8516883254051208
stabilityai_sdxl-turbo,19893872,0.16944271326065063
stabilityai_sdxl-turbo,20017667,-0.546467125415802
stabilityai_sdxl-turbo,20128079,0.9892559051513672
stabilityai_sdxl-turbo,20471134,0.5843378901481628
stabilityai_sdxl-turbo,20495093,-0.539078950881958
stabilityai_sdxl-turbo,20782430,1.6325820684432983
stabilityai_sdxl-turbo,21377549,0.11133874207735062
stabilityai_sdxl-turbo,21564446,1.2637101411819458
stabilityai_sdxl-turbo,21620388,0.19936494529247284
stabilityai_sdxl-turbo,22149540,-0.3106035888195038
stabilityai_sdxl-turbo,22738759,0.5941784977912903
stabilityai_sdxl-turbo,22767176,1.8358008861541748
stabilityai_sdxl-turbo,23129661,-0.22112324833869934
stabilityai_sdxl-turbo,23185551,1.3479676246643066
stabilityai_sdxl-turbo,23232427,2.5087199211120605
stabilityai_sdxl-turbo,23257851,2.1049842834472656
stabilityai_sdxl-turbo,23620789,0.08048126846551895
stabilityai_sdxl-turbo,24808131,0.019869575276970863
stabilityai_sdxl-turbo,24843217,-0.8506878018379211
stabilityai_sdxl-turbo,24933378,-0.3698694705963135
stabilityai_sdxl-turbo,24942232,0.9257698059082031
stabilityai_sdxl-turbo,25290589,0.4763898551464081
stabilityai_sdxl-turbo,25579216,1.0762242078781128
stabilityai_sdxl-turbo,25685207,-0.5014330148696899
stabilityai_sdxl-turbo,25776594,1.1919991970062256
stabilityai_sdxl-turbo,26078214,-0.6409034132957458
stabilityai_sdxl-turbo,26746434,0.954540491104126
stabilityai_sdxl-turbo,26998039,-0.9434148073196411
stabilityai_sdxl-turbo,27106238,-0.05892042815685272
stabilityai_sdxl-turbo,27246777,-0.3605361580848694
stabilityai_sdxl-turbo,27768637,-0.20122623443603516
stabilityai_sdxl-turbo,27871992,1.0214228630065918
stabilityai_sdxl-turbo,28190972,-1.0869938135147095
stabilityai_sdxl-turbo,29094321,-0.4999849498271942
stabilityai_sdxl-turbo,29148617,1.103283405303955
stabilityai_sdxl-turbo,29161294,1.2080702781677246
stabilityai_sdxl-turbo,29632917,0.6122192740440369
stabilityai_sdxl-turbo,29703209,0.823615550994873
stabilityai_sdxl-turbo,29779486,-0.5826456546783447
stabilityai_sdxl-turbo,30028757,-0.8260668516159058
stabilityai_sdxl-turbo,30225071,-0.0590718612074852
stabilityai_sdxl-turbo,30373565,-0.7034441828727722
stabilityai_sdxl-turbo,30484086,0.5890302062034607
stabilityai_sdxl-turbo,30883080,-0.1436469405889511
stabilityai_sdxl-turbo,31114750,-0.06626304239034653
stabilityai_sdxl-turbo,31196176,-0.05944176763296127
stabilityai_sdxl-turbo,31391857,0.7338066697120667
stabilityai_sdxl-turbo,31595142,0.45978978276252747
stabilityai_sdxl-turbo,32152786,-1.2964396476745605
stabilityai_sdxl-turbo,32327818,1.2783602476119995
stabilityai_sdxl-turbo,32379732,-0.3596334159374237
stabilityai_sdxl-turbo,32473966,-0.0215544905513525
stabilityai_sdxl-turbo,32902730,-0.08409149199724197
stabilityai_sdxl-turbo,32932491,1.9646881818771362
stabilityai_sdxl-turbo,33006578,0.06896369904279709
stabilityai_sdxl-turbo,33478721,1.1279202699661255
stabilityai_sdxl-turbo,34475997,2.958737373352051
stabilityai_sdxl-turbo,34578737,0.5725468993186951
stabilityai_sdxl-turbo,34773230,1.6151639223098755
stabilityai_sdxl-turbo,36507085,-0.9378286600112915
stabilityai_sdxl-turbo,36678439,2.276317596435547
stabilityai_sdxl-turbo,37287360,-0.17751961946487427
stabilityai_sdxl-turbo,37319253,2.195761203765869
stabilityai_sdxl-turbo,37547870,0.04394693672657013
stabilityai_sdxl-turbo,37736408,1.072844386100769
stabilityai_sdxl-turbo,38014258,-0.29444921016693115
stabilityai_sdxl-turbo,38297191,-0.744952917098999
stabilityai_sdxl-turbo,38402744,0.43308910727500916
stabilityai_sdxl-turbo,38954086,1.76288640499115
stabilityai_sdxl-turbo,39139190,-1.0932855606079102
stabilityai_sdxl-turbo,39560404,1.1810660362243652
stabilityai_sdxl-turbo,39566065,0.7274700403213501
stabilityai_sdxl-turbo,39595218,-0.18065503239631653
stabilityai_sdxl-turbo,40825299,1.6220571994781494
stabilityai_sdxl-turbo,40945115,2.324500799179077
stabilityai_sdxl-turbo,40995095,1.2916890382766724
stabilityai_sdxl-turbo,41015844,0.3681657612323761
stabilityai_sdxl-turbo,41031648,1.6774640083312988
stabilityai_sdxl-turbo,41161074,1.840151071548462
stabilityai_sdxl-turbo,41458919,1.1267049312591553
stabilityai_sdxl-turbo,41565779,0.4783906936645508
stabilityai_sdxl-turbo,41766391,-2.2306478023529053
stabilityai_sdxl-turbo,41982710,0.41465499997138977
stabilityai_sdxl-turbo,42048260,-1.2705484628677368
stabilityai_sdxl-turbo,42849420,-0.09545204788446426
stabilityai_sdxl-turbo,42931583,0.82002192735672
stabilityai_sdxl-turbo,43060946,1.0678471326828003
stabilityai_sdxl-turbo,43153800,2.765756607055664
stabilityai_sdxl-turbo,43161384,0.6908451914787292
stabilityai_sdxl-turbo,43301379,0.5075064897537231
stabilityai_sdxl-turbo,43304323,-1.1493198871612549
stabilityai_sdxl-turbo,43367797,-0.289095014333725
stabilityai_sdxl-turbo,43431032,-0.6891213655471802
stabilityai_sdxl-turbo,43631801,1.2113595008850098
stabilityai_sdxl-turbo,43735560,0.4746103286743164
stabilityai_sdxl-turbo,43858443,0.4830973744392395
stabilityai_sdxl-turbo,43918624,0.6568338871002197
stabilityai_sdxl-turbo,44280552,1.2674155235290527
stabilityai_sdxl-turbo,44295589,1.80087411403656
stabilityai_sdxl-turbo,44621915,0.029253603890538216
stabilityai_sdxl-turbo,44645737,0.36976879835128784
stabilityai_sdxl-turbo,44838123,0.8205990791320801
stabilityai_sdxl-turbo,45258070,2.0705385208129883
stabilityai_sdxl-turbo,45297641,1.300910234451294
stabilityai_sdxl-turbo,45418454,0.6464357376098633
stabilityai_sdxl-turbo,45564900,0.286355197429657
stabilityai_sdxl-turbo,46150029,-0.08834188431501389
stabilityai_sdxl-turbo,46394736,-0.5794354677200317
stabilityai_sdxl-turbo,46673664,-0.2648026943206787
stabilityai_sdxl-turbo,46994920,2.4160351753234863
stabilityai_sdxl-turbo,47009060,-0.06754405796527863
stabilityai_sdxl-turbo,47552953,-0.49818870425224304
stabilityai_sdxl-turbo,47595220,0.33013397455215454
stabilityai_sdxl-turbo,47819321,-1.09678316116333
stabilityai_sdxl-turbo,48223384,0.6360159516334534
stabilityai_sdxl-turbo,48351897,1.2278032302856445
stabilityai_sdxl-turbo,48754831,0.20654159784317017
stabilityai_sdxl-turbo,49054805,-0.36251649260520935
stabilityai_sdxl-turbo,49089576,-1.160752534866333
stabilityai_sdxl-turbo,49300740,0.04693072289228439
stabilityai_sdxl-turbo,49358811,-0.9993545413017273
stabilityai_sdxl-turbo,49462954,-1.7059814929962158
stabilityai_sdxl-turbo,50262859,-1.158113718032837
stabilityai_sdxl-turbo,50871471,0.13805995881557465
stabilityai_sdxl-turbo,50952217,1.091822624206543
stabilityai_sdxl-turbo,51060824,0.8641126155853271
stabilityai_sdxl-turbo,51314050,0.6735293865203857
stabilityai_sdxl-turbo,51946990,0.09213980287313461
stabilityai_sdxl-turbo,52325745,0.06321779638528824
stabilityai_sdxl-turbo,52474100,0.0968463271856308
stabilityai_sdxl-turbo,52516409,0.27180203795433044
stabilityai_sdxl-turbo,52711595,-0.14408813416957855
stabilityai_sdxl-turbo,53022028,-1.2341800928115845
stabilityai_sdxl-turbo,53205877,0.2517496943473816
stabilityai_sdxl-turbo,53288018,1.1921836137771606
stabilityai_sdxl-turbo,53443611,-0.4175386428833008
stabilityai_sdxl-turbo,53815934,1.9386053085327148
stabilityai_sdxl-turbo,54495173,-1.348885178565979
stabilityai_sdxl-turbo,54931507,-0.46775972843170166
stabilityai_sdxl-turbo,55191509,-0.6238183975219727
stabilityai_sdxl-turbo,55255145,0.5032086372375488
stabilityai_sdxl-turbo,55457672,2.020118474960327
stabilityai_sdxl-turbo,55588327,-0.95078444480896
stabilityai_sdxl-turbo,55653646,0.20863774418830872
stabilityai_sdxl-turbo,55658809,1.4545484781265259
stabilityai_sdxl-turbo,55812974,0.830357551574707
stabilityai_sdxl-turbo,55819553,2.0353264808654785
stabilityai_sdxl-turbo,55826966,1.4597501754760742
stabilityai_sdxl-turbo,55983905,0.14596517384052277
stabilityai_sdxl-turbo,56074056,0.6012365221977234
stabilityai_sdxl-turbo,56112588,1.0404796600341797
stabilityai_sdxl-turbo,56121520,3.3929085731506348
stabilityai_sdxl-turbo,56250900,0.872570276260376
stabilityai_sdxl-turbo,56458800,-0.45935678482055664
stabilityai_sdxl-turbo,56792430,0.26629844307899475
stabilityai_sdxl-turbo,56982260,0.8407090306282043
stabilityai_sdxl-turbo,57673976,3.2057292461395264
stabilityai_sdxl-turbo,57716963,-1.7344520092010498
stabilityai_sdxl-turbo,57729980,0.5158993601799011
stabilityai_sdxl-turbo,57785005,0.4095459282398224
stabilityai_sdxl-turbo,57873614,1.982670545578003
stabilityai_sdxl-turbo,58727024,1.9507036209106445
stabilityai_sdxl-turbo,58761464,-0.355030357837677
stabilityai_sdxl-turbo,59399259,1.015602469444275
stabilityai_sdxl-turbo,59976859,-0.455517441034317
stabilityai_sdxl-turbo,60083345,0.578415036201477
stabilityai_sdxl-turbo,60214770,0.6961194276809692
stabilityai_sdxl-turbo,60215376,-0.7387635707855225
stabilityai_sdxl-turbo,60375309,0.2878073453903198
stabilityai_sdxl-turbo,60606896,2.4824414253234863
stabilityai_sdxl-turbo,60668084,-0.12131337821483612
stabilityai_sdxl-turbo,61035709,-1.2196635007858276
stabilityai_sdxl-turbo,61388266,1.3401650190353394
stabilityai_sdxl-turbo,61627313,-0.20762136578559875
stabilityai_sdxl-turbo,61635816,-0.18764324486255646
stabilityai_sdxl-turbo,61853324,-1.2241778373718262
stabilityai_sdxl-turbo,62408818,1.4058181047439575
stabilityai_sdxl-turbo,62841330,-1.004514217376709
stabilityai_sdxl-turbo,63015570,-0.13185100257396698
stabilityai_sdxl-turbo,63336441,1.2611005306243896
stabilityai_sdxl-turbo,63633117,0.03314686566591263
stabilityai_sdxl-turbo,64576544,1.2888953685760498
stabilityai_sdxl-turbo,64687077,0.7288530468940735
stabilityai_sdxl-turbo,64693533,0.8530077934265137
stabilityai_sdxl-turbo,64856142,-1.3690085411071777
stabilityai_sdxl-turbo,65411270,1.3446565866470337
stabilityai_sdxl-turbo,65557844,0.2699042558670044
stabilityai_sdxl-turbo,65824677,2.0752599239349365
stabilityai_sdxl-turbo,65890875,-0.7118857502937317
stabilityai_sdxl-turbo,65960228,-0.8633402585983276
stabilityai_sdxl-turbo,66668538,1.3911055326461792
stabilityai_sdxl-turbo,67344811,-1.062084674835205
stabilityai_sdxl-turbo,67949798,0.04829271137714386
stabilityai_sdxl-turbo,68246844,0.12466017156839371
stabilityai_sdxl-turbo,68280322,0.3858555555343628
stabilityai_sdxl-turbo,68321683,0.4642465114593506
stabilityai_sdxl-turbo,68380669,0.49662691354751587
stabilityai_sdxl-turbo,68575085,-0.656600832939148
stabilityai_sdxl-turbo,70380966,0.6979867815971375
stabilityai_sdxl-turbo,70494671,-0.34183818101882935
stabilityai_sdxl-turbo,71055464,-0.4154647886753082
stabilityai_sdxl-turbo,71591839,-0.06656834483146667
stabilityai_sdxl-turbo,71828875,-0.15857985615730286
stabilityai_sdxl-turbo,71910823,0.6204258799552917
stabilityai_sdxl-turbo,71959499,0.3698665201663971
stabilityai_sdxl-turbo,72432241,-0.532486081123352
stabilityai_sdxl-turbo,72553814,-0.7724775075912476
stabilityai_sdxl-turbo,73051579,0.16206201910972595
stabilityai_sdxl-turbo,73600586,2.9197630882263184
stabilityai_sdxl-turbo,73616417,0.3323524594306946
stabilityai_sdxl-turbo,73681289,-0.3587071895599365
stabilityai_sdxl-turbo,73962724,2.2656753063201904
stabilityai_sdxl-turbo,74175857,0.6375460624694824
stabilityai_sdxl-turbo,75051801,1.379262924194336
stabilityai_sdxl-turbo,75787772,1.1020861864089966
stabilityai_sdxl-turbo,75944980,0.748008668422699
stabilityai_sdxl-turbo,75964288,1.348445177078247
stabilityai_sdxl-turbo,76066166,-0.9859050512313843
stabilityai_sdxl-turbo,76100398,2.211947441101074
stabilityai_sdxl-turbo,76425345,-0.9668476581573486
stabilityai_sdxl-turbo,77106105,1.0129115581512451
stabilityai_sdxl-turbo,77132310,0.8732800483703613
stabilityai_sdxl-turbo,77232534,0.8436822891235352
stabilityai_sdxl-turbo,77312726,-0.35680902004241943
stabilityai_sdxl-turbo,77358840,-0.38692426681518555
stabilityai_sdxl-turbo,77490593,-0.5524864792823792
stabilityai_sdxl-turbo,77726888,-0.2414301633834839
stabilityai_sdxl-turbo,78735978,0.3327081799507141
stabilityai_sdxl-turbo,79077085,0.6187700033187866
stabilityai_sdxl-turbo,79212243,-0.4580453634262085
stabilityai_sdxl-turbo,79606917,0.1514214426279068
stabilityai_sdxl-turbo,79918827,-0.8977859020233154
stabilityai_sdxl-turbo,80289373,0.47111597657203674
stabilityai_sdxl-turbo,80371125,2.61393666267395
stabilityai_sdxl-turbo,80540387,0.3760572671890259
stabilityai_sdxl-turbo,81135077,-0.83828204870224
stabilityai_sdxl-turbo,81303945,-1.1486855745315552
stabilityai_sdxl-turbo,81435593,2.5164217948913574
stabilityai_sdxl-turbo,82282590,0.5531420111656189
stabilityai_sdxl-turbo,82696415,1.0802973508834839
stabilityai_sdxl-turbo,82916016,1.2650784254074097
stabilityai_sdxl-turbo,83084473,-0.01210666261613369
stabilityai_sdxl-turbo,83418847,-0.1592455804347992
stabilityai_sdxl-turbo,84089324,0.760900616645813
stabilityai_sdxl-turbo,84306831,-1.094974160194397
stabilityai_sdxl-turbo,84510135,-0.510737419128418
stabilityai_sdxl-turbo,84788890,-0.5417641997337341
stabilityai_sdxl-turbo,84985982,0.6217366456985474
stabilityai_sdxl-turbo,85191733,-0.14346864819526672
stabilityai_sdxl-turbo,86119145,-0.8888366222381592
stabilityai_sdxl-turbo,86340862,0.06374458968639374
stabilityai_sdxl-turbo,86341828,0.707500696182251
stabilityai_sdxl-turbo,86537356,1.2257323265075684
stabilityai_sdxl-turbo,86701636,0.4848765730857849
stabilityai_sdxl-turbo,86714939,-1.2129780054092407
stabilityai_sdxl-turbo,87574583,-0.04001624137163162
stabilityai_sdxl-turbo,87699711,-0.7034385800361633
stabilityai_sdxl-turbo,88016571,2.6934008598327637
stabilityai_sdxl-turbo,88087492,-1.3545572757720947
stabilityai_sdxl-turbo,89227603,-0.4606662094593048
stabilityai_sdxl-turbo,89539854,2.4946062564849854
stabilityai_sdxl-turbo,89926787,0.6454112529754639
stabilityai_sdxl-turbo,90244932,-0.32045432925224304
stabilityai_sdxl-turbo,90493027,-1.4208838939666748
stabilityai_sdxl-turbo,90613035,-0.9390811324119568
stabilityai_sdxl-turbo,91368797,0.4883003830909729
stabilityai_sdxl-turbo,91784299,1.601070523262024
stabilityai_sdxl-turbo,91790573,-0.4865429699420929
stabilityai_sdxl-turbo,91834546,-0.10233252495527267
stabilityai_sdxl-turbo,92068094,-0.6425567269325256
stabilityai_sdxl-turbo,92311656,1.2041820287704468
stabilityai_sdxl-turbo,92709444,1.408750057220459
stabilityai_sdxl-turbo,93114575,1.1717056035995483
stabilityai_sdxl-turbo,93256557,1.1799705028533936
stabilityai_sdxl-turbo,93407716,-0.3631461560726166
stabilityai_sdxl-turbo,93436296,0.2754424512386322
stabilityai_sdxl-turbo,93512057,-0.028361624106764793
stabilityai_sdxl-turbo,94006560,0.6457740664482117
stabilityai_sdxl-turbo,94321535,0.01700056530535221
stabilityai_sdxl-turbo,94532154,1.3327282667160034
stabilityai_sdxl-turbo,95171107,0.5927599668502808
stabilityai_sdxl-turbo,95228839,0.6906297206878662
stabilityai_sdxl-turbo,95325441,1.8948721885681152
stabilityai_sdxl-turbo,95450946,-0.5641087889671326
stabilityai_sdxl-turbo,95583911,0.17474910616874695
stabilityai_sdxl-turbo,95718306,-0.14120139181613922
stabilityai_sdxl-turbo,95737828,1.8528653383255005
stabilityai_sdxl-turbo,96448597,1.4249897003173828
stabilityai_sdxl-turbo,96482065,0.22046184539794922
stabilityai_sdxl-turbo,96521920,0.44207563996315
stabilityai_sdxl-turbo,96850153,1.6622908115386963
stabilityai_sdxl-turbo,98113191,0.13326118886470795
stabilityai_sdxl-turbo,98195317,1.6155500411987305
stabilityai_sdxl-turbo,98254655,-0.312943696975708
stabilityai_sdxl-turbo,98319500,0.03851935267448425
stabilityai_sdxl-turbo,98642787,0.5307050943374634
stabilityai_sdxl-turbo,98646702,-0.4444560408592224
stabilityai_sdxl-turbo,98929226,0.8668528199195862
stabilityai_sdxl-turbo,99178779,0.03681393712759018
stabilityai_sdxl-turbo,99185892,1.354949951171875
stabilityai_sdxl-turbo,99211012,-0.17834751307964325
stabilityai_sdxl-turbo,99410560,1.2119101285934448
stabilityai_sdxl-turbo,99862294,-0.4742682874202728
stabilityai_stable-diffusion-3-medium-diffusers,138508,2.2004995346069336
stabilityai_stable-diffusion-3-medium-diffusers,192051,1.5057578086853027
stabilityai_stable-diffusion-3-medium-diffusers,213186,0.6333818435668945
stabilityai_stable-diffusion-3-medium-diffusers,232386,1.2440742254257202
stabilityai_stable-diffusion-3-medium-diffusers,232765,0.9471845626831055
stabilityai_stable-diffusion-3-medium-diffusers,258857,0.7728890180587769
stabilityai_stable-diffusion-3-medium-diffusers,283090,1.4477730989456177
stabilityai_stable-diffusion-3-medium-diffusers,285141,0.8198891282081604
stabilityai_stable-diffusion-3-medium-diffusers,399030,0.7982091307640076
stabilityai_stable-diffusion-3-medium-diffusers,440189,0.9907674789428711
stabilityai_stable-diffusion-3-medium-diffusers,445169,0.7848447561264038
stabilityai_stable-diffusion-3-medium-diffusers,486490,0.8949574828147888
stabilityai_stable-diffusion-3-medium-diffusers,487072,-0.3790218234062195
stabilityai_stable-diffusion-3-medium-diffusers,487326,-0.23819583654403687
stabilityai_stable-diffusion-3-medium-diffusers,489837,0.31557103991508484
stabilityai_stable-diffusion-3-medium-diffusers,646833,-0.3606341481208801
stabilityai_stable-diffusion-3-medium-diffusers,708860,-1.6243081092834473
stabilityai_stable-diffusion-3-medium-diffusers,717208,-0.1477210521697998
stabilityai_stable-diffusion-3-medium-diffusers,717468,-0.28665876388549805
stabilityai_stable-diffusion-3-medium-diffusers,735254,-0.12179667502641678
stabilityai_stable-diffusion-3-medium-diffusers,762478,-1.376304030418396
stabilityai_stable-diffusion-3-medium-diffusers,825443,0.4404688775539398
stabilityai_stable-diffusion-3-medium-diffusers,831919,0.5760470628738403
stabilityai_stable-diffusion-3-medium-diffusers,896677,0.8880521059036255
stabilityai_stable-diffusion-3-medium-diffusers,936620,-0.26806917786598206
stabilityai_stable-diffusion-3-medium-diffusers,974367,0.47425171732902527
stabilityai_stable-diffusion-3-medium-diffusers,993014,0.5589161515235901
stabilityai_stable-diffusion-3-medium-diffusers,995855,2.9228758811950684
stabilityai_stable-diffusion-3-medium-diffusers,1113367,0.20079058408737183
stabilityai_stable-diffusion-3-medium-diffusers,1171644,-0.47641605138778687
stabilityai_stable-diffusion-3-medium-diffusers,1209135,2.070538282394409
stabilityai_stable-diffusion-3-medium-diffusers,1317294,0.5413678288459778
stabilityai_stable-diffusion-3-medium-diffusers,1317533,0.6031633019447327
stabilityai_stable-diffusion-3-medium-diffusers,1321854,0.11078310757875443
stabilityai_stable-diffusion-3-medium-diffusers,1377758,1.622235894203186
stabilityai_stable-diffusion-3-medium-diffusers,1474832,2.740327835083008
stabilityai_stable-diffusion-3-medium-diffusers,1516071,0.8322111368179321
stabilityai_stable-diffusion-3-medium-diffusers,1566705,1.4841877222061157
stabilityai_stable-diffusion-3-medium-diffusers,1640855,2.599680185317993
stabilityai_stable-diffusion-3-medium-diffusers,1668603,1.467437982559204
stabilityai_stable-diffusion-3-medium-diffusers,1678990,0.10833664983510971
stabilityai_stable-diffusion-3-medium-diffusers,1699831,0.34554874897003174
stabilityai_stable-diffusion-3-medium-diffusers,1707698,-0.5427396297454834
stabilityai_stable-diffusion-3-medium-diffusers,1727942,0.3266245722770691
stabilityai_stable-diffusion-3-medium-diffusers,2045760,1.810692548751831
stabilityai_stable-diffusion-3-medium-diffusers,2075049,1.0586433410644531
stabilityai_stable-diffusion-3-medium-diffusers,2075764,1.207319736480713
stabilityai_stable-diffusion-3-medium-diffusers,2241569,1.8090661764144897
stabilityai_stable-diffusion-3-medium-diffusers,2720725,0.2721983790397644
stabilityai_stable-diffusion-3-medium-diffusers,2721160,0.33806657791137695
stabilityai_stable-diffusion-3-medium-diffusers,2730265,0.4782572388648987
stabilityai_stable-diffusion-3-medium-diffusers,2744395,1.4533170461654663
stabilityai_stable-diffusion-3-medium-diffusers,2770078,-1.1168326139450073
stabilityai_stable-diffusion-3-medium-diffusers,2793684,-0.5326536297798157
stabilityai_stable-diffusion-3-medium-diffusers,2803666,0.1935131549835205
stabilityai_stable-diffusion-3-medium-diffusers,2807731,-0.8007762432098389
stabilityai_stable-diffusion-3-medium-diffusers,2821943,-1.1787104606628418
stabilityai_stable-diffusion-3-medium-diffusers,2824319,0.7182298898696899
stabilityai_stable-diffusion-3-medium-diffusers,2825442,0.22754304111003876
stabilityai_stable-diffusion-3-medium-diffusers,2852043,-0.6729752421379089
stabilityai_stable-diffusion-3-medium-diffusers,2870293,-0.8418356776237488
stabilityai_stable-diffusion-3-medium-diffusers,2870880,-0.042474500834941864
stabilityai_stable-diffusion-3-medium-diffusers,2923535,-1.0143169164657593
stabilityai_stable-diffusion-3-medium-diffusers,2933112,-0.9417406320571899
stabilityai_stable-diffusion-3-medium-diffusers,2963987,-0.19209155440330505
stabilityai_stable-diffusion-3-medium-diffusers,2991302,0.5204988121986389
stabilityai_stable-diffusion-3-medium-diffusers,3024209,-0.9715290069580078
stabilityai_stable-diffusion-3-medium-diffusers,3035832,-0.7978702783584595
stabilityai_stable-diffusion-3-medium-diffusers,3049457,-0.5528662204742432
stabilityai_stable-diffusion-3-medium-diffusers,3107488,0.27326908707618713
stabilityai_stable-diffusion-3-medium-diffusers,3131388,0.1538926064968109
stabilityai_stable-diffusion-3-medium-diffusers,3131669,0.3815958797931671
stabilityai_stable-diffusion-3-medium-diffusers,3152830,-0.6665623188018799
stabilityai_stable-diffusion-3-medium-diffusers,3249569,0.19322822988033295
stabilityai_stable-diffusion-3-medium-diffusers,3262349,-1.1556980609893799
stabilityai_stable-diffusion-3-medium-diffusers,3288500,-1.9719151258468628
stabilityai_stable-diffusion-3-medium-diffusers,3298716,-1.3725553750991821
stabilityai_stable-diffusion-3-medium-diffusers,3308246,-2.302809953689575
stabilityai_stable-diffusion-3-medium-diffusers,3309110,0.687282383441925
stabilityai_stable-diffusion-3-medium-diffusers,3347220,-1.4823126792907715
stabilityai_stable-diffusion-3-medium-diffusers,3353281,-0.38859429955482483
stabilityai_stable-diffusion-3-medium-diffusers,3366112,0.32613641023635864
stabilityai_stable-diffusion-3-medium-diffusers,3411927,0.4106352925300598
stabilityai_stable-diffusion-3-medium-diffusers,3456665,-1.9900786876678467
stabilityai_stable-diffusion-3-medium-diffusers,3563208,-0.5476090908050537
stabilityai_stable-diffusion-3-medium-diffusers,3580281,2.677293062210083
stabilityai_stable-diffusion-3-medium-diffusers,3603442,0.2686959505081177
stabilityai_stable-diffusion-3-medium-diffusers,3607029,-0.5633664131164551
stabilityai_stable-diffusion-3-medium-diffusers,3628071,-0.3748490512371063
stabilityai_stable-diffusion-3-medium-diffusers,3630383,-0.6184078454971313
stabilityai_stable-diffusion-3-medium-diffusers,3676483,0.6470528841018677
stabilityai_stable-diffusion-3-medium-diffusers,3679712,-1.3748788833618164
stabilityai_stable-diffusion-3-medium-diffusers,3685307,1.2820947170257568
stabilityai_stable-diffusion-3-medium-diffusers,3703463,-2.052760124206543
stabilityai_stable-diffusion-3-medium-diffusers,3714235,-0.9268101453781128
stabilityai_stable-diffusion-3-medium-diffusers,3728318,0.7996675968170166
stabilityai_stable-diffusion-3-medium-diffusers,3748162,1.5952434539794922
stabilityai_stable-diffusion-3-medium-diffusers,3764276,1.2036550045013428
stabilityai_stable-diffusion-3-medium-diffusers,3818090,0.3753804862499237
stabilityai_stable-diffusion-3-medium-diffusers,3842156,-1.3238022327423096
stabilityai_stable-diffusion-3-medium-diffusers,3880032,-0.7549660205841064
stabilityai_stable-diffusion-3-medium-diffusers,3889343,0.8850486278533936
stabilityai_stable-diffusion-3-medium-diffusers,3907654,1.2608588933944702
stabilityai_stable-diffusion-3-medium-diffusers,3940713,1.1691728830337524
stabilityai_stable-diffusion-3-medium-diffusers,3975232,-0.7666264176368713
stabilityai_stable-diffusion-3-medium-diffusers,3982060,-0.0914807841181755
stabilityai_stable-diffusion-3-medium-diffusers,3990474,-1.7773759365081787
stabilityai_stable-diffusion-3-medium-diffusers,4010305,-1.5255157947540283
stabilityai_stable-diffusion-3-medium-diffusers,4025130,-1.2447502613067627
stabilityai_stable-diffusion-3-medium-diffusers,4062807,-0.5392701625823975
stabilityai_stable-diffusion-3-medium-diffusers,4123448,-1.2624258995056152
stabilityai_stable-diffusion-3-medium-diffusers,4125853,0.24839109182357788
stabilityai_stable-diffusion-3-medium-diffusers,4140340,0.30733123421669006
stabilityai_stable-diffusion-3-medium-diffusers,4145056,0.8240031003952026
stabilityai_stable-diffusion-3-medium-diffusers,4192521,-0.6448912024497986
stabilityai_stable-diffusion-3-medium-diffusers,4259202,0.8787417411804199
stabilityai_stable-diffusion-3-medium-diffusers,4285773,1.9956717491149902
stabilityai_stable-diffusion-3-medium-diffusers,4345028,-0.5731130838394165
stabilityai_stable-diffusion-3-medium-diffusers,4387201,1.2066985368728638
stabilityai_stable-diffusion-3-medium-diffusers,4416901,2.065859079360962
stabilityai_stable-diffusion-3-medium-diffusers,4455579,-0.7652440071105957
stabilityai_stable-diffusion-3-medium-diffusers,4497570,-0.6454097628593445
stabilityai_stable-diffusion-3-medium-diffusers,4534520,0.29693758487701416
stabilityai_stable-diffusion-3-medium-diffusers,4539203,-0.3853846490383148
stabilityai_stable-diffusion-3-medium-diffusers,4552551,0.24533972144126892
stabilityai_stable-diffusion-3-medium-diffusers,4596797,0.09304195642471313
stabilityai_stable-diffusion-3-medium-diffusers,4832208,0.8805868625640869
stabilityai_stable-diffusion-3-medium-diffusers,4930139,-0.1835474669933319
stabilityai_stable-diffusion-3-medium-diffusers,5008085,0.8672109842300415
stabilityai_stable-diffusion-3-medium-diffusers,5219923,-0.6635197997093201
stabilityai_stable-diffusion-3-medium-diffusers,5316083,0.888815701007843
stabilityai_stable-diffusion-3-medium-diffusers,5350912,-1.1137992143630981
stabilityai_stable-diffusion-3-medium-diffusers,5374860,0.5970972180366516
stabilityai_stable-diffusion-3-medium-diffusers,5410315,3.0687825679779053
stabilityai_stable-diffusion-3-medium-diffusers,5522784,0.9501135945320129
stabilityai_stable-diffusion-3-medium-diffusers,5728577,0.9761976003646851
stabilityai_stable-diffusion-3-medium-diffusers,5752544,1.9457957744598389
stabilityai_stable-diffusion-3-medium-diffusers,5794797,1.7019070386886597
stabilityai_stable-diffusion-3-medium-diffusers,5895919,-0.6119309663772583
stabilityai_stable-diffusion-3-medium-diffusers,5958517,1.9050631523132324
stabilityai_stable-diffusion-3-medium-diffusers,6189776,0.5115483999252319
stabilityai_stable-diffusion-3-medium-diffusers,6528587,-0.3337855637073517
stabilityai_stable-diffusion-3-medium-diffusers,6584891,1.2696280479431152
stabilityai_stable-diffusion-3-medium-diffusers,6586355,1.5826916694641113
stabilityai_stable-diffusion-3-medium-diffusers,6607809,2.53741192817688
stabilityai_stable-diffusion-3-medium-diffusers,6615026,1.6466865539550781
stabilityai_stable-diffusion-3-medium-diffusers,6615458,2.1818013191223145
stabilityai_stable-diffusion-3-medium-diffusers,6615818,1.346927523612976
stabilityai_stable-diffusion-3-medium-diffusers,6616314,1.3182032108306885
stabilityai_stable-diffusion-3-medium-diffusers,6617011,-0.6607799530029297
stabilityai_stable-diffusion-3-medium-diffusers,6617413,1.2557181119918823
stabilityai_stable-diffusion-3-medium-diffusers,6729499,1.3973584175109863
stabilityai_stable-diffusion-3-medium-diffusers,6880664,2.507704496383667
stabilityai_stable-diffusion-3-medium-diffusers,6883725,0.7572650909423828
stabilityai_stable-diffusion-3-medium-diffusers,6946774,0.6475080251693726
stabilityai_stable-diffusion-3-medium-diffusers,7025268,0.09822198003530502
stabilityai_stable-diffusion-3-medium-diffusers,7109847,2.3310165405273438
stabilityai_stable-diffusion-3-medium-diffusers,7116261,-0.47099366784095764
stabilityai_stable-diffusion-3-medium-diffusers,7150023,0.7081222534179688
stabilityai_stable-diffusion-3-medium-diffusers,7163803,-0.18148359656333923
stabilityai_stable-diffusion-3-medium-diffusers,7507098,0.9626345038414001
stabilityai_stable-diffusion-3-medium-diffusers,7596684,1.6359635591506958
stabilityai_stable-diffusion-3-medium-diffusers,7597365,1.8665422201156616
stabilityai_stable-diffusion-3-medium-diffusers,7601809,-0.34125810861587524
stabilityai_stable-diffusion-3-medium-diffusers,7605282,1.3649476766586304
stabilityai_stable-diffusion-3-medium-diffusers,7606419,0.20126180350780487
stabilityai_stable-diffusion-3-medium-diffusers,7607707,0.6553330421447754
stabilityai_stable-diffusion-3-medium-diffusers,7608721,0.24211925268173218
stabilityai_stable-diffusion-3-medium-diffusers,7625977,0.2891154885292053
stabilityai_stable-diffusion-3-medium-diffusers,7626721,-0.05379746854305267
stabilityai_stable-diffusion-3-medium-diffusers,7626833,-0.7615727186203003
stabilityai_stable-diffusion-3-medium-diffusers,7627310,-0.028389615938067436
stabilityai_stable-diffusion-3-medium-diffusers,7651454,-0.8597210645675659
stabilityai_stable-diffusion-3-medium-diffusers,7654438,-0.5769298672676086
stabilityai_stable-diffusion-3-medium-diffusers,7664468,-1.6461663246154785
stabilityai_stable-diffusion-3-medium-diffusers,7698915,-0.4325025677680969
stabilityai_stable-diffusion-3-medium-diffusers,7700167,0.8074114918708801
stabilityai_stable-diffusion-3-medium-diffusers,7700868,-0.41229480504989624
stabilityai_stable-diffusion-3-medium-diffusers,7701244,-0.7882996797561646
stabilityai_stable-diffusion-3-medium-diffusers,7702193,0.47029513120651245
stabilityai_stable-diffusion-3-medium-diffusers,7710616,-0.932680606842041
stabilityai_stable-diffusion-3-medium-diffusers,7834065,-0.5209647417068481
stabilityai_stable-diffusion-3-medium-diffusers,7854266,-0.5072630047798157
stabilityai_stable-diffusion-3-medium-diffusers,7854455,-0.03552008420228958
stabilityai_stable-diffusion-3-medium-diffusers,7871940,-1.076453685760498
stabilityai_stable-diffusion-3-medium-diffusers,7891189,-0.00965377502143383
stabilityai_stable-diffusion-3-medium-diffusers,7897116,-1.3414762020111084
stabilityai_stable-diffusion-3-medium-diffusers,7914271,-1.2504737377166748
stabilityai_stable-diffusion-3-medium-diffusers,7922764,-1.3505750894546509
stabilityai_stable-diffusion-3-medium-diffusers,7929519,-0.44897228479385376
stabilityai_stable-diffusion-3-medium-diffusers,7933274,-0.6538347601890564
stabilityai_stable-diffusion-3-medium-diffusers,7933530,-0.8818773031234741
stabilityai_stable-diffusion-3-medium-diffusers,8089797,1.9468531608581543
stabilityai_stable-diffusion-3-medium-diffusers,8095160,-0.3605954945087433
stabilityai_stable-diffusion-3-medium-diffusers,8124208,-1.1901848316192627
stabilityai_stable-diffusion-3-medium-diffusers,8339939,0.3296138346195221
stabilityai_stable-diffusion-3-medium-diffusers,8876291,-0.04847490042448044
stabilityai_stable-diffusion-3-medium-diffusers,9020389,0.008017921820282936
stabilityai_stable-diffusion-3-medium-diffusers,9044146,0.8418673276901245
stabilityai_stable-diffusion-3-medium-diffusers,9057052,-0.03396930545568466
stabilityai_stable-diffusion-3-medium-diffusers,9427682,-0.5540733337402344
stabilityai_stable-diffusion-3-medium-diffusers,9580065,-0.9321669340133667
stabilityai_stable-diffusion-3-medium-diffusers,9719434,0.14322878420352936
stabilityai_stable-diffusion-3-medium-diffusers,9793248,-0.6294595003128052
stabilityai_stable-diffusion-3-medium-diffusers,9794211,0.46752333641052246
stabilityai_stable-diffusion-3-medium-diffusers,9862621,0.9326385259628296
stabilityai_stable-diffusion-3-medium-diffusers,9875188,0.5956509113311768
stabilityai_stable-diffusion-3-medium-diffusers,9984659,1.7025213241577148
stabilityai_stable-diffusion-3-medium-diffusers,10012874,0.15269023180007935
stabilityai_stable-diffusion-3-medium-diffusers,10024569,1.0764353275299072
stabilityai_stable-diffusion-3-medium-diffusers,10080493,-1.117289662361145
stabilityai_stable-diffusion-3-medium-diffusers,10106452,1.2534469366073608
stabilityai_stable-diffusion-3-medium-diffusers,10198409,1.8214855194091797
stabilityai_stable-diffusion-3-medium-diffusers,10333317,-0.0740804448723793
stabilityai_stable-diffusion-3-medium-diffusers,10408552,0.8751181960105896
stabilityai_stable-diffusion-3-medium-diffusers,10444677,0.43838024139404297
stabilityai_stable-diffusion-3-medium-diffusers,10453357,1.1201941967010498
stabilityai_stable-diffusion-3-medium-diffusers,10548623,0.204313725233078
stabilityai_stable-diffusion-3-medium-diffusers,10572128,-0.6881124973297119
stabilityai_stable-diffusion-3-medium-diffusers,10794014,-0.36027711629867554
stabilityai_stable-diffusion-3-medium-diffusers,10939743,0.4889594614505768
stabilityai_stable-diffusion-3-medium-diffusers,11039909,0.7094131112098694
stabilityai_stable-diffusion-3-medium-diffusers,11334088,0.3142828345298767
stabilityai_stable-diffusion-3-medium-diffusers,11417672,1.4746851921081543
stabilityai_stable-diffusion-3-medium-diffusers,11437577,2.433494806289673
stabilityai_stable-diffusion-3-medium-diffusers,11460338,2.508220911026001
stabilityai_stable-diffusion-3-medium-diffusers,12345739,2.8683056831359863
stabilityai_stable-diffusion-3-medium-diffusers,12402348,0.6158841848373413
stabilityai_stable-diffusion-3-medium-diffusers,13221529,0.5262015461921692
stabilityai_stable-diffusion-3-medium-diffusers,13290566,-0.182674378156662
stabilityai_stable-diffusion-3-medium-diffusers,13389475,-1.0784668922424316
stabilityai_stable-diffusion-3-medium-diffusers,13390139,-1.8266998529434204
stabilityai_stable-diffusion-3-medium-diffusers,13390405,-1.5852293968200684
stabilityai_stable-diffusion-3-medium-diffusers,13392786,-1.2958906888961792
stabilityai_stable-diffusion-3-medium-diffusers,13649361,1.3033688068389893
stabilityai_stable-diffusion-3-medium-diffusers,13716878,0.5369824171066284
stabilityai_stable-diffusion-3-medium-diffusers,13884740,1.0848464965820312
stabilityai_stable-diffusion-3-medium-diffusers,13915305,1.6920294761657715
stabilityai_stable-diffusion-3-medium-diffusers,13931145,-0.3873113989830017
stabilityai_stable-diffusion-3-medium-diffusers,13984082,0.1461593508720398
stabilityai_stable-diffusion-3-medium-diffusers,14140678,0.5590490102767944
stabilityai_stable-diffusion-3-medium-diffusers,14195315,3.1102516651153564
stabilityai_stable-diffusion-3-medium-diffusers,14294568,-0.21074974536895752
stabilityai_stable-diffusion-3-medium-diffusers,14320813,0.12243667989969254
stabilityai_stable-diffusion-3-medium-diffusers,14360436,0.5961008667945862
stabilityai_stable-diffusion-3-medium-diffusers,14488317,-0.3139706254005432
stabilityai_stable-diffusion-3-medium-diffusers,14533937,-1.269728183746338
stabilityai_stable-diffusion-3-medium-diffusers,14550987,1.0005342960357666
stabilityai_stable-diffusion-3-medium-diffusers,14579933,1.0493310689926147
stabilityai_stable-diffusion-3-medium-diffusers,14606290,1.0131824016571045
stabilityai_stable-diffusion-3-medium-diffusers,14620257,0.9021774530410767
stabilityai_stable-diffusion-3-medium-diffusers,14632648,1.5471936464309692
stabilityai_stable-diffusion-3-medium-diffusers,14647235,1.0835726261138916
stabilityai_stable-diffusion-3-medium-diffusers,14654954,0.5648017525672913
stabilityai_stable-diffusion-3-medium-diffusers,14686352,1.2602618932724
stabilityai_stable-diffusion-3-medium-diffusers,14702875,0.8850167989730835
stabilityai_stable-diffusion-3-medium-diffusers,14703190,1.7417718172073364
stabilityai_stable-diffusion-3-medium-diffusers,14807929,0.9049811959266663
stabilityai_stable-diffusion-3-medium-diffusers,14809057,1.092875361442566
stabilityai_stable-diffusion-3-medium-diffusers,14867690,0.717722475528717
stabilityai_stable-diffusion-3-medium-diffusers,14872875,1.7313507795333862
stabilityai_stable-diffusion-3-medium-diffusers,14880557,-1.025449275970459
stabilityai_stable-diffusion-3-medium-diffusers,14894140,2.9399802684783936
stabilityai_stable-diffusion-3-medium-diffusers,15180934,0.552871823310852
stabilityai_stable-diffusion-3-medium-diffusers,15970145,0.23731395602226257
stabilityai_stable-diffusion-3-medium-diffusers,17002912,1.6355584859848022
stabilityai_stable-diffusion-3-medium-diffusers,17012379,1.8009705543518066
stabilityai_stable-diffusion-3-medium-diffusers,17282800,-0.7670563459396362
stabilityai_stable-diffusion-3-medium-diffusers,17925539,-0.19518572092056274
stabilityai_stable-diffusion-3-medium-diffusers,18367104,-0.568835973739624
stabilityai_stable-diffusion-3-medium-diffusers,18758723,1.6020170450210571
stabilityai_stable-diffusion-3-medium-diffusers,19143128,-0.297724187374115
stabilityai_stable-diffusion-3-medium-diffusers,19671124,-0.7016671895980835
stabilityai_stable-diffusion-3-medium-diffusers,19855707,-0.32984495162963867
stabilityai_stable-diffusion-3-medium-diffusers,19893872,0.5382161140441895
stabilityai_stable-diffusion-3-medium-diffusers,20017667,-0.8395503163337708
stabilityai_stable-diffusion-3-medium-diffusers,20128079,0.7015581130981445
stabilityai_stable-diffusion-3-medium-diffusers,20471134,0.5423492193222046
stabilityai_stable-diffusion-3-medium-diffusers,20495093,-1.8982797861099243
stabilityai_stable-diffusion-3-medium-diffusers,20782430,1.4709752798080444
stabilityai_stable-diffusion-3-medium-diffusers,21377549,1.7759917974472046
stabilityai_stable-diffusion-3-medium-diffusers,21564446,1.7837117910385132
stabilityai_stable-diffusion-3-medium-diffusers,21620388,-0.17098283767700195
stabilityai_stable-diffusion-3-medium-diffusers,22149540,0.2544983923435211
stabilityai_stable-diffusion-3-medium-diffusers,22738759,1.0745735168457031
stabilityai_stable-diffusion-3-medium-diffusers,22767176,-0.00794992409646511
stabilityai_stable-diffusion-3-medium-diffusers,23129661,1.8749741315841675
stabilityai_stable-diffusion-3-medium-diffusers,23185551,1.088122844696045
stabilityai_stable-diffusion-3-medium-diffusers,23232427,1.449726939201355
stabilityai_stable-diffusion-3-medium-diffusers,23257851,1.8008464574813843
stabilityai_stable-diffusion-3-medium-diffusers,23620789,-0.7595064640045166
stabilityai_stable-diffusion-3-medium-diffusers,24808131,1.7309154272079468
stabilityai_stable-diffusion-3-medium-diffusers,24843217,0.1852358877658844
stabilityai_stable-diffusion-3-medium-diffusers,24933378,0.4099748730659485
stabilityai_stable-diffusion-3-medium-diffusers,24942232,0.05298031121492386
stabilityai_stable-diffusion-3-medium-diffusers,25290589,1.1909328699111938
stabilityai_stable-diffusion-3-medium-diffusers,25579216,0.15025746822357178
stabilityai_stable-diffusion-3-medium-diffusers,25685207,-0.06355489045381546
stabilityai_stable-diffusion-3-medium-diffusers,25776594,1.3211066722869873
stabilityai_stable-diffusion-3-medium-diffusers,26078214,0.6140127182006836
stabilityai_stable-diffusion-3-medium-diffusers,26746434,0.8582231402397156
stabilityai_stable-diffusion-3-medium-diffusers,26998039,1.691573977470398
stabilityai_stable-diffusion-3-medium-diffusers,27106238,-1.0273587703704834
stabilityai_stable-diffusion-3-medium-diffusers,27246777,-1.5437076091766357
stabilityai_stable-diffusion-3-medium-diffusers,27768637,-0.1822681576013565
stabilityai_stable-diffusion-3-medium-diffusers,27871992,1.2383085489273071
stabilityai_stable-diffusion-3-medium-diffusers,28190972,-0.1482837200164795
stabilityai_stable-diffusion-3-medium-diffusers,29094321,2.299633502960205
stabilityai_stable-diffusion-3-medium-diffusers,29148617,1.9605096578598022
stabilityai_stable-diffusion-3-medium-diffusers,29161294,1.0688207149505615
stabilityai_stable-diffusion-3-medium-diffusers,29632917,0.8848422765731812
stabilityai_stable-diffusion-3-medium-diffusers,29703209,1.4666860103607178
stabilityai_stable-diffusion-3-medium-diffusers,29779486,-0.5546531677246094
stabilityai_stable-diffusion-3-medium-diffusers,30028757,1.6962536573410034
stabilityai_stable-diffusion-3-medium-diffusers,30225071,0.19074858725070953
stabilityai_stable-diffusion-3-medium-diffusers,30373565,0.3122478127479553
stabilityai_stable-diffusion-3-medium-diffusers,30484086,0.45084086060523987
stabilityai_stable-diffusion-3-medium-diffusers,30883080,1.3539319038391113
stabilityai_stable-diffusion-3-medium-diffusers,31114750,-0.39121153950691223
stabilityai_stable-diffusion-3-medium-diffusers,31196176,1.4198124408721924
stabilityai_stable-diffusion-3-medium-diffusers,31391857,0.1735481470823288
stabilityai_stable-diffusion-3-medium-diffusers,31595142,1.9526264667510986
stabilityai_stable-diffusion-3-medium-diffusers,32152786,-1.2017475366592407
stabilityai_stable-diffusion-3-medium-diffusers,32327818,1.2487058639526367
stabilityai_stable-diffusion-3-medium-diffusers,32379732,-0.29121753573417664
stabilityai_stable-diffusion-3-medium-diffusers,32473966,1.1160264015197754
stabilityai_stable-diffusion-3-medium-diffusers,32902730,0.265804648399353
stabilityai_stable-diffusion-3-medium-diffusers,32932491,1.4339935779571533
stabilityai_stable-diffusion-3-medium-diffusers,33006578,1.540736198425293
stabilityai_stable-diffusion-3-medium-diffusers,33478721,0.23844820261001587
stabilityai_stable-diffusion-3-medium-diffusers,34475997,0.6467428207397461
stabilityai_stable-diffusion-3-medium-diffusers,34578737,-1.5156158208847046
stabilityai_stable-diffusion-3-medium-diffusers,34773230,0.06441953033208847
stabilityai_stable-diffusion-3-medium-diffusers,36507085,1.2721511125564575
stabilityai_stable-diffusion-3-medium-diffusers,36678439,1.9455152750015259
stabilityai_stable-diffusion-3-medium-diffusers,37287360,-1.083993673324585
stabilityai_stable-diffusion-3-medium-diffusers,37319253,1.2970948219299316
stabilityai_stable-diffusion-3-medium-diffusers,37547870,-1.8453433513641357
stabilityai_stable-diffusion-3-medium-diffusers,37736408,0.9621383547782898
stabilityai_stable-diffusion-3-medium-diffusers,38014258,0.41360774636268616
stabilityai_stable-diffusion-3-medium-diffusers,38297191,-0.7547516822814941
stabilityai_stable-diffusion-3-medium-diffusers,38402744,0.8721924424171448
stabilityai_stable-diffusion-3-medium-diffusers,38954086,1.0257658958435059
stabilityai_stable-diffusion-3-medium-diffusers,39139190,-0.5124626159667969
stabilityai_stable-diffusion-3-medium-diffusers,39560404,0.4170319437980652
stabilityai_stable-diffusion-3-medium-diffusers,39566065,-0.8690063953399658
stabilityai_stable-diffusion-3-medium-diffusers,39595218,0.5257896184921265
stabilityai_stable-diffusion-3-medium-diffusers,40825299,2.2877817153930664
stabilityai_stable-diffusion-3-medium-diffusers,40945115,1.1309094429016113
stabilityai_stable-diffusion-3-medium-diffusers,40995095,0.7949197292327881
stabilityai_stable-diffusion-3-medium-diffusers,41015844,0.3026469647884369
stabilityai_stable-diffusion-3-medium-diffusers,41031648,-0.33730611205101013
stabilityai_stable-diffusion-3-medium-diffusers,41161074,3.541208505630493
stabilityai_stable-diffusion-3-medium-diffusers,41458919,1.4008116722106934
stabilityai_stable-diffusion-3-medium-diffusers,41565779,0.502445638179779
stabilityai_stable-diffusion-3-medium-diffusers,41766391,-0.7966822385787964
stabilityai_stable-diffusion-3-medium-diffusers,41982710,2.6472373008728027
stabilityai_stable-diffusion-3-medium-diffusers,42048260,-1.8046154975891113
stabilityai_stable-diffusion-3-medium-diffusers,42849420,-2.644913673400879
stabilityai_stable-diffusion-3-medium-diffusers,42931583,-0.22997283935546875
stabilityai_stable-diffusion-3-medium-diffusers,43060946,0.16377794742584229
stabilityai_stable-diffusion-3-medium-diffusers,43153800,1.4127256870269775
stabilityai_stable-diffusion-3-medium-diffusers,43161384,1.266473412513733
stabilityai_stable-diffusion-3-medium-diffusers,43301379,0.3738599717617035
stabilityai_stable-diffusion-3-medium-diffusers,43304323,1.417210340499878
stabilityai_stable-diffusion-3-medium-diffusers,43367797,1.9798922538757324
stabilityai_stable-diffusion-3-medium-diffusers,43431032,-1.714289665222168
stabilityai_stable-diffusion-3-medium-diffusers,43631801,1.5407506227493286
stabilityai_stable-diffusion-3-medium-diffusers,43735560,1.4780118465423584
stabilityai_stable-diffusion-3-medium-diffusers,43858443,-0.5982629656791687
stabilityai_stable-diffusion-3-medium-diffusers,43918624,3.0877292156219482
stabilityai_stable-diffusion-3-medium-diffusers,44280552,1.337045431137085
stabilityai_stable-diffusion-3-medium-diffusers,44295589,1.9407387971878052
stabilityai_stable-diffusion-3-medium-diffusers,44621915,0.37702029943466187
stabilityai_stable-diffusion-3-medium-diffusers,44645737,0.41927313804626465
stabilityai_stable-diffusion-3-medium-diffusers,44838123,1.7436511516571045
stabilityai_stable-diffusion-3-medium-diffusers,45258070,1.0784987211227417
stabilityai_stable-diffusion-3-medium-diffusers,45297641,0.5684860944747925
stabilityai_stable-diffusion-3-medium-diffusers,45418454,-0.002488939091563225
stabilityai_stable-diffusion-3-medium-diffusers,45564900,0.1873740255832672
stabilityai_stable-diffusion-3-medium-diffusers,46150029,0.3179377317428589
stabilityai_stable-diffusion-3-medium-diffusers,46394736,-0.3452661335468292
stabilityai_stable-diffusion-3-medium-diffusers,46673664,0.12669318914413452
stabilityai_stable-diffusion-3-medium-diffusers,46994920,1.6869289875030518
stabilityai_stable-diffusion-3-medium-diffusers,47009060,-0.23729726672172546
stabilityai_stable-diffusion-3-medium-diffusers,47552953,0.4397900700569153
stabilityai_stable-diffusion-3-medium-diffusers,47595220,2.240809679031372
stabilityai_stable-diffusion-3-medium-diffusers,47819321,0.9311976432800293
stabilityai_stable-diffusion-3-medium-diffusers,48223384,1.0835120677947998
stabilityai_stable-diffusion-3-medium-diffusers,48351897,0.840537428855896
stabilityai_stable-diffusion-3-medium-diffusers,48754831,0.3210592269897461
stabilityai_stable-diffusion-3-medium-diffusers,49054805,0.6819201707839966
stabilityai_stable-diffusion-3-medium-diffusers,49089576,-1.114915370941162
stabilityai_stable-diffusion-3-medium-diffusers,49300740,0.015880757942795753
stabilityai_stable-diffusion-3-medium-diffusers,49358811,0.8723951578140259
stabilityai_stable-diffusion-3-medium-diffusers,49462954,-0.8423883318901062
stabilityai_stable-diffusion-3-medium-diffusers,50262859,-1.9327021837234497
stabilityai_stable-diffusion-3-medium-diffusers,50871471,0.07034409791231155
stabilityai_stable-diffusion-3-medium-diffusers,50952217,1.0209589004516602
stabilityai_stable-diffusion-3-medium-diffusers,51060824,0.022807056084275246
stabilityai_stable-diffusion-3-medium-diffusers,51314050,1.3081622123718262
stabilityai_stable-diffusion-3-medium-diffusers,51946990,-0.8055715560913086
stabilityai_stable-diffusion-3-medium-diffusers,52325745,0.23752158880233765
stabilityai_stable-diffusion-3-medium-diffusers,52474100,1.011580228805542
stabilityai_stable-diffusion-3-medium-diffusers,52516409,2.562133312225342
stabilityai_stable-diffusion-3-medium-diffusers,52711595,0.004393318668007851
stabilityai_stable-diffusion-3-medium-diffusers,53022028,-0.927410364151001
stabilityai_stable-diffusion-3-medium-diffusers,53205877,0.6027006506919861
stabilityai_stable-diffusion-3-medium-diffusers,53288018,-0.20053905248641968
stabilityai_stable-diffusion-3-medium-diffusers,53443611,0.05791039019823074
stabilityai_stable-diffusion-3-medium-diffusers,53815934,1.519423484802246
stabilityai_stable-diffusion-3-medium-diffusers,54495173,1.1957846879959106
stabilityai_stable-diffusion-3-medium-diffusers,54931507,0.13454091548919678
stabilityai_stable-diffusion-3-medium-diffusers,55191509,2.7347474098205566
stabilityai_stable-diffusion-3-medium-diffusers,55255145,-1.6938906908035278
stabilityai_stable-diffusion-3-medium-diffusers,55457672,0.05250367522239685
stabilityai_stable-diffusion-3-medium-diffusers,55588327,0.49346405267715454
stabilityai_stable-diffusion-3-medium-diffusers,55653646,1.791841983795166
stabilityai_stable-diffusion-3-medium-diffusers,55658809,0.8575530648231506
stabilityai_stable-diffusion-3-medium-diffusers,55812974,2.123884677886963
stabilityai_stable-diffusion-3-medium-diffusers,55819553,0.6689014434814453
stabilityai_stable-diffusion-3-medium-diffusers,55826966,2.2827064990997314
stabilityai_stable-diffusion-3-medium-diffusers,55983905,2.5030436515808105
stabilityai_stable-diffusion-3-medium-diffusers,56074056,0.4781106114387512
stabilityai_stable-diffusion-3-medium-diffusers,56112588,1.637319803237915
stabilityai_stable-diffusion-3-medium-diffusers,56121520,0.8680121898651123
stabilityai_stable-diffusion-3-medium-diffusers,56250900,1.7933852672576904
stabilityai_stable-diffusion-3-medium-diffusers,56458800,0.7587283253669739
stabilityai_stable-diffusion-3-medium-diffusers,56792430,1.8775886297225952
stabilityai_stable-diffusion-3-medium-diffusers,56982260,0.7390131950378418
stabilityai_stable-diffusion-3-medium-diffusers,57673976,0.8890218734741211
stabilityai_stable-diffusion-3-medium-diffusers,57716963,-0.8054056763648987
stabilityai_stable-diffusion-3-medium-diffusers,57729980,1.2773092985153198
stabilityai_stable-diffusion-3-medium-diffusers,57785005,-0.4353201687335968
stabilityai_stable-diffusion-3-medium-diffusers,57873614,1.1491882801055908
stabilityai_stable-diffusion-3-medium-diffusers,58727024,1.3000935316085815
stabilityai_stable-diffusion-3-medium-diffusers,58761464,-0.06019333750009537
stabilityai_stable-diffusion-3-medium-diffusers,59399259,1.3849523067474365
stabilityai_stable-diffusion-3-medium-diffusers,59976859,-0.6848723888397217
stabilityai_stable-diffusion-3-medium-diffusers,60083345,0.11450789123773575
stabilityai_stable-diffusion-3-medium-diffusers,60214770,1.798241376876831
stabilityai_stable-diffusion-3-medium-diffusers,60215376,-0.1685885190963745
stabilityai_stable-diffusion-3-medium-diffusers,60375309,2.014068126678467
stabilityai_stable-diffusion-3-medium-diffusers,60606896,1.1799209117889404
stabilityai_stable-diffusion-3-medium-diffusers,60668084,-0.3990543782711029
stabilityai_stable-diffusion-3-medium-diffusers,61035709,-0.515800416469574
stabilityai_stable-diffusion-3-medium-diffusers,61388266,1.0551705360412598
stabilityai_stable-diffusion-3-medium-diffusers,61627313,-1.1848132610321045
stabilityai_stable-diffusion-3-medium-diffusers,61635816,0.042856961488723755
stabilityai_stable-diffusion-3-medium-diffusers,61853324,0.8194320797920227
stabilityai_stable-diffusion-3-medium-diffusers,62408818,1.6760008335113525
stabilityai_stable-diffusion-3-medium-diffusers,62841330,-1.712231993675232
stabilityai_stable-diffusion-3-medium-diffusers,63015570,1.3032656908035278
stabilityai_stable-diffusion-3-medium-diffusers,63336441,0.49676603078842163
stabilityai_stable-diffusion-3-medium-diffusers,63633117,0.6141946911811829
stabilityai_stable-diffusion-3-medium-diffusers,64576544,0.7765401601791382
stabilityai_stable-diffusion-3-medium-diffusers,64687077,1.1781775951385498
stabilityai_stable-diffusion-3-medium-diffusers,64693533,-0.10370158404111862
stabilityai_stable-diffusion-3-medium-diffusers,64856142,-2.265443801879883
stabilityai_stable-diffusion-3-medium-diffusers,65411270,2.2659459114074707
stabilityai_stable-diffusion-3-medium-diffusers,65557844,-0.6495662927627563
stabilityai_stable-diffusion-3-medium-diffusers,65824677,0.7314037084579468
stabilityai_stable-diffusion-3-medium-diffusers,65890875,-2.1136629581451416
stabilityai_stable-diffusion-3-medium-diffusers,65960228,-2.323540687561035
stabilityai_stable-diffusion-3-medium-diffusers,66668538,-0.9804162979125977
stabilityai_stable-diffusion-3-medium-diffusers,67344811,-0.3638266921043396
stabilityai_stable-diffusion-3-medium-diffusers,67949798,-0.580855131149292
stabilityai_stable-diffusion-3-medium-diffusers,68246844,0.0011016223579645157
stabilityai_stable-diffusion-3-medium-diffusers,68280322,2.4908089637756348
stabilityai_stable-diffusion-3-medium-diffusers,68321683,0.6425032615661621
stabilityai_stable-diffusion-3-medium-diffusers,68380669,1.63473641872406
stabilityai_stable-diffusion-3-medium-diffusers,68575085,-0.2425297200679779
stabilityai_stable-diffusion-3-medium-diffusers,70380966,0.9486321210861206
stabilityai_stable-diffusion-3-medium-diffusers,70494671,-0.3169178366661072
stabilityai_stable-diffusion-3-medium-diffusers,71055464,-1.6763052940368652
stabilityai_stable-diffusion-3-medium-diffusers,71591839,1.4648555517196655
stabilityai_stable-diffusion-3-medium-diffusers,71828875,2.5470283031463623
stabilityai_stable-diffusion-3-medium-diffusers,71910823,0.9437025785446167
stabilityai_stable-diffusion-3-medium-diffusers,71959499,-0.2156524658203125
stabilityai_stable-diffusion-3-medium-diffusers,72432241,-0.9743516445159912
stabilityai_stable-diffusion-3-medium-diffusers,72553814,-0.86408931016922
stabilityai_stable-diffusion-3-medium-diffusers,73051579,1.2309530973434448
stabilityai_stable-diffusion-3-medium-diffusers,73600586,1.0532777309417725
stabilityai_stable-diffusion-3-medium-diffusers,73616417,0.8923119306564331
stabilityai_stable-diffusion-3-medium-diffusers,73681289,-0.5039665699005127
stabilityai_stable-diffusion-3-medium-diffusers,73962724,1.5502058267593384
stabilityai_stable-diffusion-3-medium-diffusers,74175857,1.8464974164962769
stabilityai_stable-diffusion-3-medium-diffusers,75051801,0.038357339799404144
stabilityai_stable-diffusion-3-medium-diffusers,75787772,1.1845582723617554
stabilityai_stable-diffusion-3-medium-diffusers,75944980,-0.16336587071418762
stabilityai_stable-diffusion-3-medium-diffusers,75964288,0.2413228452205658
stabilityai_stable-diffusion-3-medium-diffusers,76066166,1.2347906827926636
stabilityai_stable-diffusion-3-medium-diffusers,76100398,1.5276463031768799
stabilityai_stable-diffusion-3-medium-diffusers,76425345,0.1308840811252594
stabilityai_stable-diffusion-3-medium-diffusers,77106105,0.8998956680297852
stabilityai_stable-diffusion-3-medium-diffusers,77132310,0.3942105174064636
stabilityai_stable-diffusion-3-medium-diffusers,77232534,-0.46608203649520874
stabilityai_stable-diffusion-3-medium-diffusers,77312726,-0.2196860909461975
stabilityai_stable-diffusion-3-medium-diffusers,77358840,-0.14400731027126312
stabilityai_stable-diffusion-3-medium-diffusers,77490593,1.9621553421020508
stabilityai_stable-diffusion-3-medium-diffusers,77726888,0.5982924699783325
stabilityai_stable-diffusion-3-medium-diffusers,78735978,2.2053723335266113
stabilityai_stable-diffusion-3-medium-diffusers,79077085,-0.01858009211719036
stabilityai_stable-diffusion-3-medium-diffusers,79212243,-1.5521150827407837
stabilityai_stable-diffusion-3-medium-diffusers,79606917,0.2569144368171692
stabilityai_stable-diffusion-3-medium-diffusers,79918827,-1.2773430347442627
stabilityai_stable-diffusion-3-medium-diffusers,80289373,0.8948626518249512
stabilityai_stable-diffusion-3-medium-diffusers,80371125,1.371143102645874
stabilityai_stable-diffusion-3-medium-diffusers,80540387,1.4826990365982056
stabilityai_stable-diffusion-3-medium-diffusers,81135077,1.0317097902297974
stabilityai_stable-diffusion-3-medium-diffusers,81303945,-0.805238664150238
stabilityai_stable-diffusion-3-medium-diffusers,81435593,0.6972914338111877
stabilityai_stable-diffusion-3-medium-diffusers,82282590,-0.22131285071372986
stabilityai_stable-diffusion-3-medium-diffusers,82696415,-0.10726895928382874
stabilityai_stable-diffusion-3-medium-diffusers,82916016,0.5503487586975098
stabilityai_stable-diffusion-3-medium-diffusers,83084473,-0.1713409125804901
stabilityai_stable-diffusion-3-medium-diffusers,83418847,0.4523022770881653
stabilityai_stable-diffusion-3-medium-diffusers,84089324,0.8853135108947754
stabilityai_stable-diffusion-3-medium-diffusers,84306831,0.26224997639656067
stabilityai_stable-diffusion-3-medium-diffusers,84510135,0.494376003742218
stabilityai_stable-diffusion-3-medium-diffusers,84788890,-0.4729567766189575
stabilityai_stable-diffusion-3-medium-diffusers,84985982,0.7610626816749573
stabilityai_stable-diffusion-3-medium-diffusers,85191733,-0.9262189865112305
stabilityai_stable-diffusion-3-medium-diffusers,86119145,0.06489022821187973
stabilityai_stable-diffusion-3-medium-diffusers,86340862,1.744094967842102
stabilityai_stable-diffusion-3-medium-diffusers,86341828,-0.42692604660987854
stabilityai_stable-diffusion-3-medium-diffusers,86537356,2.1245105266571045
stabilityai_stable-diffusion-3-medium-diffusers,86701636,-2.190066337585449
stabilityai_stable-diffusion-3-medium-diffusers,86714939,1.117075800895691
stabilityai_stable-diffusion-3-medium-diffusers,87574583,0.6586538553237915
stabilityai_stable-diffusion-3-medium-diffusers,87699711,0.17922313511371613
stabilityai_stable-diffusion-3-medium-diffusers,88016571,0.9912792444229126
stabilityai_stable-diffusion-3-medium-diffusers,88087492,-0.6561319231987
stabilityai_stable-diffusion-3-medium-diffusers,89227603,-1.2376072406768799
stabilityai_stable-diffusion-3-medium-diffusers,89539854,1.9182368516921997
stabilityai_stable-diffusion-3-medium-diffusers,89926787,0.788551926612854
stabilityai_stable-diffusion-3-medium-diffusers,90244932,-0.704598605632782
stabilityai_stable-diffusion-3-medium-diffusers,90493027,0.6841812133789062
stabilityai_stable-diffusion-3-medium-diffusers,90613035,0.9354392290115356
stabilityai_stable-diffusion-3-medium-diffusers,91368797,0.9114007353782654
stabilityai_stable-diffusion-3-medium-diffusers,91784299,1.0449204444885254
stabilityai_stable-diffusion-3-medium-diffusers,91790573,-0.14458462595939636
stabilityai_stable-diffusion-3-medium-diffusers,91834546,-0.771102786064148
stabilityai_stable-diffusion-3-medium-diffusers,92068094,-0.2776717245578766
stabilityai_stable-diffusion-3-medium-diffusers,92311656,1.654604434967041
stabilityai_stable-diffusion-3-medium-diffusers,92709444,1.9510165452957153
stabilityai_stable-diffusion-3-medium-diffusers,93114575,-0.20077793300151825
stabilityai_stable-diffusion-3-medium-diffusers,93256557,1.5092785358428955
stabilityai_stable-diffusion-3-medium-diffusers,93407716,0.8568962812423706
stabilityai_stable-diffusion-3-medium-diffusers,93436296,-0.4228450059890747
stabilityai_stable-diffusion-3-medium-diffusers,93512057,-0.6293277740478516
stabilityai_stable-diffusion-3-medium-diffusers,94006560,1.6023037433624268
stabilityai_stable-diffusion-3-medium-diffusers,94321535,1.1063294410705566
stabilityai_stable-diffusion-3-medium-diffusers,94532154,1.8524547815322876
stabilityai_stable-diffusion-3-medium-diffusers,95171107,1.0404894351959229
stabilityai_stable-diffusion-3-medium-diffusers,95228839,1.4146373271942139
stabilityai_stable-diffusion-3-medium-diffusers,95325441,0.2176397740840912
stabilityai_stable-diffusion-3-medium-diffusers,95450946,-0.27354371547698975
stabilityai_stable-diffusion-3-medium-diffusers,95583911,-1.4767789840698242
stabilityai_stable-diffusion-3-medium-diffusers,95718306,0.9771294593811035
stabilityai_stable-diffusion-3-medium-diffusers,95737828,0.9732463955879211
stabilityai_stable-diffusion-3-medium-diffusers,96448597,1.0792968273162842
stabilityai_stable-diffusion-3-medium-diffusers,96482065,0.6208465695381165
stabilityai_stable-diffusion-3-medium-diffusers,96521920,0.07870399206876755
stabilityai_stable-diffusion-3-medium-diffusers,96850153,0.5813280344009399
stabilityai_stable-diffusion-3-medium-diffusers,98113191,1.0783836841583252
stabilityai_stable-diffusion-3-medium-diffusers,98195317,-0.8822945356369019
stabilityai_stable-diffusion-3-medium-diffusers,98254655,-0.4511532783508301
stabilityai_stable-diffusion-3-medium-diffusers,98319500,2.286879539489746
stabilityai_stable-diffusion-3-medium-diffusers,98642787,0.9208519458770752
stabilityai_stable-diffusion-3-medium-diffusers,98646702,-1.5051226615905762
stabilityai_stable-diffusion-3-medium-diffusers,98929226,-0.5675232410430908
stabilityai_stable-diffusion-3-medium-diffusers,99178779,0.36214861273765564
stabilityai_stable-diffusion-3-medium-diffusers,99185892,0.5884780287742615
stabilityai_stable-diffusion-3-medium-diffusers,99211012,-1.1112761497497559
stabilityai_stable-diffusion-3-medium-diffusers,99410560,0.21090427041053772
stabilityai_stable-diffusion-3-medium-diffusers,99862294,0.09354165941476822
stabilityai_stable-diffusion-xl-base-1.0,138508,1.6595194339752197
stabilityai_stable-diffusion-xl-base-1.0,192051,0.6937233805656433
stabilityai_stable-diffusion-xl-base-1.0,213186,0.23429684340953827
stabilityai_stable-diffusion-xl-base-1.0,232386,1.7157254219055176
stabilityai_stable-diffusion-xl-base-1.0,232765,1.1993308067321777
stabilityai_stable-diffusion-xl-base-1.0,258857,1.0644042491912842
stabilityai_stable-diffusion-xl-base-1.0,283090,0.8847512602806091
stabilityai_stable-diffusion-xl-base-1.0,285141,-0.4109313189983368
stabilityai_stable-diffusion-xl-base-1.0,399030,1.2075778245925903
stabilityai_stable-diffusion-xl-base-1.0,440189,-0.18622136116027832
stabilityai_stable-diffusion-xl-base-1.0,445169,1.6619572639465332
stabilityai_stable-diffusion-xl-base-1.0,486490,1.2268134355545044
stabilityai_stable-diffusion-xl-base-1.0,487072,-0.41389721632003784
stabilityai_stable-diffusion-xl-base-1.0,487326,-0.7935243844985962
stabilityai_stable-diffusion-xl-base-1.0,489837,-0.8617181181907654
stabilityai_stable-diffusion-xl-base-1.0,646833,-1.1906794309616089
stabilityai_stable-diffusion-xl-base-1.0,708860,-2.18172287940979
stabilityai_stable-diffusion-xl-base-1.0,717208,-1.8370860815048218
stabilityai_stable-diffusion-xl-base-1.0,717468,-0.7407578825950623
stabilityai_stable-diffusion-xl-base-1.0,735254,-0.5493031144142151
stabilityai_stable-diffusion-xl-base-1.0,762478,0.7081269025802612
stabilityai_stable-diffusion-xl-base-1.0,825443,0.17316441237926483
stabilityai_stable-diffusion-xl-base-1.0,831919,-0.5722827911376953
stabilityai_stable-diffusion-xl-base-1.0,896677,0.8519552946090698
stabilityai_stable-diffusion-xl-base-1.0,936620,-0.3077337145805359
stabilityai_stable-diffusion-xl-base-1.0,974367,-0.36003249883651733
stabilityai_stable-diffusion-xl-base-1.0,993014,0.1417158842086792
stabilityai_stable-diffusion-xl-base-1.0,995855,0.586187481880188
stabilityai_stable-diffusion-xl-base-1.0,1113367,0.9856753945350647
stabilityai_stable-diffusion-xl-base-1.0,1171644,-0.21992823481559753
stabilityai_stable-diffusion-xl-base-1.0,1209135,2.1899023056030273
stabilityai_stable-diffusion-xl-base-1.0,1317294,1.1973119974136353
stabilityai_stable-diffusion-xl-base-1.0,1317533,-0.8958373069763184
stabilityai_stable-diffusion-xl-base-1.0,1321854,0.8029114007949829
stabilityai_stable-diffusion-xl-base-1.0,1377758,1.099193811416626
stabilityai_stable-diffusion-xl-base-1.0,1474832,0.6793032884597778
stabilityai_stable-diffusion-xl-base-1.0,1516071,0.015463190153241158
stabilityai_stable-diffusion-xl-base-1.0,1566705,1.2894636392593384
stabilityai_stable-diffusion-xl-base-1.0,1640855,0.48587721586227417
stabilityai_stable-diffusion-xl-base-1.0,1668603,0.28501570224761963
stabilityai_stable-diffusion-xl-base-1.0,1678990,0.49492472410202026
stabilityai_stable-diffusion-xl-base-1.0,1699831,0.269842267036438
stabilityai_stable-diffusion-xl-base-1.0,1707698,-0.8977549076080322
stabilityai_stable-diffusion-xl-base-1.0,1727942,0.3342817425727844
stabilityai_stable-diffusion-xl-base-1.0,2045760,-0.6545200347900391
stabilityai_stable-diffusion-xl-base-1.0,2075049,1.3894925117492676
stabilityai_stable-diffusion-xl-base-1.0,2075764,1.6867239475250244
stabilityai_stable-diffusion-xl-base-1.0,2241569,0.9655773043632507
stabilityai_stable-diffusion-xl-base-1.0,2720725,2.5220303535461426
stabilityai_stable-diffusion-xl-base-1.0,2721160,1.337080478668213
stabilityai_stable-diffusion-xl-base-1.0,2730265,-0.43060457706451416
stabilityai_stable-diffusion-xl-base-1.0,2744395,1.015878438949585
stabilityai_stable-diffusion-xl-base-1.0,2770078,0.5417543053627014
stabilityai_stable-diffusion-xl-base-1.0,2793684,-0.2949383854866028
stabilityai_stable-diffusion-xl-base-1.0,2803666,0.5308960676193237
stabilityai_stable-diffusion-xl-base-1.0,2807731,-1.5577386617660522
stabilityai_stable-diffusion-xl-base-1.0,2821943,-1.1532983779907227
stabilityai_stable-diffusion-xl-base-1.0,2824319,-0.7487430572509766
stabilityai_stable-diffusion-xl-base-1.0,2825442,-0.7901923656463623
stabilityai_stable-diffusion-xl-base-1.0,2852043,-0.3300960063934326
stabilityai_stable-diffusion-xl-base-1.0,2870293,-0.4283762276172638
stabilityai_stable-diffusion-xl-base-1.0,2870880,0.3422715663909912
stabilityai_stable-diffusion-xl-base-1.0,2923535,0.6411994695663452
stabilityai_stable-diffusion-xl-base-1.0,2933112,-0.8649483919143677
stabilityai_stable-diffusion-xl-base-1.0,2963987,0.9596713185310364
stabilityai_stable-diffusion-xl-base-1.0,2991302,0.18582572042942047
stabilityai_stable-diffusion-xl-base-1.0,3024209,-1.4388701915740967
stabilityai_stable-diffusion-xl-base-1.0,3035832,-0.29557162523269653
stabilityai_stable-diffusion-xl-base-1.0,3049457,-1.9063515663146973
stabilityai_stable-diffusion-xl-base-1.0,3107488,0.5119588971138
stabilityai_stable-diffusion-xl-base-1.0,3131388,0.38000765442848206
stabilityai_stable-diffusion-xl-base-1.0,3131669,-0.15036916732788086
stabilityai_stable-diffusion-xl-base-1.0,3152830,0.1242012307047844
stabilityai_stable-diffusion-xl-base-1.0,3249569,1.545021653175354
stabilityai_stable-diffusion-xl-base-1.0,3262349,-0.3911135792732239
stabilityai_stable-diffusion-xl-base-1.0,3288500,-0.5244850516319275
stabilityai_stable-diffusion-xl-base-1.0,3298716,-0.632000207901001
stabilityai_stable-diffusion-xl-base-1.0,3308246,-1.7670645713806152
stabilityai_stable-diffusion-xl-base-1.0,3309110,0.5148536562919617
stabilityai_stable-diffusion-xl-base-1.0,3347220,-1.80391526222229
stabilityai_stable-diffusion-xl-base-1.0,3353281,-0.22764597833156586
stabilityai_stable-diffusion-xl-base-1.0,3366112,-0.10038184374570847
stabilityai_stable-diffusion-xl-base-1.0,3411927,-1.198488712310791
stabilityai_stable-diffusion-xl-base-1.0,3456665,-0.13508519530296326
stabilityai_stable-diffusion-xl-base-1.0,3563208,0.3756753206253052
stabilityai_stable-diffusion-xl-base-1.0,3580281,-0.4371929168701172
stabilityai_stable-diffusion-xl-base-1.0,3603442,0.5284048914909363
stabilityai_stable-diffusion-xl-base-1.0,3607029,-0.036912329494953156
stabilityai_stable-diffusion-xl-base-1.0,3628071,0.413445383310318
stabilityai_stable-diffusion-xl-base-1.0,3630383,-1.9797651767730713
stabilityai_stable-diffusion-xl-base-1.0,3676483,-1.1132376194000244
stabilityai_stable-diffusion-xl-base-1.0,3679712,-0.9080194234848022
stabilityai_stable-diffusion-xl-base-1.0,3685307,1.4479668140411377
stabilityai_stable-diffusion-xl-base-1.0,3703463,-0.43954789638519287
stabilityai_stable-diffusion-xl-base-1.0,3714235,0.3965287208557129
stabilityai_stable-diffusion-xl-base-1.0,3728318,0.9413314461708069
stabilityai_stable-diffusion-xl-base-1.0,3748162,1.1717042922973633
stabilityai_stable-diffusion-xl-base-1.0,3764276,1.0713996887207031
stabilityai_stable-diffusion-xl-base-1.0,3818090,-0.6008986234664917
stabilityai_stable-diffusion-xl-base-1.0,3842156,-0.7804639339447021
stabilityai_stable-diffusion-xl-base-1.0,3880032,-0.45736557245254517
stabilityai_stable-diffusion-xl-base-1.0,3889343,0.19224189221858978
stabilityai_stable-diffusion-xl-base-1.0,3907654,1.0837488174438477
stabilityai_stable-diffusion-xl-base-1.0,3940713,-1.3946276903152466
stabilityai_stable-diffusion-xl-base-1.0,3975232,-0.559838056564331
stabilityai_stable-diffusion-xl-base-1.0,3982060,1.145243525505066
stabilityai_stable-diffusion-xl-base-1.0,3990474,-0.8559165000915527
stabilityai_stable-diffusion-xl-base-1.0,4010305,0.5954360961914062
stabilityai_stable-diffusion-xl-base-1.0,4025130,1.3363014459609985
stabilityai_stable-diffusion-xl-base-1.0,4062807,-0.20274943113327026
stabilityai_stable-diffusion-xl-base-1.0,4123448,-0.4482841491699219
stabilityai_stable-diffusion-xl-base-1.0,4125853,-0.5957217216491699
stabilityai_stable-diffusion-xl-base-1.0,4140340,0.22786647081375122
stabilityai_stable-diffusion-xl-base-1.0,4145056,1.7257020473480225
stabilityai_stable-diffusion-xl-base-1.0,4192521,0.22398513555526733
stabilityai_stable-diffusion-xl-base-1.0,4259202,0.7415509223937988
stabilityai_stable-diffusion-xl-base-1.0,4285773,-0.4657028317451477
stabilityai_stable-diffusion-xl-base-1.0,4345028,-0.3009986877441406
stabilityai_stable-diffusion-xl-base-1.0,4387201,1.5674264430999756
stabilityai_stable-diffusion-xl-base-1.0,4416901,2.28977108001709
stabilityai_stable-diffusion-xl-base-1.0,4455579,-1.043890357017517
stabilityai_stable-diffusion-xl-base-1.0,4497570,-0.26002222299575806
stabilityai_stable-diffusion-xl-base-1.0,4534520,0.3295547366142273
stabilityai_stable-diffusion-xl-base-1.0,4539203,0.42638522386550903
stabilityai_stable-diffusion-xl-base-1.0,4552551,-1.0603185892105103
stabilityai_stable-diffusion-xl-base-1.0,4596797,0.06121861934661865
stabilityai_stable-diffusion-xl-base-1.0,4832208,-0.548883855342865
stabilityai_stable-diffusion-xl-base-1.0,4930139,-1.0803300142288208
stabilityai_stable-diffusion-xl-base-1.0,5008085,1.556316614151001
stabilityai_stable-diffusion-xl-base-1.0,5219923,0.5610643029212952
stabilityai_stable-diffusion-xl-base-1.0,5316083,0.7312771081924438
stabilityai_stable-diffusion-xl-base-1.0,5350912,-0.22866931557655334
stabilityai_stable-diffusion-xl-base-1.0,5374860,0.8349231481552124
stabilityai_stable-diffusion-xl-base-1.0,5410315,1.2980968952178955
stabilityai_stable-diffusion-xl-base-1.0,5522784,2.0737690925598145
stabilityai_stable-diffusion-xl-base-1.0,5728577,-0.09183085709810257
stabilityai_stable-diffusion-xl-base-1.0,5752544,-1.4652917385101318
stabilityai_stable-diffusion-xl-base-1.0,5794797,1.191988468170166
stabilityai_stable-diffusion-xl-base-1.0,5895919,-0.3712462782859802
stabilityai_stable-diffusion-xl-base-1.0,5958517,-1.2911182641983032
stabilityai_stable-diffusion-xl-base-1.0,6189776,0.23804537951946259
stabilityai_stable-diffusion-xl-base-1.0,6528587,-0.6269545555114746
stabilityai_stable-diffusion-xl-base-1.0,6584891,0.5758641958236694
stabilityai_stable-diffusion-xl-base-1.0,6586355,0.8008775115013123
stabilityai_stable-diffusion-xl-base-1.0,6607809,2.6573703289031982
stabilityai_stable-diffusion-xl-base-1.0,6615026,0.7564551830291748
stabilityai_stable-diffusion-xl-base-1.0,6615458,1.166245937347412
stabilityai_stable-diffusion-xl-base-1.0,6615818,0.8742184638977051
stabilityai_stable-diffusion-xl-base-1.0,6616314,0.41529884934425354
stabilityai_stable-diffusion-xl-base-1.0,6617011,-1.18673837184906
stabilityai_stable-diffusion-xl-base-1.0,6617413,-1.0208314657211304
stabilityai_stable-diffusion-xl-base-1.0,6729499,1.3899122476577759
stabilityai_stable-diffusion-xl-base-1.0,6880664,2.0282766819000244
stabilityai_stable-diffusion-xl-base-1.0,6883725,1.4751381874084473
stabilityai_stable-diffusion-xl-base-1.0,6946774,0.004133129492402077
stabilityai_stable-diffusion-xl-base-1.0,7025268,-0.006468689069151878
stabilityai_stable-diffusion-xl-base-1.0,7109847,-0.2955930531024933
stabilityai_stable-diffusion-xl-base-1.0,7116261,-1.0325344800949097
stabilityai_stable-diffusion-xl-base-1.0,7150023,-0.9001284837722778
stabilityai_stable-diffusion-xl-base-1.0,7163803,-0.2417091727256775
stabilityai_stable-diffusion-xl-base-1.0,7507098,0.16446171700954437
stabilityai_stable-diffusion-xl-base-1.0,7596684,1.7714334726333618
stabilityai_stable-diffusion-xl-base-1.0,7597365,0.6917601823806763
stabilityai_stable-diffusion-xl-base-1.0,7601809,1.192000389099121
stabilityai_stable-diffusion-xl-base-1.0,7605282,2.246598720550537
stabilityai_stable-diffusion-xl-base-1.0,7606419,0.9068344235420227
stabilityai_stable-diffusion-xl-base-1.0,7607707,1.6368918418884277
stabilityai_stable-diffusion-xl-base-1.0,7608721,0.07500942796468735
stabilityai_stable-diffusion-xl-base-1.0,7625977,-0.19658005237579346
stabilityai_stable-diffusion-xl-base-1.0,7626721,0.43271803855895996
stabilityai_stable-diffusion-xl-base-1.0,7626833,-0.024374013766646385
stabilityai_stable-diffusion-xl-base-1.0,7627310,0.9449273347854614
stabilityai_stable-diffusion-xl-base-1.0,7651454,0.41765671968460083
stabilityai_stable-diffusion-xl-base-1.0,7654438,-0.7315048575401306
stabilityai_stable-diffusion-xl-base-1.0,7664468,-0.49853336811065674
stabilityai_stable-diffusion-xl-base-1.0,7698915,0.06874029338359833
stabilityai_stable-diffusion-xl-base-1.0,7700167,0.8952726721763611
stabilityai_stable-diffusion-xl-base-1.0,7700868,0.5065650939941406
stabilityai_stable-diffusion-xl-base-1.0,7701244,0.22374072670936584
stabilityai_stable-diffusion-xl-base-1.0,7702193,0.10193721204996109
stabilityai_stable-diffusion-xl-base-1.0,7710616,0.24993479251861572
stabilityai_stable-diffusion-xl-base-1.0,7834065,-0.6456103324890137
stabilityai_stable-diffusion-xl-base-1.0,7854266,1.2249912023544312
stabilityai_stable-diffusion-xl-base-1.0,7854455,-0.28094297647476196
stabilityai_stable-diffusion-xl-base-1.0,7871940,0.5405616164207458
stabilityai_stable-diffusion-xl-base-1.0,7891189,-1.249988317489624
stabilityai_stable-diffusion-xl-base-1.0,7897116,-0.1295572966337204
stabilityai_stable-diffusion-xl-base-1.0,7914271,-1.1413705348968506
stabilityai_stable-diffusion-xl-base-1.0,7922764,-1.4158778190612793
stabilityai_stable-diffusion-xl-base-1.0,7929519,0.0747937485575676
stabilityai_stable-diffusion-xl-base-1.0,7933274,0.8530398011207581
stabilityai_stable-diffusion-xl-base-1.0,7933530,-0.6492540240287781
stabilityai_stable-diffusion-xl-base-1.0,8089797,0.331213116645813
stabilityai_stable-diffusion-xl-base-1.0,8095160,-0.13032114505767822
stabilityai_stable-diffusion-xl-base-1.0,8124208,-0.1241278424859047
stabilityai_stable-diffusion-xl-base-1.0,8339939,0.2054564356803894
stabilityai_stable-diffusion-xl-base-1.0,8876291,-0.4840512275695801
stabilityai_stable-diffusion-xl-base-1.0,9020389,1.2958072423934937
stabilityai_stable-diffusion-xl-base-1.0,9044146,1.1302158832550049
stabilityai_stable-diffusion-xl-base-1.0,9057052,-0.2496134638786316
stabilityai_stable-diffusion-xl-base-1.0,9427682,-0.11127572506666183
stabilityai_stable-diffusion-xl-base-1.0,9580065,-0.9226219058036804
stabilityai_stable-diffusion-xl-base-1.0,9719434,-0.4450453817844391
stabilityai_stable-diffusion-xl-base-1.0,9793248,0.5165395736694336
stabilityai_stable-diffusion-xl-base-1.0,9794211,-0.2915664613246918
stabilityai_stable-diffusion-xl-base-1.0,9862621,-0.01628926955163479
stabilityai_stable-diffusion-xl-base-1.0,9875188,-0.4730529487133026
stabilityai_stable-diffusion-xl-base-1.0,9984659,1.3364825248718262
stabilityai_stable-diffusion-xl-base-1.0,10012874,1.5711452960968018
stabilityai_stable-diffusion-xl-base-1.0,10024569,1.8851587772369385
stabilityai_stable-diffusion-xl-base-1.0,10080493,-0.6420241594314575
stabilityai_stable-diffusion-xl-base-1.0,10106452,0.9030719995498657
stabilityai_stable-diffusion-xl-base-1.0,10198409,1.716324806213379
stabilityai_stable-diffusion-xl-base-1.0,10333317,-0.05476779490709305
stabilityai_stable-diffusion-xl-base-1.0,10408552,0.31873807311058044
stabilityai_stable-diffusion-xl-base-1.0,10444677,0.1261546015739441
stabilityai_stable-diffusion-xl-base-1.0,10453357,-0.7627707719802856
stabilityai_stable-diffusion-xl-base-1.0,10548623,-0.27889764308929443
stabilityai_stable-diffusion-xl-base-1.0,10572128,0.03331802785396576
stabilityai_stable-diffusion-xl-base-1.0,10794014,1.1939817667007446
stabilityai_stable-diffusion-xl-base-1.0,10939743,-0.08399466425180435
stabilityai_stable-diffusion-xl-base-1.0,11039909,1.2639002799987793
stabilityai_stable-diffusion-xl-base-1.0,11334088,0.33057138323783875
stabilityai_stable-diffusion-xl-base-1.0,11417672,0.6895542740821838
stabilityai_stable-diffusion-xl-base-1.0,11437577,-0.8492524027824402
stabilityai_stable-diffusion-xl-base-1.0,11460338,0.671611487865448
stabilityai_stable-diffusion-xl-base-1.0,12345739,-0.44673705101013184
stabilityai_stable-diffusion-xl-base-1.0,12402348,1.3173309564590454
stabilityai_stable-diffusion-xl-base-1.0,13221529,2.1260223388671875
stabilityai_stable-diffusion-xl-base-1.0,13290566,-1.154611587524414
stabilityai_stable-diffusion-xl-base-1.0,13389475,-0.10452158004045486
stabilityai_stable-diffusion-xl-base-1.0,13390139,-1.4019206762313843
stabilityai_stable-diffusion-xl-base-1.0,13390405,-1.5686043500900269
stabilityai_stable-diffusion-xl-base-1.0,13392786,-1.1509311199188232
stabilityai_stable-diffusion-xl-base-1.0,13649361,-1.8676303625106812
stabilityai_stable-diffusion-xl-base-1.0,13716878,0.7367657423019409
stabilityai_stable-diffusion-xl-base-1.0,13884740,-0.49039655923843384
stabilityai_stable-diffusion-xl-base-1.0,13915305,0.26212078332901
stabilityai_stable-diffusion-xl-base-1.0,13931145,-0.49376559257507324
stabilityai_stable-diffusion-xl-base-1.0,13984082,0.8700495958328247
stabilityai_stable-diffusion-xl-base-1.0,14140678,1.1645184755325317
stabilityai_stable-diffusion-xl-base-1.0,14195315,1.6599373817443848
stabilityai_stable-diffusion-xl-base-1.0,14294568,-0.23777355253696442
stabilityai_stable-diffusion-xl-base-1.0,14320813,0.5574042797088623
stabilityai_stable-diffusion-xl-base-1.0,14360436,2.4801692962646484
stabilityai_stable-diffusion-xl-base-1.0,14488317,-1.0605947971343994
stabilityai_stable-diffusion-xl-base-1.0,14533937,1.0138784646987915
stabilityai_stable-diffusion-xl-base-1.0,14550987,-0.3068581223487854
stabilityai_stable-diffusion-xl-base-1.0,14579933,0.7303401827812195
stabilityai_stable-diffusion-xl-base-1.0,14606290,2.0593018531799316
stabilityai_stable-diffusion-xl-base-1.0,14620257,1.7486461400985718
stabilityai_stable-diffusion-xl-base-1.0,14632648,1.9981706142425537
stabilityai_stable-diffusion-xl-base-1.0,14647235,1.6134892702102661
stabilityai_stable-diffusion-xl-base-1.0,14654954,0.26870667934417725
stabilityai_stable-diffusion-xl-base-1.0,14686352,-0.22259807586669922
stabilityai_stable-diffusion-xl-base-1.0,14702875,0.8177598118782043
stabilityai_stable-diffusion-xl-base-1.0,14703190,1.1341235637664795
stabilityai_stable-diffusion-xl-base-1.0,14807929,-0.5281910300254822
stabilityai_stable-diffusion-xl-base-1.0,14809057,0.3099796772003174
stabilityai_stable-diffusion-xl-base-1.0,14867690,-0.22783787548542023
stabilityai_stable-diffusion-xl-base-1.0,14872875,1.1467803716659546
stabilityai_stable-diffusion-xl-base-1.0,14880557,-0.19116204977035522
stabilityai_stable-diffusion-xl-base-1.0,14894140,2.1725213527679443
stabilityai_stable-diffusion-xl-base-1.0,15180934,-0.23765432834625244
stabilityai_stable-diffusion-xl-base-1.0,15970145,0.3145630359649658
stabilityai_stable-diffusion-xl-base-1.0,17002912,-1.233553409576416
stabilityai_stable-diffusion-xl-base-1.0,17012379,1.886657476425171
stabilityai_stable-diffusion-xl-base-1.0,17282800,-0.057353563606739044
stabilityai_stable-diffusion-xl-base-1.0,17925539,-1.2681035995483398
stabilityai_stable-diffusion-xl-base-1.0,18367104,0.6007004380226135
stabilityai_stable-diffusion-xl-base-1.0,18758723,-0.26578253507614136
stabilityai_stable-diffusion-xl-base-1.0,19143128,1.3572524785995483
stabilityai_stable-diffusion-xl-base-1.0,19671124,1.7696188688278198
stabilityai_stable-diffusion-xl-base-1.0,19855707,0.5402795672416687
stabilityai_stable-diffusion-xl-base-1.0,19893872,-0.2769557237625122
stabilityai_stable-diffusion-xl-base-1.0,20017667,-0.8976439237594604
stabilityai_stable-diffusion-xl-base-1.0,20128079,0.7813901901245117
stabilityai_stable-diffusion-xl-base-1.0,20471134,-0.350044310092926
stabilityai_stable-diffusion-xl-base-1.0,20495093,-1.345930814743042
stabilityai_stable-diffusion-xl-base-1.0,20782430,0.5411821603775024
stabilityai_stable-diffusion-xl-base-1.0,21377549,0.22741517424583435
stabilityai_stable-diffusion-xl-base-1.0,21564446,-0.2166426032781601
stabilityai_stable-diffusion-xl-base-1.0,21620388,-1.471210241317749
stabilityai_stable-diffusion-xl-base-1.0,22149540,0.3730287253856659
stabilityai_stable-diffusion-xl-base-1.0,22738759,0.3382534086704254
stabilityai_stable-diffusion-xl-base-1.0,22767176,0.7250445485115051
stabilityai_stable-diffusion-xl-base-1.0,23129661,-0.4233027398586273
stabilityai_stable-diffusion-xl-base-1.0,23185551,0.09966740757226944
stabilityai_stable-diffusion-xl-base-1.0,23232427,0.956546425819397
stabilityai_stable-diffusion-xl-base-1.0,23257851,2.027686595916748
stabilityai_stable-diffusion-xl-base-1.0,23620789,-0.17886213958263397
stabilityai_stable-diffusion-xl-base-1.0,24808131,-0.33365297317504883
stabilityai_stable-diffusion-xl-base-1.0,24843217,-0.055184490978717804
stabilityai_stable-diffusion-xl-base-1.0,24933378,-0.4513937830924988
stabilityai_stable-diffusion-xl-base-1.0,24942232,-0.08014679700136185
stabilityai_stable-diffusion-xl-base-1.0,25290589,-0.002220815047621727
stabilityai_stable-diffusion-xl-base-1.0,25579216,1.9082375764846802
stabilityai_stable-diffusion-xl-base-1.0,25685207,0.26138412952423096
stabilityai_stable-diffusion-xl-base-1.0,25776594,0.08973841369152069
stabilityai_stable-diffusion-xl-base-1.0,26078214,0.0026974771171808243
stabilityai_stable-diffusion-xl-base-1.0,26746434,1.4042268991470337
stabilityai_stable-diffusion-xl-base-1.0,26998039,-0.9848414659500122
stabilityai_stable-diffusion-xl-base-1.0,27106238,-1.3996734619140625
stabilityai_stable-diffusion-xl-base-1.0,27246777,-1.1120158433914185
stabilityai_stable-diffusion-xl-base-1.0,27768637,-0.8155009150505066
stabilityai_stable-diffusion-xl-base-1.0,27871992,1.665002703666687
stabilityai_stable-diffusion-xl-base-1.0,28190972,-0.24997735023498535
stabilityai_stable-diffusion-xl-base-1.0,29094321,-0.5546450614929199
stabilityai_stable-diffusion-xl-base-1.0,29148617,1.3046293258666992
stabilityai_stable-diffusion-xl-base-1.0,29161294,1.3180423974990845
stabilityai_stable-diffusion-xl-base-1.0,29632917,1.5326777696609497
stabilityai_stable-diffusion-xl-base-1.0,29703209,1.3157615661621094
stabilityai_stable-diffusion-xl-base-1.0,29779486,0.6672650575637817
stabilityai_stable-diffusion-xl-base-1.0,30028757,1.0211589336395264
stabilityai_stable-diffusion-xl-base-1.0,30225071,-0.45306551456451416
stabilityai_stable-diffusion-xl-base-1.0,30373565,-1.01047945022583
stabilityai_stable-diffusion-xl-base-1.0,30484086,0.7160712480545044
stabilityai_stable-diffusion-xl-base-1.0,30883080,2.377490282058716
stabilityai_stable-diffusion-xl-base-1.0,31114750,1.2703925371170044
stabilityai_stable-diffusion-xl-base-1.0,31196176,2.0424771308898926
stabilityai_stable-diffusion-xl-base-1.0,31391857,1.3199161291122437
stabilityai_stable-diffusion-xl-base-1.0,31595142,0.04895598441362381
stabilityai_stable-diffusion-xl-base-1.0,32152786,-1.5358426570892334
stabilityai_stable-diffusion-xl-base-1.0,32327818,0.6502575874328613
stabilityai_stable-diffusion-xl-base-1.0,32379732,-0.6712588667869568
stabilityai_stable-diffusion-xl-base-1.0,32473966,0.6867567300796509
stabilityai_stable-diffusion-xl-base-1.0,32902730,1.2481791973114014
stabilityai_stable-diffusion-xl-base-1.0,32932491,0.5283101797103882
stabilityai_stable-diffusion-xl-base-1.0,33006578,0.6624647378921509
stabilityai_stable-diffusion-xl-base-1.0,33478721,-1.4817085266113281
stabilityai_stable-diffusion-xl-base-1.0,34475997,1.5882834196090698
stabilityai_stable-diffusion-xl-base-1.0,34578737,-1.582592487335205
stabilityai_stable-diffusion-xl-base-1.0,34773230,-0.43023812770843506
stabilityai_stable-diffusion-xl-base-1.0,36507085,-1.1611937284469604
stabilityai_stable-diffusion-xl-base-1.0,36678439,2.238971471786499
stabilityai_stable-diffusion-xl-base-1.0,37287360,-0.8517239093780518
stabilityai_stable-diffusion-xl-base-1.0,37319253,0.5081693530082703
stabilityai_stable-diffusion-xl-base-1.0,37547870,-0.3816312253475189
stabilityai_stable-diffusion-xl-base-1.0,37736408,0.09805891662836075
stabilityai_stable-diffusion-xl-base-1.0,38014258,1.1073840856552124
stabilityai_stable-diffusion-xl-base-1.0,38297191,-1.2790635824203491
stabilityai_stable-diffusion-xl-base-1.0,38402744,0.6780729293823242
stabilityai_stable-diffusion-xl-base-1.0,38954086,0.3479658365249634
stabilityai_stable-diffusion-xl-base-1.0,39139190,-0.7474365234375
stabilityai_stable-diffusion-xl-base-1.0,39560404,-0.14854153990745544
stabilityai_stable-diffusion-xl-base-1.0,39566065,0.46059489250183105
stabilityai_stable-diffusion-xl-base-1.0,39595218,0.7538388967514038
stabilityai_stable-diffusion-xl-base-1.0,40825299,1.0127394199371338
stabilityai_stable-diffusion-xl-base-1.0,40945115,0.4130468964576721
stabilityai_stable-diffusion-xl-base-1.0,40995095,1.3553099632263184
stabilityai_stable-diffusion-xl-base-1.0,41015844,-0.9211981892585754
stabilityai_stable-diffusion-xl-base-1.0,41031648,0.3358137309551239
stabilityai_stable-diffusion-xl-base-1.0,41161074,2.1863741874694824
stabilityai_stable-diffusion-xl-base-1.0,41458919,-0.20556379854679108
stabilityai_stable-diffusion-xl-base-1.0,41565779,1.1884260177612305
stabilityai_stable-diffusion-xl-base-1.0,41766391,-1.8079705238342285
stabilityai_stable-diffusion-xl-base-1.0,41982710,0.6770981550216675
stabilityai_stable-diffusion-xl-base-1.0,42048260,-1.2144935131072998
stabilityai_stable-diffusion-xl-base-1.0,42849420,-0.17780202627182007
stabilityai_stable-diffusion-xl-base-1.0,42931583,-0.5878143310546875
stabilityai_stable-diffusion-xl-base-1.0,43060946,0.27112025022506714
stabilityai_stable-diffusion-xl-base-1.0,43153800,2.0711746215820312
stabilityai_stable-diffusion-xl-base-1.0,43161384,0.4352652132511139
stabilityai_stable-diffusion-xl-base-1.0,43301379,0.5939874649047852
stabilityai_stable-diffusion-xl-base-1.0,43304323,-1.584830403327942
stabilityai_stable-diffusion-xl-base-1.0,43367797,-0.3603770136833191
stabilityai_stable-diffusion-xl-base-1.0,43431032,-0.45048490166664124
stabilityai_stable-diffusion-xl-base-1.0,43631801,0.28018149733543396
stabilityai_stable-diffusion-xl-base-1.0,43735560,1.678479790687561
stabilityai_stable-diffusion-xl-base-1.0,43858443,-1.3336094617843628
stabilityai_stable-diffusion-xl-base-1.0,43918624,1.4748802185058594
stabilityai_stable-diffusion-xl-base-1.0,44280552,1.7399488687515259
stabilityai_stable-diffusion-xl-base-1.0,44295589,1.7288438081741333
stabilityai_stable-diffusion-xl-base-1.0,44621915,-1.1895085573196411
stabilityai_stable-diffusion-xl-base-1.0,44645737,1.1182217597961426
stabilityai_stable-diffusion-xl-base-1.0,44838123,1.7112138271331787
stabilityai_stable-diffusion-xl-base-1.0,45258070,0.8305548429489136
stabilityai_stable-diffusion-xl-base-1.0,45297641,1.3885072469711304
stabilityai_stable-diffusion-xl-base-1.0,45418454,-1.2565417289733887
stabilityai_stable-diffusion-xl-base-1.0,45564900,-0.02530474029481411
stabilityai_stable-diffusion-xl-base-1.0,46150029,-0.24070271849632263
stabilityai_stable-diffusion-xl-base-1.0,46394736,-0.5397894382476807
stabilityai_stable-diffusion-xl-base-1.0,46673664,-0.8465679287910461
stabilityai_stable-diffusion-xl-base-1.0,46994920,0.9605945348739624
stabilityai_stable-diffusion-xl-base-1.0,47009060,-0.1547342836856842
stabilityai_stable-diffusion-xl-base-1.0,47552953,-0.11619672924280167
stabilityai_stable-diffusion-xl-base-1.0,47595220,-1.3647825717926025
stabilityai_stable-diffusion-xl-base-1.0,47819321,-2.1697754859924316
stabilityai_stable-diffusion-xl-base-1.0,48223384,0.3747445344924927
stabilityai_stable-diffusion-xl-base-1.0,48351897,0.9377918839454651
stabilityai_stable-diffusion-xl-base-1.0,48754831,-0.29702192544937134
stabilityai_stable-diffusion-xl-base-1.0,49054805,0.5070258975028992
stabilityai_stable-diffusion-xl-base-1.0,49089576,-1.3330292701721191
stabilityai_stable-diffusion-xl-base-1.0,49300740,-0.41419678926467896
stabilityai_stable-diffusion-xl-base-1.0,49358811,-0.7765434384346008
stabilityai_stable-diffusion-xl-base-1.0,49462954,-0.08304739743471146
stabilityai_stable-diffusion-xl-base-1.0,50262859,-1.97951078414917
stabilityai_stable-diffusion-xl-base-1.0,50871471,0.4169691205024719
stabilityai_stable-diffusion-xl-base-1.0,50952217,1.2985692024230957
stabilityai_stable-diffusion-xl-base-1.0,51060824,0.17232674360275269
stabilityai_stable-diffusion-xl-base-1.0,51314050,0.914496123790741
stabilityai_stable-diffusion-xl-base-1.0,51946990,-0.5110162496566772
stabilityai_stable-diffusion-xl-base-1.0,52325745,0.8173978924751282
stabilityai_stable-diffusion-xl-base-1.0,52474100,-0.6086835265159607
stabilityai_stable-diffusion-xl-base-1.0,52516409,0.21975834667682648
stabilityai_stable-diffusion-xl-base-1.0,52711595,0.03714549541473389
stabilityai_stable-diffusion-xl-base-1.0,53022028,0.2507312595844269
stabilityai_stable-diffusion-xl-base-1.0,53205877,-0.5675318837165833
stabilityai_stable-diffusion-xl-base-1.0,53288018,1.3672032356262207
stabilityai_stable-diffusion-xl-base-1.0,53443611,-0.24612407386302948
stabilityai_stable-diffusion-xl-base-1.0,53815934,0.8472203016281128
stabilityai_stable-diffusion-xl-base-1.0,54495173,-0.26639458537101746
stabilityai_stable-diffusion-xl-base-1.0,54931507,-0.8159374594688416
stabilityai_stable-diffusion-xl-base-1.0,55191509,0.651495635509491
stabilityai_stable-diffusion-xl-base-1.0,55255145,-0.1571371853351593
stabilityai_stable-diffusion-xl-base-1.0,55457672,0.011552738025784492
stabilityai_stable-diffusion-xl-base-1.0,55588327,-0.26478511095046997
stabilityai_stable-diffusion-xl-base-1.0,55653646,-0.14099125564098358
stabilityai_stable-diffusion-xl-base-1.0,55658809,0.32530543208122253
stabilityai_stable-diffusion-xl-base-1.0,55812974,0.5776863694190979
stabilityai_stable-diffusion-xl-base-1.0,55819553,0.967751145362854
stabilityai_stable-diffusion-xl-base-1.0,55826966,0.6733911037445068
stabilityai_stable-diffusion-xl-base-1.0,55983905,-0.04306139051914215
stabilityai_stable-diffusion-xl-base-1.0,56074056,0.918377161026001
stabilityai_stable-diffusion-xl-base-1.0,56112588,0.7331123352050781
stabilityai_stable-diffusion-xl-base-1.0,56121520,0.02239670790731907
stabilityai_stable-diffusion-xl-base-1.0,56250900,0.7468161582946777
stabilityai_stable-diffusion-xl-base-1.0,56458800,1.388862133026123
stabilityai_stable-diffusion-xl-base-1.0,56792430,0.43903160095214844
stabilityai_stable-diffusion-xl-base-1.0,56982260,2.056401252746582
stabilityai_stable-diffusion-xl-base-1.0,57673976,1.9082952737808228
stabilityai_stable-diffusion-xl-base-1.0,57716963,-1.3013392686843872
stabilityai_stable-diffusion-xl-base-1.0,57729980,1.6016491651535034
stabilityai_stable-diffusion-xl-base-1.0,57785005,1.279950737953186
stabilityai_stable-diffusion-xl-base-1.0,57873614,0.8660602569580078
stabilityai_stable-diffusion-xl-base-1.0,58727024,1.487198829650879
stabilityai_stable-diffusion-xl-base-1.0,58761464,-0.34292685985565186
stabilityai_stable-diffusion-xl-base-1.0,59399259,0.3191368579864502
stabilityai_stable-diffusion-xl-base-1.0,59976859,0.16119608283042908
stabilityai_stable-diffusion-xl-base-1.0,60083345,1.5300172567367554
stabilityai_stable-diffusion-xl-base-1.0,60214770,1.6786854267120361
stabilityai_stable-diffusion-xl-base-1.0,60215376,-0.9181382656097412
stabilityai_stable-diffusion-xl-base-1.0,60375309,0.5238780975341797
stabilityai_stable-diffusion-xl-base-1.0,60606896,-0.22977083921432495
stabilityai_stable-diffusion-xl-base-1.0,60668084,-1.9396255016326904
stabilityai_stable-diffusion-xl-base-1.0,61035709,-1.091335415840149
stabilityai_stable-diffusion-xl-base-1.0,61388266,0.4935184419155121
stabilityai_stable-diffusion-xl-base-1.0,61627313,-1.7948459386825562
stabilityai_stable-diffusion-xl-base-1.0,61635816,0.3638692796230316
stabilityai_stable-diffusion-xl-base-1.0,61853324,-1.3308895826339722
stabilityai_stable-diffusion-xl-base-1.0,62408818,0.5330188274383545
stabilityai_stable-diffusion-xl-base-1.0,62841330,-0.2972739636898041
stabilityai_stable-diffusion-xl-base-1.0,63015570,0.8402681946754456
stabilityai_stable-diffusion-xl-base-1.0,63336441,0.7173551321029663
stabilityai_stable-diffusion-xl-base-1.0,63633117,0.031541608273983
stabilityai_stable-diffusion-xl-base-1.0,64576544,0.33999693393707275
stabilityai_stable-diffusion-xl-base-1.0,64687077,1.7317256927490234
stabilityai_stable-diffusion-xl-base-1.0,64693533,0.6007903218269348
stabilityai_stable-diffusion-xl-base-1.0,64856142,0.059340618550777435
stabilityai_stable-diffusion-xl-base-1.0,65411270,1.6316027641296387
stabilityai_stable-diffusion-xl-base-1.0,65557844,0.6808831691741943
stabilityai_stable-diffusion-xl-base-1.0,65824677,1.0988801717758179
stabilityai_stable-diffusion-xl-base-1.0,65890875,0.44156885147094727
stabilityai_stable-diffusion-xl-base-1.0,65960228,0.46249502897262573
stabilityai_stable-diffusion-xl-base-1.0,66668538,0.1906779408454895
stabilityai_stable-diffusion-xl-base-1.0,67344811,0.7804115414619446
stabilityai_stable-diffusion-xl-base-1.0,67949798,0.11570471525192261
stabilityai_stable-diffusion-xl-base-1.0,68246844,0.3017634451389313
stabilityai_stable-diffusion-xl-base-1.0,68280322,1.435913324356079
stabilityai_stable-diffusion-xl-base-1.0,68321683,1.092878818511963
stabilityai_stable-diffusion-xl-base-1.0,68380669,-0.285571426153183
stabilityai_stable-diffusion-xl-base-1.0,68575085,-0.8332949876785278
stabilityai_stable-diffusion-xl-base-1.0,70380966,1.0865528583526611
stabilityai_stable-diffusion-xl-base-1.0,70494671,1.2344551086425781
stabilityai_stable-diffusion-xl-base-1.0,71055464,-0.06937108188867569
stabilityai_stable-diffusion-xl-base-1.0,71591839,-0.7553645968437195
stabilityai_stable-diffusion-xl-base-1.0,71828875,1.1730237007141113
stabilityai_stable-diffusion-xl-base-1.0,71910823,0.9079450368881226
stabilityai_stable-diffusion-xl-base-1.0,71959499,-1.580576777458191
stabilityai_stable-diffusion-xl-base-1.0,72432241,-1.7182217836380005
stabilityai_stable-diffusion-xl-base-1.0,72553814,-0.689644455909729
stabilityai_stable-diffusion-xl-base-1.0,73051579,-0.8266515731811523
stabilityai_stable-diffusion-xl-base-1.0,73600586,1.7615702152252197
stabilityai_stable-diffusion-xl-base-1.0,73616417,-0.07527688890695572
stabilityai_stable-diffusion-xl-base-1.0,73681289,0.09270177036523819
stabilityai_stable-diffusion-xl-base-1.0,73962724,1.749253511428833
stabilityai_stable-diffusion-xl-base-1.0,74175857,-0.18703052401542664
stabilityai_stable-diffusion-xl-base-1.0,75051801,0.5882348418235779
stabilityai_stable-diffusion-xl-base-1.0,75787772,0.6220138072967529
stabilityai_stable-diffusion-xl-base-1.0,75944980,0.8193674683570862
stabilityai_stable-diffusion-xl-base-1.0,75964288,0.9502102136611938
stabilityai_stable-diffusion-xl-base-1.0,76066166,-0.587733805179596
stabilityai_stable-diffusion-xl-base-1.0,76100398,0.9653044939041138
stabilityai_stable-diffusion-xl-base-1.0,76425345,-1.6340429782867432
stabilityai_stable-diffusion-xl-base-1.0,77106105,1.245754361152649
stabilityai_stable-diffusion-xl-base-1.0,77132310,-0.3873485326766968
stabilityai_stable-diffusion-xl-base-1.0,77232534,-0.48347508907318115
stabilityai_stable-diffusion-xl-base-1.0,77312726,-0.7295466661453247
stabilityai_stable-diffusion-xl-base-1.0,77358840,0.09844226390123367
stabilityai_stable-diffusion-xl-base-1.0,77490593,-0.4165773391723633
stabilityai_stable-diffusion-xl-base-1.0,77726888,0.6488392949104309
stabilityai_stable-diffusion-xl-base-1.0,78735978,0.4573625326156616
stabilityai_stable-diffusion-xl-base-1.0,79077085,-0.3852784335613251
stabilityai_stable-diffusion-xl-base-1.0,79212243,-1.100909948348999
stabilityai_stable-diffusion-xl-base-1.0,79606917,-0.31047314405441284
stabilityai_stable-diffusion-xl-base-1.0,79918827,-1.8628547191619873
stabilityai_stable-diffusion-xl-base-1.0,80289373,-0.24858291447162628
stabilityai_stable-diffusion-xl-base-1.0,80371125,0.5109009146690369
stabilityai_stable-diffusion-xl-base-1.0,80540387,0.3740141987800598
stabilityai_stable-diffusion-xl-base-1.0,81135077,-0.1509322226047516
stabilityai_stable-diffusion-xl-base-1.0,81303945,-0.7218931317329407
stabilityai_stable-diffusion-xl-base-1.0,81435593,0.44339028000831604
stabilityai_stable-diffusion-xl-base-1.0,82282590,0.17834624648094177
stabilityai_stable-diffusion-xl-base-1.0,82696415,0.5164928436279297
stabilityai_stable-diffusion-xl-base-1.0,82916016,1.8080942630767822
stabilityai_stable-diffusion-xl-base-1.0,83084473,0.23799321055412292
stabilityai_stable-diffusion-xl-base-1.0,83418847,-0.6508516073226929
stabilityai_stable-diffusion-xl-base-1.0,84089324,0.2197878658771515
stabilityai_stable-diffusion-xl-base-1.0,84306831,-0.623246431350708
stabilityai_stable-diffusion-xl-base-1.0,84510135,1.3380427360534668
stabilityai_stable-diffusion-xl-base-1.0,84788890,-0.7179945707321167
stabilityai_stable-diffusion-xl-base-1.0,84985982,0.18276801705360413
stabilityai_stable-diffusion-xl-base-1.0,85191733,-0.3882731795310974
stabilityai_stable-diffusion-xl-base-1.0,86119145,0.8409481048583984
stabilityai_stable-diffusion-xl-base-1.0,86340862,0.5417532324790955
stabilityai_stable-diffusion-xl-base-1.0,86341828,0.7006747126579285
stabilityai_stable-diffusion-xl-base-1.0,86537356,2.2901971340179443
stabilityai_stable-diffusion-xl-base-1.0,86701636,1.095124363899231
stabilityai_stable-diffusion-xl-base-1.0,86714939,1.2184381484985352
stabilityai_stable-diffusion-xl-base-1.0,87574583,0.6261162757873535
stabilityai_stable-diffusion-xl-base-1.0,87699711,0.02825581468641758
stabilityai_stable-diffusion-xl-base-1.0,88016571,1.2863136529922485
stabilityai_stable-diffusion-xl-base-1.0,88087492,-0.46253904700279236
stabilityai_stable-diffusion-xl-base-1.0,89227603,0.44771814346313477
stabilityai_stable-diffusion-xl-base-1.0,89539854,1.9925612211227417
stabilityai_stable-diffusion-xl-base-1.0,89926787,1.2674248218536377
stabilityai_stable-diffusion-xl-base-1.0,90244932,0.7194331288337708
stabilityai_stable-diffusion-xl-base-1.0,90493027,-1.0828464031219482
stabilityai_stable-diffusion-xl-base-1.0,90613035,-0.6014865636825562
stabilityai_stable-diffusion-xl-base-1.0,91368797,-0.5654681921005249
stabilityai_stable-diffusion-xl-base-1.0,91784299,1.6098490953445435
stabilityai_stable-diffusion-xl-base-1.0,91790573,-0.7297173738479614
stabilityai_stable-diffusion-xl-base-1.0,91834546,-0.5673867464065552
stabilityai_stable-diffusion-xl-base-1.0,92068094,-0.5117311477661133
stabilityai_stable-diffusion-xl-base-1.0,92311656,1.6560420989990234
stabilityai_stable-diffusion-xl-base-1.0,92709444,2.8504903316497803
stabilityai_stable-diffusion-xl-base-1.0,93114575,0.992782711982727
stabilityai_stable-diffusion-xl-base-1.0,93256557,0.5728877186775208
stabilityai_stable-diffusion-xl-base-1.0,93407716,0.04844260960817337
stabilityai_stable-diffusion-xl-base-1.0,93436296,1.692378044128418
stabilityai_stable-diffusion-xl-base-1.0,93512057,0.1178116574883461
stabilityai_stable-diffusion-xl-base-1.0,94006560,1.8533776998519897
stabilityai_stable-diffusion-xl-base-1.0,94321535,0.7408668398857117
stabilityai_stable-diffusion-xl-base-1.0,94532154,1.2129623889923096
stabilityai_stable-diffusion-xl-base-1.0,95171107,0.53248131275177
stabilityai_stable-diffusion-xl-base-1.0,95228839,0.23346638679504395
stabilityai_stable-diffusion-xl-base-1.0,95325441,1.6933939456939697
stabilityai_stable-diffusion-xl-base-1.0,95450946,0.4324744939804077
stabilityai_stable-diffusion-xl-base-1.0,95583911,-0.7496299743652344
stabilityai_stable-diffusion-xl-base-1.0,95718306,-1.6828885078430176
stabilityai_stable-diffusion-xl-base-1.0,95737828,1.3905179500579834
stabilityai_stable-diffusion-xl-base-1.0,96448597,1.5494530200958252
stabilityai_stable-diffusion-xl-base-1.0,96482065,1.23276948928833
stabilityai_stable-diffusion-xl-base-1.0,96521920,1.1262253522872925
stabilityai_stable-diffusion-xl-base-1.0,96850153,1.1388051509857178
stabilityai_stable-diffusion-xl-base-1.0,98113191,-1.338625431060791
stabilityai_stable-diffusion-xl-base-1.0,98195317,1.612769603729248
stabilityai_stable-diffusion-xl-base-1.0,98254655,1.16087007522583
stabilityai_stable-diffusion-xl-base-1.0,98319500,1.797410488128662
stabilityai_stable-diffusion-xl-base-1.0,98642787,-0.08418133109807968
stabilityai_stable-diffusion-xl-base-1.0,98646702,1.183199167251587
stabilityai_stable-diffusion-xl-base-1.0,98929226,0.42613688111305237
stabilityai_stable-diffusion-xl-base-1.0,99178779,0.6286517381668091
stabilityai_stable-diffusion-xl-base-1.0,99185892,1.7761256694793701
stabilityai_stable-diffusion-xl-base-1.0,99211012,0.7328852415084839
stabilityai_stable-diffusion-xl-base-1.0,99410560,0.34659647941589355
stabilityai_stable-diffusion-xl-base-1.0,99862294,0.17569619417190552
