model,wordnet_id,reward
deepfloyd_if-i-xl-v1.0,138508,-0.7492902874946594
deepfloyd_if-i-xl-v1.0,192051,0.3818294405937195
deepfloyd_if-i-xl-v1.0,213186,-0.9230981469154358
deepfloyd_if-i-xl-v1.0,232386,0.42229312658309937
deepfloyd_if-i-xl-v1.0,232765,-0.4595572352409363
deepfloyd_if-i-xl-v1.0,258857,-0.6051950454711914
deepfloyd_if-i-xl-v1.0,283090,0.6670527458190918
deepfloyd_if-i-xl-v1.0,285141,-0.4989710748195648
deepfloyd_if-i-xl-v1.0,399030,-0.3329567313194275
deepfloyd_if-i-xl-v1.0,440189,-0.15925709903240204
deepfloyd_if-i-xl-v1.0,445169,-1.2301063537597656
deepfloyd_if-i-xl-v1.0,486490,0.07455284148454666
deepfloyd_if-i-xl-v1.0,487072,-0.6281168460845947
deepfloyd_if-i-xl-v1.0,487326,-0.818448007106781
deepfloyd_if-i-xl-v1.0,489837,-0.13575537502765656
deepfloyd_if-i-xl-v1.0,646833,-0.11033522337675095
deepfloyd_if-i-xl-v1.0,708860,-0.1616269201040268
deepfloyd_if-i-xl-v1.0,717208,0.19320517778396606
deepfloyd_if-i-xl-v1.0,717468,1.1422353982925415
deepfloyd_if-i-xl-v1.0,735254,-0.7572715878486633
deepfloyd_if-i-xl-v1.0,762478,0.8613002896308899
deepfloyd_if-i-xl-v1.0,825443,0.8469160199165344
deepfloyd_if-i-xl-v1.0,831919,-0.258036732673645
deepfloyd_if-i-xl-v1.0,896677,0.7789546251296997
deepfloyd_if-i-xl-v1.0,936620,-0.6751584410667419
deepfloyd_if-i-xl-v1.0,974367,-0.8778467178344727
deepfloyd_if-i-xl-v1.0,993014,-0.21990354359149933
deepfloyd_if-i-xl-v1.0,995855,0.0711122676730156
deepfloyd_if-i-xl-v1.0,1113367,0.17702451348304749
deepfloyd_if-i-xl-v1.0,1171644,1.202987790107727
deepfloyd_if-i-xl-v1.0,1209135,0.04373260959982872
deepfloyd_if-i-xl-v1.0,1317294,0.2692868709564209
deepfloyd_if-i-xl-v1.0,1317533,-0.0951584205031395
deepfloyd_if-i-xl-v1.0,1321854,1.195327639579773
deepfloyd_if-i-xl-v1.0,1377758,-0.25667309761047363
deepfloyd_if-i-xl-v1.0,1474832,-0.7007291316986084
deepfloyd_if-i-xl-v1.0,1516071,-0.8376731276512146
deepfloyd_if-i-xl-v1.0,1566705,0.4789876639842987
deepfloyd_if-i-xl-v1.0,1640855,0.9031413793563843
deepfloyd_if-i-xl-v1.0,1668603,-1.0944350957870483
deepfloyd_if-i-xl-v1.0,1678990,1.4138182401657104
deepfloyd_if-i-xl-v1.0,1699831,0.941912829875946
deepfloyd_if-i-xl-v1.0,1707698,0.7381973266601562
deepfloyd_if-i-xl-v1.0,1727942,0.4722236692905426
deepfloyd_if-i-xl-v1.0,2045760,-0.352811336517334
deepfloyd_if-i-xl-v1.0,2075049,0.912527322769165
deepfloyd_if-i-xl-v1.0,2075764,-0.11403410881757736
deepfloyd_if-i-xl-v1.0,2241569,0.6836512088775635
deepfloyd_if-i-xl-v1.0,2720725,-0.2834082543849945
deepfloyd_if-i-xl-v1.0,2721160,-0.8966629505157471
deepfloyd_if-i-xl-v1.0,2730265,-1.3930250406265259
deepfloyd_if-i-xl-v1.0,2744395,-1.1345120668411255
deepfloyd_if-i-xl-v1.0,2770078,1.647500991821289
deepfloyd_if-i-xl-v1.0,2793684,0.358935683965683
deepfloyd_if-i-xl-v1.0,2803666,0.6204223036766052
deepfloyd_if-i-xl-v1.0,2807731,-0.992792010307312
deepfloyd_if-i-xl-v1.0,2821943,0.6733115315437317
deepfloyd_if-i-xl-v1.0,2824319,-0.7897254228591919
deepfloyd_if-i-xl-v1.0,2825442,0.809289276599884
deepfloyd_if-i-xl-v1.0,2852043,-0.7625883221626282
deepfloyd_if-i-xl-v1.0,2870293,-0.9208226799964905
deepfloyd_if-i-xl-v1.0,2870880,0.27287808060646057
deepfloyd_if-i-xl-v1.0,2923535,-2.2037887573242188
deepfloyd_if-i-xl-v1.0,2933112,0.638054609298706
deepfloyd_if-i-xl-v1.0,2963987,0.7815681099891663
deepfloyd_if-i-xl-v1.0,2991302,-0.7779914736747742
deepfloyd_if-i-xl-v1.0,3024209,-0.26188063621520996
deepfloyd_if-i-xl-v1.0,3035832,0.7953556776046753
deepfloyd_if-i-xl-v1.0,3049457,-0.6137365102767944
deepfloyd_if-i-xl-v1.0,3107488,0.8628811240196228
deepfloyd_if-i-xl-v1.0,3131388,-0.5359045267105103
deepfloyd_if-i-xl-v1.0,3131669,-0.4828870892524719
deepfloyd_if-i-xl-v1.0,3152830,0.30338361859321594
deepfloyd_if-i-xl-v1.0,3249569,0.9458468556404114
deepfloyd_if-i-xl-v1.0,3262349,0.45942482352256775
deepfloyd_if-i-xl-v1.0,3288500,-0.5562710165977478
deepfloyd_if-i-xl-v1.0,3298716,1.2080165147781372
deepfloyd_if-i-xl-v1.0,3308246,1.1020691394805908
deepfloyd_if-i-xl-v1.0,3309110,-0.9709857106208801
deepfloyd_if-i-xl-v1.0,3347220,0.8623213768005371
deepfloyd_if-i-xl-v1.0,3353281,-0.11687318980693817
deepfloyd_if-i-xl-v1.0,3366112,-0.2004631608724594
deepfloyd_if-i-xl-v1.0,3411927,1.3059114217758179
deepfloyd_if-i-xl-v1.0,3456665,1.2474267482757568
deepfloyd_if-i-xl-v1.0,3563208,-0.46737492084503174
deepfloyd_if-i-xl-v1.0,3580281,-1.155234456062317
deepfloyd_if-i-xl-v1.0,3603442,0.9875455498695374
deepfloyd_if-i-xl-v1.0,3607029,0.8356659412384033
deepfloyd_if-i-xl-v1.0,3628071,-1.1187328100204468
deepfloyd_if-i-xl-v1.0,3630383,1.861189365386963
deepfloyd_if-i-xl-v1.0,3676483,1.186165452003479
deepfloyd_if-i-xl-v1.0,3679712,-0.05188700184226036
deepfloyd_if-i-xl-v1.0,3685307,0.5310520529747009
deepfloyd_if-i-xl-v1.0,3703463,0.4455757141113281
deepfloyd_if-i-xl-v1.0,3714235,1.1570016145706177
deepfloyd_if-i-xl-v1.0,3728318,-0.24643447995185852
deepfloyd_if-i-xl-v1.0,3748162,0.23886820673942566
deepfloyd_if-i-xl-v1.0,3764276,1.1996525526046753
deepfloyd_if-i-xl-v1.0,3818090,-0.12284963577985764
deepfloyd_if-i-xl-v1.0,3842156,1.0262534618377686
deepfloyd_if-i-xl-v1.0,3880032,-0.5478041172027588
deepfloyd_if-i-xl-v1.0,3889343,-0.3094175159931183
deepfloyd_if-i-xl-v1.0,3907654,0.28362974524497986
deepfloyd_if-i-xl-v1.0,3940713,0.12080707401037216
deepfloyd_if-i-xl-v1.0,3975232,0.17025145888328552
deepfloyd_if-i-xl-v1.0,3982060,0.15543897449970245
deepfloyd_if-i-xl-v1.0,3990474,0.5820631980895996
deepfloyd_if-i-xl-v1.0,4010305,0.1813911497592926
deepfloyd_if-i-xl-v1.0,4025130,0.6391875743865967
deepfloyd_if-i-xl-v1.0,4062807,1.315056324005127
deepfloyd_if-i-xl-v1.0,4123448,0.0968596413731575
deepfloyd_if-i-xl-v1.0,4125853,-0.036957792937755585
deepfloyd_if-i-xl-v1.0,4140340,0.9753040075302124
deepfloyd_if-i-xl-v1.0,4145056,0.9656496047973633
deepfloyd_if-i-xl-v1.0,4192521,0.34855717420578003
deepfloyd_if-i-xl-v1.0,4259202,-1.342889428138733
deepfloyd_if-i-xl-v1.0,4285773,-0.5444195866584778
deepfloyd_if-i-xl-v1.0,4345028,0.653123676776886
deepfloyd_if-i-xl-v1.0,4387201,1.626644492149353
deepfloyd_if-i-xl-v1.0,4416901,-0.37757840752601624
deepfloyd_if-i-xl-v1.0,4455579,0.9234700798988342
deepfloyd_if-i-xl-v1.0,4497570,0.6365031003952026
deepfloyd_if-i-xl-v1.0,4534520,-1.3036961555480957
deepfloyd_if-i-xl-v1.0,4539203,0.26945948600769043
deepfloyd_if-i-xl-v1.0,4552551,-0.18956932425498962
deepfloyd_if-i-xl-v1.0,4596797,0.13441266119480133
deepfloyd_if-i-xl-v1.0,4832208,-0.42392298579216003
deepfloyd_if-i-xl-v1.0,4930139,-0.025954991579055786
deepfloyd_if-i-xl-v1.0,5008085,-0.7585465908050537
deepfloyd_if-i-xl-v1.0,5219923,0.8158854246139526
deepfloyd_if-i-xl-v1.0,5316083,-1.216316819190979
deepfloyd_if-i-xl-v1.0,5350912,-0.7901504039764404
deepfloyd_if-i-xl-v1.0,5374860,1.2755783796310425
deepfloyd_if-i-xl-v1.0,5410315,-0.2700618803501129
deepfloyd_if-i-xl-v1.0,5522784,-0.5920456051826477
deepfloyd_if-i-xl-v1.0,5728577,0.3377179801464081
deepfloyd_if-i-xl-v1.0,5752544,-0.041837964206933975
deepfloyd_if-i-xl-v1.0,5794797,0.984302818775177
deepfloyd_if-i-xl-v1.0,5895919,0.7143265008926392
deepfloyd_if-i-xl-v1.0,5958517,-0.11132499575614929
deepfloyd_if-i-xl-v1.0,6189776,0.5914799571037292
deepfloyd_if-i-xl-v1.0,6528587,-0.7551029324531555
deepfloyd_if-i-xl-v1.0,6584891,0.08020985871553421
deepfloyd_if-i-xl-v1.0,6586355,0.3300377428531647
deepfloyd_if-i-xl-v1.0,6607809,-0.20008641481399536
deepfloyd_if-i-xl-v1.0,6615026,0.05646501109004021
deepfloyd_if-i-xl-v1.0,6615458,0.10468905419111252
deepfloyd_if-i-xl-v1.0,6615818,-0.04780859127640724
deepfloyd_if-i-xl-v1.0,6616314,-0.7874417901039124
deepfloyd_if-i-xl-v1.0,6617011,-0.5006667971611023
deepfloyd_if-i-xl-v1.0,6617413,-1.0480495691299438
deepfloyd_if-i-xl-v1.0,6729499,0.39604708552360535
deepfloyd_if-i-xl-v1.0,6880664,0.8148024678230286
deepfloyd_if-i-xl-v1.0,6883725,-0.528913676738739
deepfloyd_if-i-xl-v1.0,6946774,-1.5308762788772583
deepfloyd_if-i-xl-v1.0,7025268,0.9306561350822449
deepfloyd_if-i-xl-v1.0,7109847,0.09460132569074631
deepfloyd_if-i-xl-v1.0,7116261,0.7703678607940674
deepfloyd_if-i-xl-v1.0,7150023,0.4064715802669525
deepfloyd_if-i-xl-v1.0,7163803,-0.27701622247695923
deepfloyd_if-i-xl-v1.0,7507098,-0.7942841053009033
deepfloyd_if-i-xl-v1.0,7596684,0.08835859596729279
deepfloyd_if-i-xl-v1.0,7597365,0.749293863773346
deepfloyd_if-i-xl-v1.0,7601809,0.09443581104278564
deepfloyd_if-i-xl-v1.0,7605282,1.0126161575317383
deepfloyd_if-i-xl-v1.0,7606419,-0.9458982944488525
deepfloyd_if-i-xl-v1.0,7607707,-0.319517582654953
deepfloyd_if-i-xl-v1.0,7608721,0.9942955374717712
deepfloyd_if-i-xl-v1.0,7625977,0.6308294534683228
deepfloyd_if-i-xl-v1.0,7626721,0.5934648513793945
deepfloyd_if-i-xl-v1.0,7626833,1.013892650604248
deepfloyd_if-i-xl-v1.0,7627310,1.2470109462738037
deepfloyd_if-i-xl-v1.0,7651454,0.7357005476951599
deepfloyd_if-i-xl-v1.0,7654438,0.9673038125038147
deepfloyd_if-i-xl-v1.0,7664468,-0.2410081923007965
deepfloyd_if-i-xl-v1.0,7698915,0.4929472804069519
deepfloyd_if-i-xl-v1.0,7700167,1.0885560512542725
deepfloyd_if-i-xl-v1.0,7700868,0.9875648021697998
deepfloyd_if-i-xl-v1.0,7701244,1.3937573432922363
deepfloyd_if-i-xl-v1.0,7702193,1.430716872215271
deepfloyd_if-i-xl-v1.0,7710616,0.3699876666069031
deepfloyd_if-i-xl-v1.0,7834065,-1.4039405584335327
deepfloyd_if-i-xl-v1.0,7854266,1.3930503129959106
deepfloyd_if-i-xl-v1.0,7854455,0.40221384167671204
deepfloyd_if-i-xl-v1.0,7871940,1.5319334268569946
deepfloyd_if-i-xl-v1.0,7891189,0.5942496061325073
deepfloyd_if-i-xl-v1.0,7897116,0.3262169659137726
deepfloyd_if-i-xl-v1.0,7914271,0.7298927307128906
deepfloyd_if-i-xl-v1.0,7922764,1.2269816398620605
deepfloyd_if-i-xl-v1.0,7929519,0.610663890838623
deepfloyd_if-i-xl-v1.0,7933274,0.019401686266064644
deepfloyd_if-i-xl-v1.0,7933530,1.230045199394226
deepfloyd_if-i-xl-v1.0,8089797,1.1530920267105103
deepfloyd_if-i-xl-v1.0,8095160,-0.19405850768089294
deepfloyd_if-i-xl-v1.0,8124208,-0.7141939997673035
deepfloyd_if-i-xl-v1.0,8339939,0.8930230736732483
deepfloyd_if-i-xl-v1.0,8876291,-0.03670923039317131
deepfloyd_if-i-xl-v1.0,9020389,1.5497157573699951
deepfloyd_if-i-xl-v1.0,9044146,-0.5036094784736633
deepfloyd_if-i-xl-v1.0,9057052,-1.1320109367370605
deepfloyd_if-i-xl-v1.0,9427682,-1.1882175207138062
deepfloyd_if-i-xl-v1.0,9580065,1.372544527053833
deepfloyd_if-i-xl-v1.0,9719434,1.2843083143234253
deepfloyd_if-i-xl-v1.0,9793248,1.7349913120269775
deepfloyd_if-i-xl-v1.0,9794211,0.27564725279808044
deepfloyd_if-i-xl-v1.0,9862621,0.8271388411521912
deepfloyd_if-i-xl-v1.0,9875188,-0.09126367419958115
deepfloyd_if-i-xl-v1.0,9984659,0.5237041115760803
deepfloyd_if-i-xl-v1.0,10012874,-0.5543133020401001
deepfloyd_if-i-xl-v1.0,10024569,-0.9805022478103638
deepfloyd_if-i-xl-v1.0,10080493,-0.3787144720554352
deepfloyd_if-i-xl-v1.0,10106452,-0.6608043909072876
deepfloyd_if-i-xl-v1.0,10198409,-1.5911166667938232
deepfloyd_if-i-xl-v1.0,10333317,0.6059730648994446
deepfloyd_if-i-xl-v1.0,10408552,0.6839157938957214
deepfloyd_if-i-xl-v1.0,10444677,-0.1429172307252884
deepfloyd_if-i-xl-v1.0,10453357,-0.6828503608703613
deepfloyd_if-i-xl-v1.0,10548623,-0.21973392367362976
deepfloyd_if-i-xl-v1.0,10572128,-0.09415604174137115
deepfloyd_if-i-xl-v1.0,10794014,1.0475764274597168
deepfloyd_if-i-xl-v1.0,10939743,0.7100479602813721
deepfloyd_if-i-xl-v1.0,11039909,-1.2612640857696533
deepfloyd_if-i-xl-v1.0,11334088,0.7063932418823242
deepfloyd_if-i-xl-v1.0,11417672,0.7944122552871704
deepfloyd_if-i-xl-v1.0,11437577,-0.11192503571510315
deepfloyd_if-i-xl-v1.0,11460338,0.1886117309331894
deepfloyd_if-i-xl-v1.0,12345739,-0.13698744773864746
deepfloyd_if-i-xl-v1.0,12402348,0.18705934286117554
deepfloyd_if-i-xl-v1.0,13221529,-0.35697007179260254
deepfloyd_if-i-xl-v1.0,13290566,-0.22936347126960754
deepfloyd_if-i-xl-v1.0,13389475,1.416807770729065
deepfloyd_if-i-xl-v1.0,13390139,0.6135726571083069
deepfloyd_if-i-xl-v1.0,13390405,0.6563779711723328
deepfloyd_if-i-xl-v1.0,13392786,0.37427955865859985
deepfloyd_if-i-xl-v1.0,13649361,-1.3780921697616577
deepfloyd_if-i-xl-v1.0,13716878,-0.4922315776348114
deepfloyd_if-i-xl-v1.0,13884740,-0.35757407546043396
deepfloyd_if-i-xl-v1.0,13915305,0.9357981085777283
deepfloyd_if-i-xl-v1.0,13931145,-0.8691022992134094
deepfloyd_if-i-xl-v1.0,13984082,-0.10130210965871811
deepfloyd_if-i-xl-v1.0,14140678,0.3236315846443176
deepfloyd_if-i-xl-v1.0,14195315,0.36078912019729614
deepfloyd_if-i-xl-v1.0,14294568,0.11927629262208939
deepfloyd_if-i-xl-v1.0,14320813,-0.11589770019054413
deepfloyd_if-i-xl-v1.0,14360436,-1.2184314727783203
deepfloyd_if-i-xl-v1.0,14488317,0.03269939497113228
deepfloyd_if-i-xl-v1.0,14533937,0.39812788367271423
deepfloyd_if-i-xl-v1.0,14550987,0.03609205037355423
deepfloyd_if-i-xl-v1.0,14579933,-1.3680778741836548
deepfloyd_if-i-xl-v1.0,14606290,0.07295326143503189
deepfloyd_if-i-xl-v1.0,14620257,-0.05450356751680374
deepfloyd_if-i-xl-v1.0,14632648,0.5906357169151306
deepfloyd_if-i-xl-v1.0,14647235,1.0677645206451416
deepfloyd_if-i-xl-v1.0,14654954,-0.41926655173301697
deepfloyd_if-i-xl-v1.0,14686352,-0.8093671798706055
deepfloyd_if-i-xl-v1.0,14702875,-1.0268595218658447
deepfloyd_if-i-xl-v1.0,14703190,-1.5935417413711548
deepfloyd_if-i-xl-v1.0,14807929,-0.13100692629814148
deepfloyd_if-i-xl-v1.0,14809057,0.33414918184280396
deepfloyd_if-i-xl-v1.0,14867690,-0.464383602142334
deepfloyd_if-i-xl-v1.0,14872875,-0.28664204478263855
deepfloyd_if-i-xl-v1.0,14880557,0.3456408977508545
deepfloyd_if-i-xl-v1.0,14894140,-1.14644455909729
deepfloyd_if-i-xl-v1.0,15180934,-0.603432297706604
deepfloyd_if-i-xl-v1.0,15970145,-0.861522376537323
deepfloyd_if-i-xl-v1.0,17002912,-0.18715158104896545
deepfloyd_if-i-xl-v1.0,17012379,1.1954103708267212
deepfloyd_if-i-xl-v1.0,17282800,1.0506139993667603
deepfloyd_if-i-xl-v1.0,17925539,-0.4557242691516876
deepfloyd_if-i-xl-v1.0,18367104,0.5440608859062195
deepfloyd_if-i-xl-v1.0,18758723,-1.378208875656128
deepfloyd_if-i-xl-v1.0,19143128,0.07065032422542572
deepfloyd_if-i-xl-v1.0,19671124,0.26808273792266846
deepfloyd_if-i-xl-v1.0,19855707,-1.2539297342300415
deepfloyd_if-i-xl-v1.0,19893872,0.4970701336860657
deepfloyd_if-i-xl-v1.0,20017667,0.34551873803138733
deepfloyd_if-i-xl-v1.0,20128079,-0.3072590231895447
deepfloyd_if-i-xl-v1.0,20471134,-0.17759521305561066
deepfloyd_if-i-xl-v1.0,20495093,-0.07668008655309677
deepfloyd_if-i-xl-v1.0,20782430,-0.2084115743637085
deepfloyd_if-i-xl-v1.0,21377549,-0.8018516302108765
deepfloyd_if-i-xl-v1.0,21564446,0.24162758886814117
deepfloyd_if-i-xl-v1.0,21620388,-0.3425601124763489
deepfloyd_if-i-xl-v1.0,22149540,-1.0566381216049194
deepfloyd_if-i-xl-v1.0,22738759,-2.12247633934021
deepfloyd_if-i-xl-v1.0,22767176,0.2595398724079132
deepfloyd_if-i-xl-v1.0,23129661,-1.089627981185913
deepfloyd_if-i-xl-v1.0,23185551,0.437787264585495
deepfloyd_if-i-xl-v1.0,23232427,-0.7778452038764954
deepfloyd_if-i-xl-v1.0,23257851,-1.8346900939941406
deepfloyd_if-i-xl-v1.0,23620789,0.08565537631511688
deepfloyd_if-i-xl-v1.0,24808131,-0.5457026362419128
deepfloyd_if-i-xl-v1.0,24843217,-1.2222380638122559
deepfloyd_if-i-xl-v1.0,24933378,1.349622368812561
deepfloyd_if-i-xl-v1.0,24942232,0.13621941208839417
deepfloyd_if-i-xl-v1.0,25290589,-0.23698700964450836
deepfloyd_if-i-xl-v1.0,25579216,-0.4462893605232239
deepfloyd_if-i-xl-v1.0,25685207,-1.707322359085083
deepfloyd_if-i-xl-v1.0,25776594,0.4830528199672699
deepfloyd_if-i-xl-v1.0,26078214,-0.3729623556137085
deepfloyd_if-i-xl-v1.0,26746434,0.37433096766471863
deepfloyd_if-i-xl-v1.0,26998039,-0.7105430364608765
deepfloyd_if-i-xl-v1.0,27106238,-0.15949387848377228
deepfloyd_if-i-xl-v1.0,27246777,-0.5097043514251709
deepfloyd_if-i-xl-v1.0,27768637,-0.7922911643981934
deepfloyd_if-i-xl-v1.0,27871992,0.36676424741744995
deepfloyd_if-i-xl-v1.0,28190972,-0.49807265400886536
deepfloyd_if-i-xl-v1.0,29094321,-0.06703980267047882
deepfloyd_if-i-xl-v1.0,29148617,0.5486182570457458
deepfloyd_if-i-xl-v1.0,29161294,0.3698408007621765
deepfloyd_if-i-xl-v1.0,29632917,0.04499763995409012
deepfloyd_if-i-xl-v1.0,29703209,0.16220912337303162
deepfloyd_if-i-xl-v1.0,29779486,0.9168594479560852
deepfloyd_if-i-xl-v1.0,30028757,-0.4981496334075928
deepfloyd_if-i-xl-v1.0,30225071,1.0670143365859985
deepfloyd_if-i-xl-v1.0,30373565,-1.0034135580062866
deepfloyd_if-i-xl-v1.0,30484086,-0.5821408033370972
deepfloyd_if-i-xl-v1.0,30883080,0.2035972625017166
deepfloyd_if-i-xl-v1.0,31114750,-1.6642930507659912
deepfloyd_if-i-xl-v1.0,31196176,-0.37868615984916687
deepfloyd_if-i-xl-v1.0,31391857,-0.14151033759117126
deepfloyd_if-i-xl-v1.0,31595142,0.12992314994335175
deepfloyd_if-i-xl-v1.0,32152786,-1.2096328735351562
deepfloyd_if-i-xl-v1.0,32327818,-0.7035191059112549
deepfloyd_if-i-xl-v1.0,32379732,1.1549183130264282
deepfloyd_if-i-xl-v1.0,32473966,-0.6171436905860901
deepfloyd_if-i-xl-v1.0,32902730,-0.3595805764198303
deepfloyd_if-i-xl-v1.0,32932491,-1.4259103536605835
deepfloyd_if-i-xl-v1.0,33006578,0.13786986470222473
deepfloyd_if-i-xl-v1.0,33478721,0.2181643396615982
deepfloyd_if-i-xl-v1.0,34475997,0.052146535366773605
deepfloyd_if-i-xl-v1.0,34578737,0.13837231695652008
deepfloyd_if-i-xl-v1.0,34773230,-1.6848417520523071
deepfloyd_if-i-xl-v1.0,36507085,-1.1839239597320557
deepfloyd_if-i-xl-v1.0,36678439,-0.6871359944343567
deepfloyd_if-i-xl-v1.0,37287360,0.2247639149427414
deepfloyd_if-i-xl-v1.0,37319253,0.765221357345581
deepfloyd_if-i-xl-v1.0,37547870,-0.11948822438716888
deepfloyd_if-i-xl-v1.0,37736408,-0.9039033651351929
deepfloyd_if-i-xl-v1.0,38014258,0.19221343100070953
deepfloyd_if-i-xl-v1.0,38297191,0.29111334681510925
deepfloyd_if-i-xl-v1.0,38402744,-0.4585232138633728
deepfloyd_if-i-xl-v1.0,38954086,-1.1194127798080444
deepfloyd_if-i-xl-v1.0,39139190,-0.8036023378372192
deepfloyd_if-i-xl-v1.0,39560404,0.08599705249071121
deepfloyd_if-i-xl-v1.0,39566065,1.7428561449050903
deepfloyd_if-i-xl-v1.0,39595218,0.649158775806427
deepfloyd_if-i-xl-v1.0,40825299,-1.008277177810669
deepfloyd_if-i-xl-v1.0,40945115,-1.376899242401123
deepfloyd_if-i-xl-v1.0,40995095,-0.9351285696029663
deepfloyd_if-i-xl-v1.0,41015844,-1.0717706680297852
deepfloyd_if-i-xl-v1.0,41031648,-0.09344819188117981
deepfloyd_if-i-xl-v1.0,41161074,0.3278396725654602
deepfloyd_if-i-xl-v1.0,41458919,-0.6552461981773376
deepfloyd_if-i-xl-v1.0,41565779,0.6064218282699585
deepfloyd_if-i-xl-v1.0,41766391,0.572833240032196
deepfloyd_if-i-xl-v1.0,41982710,0.6421759128570557
deepfloyd_if-i-xl-v1.0,42048260,0.03691421449184418
deepfloyd_if-i-xl-v1.0,42849420,-0.8982332348823547
deepfloyd_if-i-xl-v1.0,42931583,0.19210100173950195
deepfloyd_if-i-xl-v1.0,43060946,-1.0985628366470337
deepfloyd_if-i-xl-v1.0,43153800,-0.25887420773506165
deepfloyd_if-i-xl-v1.0,43161384,-0.6659359931945801
deepfloyd_if-i-xl-v1.0,43301379,-0.42570245265960693
deepfloyd_if-i-xl-v1.0,43304323,1.3487434387207031
deepfloyd_if-i-xl-v1.0,43367797,-0.24144254624843597
deepfloyd_if-i-xl-v1.0,43431032,0.41698822379112244
deepfloyd_if-i-xl-v1.0,43631801,0.29889747500419617
deepfloyd_if-i-xl-v1.0,43735560,0.8133964538574219
deepfloyd_if-i-xl-v1.0,43858443,0.1913883239030838
deepfloyd_if-i-xl-v1.0,43918624,-1.514048457145691
deepfloyd_if-i-xl-v1.0,44280552,-1.1609301567077637
deepfloyd_if-i-xl-v1.0,44295589,-0.7146715521812439
deepfloyd_if-i-xl-v1.0,44621915,-0.4962526261806488
deepfloyd_if-i-xl-v1.0,44645737,0.11855252832174301
deepfloyd_if-i-xl-v1.0,44838123,1.3959263563156128
deepfloyd_if-i-xl-v1.0,45258070,-0.17311884462833405
deepfloyd_if-i-xl-v1.0,45297641,-0.7171310782432556
deepfloyd_if-i-xl-v1.0,45418454,0.7839834094047546
deepfloyd_if-i-xl-v1.0,45564900,-1.9727743864059448
deepfloyd_if-i-xl-v1.0,46150029,-0.4938261806964874
deepfloyd_if-i-xl-v1.0,46394736,-0.756324291229248
deepfloyd_if-i-xl-v1.0,46673664,0.24539914727210999
deepfloyd_if-i-xl-v1.0,46994920,-0.1705767810344696
deepfloyd_if-i-xl-v1.0,47009060,-1.427324652671814
deepfloyd_if-i-xl-v1.0,47552953,1.5166438817977905
deepfloyd_if-i-xl-v1.0,47595220,-0.6110764741897583
deepfloyd_if-i-xl-v1.0,47819321,0.5551061630249023
deepfloyd_if-i-xl-v1.0,48223384,0.5340926051139832
deepfloyd_if-i-xl-v1.0,48351897,0.8176890015602112
deepfloyd_if-i-xl-v1.0,48754831,-1.0441712141036987
deepfloyd_if-i-xl-v1.0,49054805,0.5186290740966797
deepfloyd_if-i-xl-v1.0,49089576,0.4525854289531708
deepfloyd_if-i-xl-v1.0,49300740,0.17542944848537445
deepfloyd_if-i-xl-v1.0,49358811,-1.5015382766723633
deepfloyd_if-i-xl-v1.0,49462954,-0.10128705203533173
deepfloyd_if-i-xl-v1.0,50262859,0.5548971891403198
deepfloyd_if-i-xl-v1.0,50871471,0.05008571594953537
deepfloyd_if-i-xl-v1.0,50952217,0.47808146476745605
deepfloyd_if-i-xl-v1.0,51060824,0.1611267477273941
deepfloyd_if-i-xl-v1.0,51314050,1.41017484664917
deepfloyd_if-i-xl-v1.0,51946990,-0.470580130815506
deepfloyd_if-i-xl-v1.0,52325745,-1.2422088384628296
deepfloyd_if-i-xl-v1.0,52474100,0.12429556995630264
deepfloyd_if-i-xl-v1.0,52516409,-0.6090666651725769
deepfloyd_if-i-xl-v1.0,52711595,-0.8475524187088013
deepfloyd_if-i-xl-v1.0,53022028,-1.8374550342559814
deepfloyd_if-i-xl-v1.0,53205877,-1.3721809387207031
deepfloyd_if-i-xl-v1.0,53288018,-0.8127270936965942
deepfloyd_if-i-xl-v1.0,53443611,0.9987046122550964
deepfloyd_if-i-xl-v1.0,53815934,-0.058944933116436005
deepfloyd_if-i-xl-v1.0,54495173,-0.10974371433258057
deepfloyd_if-i-xl-v1.0,54931507,0.09905411303043365
deepfloyd_if-i-xl-v1.0,55191509,-0.8087571263313293
deepfloyd_if-i-xl-v1.0,55255145,0.40063121914863586
deepfloyd_if-i-xl-v1.0,55457672,-1.015590786933899
deepfloyd_if-i-xl-v1.0,55588327,-0.8260087966918945
deepfloyd_if-i-xl-v1.0,55653646,0.31796765327453613
deepfloyd_if-i-xl-v1.0,55658809,-0.45065462589263916
deepfloyd_if-i-xl-v1.0,55812974,0.3354648947715759
deepfloyd_if-i-xl-v1.0,55819553,1.4122081995010376
deepfloyd_if-i-xl-v1.0,55826966,-1.6203709840774536
deepfloyd_if-i-xl-v1.0,55983905,-0.8254847526550293
deepfloyd_if-i-xl-v1.0,56074056,-0.46277952194213867
deepfloyd_if-i-xl-v1.0,56112588,0.13579441606998444
deepfloyd_if-i-xl-v1.0,56121520,0.1483142077922821
deepfloyd_if-i-xl-v1.0,56250900,0.9548156261444092
deepfloyd_if-i-xl-v1.0,56458800,1.1530300378799438
deepfloyd_if-i-xl-v1.0,56792430,0.9285097122192383
deepfloyd_if-i-xl-v1.0,56982260,-0.044226400554180145
deepfloyd_if-i-xl-v1.0,57673976,-0.38676342368125916
deepfloyd_if-i-xl-v1.0,57716963,0.6612984538078308
deepfloyd_if-i-xl-v1.0,57729980,-1.2093838453292847
deepfloyd_if-i-xl-v1.0,57785005,-0.24221143126487732
deepfloyd_if-i-xl-v1.0,57873614,-0.12921589612960815
deepfloyd_if-i-xl-v1.0,58727024,-0.9112437963485718
deepfloyd_if-i-xl-v1.0,58761464,-1.7259433269500732
deepfloyd_if-i-xl-v1.0,59399259,0.3091103434562683
deepfloyd_if-i-xl-v1.0,59976859,0.04359998553991318
deepfloyd_if-i-xl-v1.0,60083345,0.2058393359184265
deepfloyd_if-i-xl-v1.0,60214770,0.17744316160678864
deepfloyd_if-i-xl-v1.0,60215376,-0.5415416359901428
deepfloyd_if-i-xl-v1.0,60375309,-0.06731428951025009
deepfloyd_if-i-xl-v1.0,60606896,0.09218911081552505
deepfloyd_if-i-xl-v1.0,60668084,-0.3285060524940491
deepfloyd_if-i-xl-v1.0,61035709,-0.7111339569091797
deepfloyd_if-i-xl-v1.0,61388266,-0.26930004358291626
deepfloyd_if-i-xl-v1.0,61627313,-0.5913456678390503
deepfloyd_if-i-xl-v1.0,61635816,-0.44122228026390076
deepfloyd_if-i-xl-v1.0,61853324,0.6978801488876343
deepfloyd_if-i-xl-v1.0,62408818,0.32243916392326355
deepfloyd_if-i-xl-v1.0,62841330,-0.04611596092581749
deepfloyd_if-i-xl-v1.0,63015570,-0.41980862617492676
deepfloyd_if-i-xl-v1.0,63336441,-0.9589883685112
deepfloyd_if-i-xl-v1.0,63633117,0.7739740014076233
deepfloyd_if-i-xl-v1.0,64576544,-1.1935676336288452
deepfloyd_if-i-xl-v1.0,64687077,0.1888306885957718
deepfloyd_if-i-xl-v1.0,64693533,1.0468302965164185
deepfloyd_if-i-xl-v1.0,64856142,0.5836398005485535
deepfloyd_if-i-xl-v1.0,65411270,-0.9151108860969543
deepfloyd_if-i-xl-v1.0,65557844,-0.18417786061763763
deepfloyd_if-i-xl-v1.0,65824677,0.2798215448856354
deepfloyd_if-i-xl-v1.0,65890875,-0.2186896651983261
deepfloyd_if-i-xl-v1.0,65960228,0.019340256229043007
deepfloyd_if-i-xl-v1.0,66668538,0.5797247290611267
deepfloyd_if-i-xl-v1.0,67344811,-0.24542266130447388
deepfloyd_if-i-xl-v1.0,67949798,1.0157724618911743
deepfloyd_if-i-xl-v1.0,68246844,-0.29712745547294617
deepfloyd_if-i-xl-v1.0,68280322,-0.7756491899490356
deepfloyd_if-i-xl-v1.0,68321683,0.4535527229309082
deepfloyd_if-i-xl-v1.0,68380669,-0.17396439611911774
deepfloyd_if-i-xl-v1.0,68575085,0.1797444075345993
deepfloyd_if-i-xl-v1.0,70380966,-0.9428597092628479
deepfloyd_if-i-xl-v1.0,70494671,-0.5195464491844177
deepfloyd_if-i-xl-v1.0,71055464,-1.854581594467163
deepfloyd_if-i-xl-v1.0,71591839,-1.2073707580566406
deepfloyd_if-i-xl-v1.0,71828875,-0.38180577754974365
deepfloyd_if-i-xl-v1.0,71910823,0.15577653050422668
deepfloyd_if-i-xl-v1.0,71959499,-1.7372132539749146
deepfloyd_if-i-xl-v1.0,72432241,0.7536879777908325
deepfloyd_if-i-xl-v1.0,72553814,0.23169706761837006
deepfloyd_if-i-xl-v1.0,73051579,-0.2719555199146271
deepfloyd_if-i-xl-v1.0,73600586,-0.17931535840034485
deepfloyd_if-i-xl-v1.0,73616417,0.2477271854877472
deepfloyd_if-i-xl-v1.0,73681289,1.3822962045669556
deepfloyd_if-i-xl-v1.0,73962724,-0.9682431817054749
deepfloyd_if-i-xl-v1.0,74175857,0.12398648262023926
deepfloyd_if-i-xl-v1.0,75051801,-0.8827069401741028
deepfloyd_if-i-xl-v1.0,75787772,-0.24677465856075287
deepfloyd_if-i-xl-v1.0,75944980,-1.159476399421692
deepfloyd_if-i-xl-v1.0,75964288,-0.4897652268409729
deepfloyd_if-i-xl-v1.0,76066166,-0.8457822203636169
deepfloyd_if-i-xl-v1.0,76100398,0.5988278985023499
deepfloyd_if-i-xl-v1.0,76425345,0.09428346902132034
deepfloyd_if-i-xl-v1.0,77106105,0.4459756910800934
deepfloyd_if-i-xl-v1.0,77132310,0.25948792695999146
deepfloyd_if-i-xl-v1.0,77232534,-1.3736733198165894
deepfloyd_if-i-xl-v1.0,77312726,-0.2024269700050354
deepfloyd_if-i-xl-v1.0,77358840,0.41346558928489685
deepfloyd_if-i-xl-v1.0,77490593,-0.7085493803024292
deepfloyd_if-i-xl-v1.0,77726888,0.379848837852478
deepfloyd_if-i-xl-v1.0,78735978,-0.4744859039783478
deepfloyd_if-i-xl-v1.0,79077085,-1.1132981777191162
deepfloyd_if-i-xl-v1.0,79212243,0.4922630190849304
deepfloyd_if-i-xl-v1.0,79606917,-1.065908670425415
deepfloyd_if-i-xl-v1.0,79918827,1.200395941734314
deepfloyd_if-i-xl-v1.0,80289373,0.4785112142562866
deepfloyd_if-i-xl-v1.0,80371125,0.7773829698562622
deepfloyd_if-i-xl-v1.0,80540387,-0.9271154403686523
deepfloyd_if-i-xl-v1.0,81135077,-0.6491624116897583
deepfloyd_if-i-xl-v1.0,81303945,-1.4146599769592285
deepfloyd_if-i-xl-v1.0,81435593,0.6795337796211243
deepfloyd_if-i-xl-v1.0,82282590,-0.022654077038168907
deepfloyd_if-i-xl-v1.0,82696415,-1.3983263969421387
deepfloyd_if-i-xl-v1.0,82916016,-1.8396289348602295
deepfloyd_if-i-xl-v1.0,83084473,1.5952380895614624
deepfloyd_if-i-xl-v1.0,83418847,0.337257444858551
deepfloyd_if-i-xl-v1.0,84089324,-1.23884117603302
deepfloyd_if-i-xl-v1.0,84306831,-0.42764049768447876
deepfloyd_if-i-xl-v1.0,84510135,-0.39629578590393066
deepfloyd_if-i-xl-v1.0,84788890,0.6129778027534485
deepfloyd_if-i-xl-v1.0,84985982,0.506594181060791
deepfloyd_if-i-xl-v1.0,85191733,-0.5874294638633728
deepfloyd_if-i-xl-v1.0,86119145,-0.015891460701823235
deepfloyd_if-i-xl-v1.0,86340862,-0.07026349008083344
deepfloyd_if-i-xl-v1.0,86341828,-0.5647898316383362
deepfloyd_if-i-xl-v1.0,86537356,0.32822123169898987
deepfloyd_if-i-xl-v1.0,86701636,0.5333123803138733
deepfloyd_if-i-xl-v1.0,86714939,0.4562181532382965
deepfloyd_if-i-xl-v1.0,87574583,-0.7837479114532471
deepfloyd_if-i-xl-v1.0,87699711,0.33680516481399536
deepfloyd_if-i-xl-v1.0,88016571,-0.13691866397857666
deepfloyd_if-i-xl-v1.0,88087492,0.3988386392593384
deepfloyd_if-i-xl-v1.0,89227603,0.25051259994506836
deepfloyd_if-i-xl-v1.0,89539854,-1.5879981517791748
deepfloyd_if-i-xl-v1.0,89926787,-0.3775317072868347
deepfloyd_if-i-xl-v1.0,90244932,0.369610995054245
deepfloyd_if-i-xl-v1.0,90493027,-1.1008790731430054
deepfloyd_if-i-xl-v1.0,90613035,-0.5947971940040588
deepfloyd_if-i-xl-v1.0,91368797,0.08178170770406723
deepfloyd_if-i-xl-v1.0,91784299,0.8584603071212769
deepfloyd_if-i-xl-v1.0,91790573,0.9787694215774536
deepfloyd_if-i-xl-v1.0,91834546,-1.3365297317504883
deepfloyd_if-i-xl-v1.0,92068094,1.3078575134277344
deepfloyd_if-i-xl-v1.0,92311656,0.01683087646961212
deepfloyd_if-i-xl-v1.0,92709444,-0.058178648352622986
deepfloyd_if-i-xl-v1.0,93114575,1.2640308141708374
deepfloyd_if-i-xl-v1.0,93256557,0.43433254957199097
deepfloyd_if-i-xl-v1.0,93407716,-2.0008413791656494
deepfloyd_if-i-xl-v1.0,93436296,0.1389506608247757
deepfloyd_if-i-xl-v1.0,93512057,-1.2003705501556396
deepfloyd_if-i-xl-v1.0,94006560,-1.024872899055481
deepfloyd_if-i-xl-v1.0,94321535,-0.06131259724497795
deepfloyd_if-i-xl-v1.0,94532154,-0.3411446213722229
deepfloyd_if-i-xl-v1.0,95171107,-1.0212947130203247
deepfloyd_if-i-xl-v1.0,95228839,-0.6040900945663452
deepfloyd_if-i-xl-v1.0,95325441,-0.03776131197810173
deepfloyd_if-i-xl-v1.0,95450946,0.673633873462677
deepfloyd_if-i-xl-v1.0,95583911,0.900916337966919
deepfloyd_if-i-xl-v1.0,95718306,0.8695111870765686
deepfloyd_if-i-xl-v1.0,95737828,-0.32024067640304565
deepfloyd_if-i-xl-v1.0,96448597,-1.2220696210861206
deepfloyd_if-i-xl-v1.0,96482065,-1.0495821237564087
deepfloyd_if-i-xl-v1.0,96521920,-0.7773511409759521
deepfloyd_if-i-xl-v1.0,96850153,0.3751262128353119
deepfloyd_if-i-xl-v1.0,98113191,-0.47441384196281433
deepfloyd_if-i-xl-v1.0,98195317,0.2608144283294678
deepfloyd_if-i-xl-v1.0,98254655,1.4855281114578247
deepfloyd_if-i-xl-v1.0,98319500,-0.6175763607025146
deepfloyd_if-i-xl-v1.0,98642787,0.7305000424385071
deepfloyd_if-i-xl-v1.0,98646702,-0.8756566643714905
deepfloyd_if-i-xl-v1.0,98929226,-2.0719971656799316
deepfloyd_if-i-xl-v1.0,99178779,1.1832467317581177
deepfloyd_if-i-xl-v1.0,99185892,-0.1772318184375763
deepfloyd_if-i-xl-v1.0,99211012,0.1417749524116516
deepfloyd_if-i-xl-v1.0,99410560,0.8364193439483643
deepfloyd_if-i-xl-v1.0,99862294,0.21506476402282715
pixart-alpha_pixart-sigma-xl-2-512-ms,138508,1.146694540977478
pixart-alpha_pixart-sigma-xl-2-512-ms,192051,-1.369210958480835
pixart-alpha_pixart-sigma-xl-2-512-ms,213186,-1.1890575885772705
pixart-alpha_pixart-sigma-xl-2-512-ms,232386,-1.412060022354126
pixart-alpha_pixart-sigma-xl-2-512-ms,232765,-0.18318656086921692
pixart-alpha_pixart-sigma-xl-2-512-ms,258857,-0.2771572470664978
pixart-alpha_pixart-sigma-xl-2-512-ms,283090,0.41499876976013184
pixart-alpha_pixart-sigma-xl-2-512-ms,285141,0.32774853706359863
pixart-alpha_pixart-sigma-xl-2-512-ms,399030,0.2034192830324173
pixart-alpha_pixart-sigma-xl-2-512-ms,440189,-0.4348118305206299
pixart-alpha_pixart-sigma-xl-2-512-ms,445169,-1.0497536659240723
pixart-alpha_pixart-sigma-xl-2-512-ms,486490,-1.0749537944793701
pixart-alpha_pixart-sigma-xl-2-512-ms,487072,0.46131592988967896
pixart-alpha_pixart-sigma-xl-2-512-ms,487326,0.8359596133232117
pixart-alpha_pixart-sigma-xl-2-512-ms,489837,-1.5415887832641602
pixart-alpha_pixart-sigma-xl-2-512-ms,646833,0.7913821935653687
pixart-alpha_pixart-sigma-xl-2-512-ms,708860,-0.4152482748031616
pixart-alpha_pixart-sigma-xl-2-512-ms,717208,-0.23994380235671997
pixart-alpha_pixart-sigma-xl-2-512-ms,717468,0.9151461720466614
pixart-alpha_pixart-sigma-xl-2-512-ms,735254,-0.43588417768478394
pixart-alpha_pixart-sigma-xl-2-512-ms,762478,0.7945472002029419
pixart-alpha_pixart-sigma-xl-2-512-ms,825443,1.46692955493927
pixart-alpha_pixart-sigma-xl-2-512-ms,831919,-0.18289263546466827
pixart-alpha_pixart-sigma-xl-2-512-ms,896677,0.28445056080818176
pixart-alpha_pixart-sigma-xl-2-512-ms,936620,-0.03703426569700241
pixart-alpha_pixart-sigma-xl-2-512-ms,974367,-0.6980500221252441
pixart-alpha_pixart-sigma-xl-2-512-ms,993014,0.22413218021392822
pixart-alpha_pixart-sigma-xl-2-512-ms,995855,0.31214651465415955
pixart-alpha_pixart-sigma-xl-2-512-ms,1113367,-0.9892922639846802
pixart-alpha_pixart-sigma-xl-2-512-ms,1171644,0.994656503200531
pixart-alpha_pixart-sigma-xl-2-512-ms,1209135,-0.3432132601737976
pixart-alpha_pixart-sigma-xl-2-512-ms,1317294,0.5804843306541443
pixart-alpha_pixart-sigma-xl-2-512-ms,1317533,-0.06980103999376297
pixart-alpha_pixart-sigma-xl-2-512-ms,1321854,1.4109609127044678
pixart-alpha_pixart-sigma-xl-2-512-ms,1377758,0.18414200842380524
pixart-alpha_pixart-sigma-xl-2-512-ms,1474832,-0.1102379783987999
pixart-alpha_pixart-sigma-xl-2-512-ms,1516071,-0.2629445493221283
pixart-alpha_pixart-sigma-xl-2-512-ms,1566705,0.1719793677330017
pixart-alpha_pixart-sigma-xl-2-512-ms,1640855,-0.8141714334487915
pixart-alpha_pixart-sigma-xl-2-512-ms,1668603,-0.04222513735294342
pixart-alpha_pixart-sigma-xl-2-512-ms,1678990,1.707092523574829
pixart-alpha_pixart-sigma-xl-2-512-ms,1699831,1.4865443706512451
pixart-alpha_pixart-sigma-xl-2-512-ms,1707698,1.3494470119476318
pixart-alpha_pixart-sigma-xl-2-512-ms,1727942,1.4434287548065186
pixart-alpha_pixart-sigma-xl-2-512-ms,2045760,0.8955623507499695
pixart-alpha_pixart-sigma-xl-2-512-ms,2075049,1.073783040046692
pixart-alpha_pixart-sigma-xl-2-512-ms,2075764,1.2756052017211914
pixart-alpha_pixart-sigma-xl-2-512-ms,2241569,1.6194506883621216
pixart-alpha_pixart-sigma-xl-2-512-ms,2720725,-0.8026886582374573
pixart-alpha_pixart-sigma-xl-2-512-ms,2721160,-0.01465841569006443
pixart-alpha_pixart-sigma-xl-2-512-ms,2730265,0.22173254191875458
pixart-alpha_pixart-sigma-xl-2-512-ms,2744395,-1.5386650562286377
pixart-alpha_pixart-sigma-xl-2-512-ms,2770078,1.6006239652633667
pixart-alpha_pixart-sigma-xl-2-512-ms,2793684,-0.12168292701244354
pixart-alpha_pixart-sigma-xl-2-512-ms,2803666,1.008025050163269
pixart-alpha_pixart-sigma-xl-2-512-ms,2807731,-0.4579591453075409
pixart-alpha_pixart-sigma-xl-2-512-ms,2821943,0.504591703414917
pixart-alpha_pixart-sigma-xl-2-512-ms,2824319,-0.13947072625160217
pixart-alpha_pixart-sigma-xl-2-512-ms,2825442,-0.1135583445429802
pixart-alpha_pixart-sigma-xl-2-512-ms,2852043,0.08445955067873001
pixart-alpha_pixart-sigma-xl-2-512-ms,2870293,0.5423036813735962
pixart-alpha_pixart-sigma-xl-2-512-ms,2870880,1.2199530601501465
pixart-alpha_pixart-sigma-xl-2-512-ms,2923535,1.0926772356033325
pixart-alpha_pixart-sigma-xl-2-512-ms,2933112,1.3380608558654785
pixart-alpha_pixart-sigma-xl-2-512-ms,2963987,1.047636866569519
pixart-alpha_pixart-sigma-xl-2-512-ms,2991302,0.4559900164604187
pixart-alpha_pixart-sigma-xl-2-512-ms,3024209,-1.255279302597046
pixart-alpha_pixart-sigma-xl-2-512-ms,3035832,0.7174703478813171
pixart-alpha_pixart-sigma-xl-2-512-ms,3049457,0.6141631007194519
pixart-alpha_pixart-sigma-xl-2-512-ms,3107488,0.8139611482620239
pixart-alpha_pixart-sigma-xl-2-512-ms,3131388,0.10632871091365814
pixart-alpha_pixart-sigma-xl-2-512-ms,3131669,0.5501061677932739
pixart-alpha_pixart-sigma-xl-2-512-ms,3152830,0.9869363307952881
pixart-alpha_pixart-sigma-xl-2-512-ms,3249569,1.2911632061004639
pixart-alpha_pixart-sigma-xl-2-512-ms,3262349,0.91573566198349
pixart-alpha_pixart-sigma-xl-2-512-ms,3288500,1.2167880535125732
pixart-alpha_pixart-sigma-xl-2-512-ms,3298716,1.6017355918884277
pixart-alpha_pixart-sigma-xl-2-512-ms,3308246,0.5266031622886658
pixart-alpha_pixart-sigma-xl-2-512-ms,3309110,0.4577403664588928
pixart-alpha_pixart-sigma-xl-2-512-ms,3347220,-0.599837601184845
pixart-alpha_pixart-sigma-xl-2-512-ms,3353281,0.29741328954696655
pixart-alpha_pixart-sigma-xl-2-512-ms,3366112,0.05497844144701958
pixart-alpha_pixart-sigma-xl-2-512-ms,3411927,1.3085509538650513
pixart-alpha_pixart-sigma-xl-2-512-ms,3456665,0.8663594126701355
pixart-alpha_pixart-sigma-xl-2-512-ms,3563208,-1.2965630292892456
pixart-alpha_pixart-sigma-xl-2-512-ms,3580281,-1.1971687078475952
pixart-alpha_pixart-sigma-xl-2-512-ms,3603442,-0.11485673487186432
pixart-alpha_pixart-sigma-xl-2-512-ms,3607029,1.730823040008545
pixart-alpha_pixart-sigma-xl-2-512-ms,3628071,0.2946801483631134
pixart-alpha_pixart-sigma-xl-2-512-ms,3630383,1.6689651012420654
pixart-alpha_pixart-sigma-xl-2-512-ms,3676483,-0.46685636043548584
pixart-alpha_pixart-sigma-xl-2-512-ms,3679712,0.3390759229660034
pixart-alpha_pixart-sigma-xl-2-512-ms,3685307,1.0418106317520142
pixart-alpha_pixart-sigma-xl-2-512-ms,3703463,1.641599416732788
pixart-alpha_pixart-sigma-xl-2-512-ms,3714235,1.429542899131775
pixart-alpha_pixart-sigma-xl-2-512-ms,3728318,-0.27555957436561584
pixart-alpha_pixart-sigma-xl-2-512-ms,3748162,1.248816728591919
pixart-alpha_pixart-sigma-xl-2-512-ms,3764276,1.2902473211288452
pixart-alpha_pixart-sigma-xl-2-512-ms,3818090,-0.1363271325826645
pixart-alpha_pixart-sigma-xl-2-512-ms,3842156,0.762707531452179
pixart-alpha_pixart-sigma-xl-2-512-ms,3880032,1.261296272277832
pixart-alpha_pixart-sigma-xl-2-512-ms,3889343,0.8047715425491333
pixart-alpha_pixart-sigma-xl-2-512-ms,3907654,0.1340482234954834
pixart-alpha_pixart-sigma-xl-2-512-ms,3940713,0.02376198023557663
pixart-alpha_pixart-sigma-xl-2-512-ms,3975232,-0.06301187723875046
pixart-alpha_pixart-sigma-xl-2-512-ms,3982060,1.2536669969558716
pixart-alpha_pixart-sigma-xl-2-512-ms,3990474,1.6847398281097412
pixart-alpha_pixart-sigma-xl-2-512-ms,4010305,0.07347915321588516
pixart-alpha_pixart-sigma-xl-2-512-ms,4025130,0.7885696291923523
pixart-alpha_pixart-sigma-xl-2-512-ms,4062807,1.4002372026443481
pixart-alpha_pixart-sigma-xl-2-512-ms,4123448,0.0687912330031395
pixart-alpha_pixart-sigma-xl-2-512-ms,4125853,0.6557682752609253
pixart-alpha_pixart-sigma-xl-2-512-ms,4140340,1.6299432516098022
pixart-alpha_pixart-sigma-xl-2-512-ms,4145056,1.2935925722122192
pixart-alpha_pixart-sigma-xl-2-512-ms,4192521,-0.5067672729492188
pixart-alpha_pixart-sigma-xl-2-512-ms,4259202,-0.35675889253616333
pixart-alpha_pixart-sigma-xl-2-512-ms,4285773,-0.013384201563894749
pixart-alpha_pixart-sigma-xl-2-512-ms,4345028,0.7976167798042297
pixart-alpha_pixart-sigma-xl-2-512-ms,4387201,1.7163774967193604
pixart-alpha_pixart-sigma-xl-2-512-ms,4416901,0.248255655169487
pixart-alpha_pixart-sigma-xl-2-512-ms,4455579,0.9325078725814819
pixart-alpha_pixart-sigma-xl-2-512-ms,4497570,0.8115343451499939
pixart-alpha_pixart-sigma-xl-2-512-ms,4534520,0.3455490171909332
pixart-alpha_pixart-sigma-xl-2-512-ms,4539203,1.0282803773880005
pixart-alpha_pixart-sigma-xl-2-512-ms,4552551,1.134087085723877
pixart-alpha_pixart-sigma-xl-2-512-ms,4596797,0.3343360126018524
pixart-alpha_pixart-sigma-xl-2-512-ms,4832208,-0.4092288911342621
pixart-alpha_pixart-sigma-xl-2-512-ms,4930139,1.416518211364746
pixart-alpha_pixart-sigma-xl-2-512-ms,5008085,-0.6270344257354736
pixart-alpha_pixart-sigma-xl-2-512-ms,5219923,-0.9232596755027771
pixart-alpha_pixart-sigma-xl-2-512-ms,5316083,-0.635518491268158
pixart-alpha_pixart-sigma-xl-2-512-ms,5350912,-0.9117164611816406
pixart-alpha_pixart-sigma-xl-2-512-ms,5374860,0.8871020674705505
pixart-alpha_pixart-sigma-xl-2-512-ms,5410315,0.06059195473790169
pixart-alpha_pixart-sigma-xl-2-512-ms,5522784,-1.7807235717773438
pixart-alpha_pixart-sigma-xl-2-512-ms,5728577,-0.5438557863235474
pixart-alpha_pixart-sigma-xl-2-512-ms,5752544,0.9121863842010498
pixart-alpha_pixart-sigma-xl-2-512-ms,5794797,0.8472259044647217
pixart-alpha_pixart-sigma-xl-2-512-ms,5895919,1.625930666923523
pixart-alpha_pixart-sigma-xl-2-512-ms,5958517,-0.8005167245864868
pixart-alpha_pixart-sigma-xl-2-512-ms,6189776,0.32916852831840515
pixart-alpha_pixart-sigma-xl-2-512-ms,6528587,-0.802589476108551
pixart-alpha_pixart-sigma-xl-2-512-ms,6584891,-0.4669927656650543
pixart-alpha_pixart-sigma-xl-2-512-ms,6586355,-0.37331876158714294
pixart-alpha_pixart-sigma-xl-2-512-ms,6607809,-0.7376811504364014
pixart-alpha_pixart-sigma-xl-2-512-ms,6615026,0.05694068223237991
pixart-alpha_pixart-sigma-xl-2-512-ms,6615458,0.2721514403820038
pixart-alpha_pixart-sigma-xl-2-512-ms,6615818,0.5610558390617371
pixart-alpha_pixart-sigma-xl-2-512-ms,6616314,-0.219807431101799
pixart-alpha_pixart-sigma-xl-2-512-ms,6617011,-1.517249584197998
pixart-alpha_pixart-sigma-xl-2-512-ms,6617413,-0.13510547578334808
pixart-alpha_pixart-sigma-xl-2-512-ms,6729499,-0.6584442257881165
pixart-alpha_pixart-sigma-xl-2-512-ms,6880664,-0.021373646333813667
pixart-alpha_pixart-sigma-xl-2-512-ms,6883725,0.986865222454071
pixart-alpha_pixart-sigma-xl-2-512-ms,6946774,-0.1943453997373581
pixart-alpha_pixart-sigma-xl-2-512-ms,7025268,1.0414541959762573
pixart-alpha_pixart-sigma-xl-2-512-ms,7109847,-0.96418696641922
pixart-alpha_pixart-sigma-xl-2-512-ms,7116261,1.3822826147079468
pixart-alpha_pixart-sigma-xl-2-512-ms,7150023,0.4096253216266632
pixart-alpha_pixart-sigma-xl-2-512-ms,7163803,-1.9241056442260742
pixart-alpha_pixart-sigma-xl-2-512-ms,7507098,0.27420106530189514
pixart-alpha_pixart-sigma-xl-2-512-ms,7596684,0.6182723045349121
pixart-alpha_pixart-sigma-xl-2-512-ms,7597365,1.6004585027694702
pixart-alpha_pixart-sigma-xl-2-512-ms,7601809,0.7896909117698669
pixart-alpha_pixart-sigma-xl-2-512-ms,7605282,0.9463716149330139
pixart-alpha_pixart-sigma-xl-2-512-ms,7606419,0.6035202741622925
pixart-alpha_pixart-sigma-xl-2-512-ms,7607707,0.7193565964698792
pixart-alpha_pixart-sigma-xl-2-512-ms,7608721,1.803989291191101
pixart-alpha_pixart-sigma-xl-2-512-ms,7625977,1.166641354560852
pixart-alpha_pixart-sigma-xl-2-512-ms,7626721,1.3667970895767212
pixart-alpha_pixart-sigma-xl-2-512-ms,7626833,1.3145051002502441
pixart-alpha_pixart-sigma-xl-2-512-ms,7627310,1.5592682361602783
pixart-alpha_pixart-sigma-xl-2-512-ms,7651454,0.6156044006347656
pixart-alpha_pixart-sigma-xl-2-512-ms,7654438,0.976967990398407
pixart-alpha_pixart-sigma-xl-2-512-ms,7664468,-0.5866270065307617
pixart-alpha_pixart-sigma-xl-2-512-ms,7698915,0.6951370239257812
pixart-alpha_pixart-sigma-xl-2-512-ms,7700167,0.6342170238494873
pixart-alpha_pixart-sigma-xl-2-512-ms,7700868,0.9680249094963074
pixart-alpha_pixart-sigma-xl-2-512-ms,7701244,1.3773384094238281
pixart-alpha_pixart-sigma-xl-2-512-ms,7702193,1.5519118309020996
pixart-alpha_pixart-sigma-xl-2-512-ms,7710616,0.4041776657104492
pixart-alpha_pixart-sigma-xl-2-512-ms,7834065,-0.4947747588157654
pixart-alpha_pixart-sigma-xl-2-512-ms,7854266,0.9865230917930603
pixart-alpha_pixart-sigma-xl-2-512-ms,7854455,0.9143806099891663
pixart-alpha_pixart-sigma-xl-2-512-ms,7871940,1.783233880996704
pixart-alpha_pixart-sigma-xl-2-512-ms,7891189,1.29001784324646
pixart-alpha_pixart-sigma-xl-2-512-ms,7897116,0.8752260208129883
pixart-alpha_pixart-sigma-xl-2-512-ms,7914271,1.5653973817825317
pixart-alpha_pixart-sigma-xl-2-512-ms,7922764,1.52169930934906
pixart-alpha_pixart-sigma-xl-2-512-ms,7929519,1.0485445261001587
pixart-alpha_pixart-sigma-xl-2-512-ms,7933274,0.7650305032730103
pixart-alpha_pixart-sigma-xl-2-512-ms,7933530,1.2397396564483643
pixart-alpha_pixart-sigma-xl-2-512-ms,8089797,0.35138413310050964
pixart-alpha_pixart-sigma-xl-2-512-ms,8095160,0.5413605570793152
pixart-alpha_pixart-sigma-xl-2-512-ms,8124208,-0.528733491897583
pixart-alpha_pixart-sigma-xl-2-512-ms,8339939,-0.21269632875919342
pixart-alpha_pixart-sigma-xl-2-512-ms,8876291,0.6521875262260437
pixart-alpha_pixart-sigma-xl-2-512-ms,9020389,1.630452275276184
pixart-alpha_pixart-sigma-xl-2-512-ms,9044146,-1.2186108827590942
pixart-alpha_pixart-sigma-xl-2-512-ms,9057052,-1.0447821617126465
pixart-alpha_pixart-sigma-xl-2-512-ms,9427682,0.874251663684845
pixart-alpha_pixart-sigma-xl-2-512-ms,9580065,1.686932921409607
pixart-alpha_pixart-sigma-xl-2-512-ms,9719434,0.9067870378494263
pixart-alpha_pixart-sigma-xl-2-512-ms,9793248,1.8787517547607422
pixart-alpha_pixart-sigma-xl-2-512-ms,9794211,1.7403663396835327
pixart-alpha_pixart-sigma-xl-2-512-ms,9862621,0.5981912612915039
pixart-alpha_pixart-sigma-xl-2-512-ms,9875188,-1.4706239700317383
pixart-alpha_pixart-sigma-xl-2-512-ms,9984659,0.39466261863708496
pixart-alpha_pixart-sigma-xl-2-512-ms,10012874,-0.8345790505409241
pixart-alpha_pixart-sigma-xl-2-512-ms,10024569,-0.9954686760902405
pixart-alpha_pixart-sigma-xl-2-512-ms,10080493,0.17527496814727783
pixart-alpha_pixart-sigma-xl-2-512-ms,10106452,0.008070949465036392
pixart-alpha_pixart-sigma-xl-2-512-ms,10198409,-0.21820354461669922
pixart-alpha_pixart-sigma-xl-2-512-ms,10333317,0.5390650629997253
pixart-alpha_pixart-sigma-xl-2-512-ms,10408552,0.9252541661262512
pixart-alpha_pixart-sigma-xl-2-512-ms,10444677,0.713006317615509
pixart-alpha_pixart-sigma-xl-2-512-ms,10453357,1.7131747007369995
pixart-alpha_pixart-sigma-xl-2-512-ms,10548623,-0.7868626713752747
pixart-alpha_pixart-sigma-xl-2-512-ms,10572128,-0.31389060616493225
pixart-alpha_pixart-sigma-xl-2-512-ms,10794014,1.7488964796066284
pixart-alpha_pixart-sigma-xl-2-512-ms,10939743,0.8803799748420715
pixart-alpha_pixart-sigma-xl-2-512-ms,11039909,-0.05661141872406006
pixart-alpha_pixart-sigma-xl-2-512-ms,11334088,0.5468080639839172
pixart-alpha_pixart-sigma-xl-2-512-ms,11417672,0.4476783275604248
pixart-alpha_pixart-sigma-xl-2-512-ms,11437577,0.09927407652139664
pixart-alpha_pixart-sigma-xl-2-512-ms,11460338,-0.10144693404436111
pixart-alpha_pixart-sigma-xl-2-512-ms,12345739,-0.6457335352897644
pixart-alpha_pixart-sigma-xl-2-512-ms,12402348,0.36051109433174133
pixart-alpha_pixart-sigma-xl-2-512-ms,13221529,0.6909005045890808
pixart-alpha_pixart-sigma-xl-2-512-ms,13290566,-0.9199560880661011
pixart-alpha_pixart-sigma-xl-2-512-ms,13389475,0.17252500355243683
pixart-alpha_pixart-sigma-xl-2-512-ms,13390139,1.2049999237060547
pixart-alpha_pixart-sigma-xl-2-512-ms,13390405,1.3991045951843262
pixart-alpha_pixart-sigma-xl-2-512-ms,13392786,0.2112041860818863
pixart-alpha_pixart-sigma-xl-2-512-ms,13649361,-0.1531086564064026
pixart-alpha_pixart-sigma-xl-2-512-ms,13716878,-0.09363070130348206
pixart-alpha_pixart-sigma-xl-2-512-ms,13884740,-0.9083765149116516
pixart-alpha_pixart-sigma-xl-2-512-ms,13915305,0.6167541146278381
pixart-alpha_pixart-sigma-xl-2-512-ms,13931145,-0.7842943072319031
pixart-alpha_pixart-sigma-xl-2-512-ms,13984082,-0.2489974945783615
pixart-alpha_pixart-sigma-xl-2-512-ms,14140678,-1.245464563369751
pixart-alpha_pixart-sigma-xl-2-512-ms,14195315,0.3648584485054016
pixart-alpha_pixart-sigma-xl-2-512-ms,14294568,-1.5703318119049072
pixart-alpha_pixart-sigma-xl-2-512-ms,14320813,-0.3649846613407135
pixart-alpha_pixart-sigma-xl-2-512-ms,14360436,0.7026728987693787
pixart-alpha_pixart-sigma-xl-2-512-ms,14488317,-0.41710489988327026
pixart-alpha_pixart-sigma-xl-2-512-ms,14533937,-1.1830275058746338
pixart-alpha_pixart-sigma-xl-2-512-ms,14550987,0.400829941034317
pixart-alpha_pixart-sigma-xl-2-512-ms,14579933,-1.9062294960021973
pixart-alpha_pixart-sigma-xl-2-512-ms,14606290,0.21038173139095306
pixart-alpha_pixart-sigma-xl-2-512-ms,14620257,-2.0262420177459717
pixart-alpha_pixart-sigma-xl-2-512-ms,14632648,0.40973395109176636
pixart-alpha_pixart-sigma-xl-2-512-ms,14647235,-0.04029896855354309
pixart-alpha_pixart-sigma-xl-2-512-ms,14654954,-0.12397128343582153
pixart-alpha_pixart-sigma-xl-2-512-ms,14686352,-0.023802069947123528
pixart-alpha_pixart-sigma-xl-2-512-ms,14702875,-0.5579719543457031
pixart-alpha_pixart-sigma-xl-2-512-ms,14703190,-0.9903150796890259
pixart-alpha_pixart-sigma-xl-2-512-ms,14807929,-0.22955739498138428
pixart-alpha_pixart-sigma-xl-2-512-ms,14809057,0.4667429029941559
pixart-alpha_pixart-sigma-xl-2-512-ms,14867690,0.4632386267185211
pixart-alpha_pixart-sigma-xl-2-512-ms,14872875,-0.43116495013237
pixart-alpha_pixart-sigma-xl-2-512-ms,14880557,0.054136160761117935
pixart-alpha_pixart-sigma-xl-2-512-ms,14894140,-0.2816545367240906
pixart-alpha_pixart-sigma-xl-2-512-ms,15180934,0.07870223373174667
pixart-alpha_pixart-sigma-xl-2-512-ms,15970145,0.35181882977485657
pixart-alpha_pixart-sigma-xl-2-512-ms,17002912,-0.5030317306518555
pixart-alpha_pixart-sigma-xl-2-512-ms,17012379,1.1196646690368652
pixart-alpha_pixart-sigma-xl-2-512-ms,17282800,1.2141945362091064
pixart-alpha_pixart-sigma-xl-2-512-ms,17925539,0.7497425079345703
pixart-alpha_pixart-sigma-xl-2-512-ms,18367104,0.1947711706161499
pixart-alpha_pixart-sigma-xl-2-512-ms,18758723,-0.24305883049964905
pixart-alpha_pixart-sigma-xl-2-512-ms,19143128,0.2628170847892761
pixart-alpha_pixart-sigma-xl-2-512-ms,19671124,-1.3579436540603638
pixart-alpha_pixart-sigma-xl-2-512-ms,19855707,-1.196073055267334
pixart-alpha_pixart-sigma-xl-2-512-ms,19893872,0.88898766040802
pixart-alpha_pixart-sigma-xl-2-512-ms,20017667,0.5045648217201233
pixart-alpha_pixart-sigma-xl-2-512-ms,20128079,-0.030058270320296288
pixart-alpha_pixart-sigma-xl-2-512-ms,20471134,-0.25006431341171265
pixart-alpha_pixart-sigma-xl-2-512-ms,20495093,0.7248076796531677
pixart-alpha_pixart-sigma-xl-2-512-ms,20782430,0.31103506684303284
pixart-alpha_pixart-sigma-xl-2-512-ms,21377549,-0.11438911408185959
pixart-alpha_pixart-sigma-xl-2-512-ms,21564446,-0.9500467777252197
pixart-alpha_pixart-sigma-xl-2-512-ms,21620388,0.9169350862503052
pixart-alpha_pixart-sigma-xl-2-512-ms,22149540,-0.9338990449905396
pixart-alpha_pixart-sigma-xl-2-512-ms,22738759,-2.03261661529541
pixart-alpha_pixart-sigma-xl-2-512-ms,22767176,0.09097862988710403
pixart-alpha_pixart-sigma-xl-2-512-ms,23129661,-1.5970176458358765
pixart-alpha_pixart-sigma-xl-2-512-ms,23185551,0.4765515923500061
pixart-alpha_pixart-sigma-xl-2-512-ms,23232427,-0.17734098434448242
pixart-alpha_pixart-sigma-xl-2-512-ms,23257851,-0.30160075426101685
pixart-alpha_pixart-sigma-xl-2-512-ms,23620789,0.7020652294158936
pixart-alpha_pixart-sigma-xl-2-512-ms,24808131,-0.3249279260635376
pixart-alpha_pixart-sigma-xl-2-512-ms,24843217,-0.9224164485931396
pixart-alpha_pixart-sigma-xl-2-512-ms,24933378,1.7507445812225342
pixart-alpha_pixart-sigma-xl-2-512-ms,24942232,0.41073372960090637
pixart-alpha_pixart-sigma-xl-2-512-ms,25290589,-0.26603397727012634
pixart-alpha_pixart-sigma-xl-2-512-ms,25579216,-0.3617279827594757
pixart-alpha_pixart-sigma-xl-2-512-ms,25685207,-1.4691133499145508
pixart-alpha_pixart-sigma-xl-2-512-ms,25776594,1.139291524887085
pixart-alpha_pixart-sigma-xl-2-512-ms,26078214,-0.815071165561676
pixart-alpha_pixart-sigma-xl-2-512-ms,26746434,0.13605733215808868
pixart-alpha_pixart-sigma-xl-2-512-ms,26998039,-0.6478914022445679
pixart-alpha_pixart-sigma-xl-2-512-ms,27106238,-1.940984839166049e-05
pixart-alpha_pixart-sigma-xl-2-512-ms,27246777,0.44068673253059387
pixart-alpha_pixart-sigma-xl-2-512-ms,27768637,0.9287521839141846
pixart-alpha_pixart-sigma-xl-2-512-ms,27871992,-0.005444015376269817
pixart-alpha_pixart-sigma-xl-2-512-ms,28190972,-0.9028648138046265
pixart-alpha_pixart-sigma-xl-2-512-ms,29094321,0.03670858219265938
pixart-alpha_pixart-sigma-xl-2-512-ms,29148617,0.31942686438560486
pixart-alpha_pixart-sigma-xl-2-512-ms,29161294,-0.222512885928154
pixart-alpha_pixart-sigma-xl-2-512-ms,29632917,0.3178182542324066
pixart-alpha_pixart-sigma-xl-2-512-ms,29703209,-0.19600746035575867
pixart-alpha_pixart-sigma-xl-2-512-ms,29779486,0.34362855553627014
pixart-alpha_pixart-sigma-xl-2-512-ms,30028757,0.08599090576171875
pixart-alpha_pixart-sigma-xl-2-512-ms,30225071,1.2045241594314575
pixart-alpha_pixart-sigma-xl-2-512-ms,30373565,-1.7372632026672363
pixart-alpha_pixart-sigma-xl-2-512-ms,30484086,-0.5603620409965515
pixart-alpha_pixart-sigma-xl-2-512-ms,30883080,-0.358293354511261
pixart-alpha_pixart-sigma-xl-2-512-ms,31114750,-1.3664690256118774
pixart-alpha_pixart-sigma-xl-2-512-ms,31196176,-0.7903256416320801
pixart-alpha_pixart-sigma-xl-2-512-ms,31391857,-0.09197153151035309
pixart-alpha_pixart-sigma-xl-2-512-ms,31595142,1.5379616022109985
pixart-alpha_pixart-sigma-xl-2-512-ms,32152786,-1.0429143905639648
pixart-alpha_pixart-sigma-xl-2-512-ms,32327818,-0.0046838875859975815
pixart-alpha_pixart-sigma-xl-2-512-ms,32379732,1.2971160411834717
pixart-alpha_pixart-sigma-xl-2-512-ms,32473966,0.17862272262573242
pixart-alpha_pixart-sigma-xl-2-512-ms,32902730,0.7988427877426147
pixart-alpha_pixart-sigma-xl-2-512-ms,32932491,-1.2745516300201416
pixart-alpha_pixart-sigma-xl-2-512-ms,33006578,-0.399364709854126
pixart-alpha_pixart-sigma-xl-2-512-ms,33478721,-0.2140830159187317
pixart-alpha_pixart-sigma-xl-2-512-ms,34475997,0.6395401358604431
pixart-alpha_pixart-sigma-xl-2-512-ms,34578737,0.5197421312332153
pixart-alpha_pixart-sigma-xl-2-512-ms,34773230,-0.3946378231048584
pixart-alpha_pixart-sigma-xl-2-512-ms,36507085,0.34354302287101746
pixart-alpha_pixart-sigma-xl-2-512-ms,36678439,0.1173514574766159
pixart-alpha_pixart-sigma-xl-2-512-ms,37287360,0.6585598587989807
pixart-alpha_pixart-sigma-xl-2-512-ms,37319253,1.0873682498931885
pixart-alpha_pixart-sigma-xl-2-512-ms,37547870,0.8421308994293213
pixart-alpha_pixart-sigma-xl-2-512-ms,37736408,1.0618877410888672
pixart-alpha_pixart-sigma-xl-2-512-ms,38014258,-0.040438905358314514
pixart-alpha_pixart-sigma-xl-2-512-ms,38297191,0.7269926071166992
pixart-alpha_pixart-sigma-xl-2-512-ms,38402744,1.5610308647155762
pixart-alpha_pixart-sigma-xl-2-512-ms,38954086,-0.5785449147224426
pixart-alpha_pixart-sigma-xl-2-512-ms,39139190,0.7965540289878845
pixart-alpha_pixart-sigma-xl-2-512-ms,39560404,0.4503635764122009
pixart-alpha_pixart-sigma-xl-2-512-ms,39566065,1.8742327690124512
pixart-alpha_pixart-sigma-xl-2-512-ms,39595218,1.5168099403381348
pixart-alpha_pixart-sigma-xl-2-512-ms,40825299,-1.113820195198059
pixart-alpha_pixart-sigma-xl-2-512-ms,40945115,-1.6251087188720703
pixart-alpha_pixart-sigma-xl-2-512-ms,40995095,1.333418846130371
pixart-alpha_pixart-sigma-xl-2-512-ms,41015844,-0.4403773844242096
pixart-alpha_pixart-sigma-xl-2-512-ms,41031648,0.9217074513435364
pixart-alpha_pixart-sigma-xl-2-512-ms,41161074,-0.49315914511680603
pixart-alpha_pixart-sigma-xl-2-512-ms,41458919,0.26102644205093384
pixart-alpha_pixart-sigma-xl-2-512-ms,41565779,1.158773422241211
pixart-alpha_pixart-sigma-xl-2-512-ms,41766391,0.6204512715339661
pixart-alpha_pixart-sigma-xl-2-512-ms,41982710,0.5001109838485718
pixart-alpha_pixart-sigma-xl-2-512-ms,42048260,0.2671811878681183
pixart-alpha_pixart-sigma-xl-2-512-ms,42849420,-0.8668754696846008
pixart-alpha_pixart-sigma-xl-2-512-ms,42931583,0.0593266487121582
pixart-alpha_pixart-sigma-xl-2-512-ms,43060946,-0.07450178265571594
pixart-alpha_pixart-sigma-xl-2-512-ms,43153800,0.1753351390361786
pixart-alpha_pixart-sigma-xl-2-512-ms,43161384,0.621083676815033
pixart-alpha_pixart-sigma-xl-2-512-ms,43301379,0.9186345338821411
pixart-alpha_pixart-sigma-xl-2-512-ms,43304323,0.21536505222320557
pixart-alpha_pixart-sigma-xl-2-512-ms,43367797,-0.6191487908363342
pixart-alpha_pixart-sigma-xl-2-512-ms,43431032,0.9997464418411255
pixart-alpha_pixart-sigma-xl-2-512-ms,43631801,1.0395078659057617
pixart-alpha_pixart-sigma-xl-2-512-ms,43735560,-0.3318159580230713
pixart-alpha_pixart-sigma-xl-2-512-ms,43858443,0.8077561259269714
pixart-alpha_pixart-sigma-xl-2-512-ms,43918624,-1.375686764717102
pixart-alpha_pixart-sigma-xl-2-512-ms,44280552,-1.6551169157028198
pixart-alpha_pixart-sigma-xl-2-512-ms,44295589,-0.6156890392303467
pixart-alpha_pixart-sigma-xl-2-512-ms,44621915,-0.268343985080719
pixart-alpha_pixart-sigma-xl-2-512-ms,44645737,0.8709011673927307
pixart-alpha_pixart-sigma-xl-2-512-ms,44838123,0.5464233160018921
pixart-alpha_pixart-sigma-xl-2-512-ms,45258070,0.3638257086277008
pixart-alpha_pixart-sigma-xl-2-512-ms,45297641,-0.15996187925338745
pixart-alpha_pixart-sigma-xl-2-512-ms,45418454,-0.6217478513717651
pixart-alpha_pixart-sigma-xl-2-512-ms,45564900,-1.2156723737716675
pixart-alpha_pixart-sigma-xl-2-512-ms,46150029,-0.5420994162559509
pixart-alpha_pixart-sigma-xl-2-512-ms,46394736,-0.529507040977478
pixart-alpha_pixart-sigma-xl-2-512-ms,46673664,0.8106153011322021
pixart-alpha_pixart-sigma-xl-2-512-ms,46994920,0.19730402529239655
pixart-alpha_pixart-sigma-xl-2-512-ms,47009060,-1.2476168870925903
pixart-alpha_pixart-sigma-xl-2-512-ms,47552953,1.425934076309204
pixart-alpha_pixart-sigma-xl-2-512-ms,47595220,0.45612889528274536
pixart-alpha_pixart-sigma-xl-2-512-ms,47819321,0.6771196722984314
pixart-alpha_pixart-sigma-xl-2-512-ms,48223384,0.5681203603744507
pixart-alpha_pixart-sigma-xl-2-512-ms,48351897,0.48501065373420715
pixart-alpha_pixart-sigma-xl-2-512-ms,48754831,-0.40531736612319946
pixart-alpha_pixart-sigma-xl-2-512-ms,49054805,0.8366795182228088
pixart-alpha_pixart-sigma-xl-2-512-ms,49089576,0.9295986294746399
pixart-alpha_pixart-sigma-xl-2-512-ms,49300740,-0.10919247567653656
pixart-alpha_pixart-sigma-xl-2-512-ms,49358811,0.5479415655136108
pixart-alpha_pixart-sigma-xl-2-512-ms,49462954,-1.3992063999176025
pixart-alpha_pixart-sigma-xl-2-512-ms,50262859,1.59991455078125
pixart-alpha_pixart-sigma-xl-2-512-ms,50871471,-0.020550299435853958
pixart-alpha_pixart-sigma-xl-2-512-ms,50952217,0.5667305588722229
pixart-alpha_pixart-sigma-xl-2-512-ms,51060824,0.3544470965862274
pixart-alpha_pixart-sigma-xl-2-512-ms,51314050,0.8700141310691833
pixart-alpha_pixart-sigma-xl-2-512-ms,51946990,0.6283085942268372
pixart-alpha_pixart-sigma-xl-2-512-ms,52325745,-1.046212911605835
pixart-alpha_pixart-sigma-xl-2-512-ms,52474100,0.7261744141578674
pixart-alpha_pixart-sigma-xl-2-512-ms,52516409,-0.8083693385124207
pixart-alpha_pixart-sigma-xl-2-512-ms,52711595,-0.8367584943771362
pixart-alpha_pixart-sigma-xl-2-512-ms,53022028,-1.3964011669158936
pixart-alpha_pixart-sigma-xl-2-512-ms,53205877,-0.977500319480896
pixart-alpha_pixart-sigma-xl-2-512-ms,53288018,-1.0033471584320068
pixart-alpha_pixart-sigma-xl-2-512-ms,53443611,1.5662139654159546
pixart-alpha_pixart-sigma-xl-2-512-ms,53815934,-0.43101227283477783
pixart-alpha_pixart-sigma-xl-2-512-ms,54495173,0.04825752601027489
pixart-alpha_pixart-sigma-xl-2-512-ms,54931507,-1.6847792863845825
pixart-alpha_pixart-sigma-xl-2-512-ms,55191509,-0.7385021448135376
pixart-alpha_pixart-sigma-xl-2-512-ms,55255145,-0.4588385224342346
pixart-alpha_pixart-sigma-xl-2-512-ms,55457672,-0.844723641872406
pixart-alpha_pixart-sigma-xl-2-512-ms,55588327,0.20533791184425354
pixart-alpha_pixart-sigma-xl-2-512-ms,55653646,0.44749462604522705
pixart-alpha_pixart-sigma-xl-2-512-ms,55658809,-0.382980078458786
pixart-alpha_pixart-sigma-xl-2-512-ms,55812974,0.8508510589599609
pixart-alpha_pixart-sigma-xl-2-512-ms,55819553,-1.112949252128601
pixart-alpha_pixart-sigma-xl-2-512-ms,55826966,-1.2590006589889526
pixart-alpha_pixart-sigma-xl-2-512-ms,55983905,-1.4313098192214966
pixart-alpha_pixart-sigma-xl-2-512-ms,56074056,-0.24598519504070282
pixart-alpha_pixart-sigma-xl-2-512-ms,56112588,-0.15851525962352753
pixart-alpha_pixart-sigma-xl-2-512-ms,56121520,0.8451647162437439
pixart-alpha_pixart-sigma-xl-2-512-ms,56250900,0.7725001573562622
pixart-alpha_pixart-sigma-xl-2-512-ms,56458800,0.7082442045211792
pixart-alpha_pixart-sigma-xl-2-512-ms,56792430,0.6612008213996887
pixart-alpha_pixart-sigma-xl-2-512-ms,56982260,-0.17080561816692352
pixart-alpha_pixart-sigma-xl-2-512-ms,57673976,-0.784047544002533
pixart-alpha_pixart-sigma-xl-2-512-ms,57716963,0.6627852916717529
pixart-alpha_pixart-sigma-xl-2-512-ms,57729980,-1.1484397649765015
pixart-alpha_pixart-sigma-xl-2-512-ms,57785005,-0.027778739109635353
pixart-alpha_pixart-sigma-xl-2-512-ms,57873614,0.5823049545288086
pixart-alpha_pixart-sigma-xl-2-512-ms,58727024,0.13044364750385284
pixart-alpha_pixart-sigma-xl-2-512-ms,58761464,-0.6306275725364685
pixart-alpha_pixart-sigma-xl-2-512-ms,59399259,-0.06273148953914642
pixart-alpha_pixart-sigma-xl-2-512-ms,59976859,-0.1405133754014969
pixart-alpha_pixart-sigma-xl-2-512-ms,60083345,0.6982443332672119
pixart-alpha_pixart-sigma-xl-2-512-ms,60214770,0.3106173872947693
pixart-alpha_pixart-sigma-xl-2-512-ms,60215376,-0.6655727028846741
pixart-alpha_pixart-sigma-xl-2-512-ms,60375309,-1.0262255668640137
pixart-alpha_pixart-sigma-xl-2-512-ms,60606896,0.31274423003196716
pixart-alpha_pixart-sigma-xl-2-512-ms,60668084,1.231912612915039
pixart-alpha_pixart-sigma-xl-2-512-ms,61035709,-0.9185781478881836
pixart-alpha_pixart-sigma-xl-2-512-ms,61388266,-0.4932383596897125
pixart-alpha_pixart-sigma-xl-2-512-ms,61627313,0.5682721138000488
pixart-alpha_pixart-sigma-xl-2-512-ms,61635816,0.4812794625759125
pixart-alpha_pixart-sigma-xl-2-512-ms,61853324,0.6970278024673462
pixart-alpha_pixart-sigma-xl-2-512-ms,62408818,1.023245930671692
pixart-alpha_pixart-sigma-xl-2-512-ms,62841330,0.12210877239704132
pixart-alpha_pixart-sigma-xl-2-512-ms,63015570,0.9588236808776855
pixart-alpha_pixart-sigma-xl-2-512-ms,63336441,-1.1897385120391846
pixart-alpha_pixart-sigma-xl-2-512-ms,63633117,-0.2120632380247116
pixart-alpha_pixart-sigma-xl-2-512-ms,64576544,-1.0389553308486938
pixart-alpha_pixart-sigma-xl-2-512-ms,64687077,0.04040677845478058
pixart-alpha_pixart-sigma-xl-2-512-ms,64693533,1.465710163116455
pixart-alpha_pixart-sigma-xl-2-512-ms,64856142,0.6873441338539124
pixart-alpha_pixart-sigma-xl-2-512-ms,65411270,-0.34981203079223633
pixart-alpha_pixart-sigma-xl-2-512-ms,65557844,-0.28580808639526367
pixart-alpha_pixart-sigma-xl-2-512-ms,65824677,0.29077407717704773
pixart-alpha_pixart-sigma-xl-2-512-ms,65890875,0.9702367782592773
pixart-alpha_pixart-sigma-xl-2-512-ms,65960228,1.2504249811172485
pixart-alpha_pixart-sigma-xl-2-512-ms,66668538,0.1232045516371727
pixart-alpha_pixart-sigma-xl-2-512-ms,67344811,0.12159191817045212
pixart-alpha_pixart-sigma-xl-2-512-ms,67949798,0.748165488243103
pixart-alpha_pixart-sigma-xl-2-512-ms,68246844,-0.44524115324020386
pixart-alpha_pixart-sigma-xl-2-512-ms,68280322,-1.2656859159469604
pixart-alpha_pixart-sigma-xl-2-512-ms,68321683,0.7809525728225708
pixart-alpha_pixart-sigma-xl-2-512-ms,68380669,0.6447886228561401
pixart-alpha_pixart-sigma-xl-2-512-ms,68575085,1.3135511875152588
pixart-alpha_pixart-sigma-xl-2-512-ms,70380966,-0.16411970555782318
pixart-alpha_pixart-sigma-xl-2-512-ms,70494671,-0.04104295372962952
pixart-alpha_pixart-sigma-xl-2-512-ms,71055464,-2.0067999362945557
pixart-alpha_pixart-sigma-xl-2-512-ms,71591839,-1.0041192770004272
pixart-alpha_pixart-sigma-xl-2-512-ms,71828875,-0.2264697551727295
pixart-alpha_pixart-sigma-xl-2-512-ms,71910823,0.5382929444313049
pixart-alpha_pixart-sigma-xl-2-512-ms,71959499,0.6280204653739929
pixart-alpha_pixart-sigma-xl-2-512-ms,72432241,0.928959846496582
pixart-alpha_pixart-sigma-xl-2-512-ms,72553814,1.036564826965332
pixart-alpha_pixart-sigma-xl-2-512-ms,73051579,0.7374181747436523
pixart-alpha_pixart-sigma-xl-2-512-ms,73600586,-0.5328562259674072
pixart-alpha_pixart-sigma-xl-2-512-ms,73616417,0.24926450848579407
pixart-alpha_pixart-sigma-xl-2-512-ms,73681289,1.4389597177505493
pixart-alpha_pixart-sigma-xl-2-512-ms,73962724,-1.4838579893112183
pixart-alpha_pixart-sigma-xl-2-512-ms,74175857,0.42274823784828186
pixart-alpha_pixart-sigma-xl-2-512-ms,75051801,0.4730290472507477
pixart-alpha_pixart-sigma-xl-2-512-ms,75787772,-0.4791315197944641
pixart-alpha_pixart-sigma-xl-2-512-ms,75944980,-1.179725170135498
pixart-alpha_pixart-sigma-xl-2-512-ms,75964288,-1.178062081336975
pixart-alpha_pixart-sigma-xl-2-512-ms,76066166,-1.2928111553192139
pixart-alpha_pixart-sigma-xl-2-512-ms,76100398,1.4443395137786865
pixart-alpha_pixart-sigma-xl-2-512-ms,76425345,-0.6254178881645203
pixart-alpha_pixart-sigma-xl-2-512-ms,77106105,0.31709232926368713
pixart-alpha_pixart-sigma-xl-2-512-ms,77132310,0.348910391330719
pixart-alpha_pixart-sigma-xl-2-512-ms,77232534,-0.7755443453788757
pixart-alpha_pixart-sigma-xl-2-512-ms,77312726,-0.8373784422874451
pixart-alpha_pixart-sigma-xl-2-512-ms,77358840,0.35874995589256287
pixart-alpha_pixart-sigma-xl-2-512-ms,77490593,-0.8667168617248535
pixart-alpha_pixart-sigma-xl-2-512-ms,77726888,0.05701304227113724
pixart-alpha_pixart-sigma-xl-2-512-ms,78735978,-1.5550639629364014
pixart-alpha_pixart-sigma-xl-2-512-ms,79077085,-1.0834593772888184
pixart-alpha_pixart-sigma-xl-2-512-ms,79212243,0.28616371750831604
pixart-alpha_pixart-sigma-xl-2-512-ms,79606917,-0.485544890165329
pixart-alpha_pixart-sigma-xl-2-512-ms,79918827,1.5919654369354248
pixart-alpha_pixart-sigma-xl-2-512-ms,80289373,0.7029205560684204
pixart-alpha_pixart-sigma-xl-2-512-ms,80371125,0.8798956871032715
pixart-alpha_pixart-sigma-xl-2-512-ms,80540387,-0.3566679060459137
pixart-alpha_pixart-sigma-xl-2-512-ms,81135077,-0.14467042684555054
pixart-alpha_pixart-sigma-xl-2-512-ms,81303945,-1.1070187091827393
pixart-alpha_pixart-sigma-xl-2-512-ms,81435593,1.0528000593185425
pixart-alpha_pixart-sigma-xl-2-512-ms,82282590,0.12066993117332458
pixart-alpha_pixart-sigma-xl-2-512-ms,82696415,-0.3318701684474945
pixart-alpha_pixart-sigma-xl-2-512-ms,82916016,-1.988879919052124
pixart-alpha_pixart-sigma-xl-2-512-ms,83084473,1.8209372758865356
pixart-alpha_pixart-sigma-xl-2-512-ms,83418847,0.1073770746588707
pixart-alpha_pixart-sigma-xl-2-512-ms,84089324,-0.1495838314294815
pixart-alpha_pixart-sigma-xl-2-512-ms,84306831,-1.2037317752838135
pixart-alpha_pixart-sigma-xl-2-512-ms,84510135,0.4112614691257477
pixart-alpha_pixart-sigma-xl-2-512-ms,84788890,1.6352078914642334
pixart-alpha_pixart-sigma-xl-2-512-ms,84985982,0.4411737024784088
pixart-alpha_pixart-sigma-xl-2-512-ms,85191733,0.13384437561035156
pixart-alpha_pixart-sigma-xl-2-512-ms,86119145,0.6885648965835571
pixart-alpha_pixart-sigma-xl-2-512-ms,86340862,0.6939124464988708
pixart-alpha_pixart-sigma-xl-2-512-ms,86341828,-0.23928335309028625
pixart-alpha_pixart-sigma-xl-2-512-ms,86537356,-0.1844005435705185
pixart-alpha_pixart-sigma-xl-2-512-ms,86701636,1.6899994611740112
pixart-alpha_pixart-sigma-xl-2-512-ms,86714939,-0.7922965288162231
pixart-alpha_pixart-sigma-xl-2-512-ms,87574583,1.0858694314956665
pixart-alpha_pixart-sigma-xl-2-512-ms,87699711,-0.03305647149682045
pixart-alpha_pixart-sigma-xl-2-512-ms,88016571,0.8198514580726624
pixart-alpha_pixart-sigma-xl-2-512-ms,88087492,-0.37787583470344543
pixart-alpha_pixart-sigma-xl-2-512-ms,89227603,0.39019981026649475
pixart-alpha_pixart-sigma-xl-2-512-ms,89539854,-0.4229876697063446
pixart-alpha_pixart-sigma-xl-2-512-ms,89926787,0.9581384062767029
pixart-alpha_pixart-sigma-xl-2-512-ms,90244932,1.3744542598724365
pixart-alpha_pixart-sigma-xl-2-512-ms,90493027,-0.648374617099762
pixart-alpha_pixart-sigma-xl-2-512-ms,90613035,0.14161275327205658
pixart-alpha_pixart-sigma-xl-2-512-ms,91368797,1.0434576272964478
pixart-alpha_pixart-sigma-xl-2-512-ms,91784299,1.0553752183914185
pixart-alpha_pixart-sigma-xl-2-512-ms,91790573,1.4711546897888184
pixart-alpha_pixart-sigma-xl-2-512-ms,91834546,-1.0091679096221924
pixart-alpha_pixart-sigma-xl-2-512-ms,92068094,1.684008240699768
pixart-alpha_pixart-sigma-xl-2-512-ms,92311656,0.04139731451869011
pixart-alpha_pixart-sigma-xl-2-512-ms,92709444,0.21867306530475616
pixart-alpha_pixart-sigma-xl-2-512-ms,93114575,-0.19825129210948944
pixart-alpha_pixart-sigma-xl-2-512-ms,93256557,0.8773890733718872
pixart-alpha_pixart-sigma-xl-2-512-ms,93407716,-1.501885175704956
pixart-alpha_pixart-sigma-xl-2-512-ms,93436296,0.582165539264679
pixart-alpha_pixart-sigma-xl-2-512-ms,93512057,-1.3257555961608887
pixart-alpha_pixart-sigma-xl-2-512-ms,94006560,-1.289680004119873
pixart-alpha_pixart-sigma-xl-2-512-ms,94321535,0.42787283658981323
pixart-alpha_pixart-sigma-xl-2-512-ms,94532154,0.5639190673828125
pixart-alpha_pixart-sigma-xl-2-512-ms,95171107,-0.38970261812210083
pixart-alpha_pixart-sigma-xl-2-512-ms,95228839,-0.530285120010376
pixart-alpha_pixart-sigma-xl-2-512-ms,95325441,-0.11775996536016464
pixart-alpha_pixart-sigma-xl-2-512-ms,95450946,0.7170729637145996
pixart-alpha_pixart-sigma-xl-2-512-ms,95583911,1.1687146425247192
pixart-alpha_pixart-sigma-xl-2-512-ms,95718306,0.5924139618873596
pixart-alpha_pixart-sigma-xl-2-512-ms,95737828,-0.2713635265827179
pixart-alpha_pixart-sigma-xl-2-512-ms,96448597,-0.9119123220443726
pixart-alpha_pixart-sigma-xl-2-512-ms,96482065,0.3293903172016144
pixart-alpha_pixart-sigma-xl-2-512-ms,96521920,0.6454368829727173
pixart-alpha_pixart-sigma-xl-2-512-ms,96850153,1.624430775642395
pixart-alpha_pixart-sigma-xl-2-512-ms,98113191,0.3007030487060547
pixart-alpha_pixart-sigma-xl-2-512-ms,98195317,1.44194757938385
pixart-alpha_pixart-sigma-xl-2-512-ms,98254655,1.1414244174957275
pixart-alpha_pixart-sigma-xl-2-512-ms,98319500,0.05398170277476311
pixart-alpha_pixart-sigma-xl-2-512-ms,98642787,0.6436588764190674
pixart-alpha_pixart-sigma-xl-2-512-ms,98646702,-0.6567499041557312
pixart-alpha_pixart-sigma-xl-2-512-ms,98929226,-2.0638840198516846
pixart-alpha_pixart-sigma-xl-2-512-ms,99178779,1.1625840663909912
pixart-alpha_pixart-sigma-xl-2-512-ms,99185892,-0.34552085399627686
pixart-alpha_pixart-sigma-xl-2-512-ms,99211012,0.47373124957084656
pixart-alpha_pixart-sigma-xl-2-512-ms,99410560,0.7684033513069153
pixart-alpha_pixart-sigma-xl-2-512-ms,99862294,-0.4668692648410797
tencent-hunyuan_hunyuandit-v1.2-diffusers,138508,0.45206916332244873
tencent-hunyuan_hunyuandit-v1.2-diffusers,192051,-0.8584389090538025
tencent-hunyuan_hunyuandit-v1.2-diffusers,213186,-1.6286159753799438
tencent-hunyuan_hunyuandit-v1.2-diffusers,232386,-1.3068172931671143
tencent-hunyuan_hunyuandit-v1.2-diffusers,232765,1.0893988609313965
tencent-hunyuan_hunyuandit-v1.2-diffusers,258857,0.2881039083003998
tencent-hunyuan_hunyuandit-v1.2-diffusers,283090,-0.09055459499359131
tencent-hunyuan_hunyuandit-v1.2-diffusers,285141,-1.0237807035446167
tencent-hunyuan_hunyuandit-v1.2-diffusers,399030,0.0972786471247673
tencent-hunyuan_hunyuandit-v1.2-diffusers,440189,-0.9240260124206543
tencent-hunyuan_hunyuandit-v1.2-diffusers,445169,-0.6202751398086548
tencent-hunyuan_hunyuandit-v1.2-diffusers,486490,0.254323810338974
tencent-hunyuan_hunyuandit-v1.2-diffusers,487072,0.3640475571155548
tencent-hunyuan_hunyuandit-v1.2-diffusers,487326,1.0791836977005005
tencent-hunyuan_hunyuandit-v1.2-diffusers,489837,-1.297999620437622
tencent-hunyuan_hunyuandit-v1.2-diffusers,646833,0.6902722716331482
tencent-hunyuan_hunyuandit-v1.2-diffusers,708860,-0.8171563148498535
tencent-hunyuan_hunyuandit-v1.2-diffusers,717208,-0.09273339062929153
tencent-hunyuan_hunyuandit-v1.2-diffusers,717468,0.38491153717041016
tencent-hunyuan_hunyuandit-v1.2-diffusers,735254,-0.12498320639133453
tencent-hunyuan_hunyuandit-v1.2-diffusers,762478,0.0789482444524765
tencent-hunyuan_hunyuandit-v1.2-diffusers,825443,1.1988645792007446
tencent-hunyuan_hunyuandit-v1.2-diffusers,831919,1.0433740615844727
tencent-hunyuan_hunyuandit-v1.2-diffusers,896677,-0.11874181032180786
tencent-hunyuan_hunyuandit-v1.2-diffusers,936620,-0.1705862134695053
tencent-hunyuan_hunyuandit-v1.2-diffusers,974367,-0.888660728931427
tencent-hunyuan_hunyuandit-v1.2-diffusers,993014,1.092881202697754
tencent-hunyuan_hunyuandit-v1.2-diffusers,995855,0.16208922863006592
tencent-hunyuan_hunyuandit-v1.2-diffusers,1113367,-0.8160684108734131
tencent-hunyuan_hunyuandit-v1.2-diffusers,1171644,0.6764332056045532
tencent-hunyuan_hunyuandit-v1.2-diffusers,1209135,-1.6017420291900635
tencent-hunyuan_hunyuandit-v1.2-diffusers,1317294,1.1016514301300049
tencent-hunyuan_hunyuandit-v1.2-diffusers,1317533,-0.26195549964904785
tencent-hunyuan_hunyuandit-v1.2-diffusers,1321854,1.0023462772369385
tencent-hunyuan_hunyuandit-v1.2-diffusers,1377758,0.8216338157653809
tencent-hunyuan_hunyuandit-v1.2-diffusers,1474832,0.4973120391368866
tencent-hunyuan_hunyuandit-v1.2-diffusers,1516071,-0.2989344000816345
tencent-hunyuan_hunyuandit-v1.2-diffusers,1566705,-0.44970080256462097
tencent-hunyuan_hunyuandit-v1.2-diffusers,1640855,-0.4724566638469696
tencent-hunyuan_hunyuandit-v1.2-diffusers,1668603,-0.2487993687391281
tencent-hunyuan_hunyuandit-v1.2-diffusers,1678990,1.7043315172195435
tencent-hunyuan_hunyuandit-v1.2-diffusers,1699831,1.5618724822998047
tencent-hunyuan_hunyuandit-v1.2-diffusers,1707698,0.4996364414691925
tencent-hunyuan_hunyuandit-v1.2-diffusers,1727942,1.5327842235565186
tencent-hunyuan_hunyuandit-v1.2-diffusers,2045760,1.0034241676330566
tencent-hunyuan_hunyuandit-v1.2-diffusers,2075049,0.5492668747901917
tencent-hunyuan_hunyuandit-v1.2-diffusers,2075764,0.7211938500404358
tencent-hunyuan_hunyuandit-v1.2-diffusers,2241569,0.7844681143760681
tencent-hunyuan_hunyuandit-v1.2-diffusers,2720725,-0.7107347846031189
tencent-hunyuan_hunyuandit-v1.2-diffusers,2721160,-0.2634618878364563
tencent-hunyuan_hunyuandit-v1.2-diffusers,2730265,-0.3372810482978821
tencent-hunyuan_hunyuandit-v1.2-diffusers,2744395,-0.28935277462005615
tencent-hunyuan_hunyuandit-v1.2-diffusers,2770078,1.7952519655227661
tencent-hunyuan_hunyuandit-v1.2-diffusers,2793684,0.12483146041631699
tencent-hunyuan_hunyuandit-v1.2-diffusers,2803666,0.7121033072471619
tencent-hunyuan_hunyuandit-v1.2-diffusers,2807731,0.5851936340332031
tencent-hunyuan_hunyuandit-v1.2-diffusers,2821943,0.4388269782066345
tencent-hunyuan_hunyuandit-v1.2-diffusers,2824319,-0.04594665393233299
tencent-hunyuan_hunyuandit-v1.2-diffusers,2825442,0.3631804287433624
tencent-hunyuan_hunyuandit-v1.2-diffusers,2852043,-0.08468668907880783
tencent-hunyuan_hunyuandit-v1.2-diffusers,2870293,0.22297725081443787
tencent-hunyuan_hunyuandit-v1.2-diffusers,2870880,0.6471884250640869
tencent-hunyuan_hunyuandit-v1.2-diffusers,2923535,1.2870290279388428
tencent-hunyuan_hunyuandit-v1.2-diffusers,2933112,1.1415672302246094
tencent-hunyuan_hunyuandit-v1.2-diffusers,2963987,1.28950834274292
tencent-hunyuan_hunyuandit-v1.2-diffusers,2991302,0.09250324219465256
tencent-hunyuan_hunyuandit-v1.2-diffusers,3024209,-0.3572661578655243
tencent-hunyuan_hunyuandit-v1.2-diffusers,3035832,1.2171413898468018
tencent-hunyuan_hunyuandit-v1.2-diffusers,3049457,-0.7268692255020142
tencent-hunyuan_hunyuandit-v1.2-diffusers,3107488,1.000639796257019
tencent-hunyuan_hunyuandit-v1.2-diffusers,3131388,0.5530934929847717
tencent-hunyuan_hunyuandit-v1.2-diffusers,3131669,1.3092718124389648
tencent-hunyuan_hunyuandit-v1.2-diffusers,3152830,1.4032784700393677
tencent-hunyuan_hunyuandit-v1.2-diffusers,3249569,0.1725545972585678
tencent-hunyuan_hunyuandit-v1.2-diffusers,3262349,-0.39189809560775757
tencent-hunyuan_hunyuandit-v1.2-diffusers,3288500,0.5682660937309265
tencent-hunyuan_hunyuandit-v1.2-diffusers,3298716,1.527454137802124
tencent-hunyuan_hunyuandit-v1.2-diffusers,3308246,0.5141481757164001
tencent-hunyuan_hunyuandit-v1.2-diffusers,3309110,0.07275926321744919
tencent-hunyuan_hunyuandit-v1.2-diffusers,3347220,0.23118199408054352
tencent-hunyuan_hunyuandit-v1.2-diffusers,3353281,0.7068493366241455
tencent-hunyuan_hunyuandit-v1.2-diffusers,3366112,-0.2944062650203705
tencent-hunyuan_hunyuandit-v1.2-diffusers,3411927,1.009609580039978
tencent-hunyuan_hunyuandit-v1.2-diffusers,3456665,0.6759859323501587
tencent-hunyuan_hunyuandit-v1.2-diffusers,3563208,-1.707845687866211
tencent-hunyuan_hunyuandit-v1.2-diffusers,3580281,-1.4876062870025635
tencent-hunyuan_hunyuandit-v1.2-diffusers,3603442,1.3716610670089722
tencent-hunyuan_hunyuandit-v1.2-diffusers,3607029,1.9109482765197754
tencent-hunyuan_hunyuandit-v1.2-diffusers,3628071,0.6392373442649841
tencent-hunyuan_hunyuandit-v1.2-diffusers,3630383,1.8674042224884033
tencent-hunyuan_hunyuandit-v1.2-diffusers,3676483,-0.32234418392181396
tencent-hunyuan_hunyuandit-v1.2-diffusers,3679712,0.13272474706172943
tencent-hunyuan_hunyuandit-v1.2-diffusers,3685307,0.5626634955406189
tencent-hunyuan_hunyuandit-v1.2-diffusers,3703463,0.6901296973228455
tencent-hunyuan_hunyuandit-v1.2-diffusers,3714235,1.0924991369247437
tencent-hunyuan_hunyuandit-v1.2-diffusers,3728318,-0.2817682921886444
tencent-hunyuan_hunyuandit-v1.2-diffusers,3748162,0.16291116178035736
tencent-hunyuan_hunyuandit-v1.2-diffusers,3764276,1.486564040184021
tencent-hunyuan_hunyuandit-v1.2-diffusers,3818090,0.012833544053137302
tencent-hunyuan_hunyuandit-v1.2-diffusers,3842156,0.8194445967674255
tencent-hunyuan_hunyuandit-v1.2-diffusers,3880032,0.18612268567085266
tencent-hunyuan_hunyuandit-v1.2-diffusers,3889343,-0.5040328502655029
tencent-hunyuan_hunyuandit-v1.2-diffusers,3907654,-0.0644322857260704
tencent-hunyuan_hunyuandit-v1.2-diffusers,3940713,0.24177443981170654
tencent-hunyuan_hunyuandit-v1.2-diffusers,3975232,0.2939029932022095
tencent-hunyuan_hunyuandit-v1.2-diffusers,3982060,0.9215192794799805
tencent-hunyuan_hunyuandit-v1.2-diffusers,3990474,1.4542287588119507
tencent-hunyuan_hunyuandit-v1.2-diffusers,4010305,-0.12941719591617584
tencent-hunyuan_hunyuandit-v1.2-diffusers,4025130,-0.14898572862148285
tencent-hunyuan_hunyuandit-v1.2-diffusers,4062807,1.3336937427520752
tencent-hunyuan_hunyuandit-v1.2-diffusers,4123448,0.666448712348938
tencent-hunyuan_hunyuandit-v1.2-diffusers,4125853,0.9825782179832458
tencent-hunyuan_hunyuandit-v1.2-diffusers,4140340,0.9702080488204956
tencent-hunyuan_hunyuandit-v1.2-diffusers,4145056,0.8094980120658875
tencent-hunyuan_hunyuandit-v1.2-diffusers,4192521,-0.1488257646560669
tencent-hunyuan_hunyuandit-v1.2-diffusers,4259202,-0.4527796506881714
tencent-hunyuan_hunyuandit-v1.2-diffusers,4285773,0.7648723721504211
tencent-hunyuan_hunyuandit-v1.2-diffusers,4345028,1.1066447496414185
tencent-hunyuan_hunyuandit-v1.2-diffusers,4387201,1.1893812417984009
tencent-hunyuan_hunyuandit-v1.2-diffusers,4416901,0.41073882579803467
tencent-hunyuan_hunyuandit-v1.2-diffusers,4455579,0.27899986505508423
tencent-hunyuan_hunyuandit-v1.2-diffusers,4497570,0.6108461022377014
tencent-hunyuan_hunyuandit-v1.2-diffusers,4534520,-0.4199850857257843
tencent-hunyuan_hunyuandit-v1.2-diffusers,4539203,0.9627988934516907
tencent-hunyuan_hunyuandit-v1.2-diffusers,4552551,0.4766640067100525
tencent-hunyuan_hunyuandit-v1.2-diffusers,4596797,0.5928458571434021
tencent-hunyuan_hunyuandit-v1.2-diffusers,4832208,-0.04630524292588234
tencent-hunyuan_hunyuandit-v1.2-diffusers,4930139,0.814061164855957
tencent-hunyuan_hunyuandit-v1.2-diffusers,5008085,-0.5727400183677673
tencent-hunyuan_hunyuandit-v1.2-diffusers,5219923,-2.149613380432129
tencent-hunyuan_hunyuandit-v1.2-diffusers,5316083,-0.40566036105155945
tencent-hunyuan_hunyuandit-v1.2-diffusers,5350912,-0.31097641587257385
tencent-hunyuan_hunyuandit-v1.2-diffusers,5374860,1.4363747835159302
tencent-hunyuan_hunyuandit-v1.2-diffusers,5410315,-0.5609193444252014
tencent-hunyuan_hunyuandit-v1.2-diffusers,5522784,-0.5386509299278259
tencent-hunyuan_hunyuandit-v1.2-diffusers,5728577,0.11480636894702911
tencent-hunyuan_hunyuandit-v1.2-diffusers,5752544,0.27692657709121704
tencent-hunyuan_hunyuandit-v1.2-diffusers,5794797,1.2074111700057983
tencent-hunyuan_hunyuandit-v1.2-diffusers,5895919,1.6646747589111328
tencent-hunyuan_hunyuandit-v1.2-diffusers,5958517,-0.5639095902442932
tencent-hunyuan_hunyuandit-v1.2-diffusers,6189776,0.6422641277313232
tencent-hunyuan_hunyuandit-v1.2-diffusers,6528587,-1.06923246383667
tencent-hunyuan_hunyuandit-v1.2-diffusers,6584891,0.41342729330062866
tencent-hunyuan_hunyuandit-v1.2-diffusers,6586355,-1.179465651512146
tencent-hunyuan_hunyuandit-v1.2-diffusers,6607809,-0.5791247487068176
tencent-hunyuan_hunyuandit-v1.2-diffusers,6615026,-0.08029764890670776
tencent-hunyuan_hunyuandit-v1.2-diffusers,6615458,-0.2903728485107422
tencent-hunyuan_hunyuandit-v1.2-diffusers,6615818,-0.2778754234313965
tencent-hunyuan_hunyuandit-v1.2-diffusers,6616314,-0.5109797120094299
tencent-hunyuan_hunyuandit-v1.2-diffusers,6617011,0.636141300201416
tencent-hunyuan_hunyuandit-v1.2-diffusers,6617413,-0.6070875525474548
tencent-hunyuan_hunyuandit-v1.2-diffusers,6729499,-0.2420061230659485
tencent-hunyuan_hunyuandit-v1.2-diffusers,6880664,0.6359988451004028
tencent-hunyuan_hunyuandit-v1.2-diffusers,6883725,1.3591163158416748
tencent-hunyuan_hunyuandit-v1.2-diffusers,6946774,-0.2336953580379486
tencent-hunyuan_hunyuandit-v1.2-diffusers,7025268,1.1252624988555908
tencent-hunyuan_hunyuandit-v1.2-diffusers,7109847,-0.6560781598091125
tencent-hunyuan_hunyuandit-v1.2-diffusers,7116261,1.1431502103805542
tencent-hunyuan_hunyuandit-v1.2-diffusers,7150023,0.010492825880646706
tencent-hunyuan_hunyuandit-v1.2-diffusers,7163803,0.792421281337738
tencent-hunyuan_hunyuandit-v1.2-diffusers,7507098,-0.9647620320320129
tencent-hunyuan_hunyuandit-v1.2-diffusers,7596684,-0.6489462852478027
tencent-hunyuan_hunyuandit-v1.2-diffusers,7597365,0.18491396307945251
tencent-hunyuan_hunyuandit-v1.2-diffusers,7601809,0.41882750391960144
tencent-hunyuan_hunyuandit-v1.2-diffusers,7605282,1.3498786687850952
tencent-hunyuan_hunyuandit-v1.2-diffusers,7606419,-0.34592488408088684
tencent-hunyuan_hunyuandit-v1.2-diffusers,7607707,0.7421286106109619
tencent-hunyuan_hunyuandit-v1.2-diffusers,7608721,0.03246549516916275
tencent-hunyuan_hunyuandit-v1.2-diffusers,7625977,0.8996565937995911
tencent-hunyuan_hunyuandit-v1.2-diffusers,7626721,0.06126594915986061
tencent-hunyuan_hunyuandit-v1.2-diffusers,7626833,1.182824969291687
tencent-hunyuan_hunyuandit-v1.2-diffusers,7627310,0.8851608633995056
tencent-hunyuan_hunyuandit-v1.2-diffusers,7651454,0.13311049342155457
tencent-hunyuan_hunyuandit-v1.2-diffusers,7654438,1.4154969453811646
tencent-hunyuan_hunyuandit-v1.2-diffusers,7664468,1.0391699075698853
tencent-hunyuan_hunyuandit-v1.2-diffusers,7698915,-1.602781057357788
tencent-hunyuan_hunyuandit-v1.2-diffusers,7700167,0.27402767539024353
tencent-hunyuan_hunyuandit-v1.2-diffusers,7700868,0.2698381841182709
tencent-hunyuan_hunyuandit-v1.2-diffusers,7701244,-0.1193416565656662
tencent-hunyuan_hunyuandit-v1.2-diffusers,7702193,0.9108426570892334
tencent-hunyuan_hunyuandit-v1.2-diffusers,7710616,0.631191074848175
tencent-hunyuan_hunyuandit-v1.2-diffusers,7834065,-0.7713047862052917
tencent-hunyuan_hunyuandit-v1.2-diffusers,7854266,0.890937328338623
tencent-hunyuan_hunyuandit-v1.2-diffusers,7854455,0.4919991195201874
tencent-hunyuan_hunyuandit-v1.2-diffusers,7871940,1.7375930547714233
tencent-hunyuan_hunyuandit-v1.2-diffusers,7891189,1.0756758451461792
tencent-hunyuan_hunyuandit-v1.2-diffusers,7897116,0.3107464611530304
tencent-hunyuan_hunyuandit-v1.2-diffusers,7914271,1.3893276453018188
tencent-hunyuan_hunyuandit-v1.2-diffusers,7922764,0.9393019676208496
tencent-hunyuan_hunyuandit-v1.2-diffusers,7929519,0.7901243567466736
tencent-hunyuan_hunyuandit-v1.2-diffusers,7933274,1.5985479354858398
tencent-hunyuan_hunyuandit-v1.2-diffusers,7933530,1.435396432876587
tencent-hunyuan_hunyuandit-v1.2-diffusers,8089797,1.1457273960113525
tencent-hunyuan_hunyuandit-v1.2-diffusers,8095160,0.8933170437812805
tencent-hunyuan_hunyuandit-v1.2-diffusers,8124208,-0.53704434633255
tencent-hunyuan_hunyuandit-v1.2-diffusers,8339939,0.11940713971853256
tencent-hunyuan_hunyuandit-v1.2-diffusers,8876291,0.6450526714324951
tencent-hunyuan_hunyuandit-v1.2-diffusers,9020389,1.60250723361969
tencent-hunyuan_hunyuandit-v1.2-diffusers,9044146,-0.7897920608520508
tencent-hunyuan_hunyuandit-v1.2-diffusers,9057052,-0.8695772886276245
tencent-hunyuan_hunyuandit-v1.2-diffusers,9427682,0.5269117951393127
tencent-hunyuan_hunyuandit-v1.2-diffusers,9580065,1.619397521018982
tencent-hunyuan_hunyuandit-v1.2-diffusers,9719434,1.337702989578247
tencent-hunyuan_hunyuandit-v1.2-diffusers,9793248,1.826159119606018
tencent-hunyuan_hunyuandit-v1.2-diffusers,9794211,0.5029699206352234
tencent-hunyuan_hunyuandit-v1.2-diffusers,9862621,0.05314285308122635
tencent-hunyuan_hunyuandit-v1.2-diffusers,9875188,-0.9023199677467346
tencent-hunyuan_hunyuandit-v1.2-diffusers,9984659,-0.4903119206428528
tencent-hunyuan_hunyuandit-v1.2-diffusers,10012874,-0.896787166595459
tencent-hunyuan_hunyuandit-v1.2-diffusers,10024569,-0.5789180994033813
tencent-hunyuan_hunyuandit-v1.2-diffusers,10080493,0.2681903839111328
tencent-hunyuan_hunyuandit-v1.2-diffusers,10106452,-0.8035335540771484
tencent-hunyuan_hunyuandit-v1.2-diffusers,10198409,-0.017905427142977715
tencent-hunyuan_hunyuandit-v1.2-diffusers,10333317,0.07343560457229614
tencent-hunyuan_hunyuandit-v1.2-diffusers,10408552,1.4191313982009888
tencent-hunyuan_hunyuandit-v1.2-diffusers,10444677,0.6580623984336853
tencent-hunyuan_hunyuandit-v1.2-diffusers,10453357,0.6926772594451904
tencent-hunyuan_hunyuandit-v1.2-diffusers,10548623,0.08130162954330444
tencent-hunyuan_hunyuandit-v1.2-diffusers,10572128,-0.24302256107330322
tencent-hunyuan_hunyuandit-v1.2-diffusers,10794014,0.2426561564207077
tencent-hunyuan_hunyuandit-v1.2-diffusers,10939743,1.2843327522277832
tencent-hunyuan_hunyuandit-v1.2-diffusers,11039909,1.2106478214263916
tencent-hunyuan_hunyuandit-v1.2-diffusers,11334088,1.0157805681228638
tencent-hunyuan_hunyuandit-v1.2-diffusers,11417672,0.5707206130027771
tencent-hunyuan_hunyuandit-v1.2-diffusers,11437577,0.44121187925338745
tencent-hunyuan_hunyuandit-v1.2-diffusers,11460338,0.025551969185471535
tencent-hunyuan_hunyuandit-v1.2-diffusers,12345739,-0.73028165102005
tencent-hunyuan_hunyuandit-v1.2-diffusers,12402348,-0.6198181509971619
tencent-hunyuan_hunyuandit-v1.2-diffusers,13221529,0.3233781158924103
tencent-hunyuan_hunyuandit-v1.2-diffusers,13290566,0.4834332764148712
tencent-hunyuan_hunyuandit-v1.2-diffusers,13389475,0.45481574535369873
tencent-hunyuan_hunyuandit-v1.2-diffusers,13390139,-0.07600124925374985
tencent-hunyuan_hunyuandit-v1.2-diffusers,13390405,-0.5737805366516113
tencent-hunyuan_hunyuandit-v1.2-diffusers,13392786,-0.4272381663322449
tencent-hunyuan_hunyuandit-v1.2-diffusers,13649361,-1.6008602380752563
tencent-hunyuan_hunyuandit-v1.2-diffusers,13716878,0.5047690272331238
tencent-hunyuan_hunyuandit-v1.2-diffusers,13884740,-0.17850106954574585
tencent-hunyuan_hunyuandit-v1.2-diffusers,13915305,0.7759783864021301
tencent-hunyuan_hunyuandit-v1.2-diffusers,13931145,-0.7001951336860657
tencent-hunyuan_hunyuandit-v1.2-diffusers,13984082,1.0781527757644653
tencent-hunyuan_hunyuandit-v1.2-diffusers,14140678,-1.3326305150985718
tencent-hunyuan_hunyuandit-v1.2-diffusers,14195315,-0.9941146373748779
tencent-hunyuan_hunyuandit-v1.2-diffusers,14294568,-0.7402321100234985
tencent-hunyuan_hunyuandit-v1.2-diffusers,14320813,-0.17587469518184662
tencent-hunyuan_hunyuandit-v1.2-diffusers,14360436,1.5404499769210815
tencent-hunyuan_hunyuandit-v1.2-diffusers,14488317,-0.6595417261123657
tencent-hunyuan_hunyuandit-v1.2-diffusers,14533937,-1.1640660762786865
tencent-hunyuan_hunyuandit-v1.2-diffusers,14550987,0.6292597651481628
tencent-hunyuan_hunyuandit-v1.2-diffusers,14579933,-1.7283011674880981
tencent-hunyuan_hunyuandit-v1.2-diffusers,14606290,0.2850094437599182
tencent-hunyuan_hunyuandit-v1.2-diffusers,14620257,-0.2200530469417572
tencent-hunyuan_hunyuandit-v1.2-diffusers,14632648,-0.21577979624271393
tencent-hunyuan_hunyuandit-v1.2-diffusers,14647235,-1.0391985177993774
tencent-hunyuan_hunyuandit-v1.2-diffusers,14654954,-0.5803884267807007
tencent-hunyuan_hunyuandit-v1.2-diffusers,14686352,-0.5760060548782349
tencent-hunyuan_hunyuandit-v1.2-diffusers,14702875,-1.1497325897216797
tencent-hunyuan_hunyuandit-v1.2-diffusers,14703190,1.6874432563781738
tencent-hunyuan_hunyuandit-v1.2-diffusers,14807929,-0.535995364189148
tencent-hunyuan_hunyuandit-v1.2-diffusers,14809057,0.4779033660888672
tencent-hunyuan_hunyuandit-v1.2-diffusers,14867690,-0.12287400662899017
tencent-hunyuan_hunyuandit-v1.2-diffusers,14872875,-1.0960091352462769
tencent-hunyuan_hunyuandit-v1.2-diffusers,14880557,1.3251200914382935
tencent-hunyuan_hunyuandit-v1.2-diffusers,14894140,-0.9791405200958252
tencent-hunyuan_hunyuandit-v1.2-diffusers,15180934,0.42531436681747437
tencent-hunyuan_hunyuandit-v1.2-diffusers,15970145,-0.09295506030321121
tencent-hunyuan_hunyuandit-v1.2-diffusers,17002912,-0.6809293031692505
tencent-hunyuan_hunyuandit-v1.2-diffusers,17012379,1.0485705137252808
tencent-hunyuan_hunyuandit-v1.2-diffusers,17282800,0.7807216644287109
tencent-hunyuan_hunyuandit-v1.2-diffusers,17925539,0.6128856539726257
tencent-hunyuan_hunyuandit-v1.2-diffusers,18367104,0.8746413588523865
tencent-hunyuan_hunyuandit-v1.2-diffusers,18758723,0.9292900562286377
tencent-hunyuan_hunyuandit-v1.2-diffusers,19143128,0.4367595613002777
tencent-hunyuan_hunyuandit-v1.2-diffusers,19671124,-0.7973518371582031
tencent-hunyuan_hunyuandit-v1.2-diffusers,19855707,-1.3113300800323486
tencent-hunyuan_hunyuandit-v1.2-diffusers,19893872,1.2434461116790771
tencent-hunyuan_hunyuandit-v1.2-diffusers,20017667,0.4665071368217468
tencent-hunyuan_hunyuandit-v1.2-diffusers,20128079,0.06755711883306503
tencent-hunyuan_hunyuandit-v1.2-diffusers,20471134,0.5400545597076416
tencent-hunyuan_hunyuandit-v1.2-diffusers,20495093,1.1385776996612549
tencent-hunyuan_hunyuandit-v1.2-diffusers,20782430,0.044798824936151505
tencent-hunyuan_hunyuandit-v1.2-diffusers,21377549,0.7426027059555054
tencent-hunyuan_hunyuandit-v1.2-diffusers,21564446,-2.0007476806640625
tencent-hunyuan_hunyuandit-v1.2-diffusers,21620388,0.6953709721565247
tencent-hunyuan_hunyuandit-v1.2-diffusers,22149540,-0.5597476363182068
tencent-hunyuan_hunyuandit-v1.2-diffusers,22738759,-1.7498669624328613
tencent-hunyuan_hunyuandit-v1.2-diffusers,22767176,-0.41537725925445557
tencent-hunyuan_hunyuandit-v1.2-diffusers,23129661,-0.9182426929473877
tencent-hunyuan_hunyuandit-v1.2-diffusers,23185551,0.43433278799057007
tencent-hunyuan_hunyuandit-v1.2-diffusers,23232427,-0.7243978381156921
tencent-hunyuan_hunyuandit-v1.2-diffusers,23257851,-0.0311818215996027
tencent-hunyuan_hunyuandit-v1.2-diffusers,23620789,0.2641770541667938
tencent-hunyuan_hunyuandit-v1.2-diffusers,24808131,0.08804260939359665
tencent-hunyuan_hunyuandit-v1.2-diffusers,24843217,-0.9605188369750977
tencent-hunyuan_hunyuandit-v1.2-diffusers,24933378,-0.6750192642211914
tencent-hunyuan_hunyuandit-v1.2-diffusers,24942232,-0.4289979636669159
tencent-hunyuan_hunyuandit-v1.2-diffusers,25290589,-0.7265259027481079
tencent-hunyuan_hunyuandit-v1.2-diffusers,25579216,-0.6841902136802673
tencent-hunyuan_hunyuandit-v1.2-diffusers,25685207,-1.5845491886138916
tencent-hunyuan_hunyuandit-v1.2-diffusers,25776594,0.37497347593307495
tencent-hunyuan_hunyuandit-v1.2-diffusers,26078214,0.049597643315792084
tencent-hunyuan_hunyuandit-v1.2-diffusers,26746434,0.7606089115142822
tencent-hunyuan_hunyuandit-v1.2-diffusers,26998039,0.22324278950691223
tencent-hunyuan_hunyuandit-v1.2-diffusers,27106238,0.25401771068573
tencent-hunyuan_hunyuandit-v1.2-diffusers,27246777,0.5225450992584229
tencent-hunyuan_hunyuandit-v1.2-diffusers,27768637,-0.9877371788024902
tencent-hunyuan_hunyuandit-v1.2-diffusers,27871992,0.8324041366577148
tencent-hunyuan_hunyuandit-v1.2-diffusers,28190972,-0.217579185962677
tencent-hunyuan_hunyuandit-v1.2-diffusers,29094321,0.18538707494735718
tencent-hunyuan_hunyuandit-v1.2-diffusers,29148617,0.3252309560775757
tencent-hunyuan_hunyuandit-v1.2-diffusers,29161294,-0.045680221170186996
tencent-hunyuan_hunyuandit-v1.2-diffusers,29632917,0.3054933547973633
tencent-hunyuan_hunyuandit-v1.2-diffusers,29703209,-0.7900530099868774
tencent-hunyuan_hunyuandit-v1.2-diffusers,29779486,-0.06534233689308167
tencent-hunyuan_hunyuandit-v1.2-diffusers,30028757,-0.6702142953872681
tencent-hunyuan_hunyuandit-v1.2-diffusers,30225071,0.7346968054771423
tencent-hunyuan_hunyuandit-v1.2-diffusers,30373565,0.4500223994255066
tencent-hunyuan_hunyuandit-v1.2-diffusers,30484086,-0.7162797451019287
tencent-hunyuan_hunyuandit-v1.2-diffusers,30883080,1.0029888153076172
tencent-hunyuan_hunyuandit-v1.2-diffusers,31114750,-0.7219060659408569
tencent-hunyuan_hunyuandit-v1.2-diffusers,31196176,0.9371933341026306
tencent-hunyuan_hunyuandit-v1.2-diffusers,31391857,-0.9264012575149536
tencent-hunyuan_hunyuandit-v1.2-diffusers,31595142,0.823296308517456
tencent-hunyuan_hunyuandit-v1.2-diffusers,32152786,-1.3674976825714111
tencent-hunyuan_hunyuandit-v1.2-diffusers,32327818,-0.09850483387708664
tencent-hunyuan_hunyuandit-v1.2-diffusers,32379732,1.4999933242797852
tencent-hunyuan_hunyuandit-v1.2-diffusers,32473966,0.05802861228585243
tencent-hunyuan_hunyuandit-v1.2-diffusers,32902730,1.0383833646774292
tencent-hunyuan_hunyuandit-v1.2-diffusers,32932491,-0.6381884217262268
tencent-hunyuan_hunyuandit-v1.2-diffusers,33006578,0.49906718730926514
tencent-hunyuan_hunyuandit-v1.2-diffusers,33478721,-1.0045275688171387
tencent-hunyuan_hunyuandit-v1.2-diffusers,34475997,0.09101520478725433
tencent-hunyuan_hunyuandit-v1.2-diffusers,34578737,0.17834888398647308
tencent-hunyuan_hunyuandit-v1.2-diffusers,34773230,0.24312813580036163
tencent-hunyuan_hunyuandit-v1.2-diffusers,36507085,1.0545510053634644
tencent-hunyuan_hunyuandit-v1.2-diffusers,36678439,0.11422756314277649
tencent-hunyuan_hunyuandit-v1.2-diffusers,37287360,0.8868285417556763
tencent-hunyuan_hunyuandit-v1.2-diffusers,37319253,1.692542552947998
tencent-hunyuan_hunyuandit-v1.2-diffusers,37547870,0.6187642812728882
tencent-hunyuan_hunyuandit-v1.2-diffusers,37736408,1.1829941272735596
tencent-hunyuan_hunyuandit-v1.2-diffusers,38014258,0.492580384016037
tencent-hunyuan_hunyuandit-v1.2-diffusers,38297191,1.5062733888626099
tencent-hunyuan_hunyuandit-v1.2-diffusers,38402744,1.783908486366272
tencent-hunyuan_hunyuandit-v1.2-diffusers,38954086,-0.2953867018222809
tencent-hunyuan_hunyuandit-v1.2-diffusers,39139190,0.20612648129463196
tencent-hunyuan_hunyuandit-v1.2-diffusers,39560404,0.4356025159358978
tencent-hunyuan_hunyuandit-v1.2-diffusers,39566065,1.8336999416351318
tencent-hunyuan_hunyuandit-v1.2-diffusers,39595218,1.9117728471755981
tencent-hunyuan_hunyuandit-v1.2-diffusers,40825299,1.5079714059829712
tencent-hunyuan_hunyuandit-v1.2-diffusers,40945115,-1.78447425365448
tencent-hunyuan_hunyuandit-v1.2-diffusers,40995095,-0.31536078453063965
tencent-hunyuan_hunyuandit-v1.2-diffusers,41015844,0.4170275032520294
tencent-hunyuan_hunyuandit-v1.2-diffusers,41031648,0.45430052280426025
tencent-hunyuan_hunyuandit-v1.2-diffusers,41161074,-0.22633619606494904
tencent-hunyuan_hunyuandit-v1.2-diffusers,41458919,1.1868362426757812
tencent-hunyuan_hunyuandit-v1.2-diffusers,41565779,0.2719048261642456
tencent-hunyuan_hunyuandit-v1.2-diffusers,41766391,1.210940957069397
tencent-hunyuan_hunyuandit-v1.2-diffusers,41982710,0.3087801933288574
tencent-hunyuan_hunyuandit-v1.2-diffusers,42048260,0.29722774028778076
tencent-hunyuan_hunyuandit-v1.2-diffusers,42849420,-0.8068466782569885
tencent-hunyuan_hunyuandit-v1.2-diffusers,42931583,-0.5884901285171509
tencent-hunyuan_hunyuandit-v1.2-diffusers,43060946,-0.3281347453594208
tencent-hunyuan_hunyuandit-v1.2-diffusers,43153800,0.1177840381860733
tencent-hunyuan_hunyuandit-v1.2-diffusers,43161384,0.4315466284751892
tencent-hunyuan_hunyuandit-v1.2-diffusers,43301379,0.5762538313865662
tencent-hunyuan_hunyuandit-v1.2-diffusers,43304323,-1.084232211112976
tencent-hunyuan_hunyuandit-v1.2-diffusers,43367797,-0.6243500113487244
tencent-hunyuan_hunyuandit-v1.2-diffusers,43431032,1.5040303468704224
tencent-hunyuan_hunyuandit-v1.2-diffusers,43631801,0.8114952445030212
tencent-hunyuan_hunyuandit-v1.2-diffusers,43735560,-0.632591962814331
tencent-hunyuan_hunyuandit-v1.2-diffusers,43858443,0.7027903199195862
tencent-hunyuan_hunyuandit-v1.2-diffusers,43918624,-1.7579588890075684
tencent-hunyuan_hunyuandit-v1.2-diffusers,44280552,-0.5587546825408936
tencent-hunyuan_hunyuandit-v1.2-diffusers,44295589,-0.8996293544769287
tencent-hunyuan_hunyuandit-v1.2-diffusers,44621915,-0.7837768793106079
tencent-hunyuan_hunyuandit-v1.2-diffusers,44645737,1.2320700883865356
tencent-hunyuan_hunyuandit-v1.2-diffusers,44838123,-1.1756114959716797
tencent-hunyuan_hunyuandit-v1.2-diffusers,45258070,0.05772872641682625
tencent-hunyuan_hunyuandit-v1.2-diffusers,45297641,-0.843384861946106
tencent-hunyuan_hunyuandit-v1.2-diffusers,45418454,-0.9681124091148376
tencent-hunyuan_hunyuandit-v1.2-diffusers,45564900,-1.7593649625778198
tencent-hunyuan_hunyuandit-v1.2-diffusers,46150029,-1.2999882698059082
tencent-hunyuan_hunyuandit-v1.2-diffusers,46394736,0.5118852853775024
tencent-hunyuan_hunyuandit-v1.2-diffusers,46673664,0.5108179450035095
tencent-hunyuan_hunyuandit-v1.2-diffusers,46994920,0.500058650970459
tencent-hunyuan_hunyuandit-v1.2-diffusers,47009060,-1.7345492839813232
tencent-hunyuan_hunyuandit-v1.2-diffusers,47552953,0.3826417326927185
tencent-hunyuan_hunyuandit-v1.2-diffusers,47595220,0.06445018947124481
tencent-hunyuan_hunyuandit-v1.2-diffusers,47819321,0.61865234375
tencent-hunyuan_hunyuandit-v1.2-diffusers,48223384,0.4795529842376709
tencent-hunyuan_hunyuandit-v1.2-diffusers,48351897,1.6077700853347778
tencent-hunyuan_hunyuandit-v1.2-diffusers,48754831,-0.2210187017917633
tencent-hunyuan_hunyuandit-v1.2-diffusers,49054805,1.315263271331787
tencent-hunyuan_hunyuandit-v1.2-diffusers,49089576,1.2718870639801025
tencent-hunyuan_hunyuandit-v1.2-diffusers,49300740,0.007253875955939293
tencent-hunyuan_hunyuandit-v1.2-diffusers,49358811,-0.6929274201393127
tencent-hunyuan_hunyuandit-v1.2-diffusers,49462954,-0.5257936716079712
tencent-hunyuan_hunyuandit-v1.2-diffusers,50262859,1.4559258222579956
tencent-hunyuan_hunyuandit-v1.2-diffusers,50871471,-0.4649766683578491
tencent-hunyuan_hunyuandit-v1.2-diffusers,50952217,0.21598397195339203
tencent-hunyuan_hunyuandit-v1.2-diffusers,51060824,-0.2966954708099365
tencent-hunyuan_hunyuandit-v1.2-diffusers,51314050,1.8633018732070923
tencent-hunyuan_hunyuandit-v1.2-diffusers,51946990,-0.9224109649658203
tencent-hunyuan_hunyuandit-v1.2-diffusers,52325745,-1.2094454765319824
tencent-hunyuan_hunyuandit-v1.2-diffusers,52474100,0.9370622634887695
tencent-hunyuan_hunyuandit-v1.2-diffusers,52516409,0.2598187029361725
tencent-hunyuan_hunyuandit-v1.2-diffusers,52711595,-0.18901410698890686
tencent-hunyuan_hunyuandit-v1.2-diffusers,53022028,-0.5036982893943787
tencent-hunyuan_hunyuandit-v1.2-diffusers,53205877,-0.5851244926452637
tencent-hunyuan_hunyuandit-v1.2-diffusers,53288018,-0.9894285798072815
tencent-hunyuan_hunyuandit-v1.2-diffusers,53443611,1.6006689071655273
tencent-hunyuan_hunyuandit-v1.2-diffusers,53815934,-1.1140985488891602
tencent-hunyuan_hunyuandit-v1.2-diffusers,54495173,0.1986508071422577
tencent-hunyuan_hunyuandit-v1.2-diffusers,54931507,-0.3596678376197815
tencent-hunyuan_hunyuandit-v1.2-diffusers,55191509,0.4774826169013977
tencent-hunyuan_hunyuandit-v1.2-diffusers,55255145,0.2346269190311432
tencent-hunyuan_hunyuandit-v1.2-diffusers,55457672,-1.1341583728790283
tencent-hunyuan_hunyuandit-v1.2-diffusers,55588327,0.052413325756788254
tencent-hunyuan_hunyuandit-v1.2-diffusers,55653646,0.8901271224021912
tencent-hunyuan_hunyuandit-v1.2-diffusers,55658809,-0.3315923810005188
tencent-hunyuan_hunyuandit-v1.2-diffusers,55812974,-0.4958915710449219
tencent-hunyuan_hunyuandit-v1.2-diffusers,55819553,-0.955679714679718
tencent-hunyuan_hunyuandit-v1.2-diffusers,55826966,-1.366422414779663
tencent-hunyuan_hunyuandit-v1.2-diffusers,55983905,0.2416345328092575
tencent-hunyuan_hunyuandit-v1.2-diffusers,56074056,-0.09712176024913788
tencent-hunyuan_hunyuandit-v1.2-diffusers,56112588,-0.27659595012664795
tencent-hunyuan_hunyuandit-v1.2-diffusers,56121520,0.11550509929656982
tencent-hunyuan_hunyuandit-v1.2-diffusers,56250900,0.6276504993438721
tencent-hunyuan_hunyuandit-v1.2-diffusers,56458800,1.1788655519485474
tencent-hunyuan_hunyuandit-v1.2-diffusers,56792430,0.5475662350654602
tencent-hunyuan_hunyuandit-v1.2-diffusers,56982260,-0.12048303335905075
tencent-hunyuan_hunyuandit-v1.2-diffusers,57673976,-1.1443861722946167
tencent-hunyuan_hunyuandit-v1.2-diffusers,57716963,0.8009007573127747
tencent-hunyuan_hunyuandit-v1.2-diffusers,57729980,-1.309047818183899
tencent-hunyuan_hunyuandit-v1.2-diffusers,57785005,0.6191763877868652
tencent-hunyuan_hunyuandit-v1.2-diffusers,57873614,0.6208215355873108
tencent-hunyuan_hunyuandit-v1.2-diffusers,58727024,-0.006249495316296816
tencent-hunyuan_hunyuandit-v1.2-diffusers,58761464,0.2528783082962036
tencent-hunyuan_hunyuandit-v1.2-diffusers,59399259,-0.2475777268409729
tencent-hunyuan_hunyuandit-v1.2-diffusers,59976859,0.5377073287963867
tencent-hunyuan_hunyuandit-v1.2-diffusers,60083345,-0.6294660568237305
tencent-hunyuan_hunyuandit-v1.2-diffusers,60214770,-0.05748404189944267
tencent-hunyuan_hunyuandit-v1.2-diffusers,60215376,-0.6268805265426636
tencent-hunyuan_hunyuandit-v1.2-diffusers,60375309,-0.10990945249795914
tencent-hunyuan_hunyuandit-v1.2-diffusers,60606896,0.04060325399041176
tencent-hunyuan_hunyuandit-v1.2-diffusers,60668084,0.6787430644035339
tencent-hunyuan_hunyuandit-v1.2-diffusers,61035709,-0.9509150981903076
tencent-hunyuan_hunyuandit-v1.2-diffusers,61388266,0.17737703025341034
tencent-hunyuan_hunyuandit-v1.2-diffusers,61627313,0.4260995388031006
tencent-hunyuan_hunyuandit-v1.2-diffusers,61635816,-0.6314471960067749
tencent-hunyuan_hunyuandit-v1.2-diffusers,61853324,1.448423147201538
tencent-hunyuan_hunyuandit-v1.2-diffusers,62408818,1.0495191812515259
tencent-hunyuan_hunyuandit-v1.2-diffusers,62841330,0.10808851569890976
tencent-hunyuan_hunyuandit-v1.2-diffusers,63015570,1.0880955457687378
tencent-hunyuan_hunyuandit-v1.2-diffusers,63336441,-0.1577548235654831
tencent-hunyuan_hunyuandit-v1.2-diffusers,63633117,0.38039785623550415
tencent-hunyuan_hunyuandit-v1.2-diffusers,64576544,-0.8388894200325012
tencent-hunyuan_hunyuandit-v1.2-diffusers,64687077,-0.285332053899765
tencent-hunyuan_hunyuandit-v1.2-diffusers,64693533,1.3654577732086182
tencent-hunyuan_hunyuandit-v1.2-diffusers,64856142,-0.06387675553560257
tencent-hunyuan_hunyuandit-v1.2-diffusers,65411270,-1.2975517511367798
tencent-hunyuan_hunyuandit-v1.2-diffusers,65557844,-0.1544138789176941
tencent-hunyuan_hunyuandit-v1.2-diffusers,65824677,0.381486713886261
tencent-hunyuan_hunyuandit-v1.2-diffusers,65890875,0.8961018919944763
tencent-hunyuan_hunyuandit-v1.2-diffusers,65960228,1.1565383672714233
tencent-hunyuan_hunyuandit-v1.2-diffusers,66668538,0.5189878344535828
tencent-hunyuan_hunyuandit-v1.2-diffusers,67344811,0.13264603912830353
tencent-hunyuan_hunyuandit-v1.2-diffusers,67949798,0.865924060344696
tencent-hunyuan_hunyuandit-v1.2-diffusers,68246844,0.22756674885749817
tencent-hunyuan_hunyuandit-v1.2-diffusers,68280322,-1.0068702697753906
tencent-hunyuan_hunyuandit-v1.2-diffusers,68321683,0.9560934901237488
tencent-hunyuan_hunyuandit-v1.2-diffusers,68380669,-0.13274981081485748
tencent-hunyuan_hunyuandit-v1.2-diffusers,68575085,-0.5760535001754761
tencent-hunyuan_hunyuandit-v1.2-diffusers,70380966,-0.6947910189628601
tencent-hunyuan_hunyuandit-v1.2-diffusers,70494671,-0.5907416939735413
tencent-hunyuan_hunyuandit-v1.2-diffusers,71055464,-0.9055107831954956
tencent-hunyuan_hunyuandit-v1.2-diffusers,71591839,-1.3334578275680542
tencent-hunyuan_hunyuandit-v1.2-diffusers,71828875,0.10796354711055756
tencent-hunyuan_hunyuandit-v1.2-diffusers,71910823,0.5473728775978088
tencent-hunyuan_hunyuandit-v1.2-diffusers,71959499,0.9710683226585388
tencent-hunyuan_hunyuandit-v1.2-diffusers,72432241,0.981147825717926
tencent-hunyuan_hunyuandit-v1.2-diffusers,72553814,1.1874641180038452
tencent-hunyuan_hunyuandit-v1.2-diffusers,73051579,-0.17331573367118835
tencent-hunyuan_hunyuandit-v1.2-diffusers,73600586,-0.05525549128651619
tencent-hunyuan_hunyuandit-v1.2-diffusers,73616417,-0.062025152146816254
tencent-hunyuan_hunyuandit-v1.2-diffusers,73681289,1.1673145294189453
tencent-hunyuan_hunyuandit-v1.2-diffusers,73962724,-1.0995982885360718
tencent-hunyuan_hunyuandit-v1.2-diffusers,74175857,0.12951233983039856
tencent-hunyuan_hunyuandit-v1.2-diffusers,75051801,-0.09251393377780914
tencent-hunyuan_hunyuandit-v1.2-diffusers,75787772,-0.14998580515384674
tencent-hunyuan_hunyuandit-v1.2-diffusers,75944980,-0.8982341885566711
tencent-hunyuan_hunyuandit-v1.2-diffusers,75964288,0.6517739295959473
tencent-hunyuan_hunyuandit-v1.2-diffusers,76066166,-0.6291126608848572
tencent-hunyuan_hunyuandit-v1.2-diffusers,76100398,1.146403431892395
tencent-hunyuan_hunyuandit-v1.2-diffusers,76425345,-0.24791473150253296
tencent-hunyuan_hunyuandit-v1.2-diffusers,77106105,0.6383938789367676
tencent-hunyuan_hunyuandit-v1.2-diffusers,77132310,-0.3556816577911377
tencent-hunyuan_hunyuandit-v1.2-diffusers,77232534,-0.21285490691661835
tencent-hunyuan_hunyuandit-v1.2-diffusers,77312726,-0.7416577339172363
tencent-hunyuan_hunyuandit-v1.2-diffusers,77358840,0.22911615669727325
tencent-hunyuan_hunyuandit-v1.2-diffusers,77490593,-0.9278241991996765
tencent-hunyuan_hunyuandit-v1.2-diffusers,77726888,-0.3697386682033539
tencent-hunyuan_hunyuandit-v1.2-diffusers,78735978,-0.10248880833387375
tencent-hunyuan_hunyuandit-v1.2-diffusers,79077085,-1.17131769657135
tencent-hunyuan_hunyuandit-v1.2-diffusers,79212243,0.19854198396205902
tencent-hunyuan_hunyuandit-v1.2-diffusers,79606917,-0.7272244095802307
tencent-hunyuan_hunyuandit-v1.2-diffusers,79918827,1.4817051887512207
tencent-hunyuan_hunyuandit-v1.2-diffusers,80289373,0.3870839476585388
tencent-hunyuan_hunyuandit-v1.2-diffusers,80371125,0.5065929293632507
tencent-hunyuan_hunyuandit-v1.2-diffusers,80540387,-1.0362052917480469
tencent-hunyuan_hunyuandit-v1.2-diffusers,81135077,-0.40344497561454773
tencent-hunyuan_hunyuandit-v1.2-diffusers,81303945,-0.534135639667511
tencent-hunyuan_hunyuandit-v1.2-diffusers,81435593,0.970105767250061
tencent-hunyuan_hunyuandit-v1.2-diffusers,82282590,0.7164154648780823
tencent-hunyuan_hunyuandit-v1.2-diffusers,82696415,0.17739355564117432
tencent-hunyuan_hunyuandit-v1.2-diffusers,82916016,-1.7542662620544434
tencent-hunyuan_hunyuandit-v1.2-diffusers,83084473,1.769276738166809
tencent-hunyuan_hunyuandit-v1.2-diffusers,83418847,-0.02625826559960842
tencent-hunyuan_hunyuandit-v1.2-diffusers,84089324,-0.6175022721290588
tencent-hunyuan_hunyuandit-v1.2-diffusers,84306831,-0.6510287523269653
tencent-hunyuan_hunyuandit-v1.2-diffusers,84510135,0.3391261100769043
tencent-hunyuan_hunyuandit-v1.2-diffusers,84788890,1.2951699495315552
tencent-hunyuan_hunyuandit-v1.2-diffusers,84985982,0.4488103985786438
tencent-hunyuan_hunyuandit-v1.2-diffusers,85191733,-0.49229884147644043
tencent-hunyuan_hunyuandit-v1.2-diffusers,86119145,0.23346015810966492
tencent-hunyuan_hunyuandit-v1.2-diffusers,86340862,-1.0453323125839233
tencent-hunyuan_hunyuandit-v1.2-diffusers,86341828,-0.014728845097124577
tencent-hunyuan_hunyuandit-v1.2-diffusers,86537356,-0.15622518956661224
tencent-hunyuan_hunyuandit-v1.2-diffusers,86701636,1.4807993173599243
tencent-hunyuan_hunyuandit-v1.2-diffusers,86714939,-0.8777375221252441
tencent-hunyuan_hunyuandit-v1.2-diffusers,87574583,0.6076606512069702
tencent-hunyuan_hunyuandit-v1.2-diffusers,87699711,-0.4518846273422241
tencent-hunyuan_hunyuandit-v1.2-diffusers,88016571,0.054798904806375504
tencent-hunyuan_hunyuandit-v1.2-diffusers,88087492,0.04962871968746185
tencent-hunyuan_hunyuandit-v1.2-diffusers,89227603,0.8037387132644653
tencent-hunyuan_hunyuandit-v1.2-diffusers,89539854,-0.5592017769813538
tencent-hunyuan_hunyuandit-v1.2-diffusers,89926787,0.022966941818594933
tencent-hunyuan_hunyuandit-v1.2-diffusers,90244932,1.4245268106460571
tencent-hunyuan_hunyuandit-v1.2-diffusers,90493027,-1.2081434726715088
tencent-hunyuan_hunyuandit-v1.2-diffusers,90613035,-0.8436506986618042
tencent-hunyuan_hunyuandit-v1.2-diffusers,91368797,1.5025309324264526
tencent-hunyuan_hunyuandit-v1.2-diffusers,91784299,-0.09172973036766052
tencent-hunyuan_hunyuandit-v1.2-diffusers,91790573,1.3546134233474731
tencent-hunyuan_hunyuandit-v1.2-diffusers,91834546,-1.2796118259429932
tencent-hunyuan_hunyuandit-v1.2-diffusers,92068094,1.0617058277130127
tencent-hunyuan_hunyuandit-v1.2-diffusers,92311656,-0.3048078119754791
tencent-hunyuan_hunyuandit-v1.2-diffusers,92709444,-0.08925537765026093
tencent-hunyuan_hunyuandit-v1.2-diffusers,93114575,1.3464897871017456
tencent-hunyuan_hunyuandit-v1.2-diffusers,93256557,0.5532835721969604
tencent-hunyuan_hunyuandit-v1.2-diffusers,93407716,-2.2563066482543945
tencent-hunyuan_hunyuandit-v1.2-diffusers,93436296,1.1336191892623901
tencent-hunyuan_hunyuandit-v1.2-diffusers,93512057,-1.0789738893508911
tencent-hunyuan_hunyuandit-v1.2-diffusers,94006560,-1.5509651899337769
tencent-hunyuan_hunyuandit-v1.2-diffusers,94321535,-0.15050260722637177
tencent-hunyuan_hunyuandit-v1.2-diffusers,94532154,0.9317576289176941
tencent-hunyuan_hunyuandit-v1.2-diffusers,95171107,-0.50275719165802
tencent-hunyuan_hunyuandit-v1.2-diffusers,95228839,-0.6456301808357239
tencent-hunyuan_hunyuandit-v1.2-diffusers,95325441,0.6088026762008667
tencent-hunyuan_hunyuandit-v1.2-diffusers,95450946,0.7351668477058411
tencent-hunyuan_hunyuandit-v1.2-diffusers,95583911,0.7644670605659485
tencent-hunyuan_hunyuandit-v1.2-diffusers,95718306,-0.24641942977905273
tencent-hunyuan_hunyuandit-v1.2-diffusers,95737828,-0.4690547585487366
tencent-hunyuan_hunyuandit-v1.2-diffusers,96448597,1.51276433467865
tencent-hunyuan_hunyuandit-v1.2-diffusers,96482065,-0.09070435166358948
tencent-hunyuan_hunyuandit-v1.2-diffusers,96521920,-0.8107811808586121
tencent-hunyuan_hunyuandit-v1.2-diffusers,96850153,1.4228975772857666
tencent-hunyuan_hunyuandit-v1.2-diffusers,98113191,0.46079668402671814
tencent-hunyuan_hunyuandit-v1.2-diffusers,98195317,-0.2948015034198761
tencent-hunyuan_hunyuandit-v1.2-diffusers,98254655,1.2858470678329468
tencent-hunyuan_hunyuandit-v1.2-diffusers,98319500,0.32105913758277893
tencent-hunyuan_hunyuandit-v1.2-diffusers,98642787,0.5692223906517029
tencent-hunyuan_hunyuandit-v1.2-diffusers,98646702,-0.004321214742958546
tencent-hunyuan_hunyuandit-v1.2-diffusers,98929226,-2.053272008895874
tencent-hunyuan_hunyuandit-v1.2-diffusers,99178779,0.6228662729263306
tencent-hunyuan_hunyuandit-v1.2-diffusers,99185892,-0.3405231833457947
tencent-hunyuan_hunyuandit-v1.2-diffusers,99211012,0.19006460905075073
tencent-hunyuan_hunyuandit-v1.2-diffusers,99410560,1.1775851249694824
tencent-hunyuan_hunyuandit-v1.2-diffusers,99862294,-1.3065322637557983
black-forest-labs_flux.1-dev,138508,-0.47520512342453003
black-forest-labs_flux.1-dev,192051,0.2723533511161804
black-forest-labs_flux.1-dev,213186,0.3832826316356659
black-forest-labs_flux.1-dev,232386,-0.7198149561882019
black-forest-labs_flux.1-dev,232765,-0.8166016340255737
black-forest-labs_flux.1-dev,258857,-0.4312267005443573
black-forest-labs_flux.1-dev,283090,0.11561838537454605
black-forest-labs_flux.1-dev,285141,0.7916409373283386
black-forest-labs_flux.1-dev,399030,-0.458962619304657
black-forest-labs_flux.1-dev,440189,-0.5032138228416443
black-forest-labs_flux.1-dev,445169,-1.0311877727508545
black-forest-labs_flux.1-dev,486490,-0.5281652212142944
black-forest-labs_flux.1-dev,487072,1.3406519889831543
black-forest-labs_flux.1-dev,487326,-2.067863941192627
black-forest-labs_flux.1-dev,489837,-1.8888741731643677
black-forest-labs_flux.1-dev,646833,0.3027435839176178
black-forest-labs_flux.1-dev,708860,-0.5442191958427429
black-forest-labs_flux.1-dev,717208,0.4554784297943115
black-forest-labs_flux.1-dev,717468,1.4900879859924316
black-forest-labs_flux.1-dev,735254,-1.2177528142929077
black-forest-labs_flux.1-dev,762478,0.3298633098602295
black-forest-labs_flux.1-dev,825443,1.6038273572921753
black-forest-labs_flux.1-dev,831919,0.9788862466812134
black-forest-labs_flux.1-dev,896677,0.21028029918670654
black-forest-labs_flux.1-dev,936620,-0.41786643862724304
black-forest-labs_flux.1-dev,974367,-0.722150981426239
black-forest-labs_flux.1-dev,993014,0.7612770199775696
black-forest-labs_flux.1-dev,995855,0.3733211159706116
black-forest-labs_flux.1-dev,1113367,-1.2203686237335205
black-forest-labs_flux.1-dev,1171644,-1.008355736732483
black-forest-labs_flux.1-dev,1209135,-0.26724886894226074
black-forest-labs_flux.1-dev,1317294,1.1844940185546875
black-forest-labs_flux.1-dev,1317533,0.7280453443527222
black-forest-labs_flux.1-dev,1321854,1.7735341787338257
black-forest-labs_flux.1-dev,1377758,1.4116731882095337
black-forest-labs_flux.1-dev,1474832,0.402903288602829
black-forest-labs_flux.1-dev,1516071,-0.37021052837371826
black-forest-labs_flux.1-dev,1566705,-0.7598581314086914
black-forest-labs_flux.1-dev,1640855,-0.6599296927452087
black-forest-labs_flux.1-dev,1668603,0.7445762157440186
black-forest-labs_flux.1-dev,1678990,1.5781922340393066
black-forest-labs_flux.1-dev,1699831,1.5743904113769531
black-forest-labs_flux.1-dev,1707698,0.46150726079940796
black-forest-labs_flux.1-dev,1727942,0.914888322353363
black-forest-labs_flux.1-dev,2045760,-0.4132236838340759
black-forest-labs_flux.1-dev,2075049,0.408183753490448
black-forest-labs_flux.1-dev,2075764,0.050249531865119934
black-forest-labs_flux.1-dev,2241569,1.090040683746338
black-forest-labs_flux.1-dev,2720725,-0.23467008769512177
black-forest-labs_flux.1-dev,2721160,-0.9216140508651733
black-forest-labs_flux.1-dev,2730265,-0.6507541537284851
black-forest-labs_flux.1-dev,2744395,-0.7202990651130676
black-forest-labs_flux.1-dev,2770078,-0.9667121171951294
black-forest-labs_flux.1-dev,2793684,-1.309909701347351
black-forest-labs_flux.1-dev,2803666,1.0168368816375732
black-forest-labs_flux.1-dev,2807731,-0.7409104704856873
black-forest-labs_flux.1-dev,2821943,0.3952755928039551
black-forest-labs_flux.1-dev,2824319,-1.379841923713684
black-forest-labs_flux.1-dev,2825442,0.2916248142719269
black-forest-labs_flux.1-dev,2852043,0.6108934283256531
black-forest-labs_flux.1-dev,2870293,-1.575732707977295
black-forest-labs_flux.1-dev,2870880,0.8461484909057617
black-forest-labs_flux.1-dev,2923535,-2.194547653198242
black-forest-labs_flux.1-dev,2933112,-0.30454957485198975
black-forest-labs_flux.1-dev,2963987,1.0732591152191162
black-forest-labs_flux.1-dev,2991302,-1.9512319564819336
black-forest-labs_flux.1-dev,3024209,0.2120169848203659
black-forest-labs_flux.1-dev,3035832,-2.276628017425537
black-forest-labs_flux.1-dev,3049457,-0.8144468069076538
black-forest-labs_flux.1-dev,3107488,-2.181302309036255
black-forest-labs_flux.1-dev,3131388,-1.321681022644043
black-forest-labs_flux.1-dev,3131669,-1.7712817192077637
black-forest-labs_flux.1-dev,3152830,-2.1215109825134277
black-forest-labs_flux.1-dev,3249569,1.277936339378357
black-forest-labs_flux.1-dev,3262349,0.8620346784591675
black-forest-labs_flux.1-dev,3288500,-2.0707905292510986
black-forest-labs_flux.1-dev,3298716,0.08493179082870483
black-forest-labs_flux.1-dev,3308246,1.2576088905334473
black-forest-labs_flux.1-dev,3309110,0.2040749192237854
black-forest-labs_flux.1-dev,3347220,-0.8757477402687073
black-forest-labs_flux.1-dev,3353281,-0.6596822142601013
black-forest-labs_flux.1-dev,3366112,0.21135972440242767
black-forest-labs_flux.1-dev,3411927,-0.5964089632034302
black-forest-labs_flux.1-dev,3456665,1.5215116739273071
black-forest-labs_flux.1-dev,3563208,-0.9131409525871277
black-forest-labs_flux.1-dev,3580281,-0.8572861552238464
black-forest-labs_flux.1-dev,3603442,0.6427602171897888
black-forest-labs_flux.1-dev,3607029,1.5102461576461792
black-forest-labs_flux.1-dev,3628071,-1.5950959920883179
black-forest-labs_flux.1-dev,3630383,1.545053482055664
black-forest-labs_flux.1-dev,3676483,0.20498819649219513
black-forest-labs_flux.1-dev,3679712,-1.4350957870483398
black-forest-labs_flux.1-dev,3685307,0.16895964741706848
black-forest-labs_flux.1-dev,3703463,-2.235323190689087
black-forest-labs_flux.1-dev,3714235,1.6294769048690796
black-forest-labs_flux.1-dev,3728318,0.5485591888427734
black-forest-labs_flux.1-dev,3748162,-0.2389684021472931
black-forest-labs_flux.1-dev,3764276,1.110850214958191
black-forest-labs_flux.1-dev,3818090,-0.1890684813261032
black-forest-labs_flux.1-dev,3842156,0.7698506712913513
black-forest-labs_flux.1-dev,3880032,-2.2683262825012207
black-forest-labs_flux.1-dev,3889343,0.37669527530670166
black-forest-labs_flux.1-dev,3907654,0.251846045255661
black-forest-labs_flux.1-dev,3940713,0.18085242807865143
black-forest-labs_flux.1-dev,3975232,-1.8542790412902832
black-forest-labs_flux.1-dev,3982060,-0.7446703910827637
black-forest-labs_flux.1-dev,3990474,-1.8332545757293701
black-forest-labs_flux.1-dev,4010305,-2.1337573528289795
black-forest-labs_flux.1-dev,4025130,0.9733258485794067
black-forest-labs_flux.1-dev,4062807,1.5537692308425903
black-forest-labs_flux.1-dev,4123448,0.42747870087623596
black-forest-labs_flux.1-dev,4125853,0.01903708092868328
black-forest-labs_flux.1-dev,4140340,1.6199989318847656
black-forest-labs_flux.1-dev,4145056,0.09437622129917145
black-forest-labs_flux.1-dev,4192521,-0.9782479405403137
black-forest-labs_flux.1-dev,4259202,-0.3676580786705017
black-forest-labs_flux.1-dev,4285773,-0.782073974609375
black-forest-labs_flux.1-dev,4345028,-1.5654226541519165
black-forest-labs_flux.1-dev,4387201,-1.1131082773208618
black-forest-labs_flux.1-dev,4416901,0.07481109350919724
black-forest-labs_flux.1-dev,4455579,-2.2400331497192383
black-forest-labs_flux.1-dev,4497570,0.43266692757606506
black-forest-labs_flux.1-dev,4534520,0.6376491189002991
black-forest-labs_flux.1-dev,4539203,-1.178468942642212
black-forest-labs_flux.1-dev,4552551,1.103824257850647
black-forest-labs_flux.1-dev,4596797,0.09482775628566742
black-forest-labs_flux.1-dev,4832208,-1.1218667030334473
black-forest-labs_flux.1-dev,4930139,1.5064153671264648
black-forest-labs_flux.1-dev,5008085,0.015163648873567581
black-forest-labs_flux.1-dev,5219923,0.4659983515739441
black-forest-labs_flux.1-dev,5316083,0.011077514849603176
black-forest-labs_flux.1-dev,5350912,-1.1170817613601685
black-forest-labs_flux.1-dev,5374860,0.45480039715766907
black-forest-labs_flux.1-dev,5410315,-0.36406195163726807
black-forest-labs_flux.1-dev,5522784,1.0408953428268433
black-forest-labs_flux.1-dev,5728577,-0.09890443831682205
black-forest-labs_flux.1-dev,5752544,-0.5342217683792114
black-forest-labs_flux.1-dev,5794797,0.5980328917503357
black-forest-labs_flux.1-dev,5895919,1.6514166593551636
black-forest-labs_flux.1-dev,5958517,-0.5927907228469849
black-forest-labs_flux.1-dev,6189776,0.0577428862452507
black-forest-labs_flux.1-dev,6528587,-1.1198543310165405
black-forest-labs_flux.1-dev,6584891,-0.5648635029792786
black-forest-labs_flux.1-dev,6586355,0.41079235076904297
black-forest-labs_flux.1-dev,6607809,0.030204739421606064
black-forest-labs_flux.1-dev,6615026,-2.0821621417999268
black-forest-labs_flux.1-dev,6615458,-0.7661048173904419
black-forest-labs_flux.1-dev,6615818,-0.46778732538223267
black-forest-labs_flux.1-dev,6616314,-1.1614643335342407
black-forest-labs_flux.1-dev,6617011,-0.3348120450973511
black-forest-labs_flux.1-dev,6617413,-2.0984559059143066
black-forest-labs_flux.1-dev,6729499,-1.3619483709335327
black-forest-labs_flux.1-dev,6880664,1.037119746208191
black-forest-labs_flux.1-dev,6883725,0.9808588624000549
black-forest-labs_flux.1-dev,6946774,-1.2903046607971191
black-forest-labs_flux.1-dev,7025268,1.095069408416748
black-forest-labs_flux.1-dev,7109847,-0.6111854910850525
black-forest-labs_flux.1-dev,7116261,1.2214114665985107
black-forest-labs_flux.1-dev,7150023,1.285143256187439
black-forest-labs_flux.1-dev,7163803,-0.934007465839386
black-forest-labs_flux.1-dev,7507098,0.5347680449485779
black-forest-labs_flux.1-dev,7596684,0.11039578169584274
black-forest-labs_flux.1-dev,7597365,0.2291630357503891
black-forest-labs_flux.1-dev,7601809,-0.3821510672569275
black-forest-labs_flux.1-dev,7605282,-2.2645177841186523
black-forest-labs_flux.1-dev,7606419,-1.0716882944107056
black-forest-labs_flux.1-dev,7607707,1.3205657005310059
black-forest-labs_flux.1-dev,7608721,0.37900662422180176
black-forest-labs_flux.1-dev,7625977,0.6975644826889038
black-forest-labs_flux.1-dev,7626721,-0.4863218069076538
black-forest-labs_flux.1-dev,7626833,-0.26725926995277405
black-forest-labs_flux.1-dev,7627310,0.1676117479801178
black-forest-labs_flux.1-dev,7651454,0.6534131169319153
black-forest-labs_flux.1-dev,7654438,-1.7115014791488647
black-forest-labs_flux.1-dev,7664468,-2.184708833694458
black-forest-labs_flux.1-dev,7698915,0.41608479619026184
black-forest-labs_flux.1-dev,7700167,1.322384238243103
black-forest-labs_flux.1-dev,7700868,1.4940400123596191
black-forest-labs_flux.1-dev,7701244,-0.7012768387794495
black-forest-labs_flux.1-dev,7702193,-0.11701412498950958
black-forest-labs_flux.1-dev,7710616,0.5944126844406128
black-forest-labs_flux.1-dev,7834065,-1.7759499549865723
black-forest-labs_flux.1-dev,7854266,-2.2082622051239014
black-forest-labs_flux.1-dev,7854455,0.06891472637653351
black-forest-labs_flux.1-dev,7871940,0.867673397064209
black-forest-labs_flux.1-dev,7891189,1.3154537677764893
black-forest-labs_flux.1-dev,7897116,-1.941605806350708
black-forest-labs_flux.1-dev,7914271,0.7923675775527954
black-forest-labs_flux.1-dev,7922764,-0.8189146518707275
black-forest-labs_flux.1-dev,7929519,-0.25890305638313293
black-forest-labs_flux.1-dev,7933274,0.8089612126350403
black-forest-labs_flux.1-dev,7933530,1.0672885179519653
black-forest-labs_flux.1-dev,8089797,0.986007034778595
black-forest-labs_flux.1-dev,8095160,-0.27525442838668823
black-forest-labs_flux.1-dev,8124208,0.39481836557388306
black-forest-labs_flux.1-dev,8339939,0.5469785928726196
black-forest-labs_flux.1-dev,8876291,-2.2772271633148193
black-forest-labs_flux.1-dev,9020389,1.8113150596618652
black-forest-labs_flux.1-dev,9044146,-1.5092369318008423
black-forest-labs_flux.1-dev,9057052,-1.725197672843933
black-forest-labs_flux.1-dev,9427682,-0.6538423895835876
black-forest-labs_flux.1-dev,9580065,1.0802403688430786
black-forest-labs_flux.1-dev,9719434,-2.126230001449585
black-forest-labs_flux.1-dev,9793248,-0.46719542145729065
black-forest-labs_flux.1-dev,9794211,1.38310968875885
black-forest-labs_flux.1-dev,9862621,-0.4585590362548828
black-forest-labs_flux.1-dev,9875188,-1.4244470596313477
black-forest-labs_flux.1-dev,9984659,0.1695651262998581
black-forest-labs_flux.1-dev,10012874,-0.28077274560928345
black-forest-labs_flux.1-dev,10024569,0.20261499285697937
black-forest-labs_flux.1-dev,10080493,0.31133002042770386
black-forest-labs_flux.1-dev,10106452,0.8416094183921814
black-forest-labs_flux.1-dev,10198409,-1.186862826347351
black-forest-labs_flux.1-dev,10333317,-0.16771471500396729
black-forest-labs_flux.1-dev,10408552,1.0803948640823364
black-forest-labs_flux.1-dev,10444677,0.5815718173980713
black-forest-labs_flux.1-dev,10453357,1.2512708902359009
black-forest-labs_flux.1-dev,10548623,-0.6486844420433044
black-forest-labs_flux.1-dev,10572128,-0.1291584074497223
black-forest-labs_flux.1-dev,10794014,0.9067379236221313
black-forest-labs_flux.1-dev,10939743,1.2190132141113281
black-forest-labs_flux.1-dev,11039909,1.1766895055770874
black-forest-labs_flux.1-dev,11334088,1.0895835161209106
black-forest-labs_flux.1-dev,11417672,1.131547451019287
black-forest-labs_flux.1-dev,11437577,-0.8080700635910034
black-forest-labs_flux.1-dev,11460338,0.04287911206483841
black-forest-labs_flux.1-dev,12345739,-0.027187300845980644
black-forest-labs_flux.1-dev,12402348,1.1428868770599365
black-forest-labs_flux.1-dev,13221529,0.24032199382781982
black-forest-labs_flux.1-dev,13290566,-0.7246524095535278
black-forest-labs_flux.1-dev,13389475,-0.9085577130317688
black-forest-labs_flux.1-dev,13390139,-2.267850399017334
black-forest-labs_flux.1-dev,13390405,0.8067598342895508
black-forest-labs_flux.1-dev,13392786,0.4001716673374176
black-forest-labs_flux.1-dev,13649361,-0.6723448634147644
black-forest-labs_flux.1-dev,13716878,-0.10393907874822617
black-forest-labs_flux.1-dev,13884740,-1.428484320640564
black-forest-labs_flux.1-dev,13915305,1.2327851057052612
black-forest-labs_flux.1-dev,13931145,-1.3263434171676636
black-forest-labs_flux.1-dev,13984082,-0.270857036113739
black-forest-labs_flux.1-dev,14140678,0.3841273784637451
black-forest-labs_flux.1-dev,14195315,-0.13365541398525238
black-forest-labs_flux.1-dev,14294568,-1.4341775178909302
black-forest-labs_flux.1-dev,14320813,0.10608243942260742
black-forest-labs_flux.1-dev,14360436,1.3944072723388672
black-forest-labs_flux.1-dev,14488317,0.24771423637866974
black-forest-labs_flux.1-dev,14533937,-0.679305374622345
black-forest-labs_flux.1-dev,14550987,0.5077142119407654
black-forest-labs_flux.1-dev,14579933,-0.8016345500946045
black-forest-labs_flux.1-dev,14606290,0.3741225600242615
black-forest-labs_flux.1-dev,14620257,-1.6925042867660522
black-forest-labs_flux.1-dev,14632648,-1.6817626953125
black-forest-labs_flux.1-dev,14647235,0.09194157272577286
black-forest-labs_flux.1-dev,14654954,-0.015552610158920288
black-forest-labs_flux.1-dev,14686352,-0.5178415179252625
black-forest-labs_flux.1-dev,14702875,-0.7014715671539307
black-forest-labs_flux.1-dev,14703190,-0.7065659165382385
black-forest-labs_flux.1-dev,14807929,-0.323748379945755
black-forest-labs_flux.1-dev,14809057,-0.6387205719947815
black-forest-labs_flux.1-dev,14867690,-1.9817163944244385
black-forest-labs_flux.1-dev,14872875,-0.979576826095581
black-forest-labs_flux.1-dev,14880557,-1.0807222127914429
black-forest-labs_flux.1-dev,14894140,-0.06505028158426285
black-forest-labs_flux.1-dev,15180934,-0.02946922555565834
black-forest-labs_flux.1-dev,15970145,-1.6818952560424805
black-forest-labs_flux.1-dev,17002912,-0.28564801812171936
black-forest-labs_flux.1-dev,17012379,0.8650971055030823
black-forest-labs_flux.1-dev,17282800,1.3098437786102295
black-forest-labs_flux.1-dev,17925539,-0.37893155217170715
black-forest-labs_flux.1-dev,18367104,0.8555939793586731
black-forest-labs_flux.1-dev,18758723,-1.4937177896499634
black-forest-labs_flux.1-dev,19143128,0.5466264486312866
black-forest-labs_flux.1-dev,19671124,-0.5887956023216248
black-forest-labs_flux.1-dev,19855707,-1.2073839902877808
black-forest-labs_flux.1-dev,19893872,1.3556954860687256
black-forest-labs_flux.1-dev,20017667,0.6383756399154663
black-forest-labs_flux.1-dev,20128079,-0.8888401985168457
black-forest-labs_flux.1-dev,20471134,0.2925995886325836
black-forest-labs_flux.1-dev,20495093,-0.45032402873039246
black-forest-labs_flux.1-dev,20782430,-0.5985971093177795
black-forest-labs_flux.1-dev,21377549,-0.43908873200416565
black-forest-labs_flux.1-dev,21564446,-1.024491548538208
black-forest-labs_flux.1-dev,21620388,0.49034515023231506
black-forest-labs_flux.1-dev,22149540,-1.3219677209854126
black-forest-labs_flux.1-dev,22738759,-1.5503227710723877
black-forest-labs_flux.1-dev,22767176,-1.4345041513442993
black-forest-labs_flux.1-dev,23129661,-0.778658390045166
black-forest-labs_flux.1-dev,23185551,0.27778854966163635
black-forest-labs_flux.1-dev,23232427,-0.3462114930152893
black-forest-labs_flux.1-dev,23257851,-0.5868133902549744
black-forest-labs_flux.1-dev,23620789,0.3210698068141937
black-forest-labs_flux.1-dev,24808131,-1.2834714651107788
black-forest-labs_flux.1-dev,24843217,-1.6752924919128418
black-forest-labs_flux.1-dev,24933378,1.1191571950912476
black-forest-labs_flux.1-dev,24942232,1.1533254384994507
black-forest-labs_flux.1-dev,25290589,-0.1526956856250763
black-forest-labs_flux.1-dev,25579216,-0.4666423499584198
black-forest-labs_flux.1-dev,25685207,-2.168435573577881
black-forest-labs_flux.1-dev,25776594,-0.14653806388378143
black-forest-labs_flux.1-dev,26078214,-0.9811074733734131
black-forest-labs_flux.1-dev,26746434,0.7404211759567261
black-forest-labs_flux.1-dev,26998039,-0.8931410908699036
black-forest-labs_flux.1-dev,27106238,0.10056222230195999
black-forest-labs_flux.1-dev,27246777,-0.8592389225959778
black-forest-labs_flux.1-dev,27768637,0.17734161019325256
black-forest-labs_flux.1-dev,27871992,-0.7709434032440186
black-forest-labs_flux.1-dev,28190972,-1.997252106666565
black-forest-labs_flux.1-dev,29094321,-0.6137598156929016
black-forest-labs_flux.1-dev,29148617,0.5009605288505554
black-forest-labs_flux.1-dev,29161294,-0.051688846200704575
black-forest-labs_flux.1-dev,29632917,0.5575422644615173
black-forest-labs_flux.1-dev,29703209,-0.19413189589977264
black-forest-labs_flux.1-dev,29779486,0.5633896589279175
black-forest-labs_flux.1-dev,30028757,0.530983567237854
black-forest-labs_flux.1-dev,30225071,-0.43755319714546204
black-forest-labs_flux.1-dev,30373565,0.7655426263809204
black-forest-labs_flux.1-dev,30484086,-0.9277886748313904
black-forest-labs_flux.1-dev,30883080,-0.6643775105476379
black-forest-labs_flux.1-dev,31114750,-1.9657557010650635
black-forest-labs_flux.1-dev,31196176,0.7731480002403259
black-forest-labs_flux.1-dev,31391857,-0.22597506642341614
black-forest-labs_flux.1-dev,31595142,1.5021883249282837
black-forest-labs_flux.1-dev,32152786,-1.5913063287734985
black-forest-labs_flux.1-dev,32327818,-0.10601061582565308
black-forest-labs_flux.1-dev,32379732,0.9761004447937012
black-forest-labs_flux.1-dev,32473966,-0.7046492695808411
black-forest-labs_flux.1-dev,32902730,1.5979104042053223
black-forest-labs_flux.1-dev,32932491,-0.6682791709899902
black-forest-labs_flux.1-dev,33006578,-1.5863629579544067
black-forest-labs_flux.1-dev,33478721,-0.019715186208486557
black-forest-labs_flux.1-dev,34475997,0.9013654589653015
black-forest-labs_flux.1-dev,34578737,0.1897556483745575
black-forest-labs_flux.1-dev,34773230,-1.744579792022705
black-forest-labs_flux.1-dev,36507085,0.04530578851699829
black-forest-labs_flux.1-dev,36678439,0.01662440598011017
black-forest-labs_flux.1-dev,37287360,0.36093637347221375
black-forest-labs_flux.1-dev,37319253,0.47769489884376526
black-forest-labs_flux.1-dev,37547870,-2.2698214054107666
black-forest-labs_flux.1-dev,37736408,1.1190745830535889
black-forest-labs_flux.1-dev,38014258,-0.6059743165969849
black-forest-labs_flux.1-dev,38297191,0.832676887512207
black-forest-labs_flux.1-dev,38402744,0.8395564556121826
black-forest-labs_flux.1-dev,38954086,-0.6633726954460144
black-forest-labs_flux.1-dev,39139190,-0.5799568295478821
black-forest-labs_flux.1-dev,39560404,0.03767292946577072
black-forest-labs_flux.1-dev,39566065,1.8947821855545044
black-forest-labs_flux.1-dev,39595218,1.785522222518921
black-forest-labs_flux.1-dev,40825299,1.3575687408447266
black-forest-labs_flux.1-dev,40945115,-2.249971389770508
black-forest-labs_flux.1-dev,40995095,1.0617157220840454
black-forest-labs_flux.1-dev,41015844,0.6538349390029907
black-forest-labs_flux.1-dev,41031648,0.5697809457778931
black-forest-labs_flux.1-dev,41161074,0.5083134174346924
black-forest-labs_flux.1-dev,41458919,-0.7579475045204163
black-forest-labs_flux.1-dev,41565779,1.0131077766418457
black-forest-labs_flux.1-dev,41766391,0.9371768236160278
black-forest-labs_flux.1-dev,41982710,-0.201503723859787
black-forest-labs_flux.1-dev,42048260,0.43084949254989624
black-forest-labs_flux.1-dev,42849420,-0.4316418468952179
black-forest-labs_flux.1-dev,42931583,0.503547728061676
black-forest-labs_flux.1-dev,43060946,1.1589347124099731
black-forest-labs_flux.1-dev,43153800,0.2810414135456085
black-forest-labs_flux.1-dev,43161384,0.002092081820592284
black-forest-labs_flux.1-dev,43301379,0.9500699639320374
black-forest-labs_flux.1-dev,43304323,-0.0659441202878952
black-forest-labs_flux.1-dev,43367797,-0.4997737407684326
black-forest-labs_flux.1-dev,43431032,0.582321286201477
black-forest-labs_flux.1-dev,43631801,0.06390450149774551
black-forest-labs_flux.1-dev,43735560,-0.3591039776802063
black-forest-labs_flux.1-dev,43858443,0.8500061631202698
black-forest-labs_flux.1-dev,43918624,-1.1241220235824585
black-forest-labs_flux.1-dev,44280552,-1.8053053617477417
black-forest-labs_flux.1-dev,44295589,-0.41176456212997437
black-forest-labs_flux.1-dev,44621915,-0.04997631534934044
black-forest-labs_flux.1-dev,44645737,0.5626159906387329
black-forest-labs_flux.1-dev,44838123,0.3939278721809387
black-forest-labs_flux.1-dev,45258070,-0.45834991335868835
black-forest-labs_flux.1-dev,45297641,-1.0269908905029297
black-forest-labs_flux.1-dev,45418454,-0.22419698536396027
black-forest-labs_flux.1-dev,45564900,-0.7234764695167542
black-forest-labs_flux.1-dev,46150029,-0.6497822403907776
black-forest-labs_flux.1-dev,46394736,-0.35983356833457947
black-forest-labs_flux.1-dev,46673664,0.48042577505111694
black-forest-labs_flux.1-dev,46994920,-0.06408145278692245
black-forest-labs_flux.1-dev,47009060,-1.3158340454101562
black-forest-labs_flux.1-dev,47552953,0.04076484963297844
black-forest-labs_flux.1-dev,47595220,-0.7559162974357605
black-forest-labs_flux.1-dev,47819321,-0.008091657422482967
black-forest-labs_flux.1-dev,48223384,0.12075048685073853
black-forest-labs_flux.1-dev,48351897,1.0593571662902832
black-forest-labs_flux.1-dev,48754831,-0.03537215664982796
black-forest-labs_flux.1-dev,49054805,0.7844910025596619
black-forest-labs_flux.1-dev,49089576,0.10279925912618637
black-forest-labs_flux.1-dev,49300740,0.02284715138375759
black-forest-labs_flux.1-dev,49358811,0.5232114195823669
black-forest-labs_flux.1-dev,49462954,-0.5364292860031128
black-forest-labs_flux.1-dev,50262859,-0.5214514136314392
black-forest-labs_flux.1-dev,50871471,0.012330618686974049
black-forest-labs_flux.1-dev,50952217,0.7043735384941101
black-forest-labs_flux.1-dev,51060824,-0.40172716975212097
black-forest-labs_flux.1-dev,51314050,-0.6328378319740295
black-forest-labs_flux.1-dev,51946990,-0.44967785477638245
black-forest-labs_flux.1-dev,52325745,-0.2986351549625397
black-forest-labs_flux.1-dev,52474100,0.8373816013336182
black-forest-labs_flux.1-dev,52516409,-0.2603515088558197
black-forest-labs_flux.1-dev,52711595,-0.5966787338256836
black-forest-labs_flux.1-dev,53022028,-2.0575642585754395
black-forest-labs_flux.1-dev,53205877,-1.5915374755859375
black-forest-labs_flux.1-dev,53288018,-1.9070656299591064
black-forest-labs_flux.1-dev,53443611,1.4478187561035156
black-forest-labs_flux.1-dev,53815934,0.4123765230178833
black-forest-labs_flux.1-dev,54495173,-1.523755669593811
black-forest-labs_flux.1-dev,54931507,-0.33657127618789673
black-forest-labs_flux.1-dev,55191509,0.3459579050540924
black-forest-labs_flux.1-dev,55255145,-1.0147639513015747
black-forest-labs_flux.1-dev,55457672,-0.6181206703186035
black-forest-labs_flux.1-dev,55588327,1.4253053665161133
black-forest-labs_flux.1-dev,55653646,0.14854919910430908
black-forest-labs_flux.1-dev,55658809,-0.9589226245880127
black-forest-labs_flux.1-dev,55812974,-1.5710296630859375
black-forest-labs_flux.1-dev,55819553,-1.397709608078003
black-forest-labs_flux.1-dev,55826966,-1.358188271522522
black-forest-labs_flux.1-dev,55983905,-1.292188048362732
black-forest-labs_flux.1-dev,56074056,-0.3165472745895386
black-forest-labs_flux.1-dev,56112588,-0.7709137201309204
black-forest-labs_flux.1-dev,56121520,1.3682199716567993
black-forest-labs_flux.1-dev,56250900,0.7074580192565918
black-forest-labs_flux.1-dev,56458800,0.8704726099967957
black-forest-labs_flux.1-dev,56792430,1.3219141960144043
black-forest-labs_flux.1-dev,56982260,-1.9392173290252686
black-forest-labs_flux.1-dev,57673976,-0.4764671325683594
black-forest-labs_flux.1-dev,57716963,-0.001520616002380848
black-forest-labs_flux.1-dev,57729980,-0.9755169749259949
black-forest-labs_flux.1-dev,57785005,-0.16708633303642273
black-forest-labs_flux.1-dev,57873614,-0.06930948793888092
black-forest-labs_flux.1-dev,58727024,-1.4621498584747314
black-forest-labs_flux.1-dev,58761464,-1.5638554096221924
black-forest-labs_flux.1-dev,59399259,-0.14625604450702667
black-forest-labs_flux.1-dev,59976859,-0.019303498789668083
black-forest-labs_flux.1-dev,60083345,-2.0406808853149414
black-forest-labs_flux.1-dev,60214770,0.10853427648544312
black-forest-labs_flux.1-dev,60215376,-1.542921781539917
black-forest-labs_flux.1-dev,60375309,-0.5858114957809448
black-forest-labs_flux.1-dev,60606896,-0.49024254083633423
black-forest-labs_flux.1-dev,60668084,0.9767003655433655
black-forest-labs_flux.1-dev,61035709,-1.3335508108139038
black-forest-labs_flux.1-dev,61388266,-1.592415452003479
black-forest-labs_flux.1-dev,61627313,-1.6897945404052734
black-forest-labs_flux.1-dev,61635816,0.604498565196991
black-forest-labs_flux.1-dev,61853324,1.2314448356628418
black-forest-labs_flux.1-dev,62408818,0.5327131152153015
black-forest-labs_flux.1-dev,62841330,-0.10555236041545868
black-forest-labs_flux.1-dev,63015570,0.6522903442382812
black-forest-labs_flux.1-dev,63336441,0.1421438306570053
black-forest-labs_flux.1-dev,63633117,-0.015991494059562683
black-forest-labs_flux.1-dev,64576544,-1.2746633291244507
black-forest-labs_flux.1-dev,64687077,0.4988127648830414
black-forest-labs_flux.1-dev,64693533,-0.6354178190231323
black-forest-labs_flux.1-dev,64856142,1.049892544746399
black-forest-labs_flux.1-dev,65411270,0.600439190864563
black-forest-labs_flux.1-dev,65557844,-0.8165902495384216
black-forest-labs_flux.1-dev,65824677,-1.3229639530181885
black-forest-labs_flux.1-dev,65890875,-1.252468228340149
black-forest-labs_flux.1-dev,65960228,1.0201826095581055
black-forest-labs_flux.1-dev,66668538,0.6628599762916565
black-forest-labs_flux.1-dev,67344811,0.5850694179534912
black-forest-labs_flux.1-dev,67949798,-0.864196240901947
black-forest-labs_flux.1-dev,68246844,-0.9232873320579529
black-forest-labs_flux.1-dev,68280322,-1.5191782712936401
black-forest-labs_flux.1-dev,68321683,1.0012673139572144
black-forest-labs_flux.1-dev,68380669,-1.436276912689209
black-forest-labs_flux.1-dev,68575085,1.3237886428833008
black-forest-labs_flux.1-dev,70380966,-0.33141201734542847
black-forest-labs_flux.1-dev,70494671,-1.9014579057693481
black-forest-labs_flux.1-dev,71055464,-2.0006654262542725
black-forest-labs_flux.1-dev,71591839,-0.5139031410217285
black-forest-labs_flux.1-dev,71828875,-0.6033474206924438
black-forest-labs_flux.1-dev,71910823,0.04140327125787735
black-forest-labs_flux.1-dev,71959499,-0.027290809899568558
black-forest-labs_flux.1-dev,72432241,-0.3910543918609619
black-forest-labs_flux.1-dev,72553814,0.6072174310684204
black-forest-labs_flux.1-dev,73051579,-1.2848055362701416
black-forest-labs_flux.1-dev,73600586,-0.8301162719726562
black-forest-labs_flux.1-dev,73616417,0.9508667588233948
black-forest-labs_flux.1-dev,73681289,1.209891438484192
black-forest-labs_flux.1-dev,73962724,-1.1106514930725098
black-forest-labs_flux.1-dev,74175857,-0.23909790813922882
black-forest-labs_flux.1-dev,75051801,-0.7207968235015869
black-forest-labs_flux.1-dev,75787772,-1.1424510478973389
black-forest-labs_flux.1-dev,75944980,-1.354424238204956
black-forest-labs_flux.1-dev,75964288,-2.173940896987915
black-forest-labs_flux.1-dev,76066166,-1.1146026849746704
black-forest-labs_flux.1-dev,76100398,1.2163275480270386
black-forest-labs_flux.1-dev,76425345,-0.7857906222343445
black-forest-labs_flux.1-dev,77106105,-0.2757331132888794
black-forest-labs_flux.1-dev,77132310,-0.5564955472946167
black-forest-labs_flux.1-dev,77232534,-0.776809811592102
black-forest-labs_flux.1-dev,77312726,-0.7868768572807312
black-forest-labs_flux.1-dev,77358840,1.1768858432769775
black-forest-labs_flux.1-dev,77490593,-0.6308504343032837
black-forest-labs_flux.1-dev,77726888,0.24015618860721588
black-forest-labs_flux.1-dev,78735978,-0.12451416254043579
black-forest-labs_flux.1-dev,79077085,-1.5407891273498535
black-forest-labs_flux.1-dev,79212243,-1.5172170400619507
black-forest-labs_flux.1-dev,79606917,-1.2103540897369385
black-forest-labs_flux.1-dev,79918827,0.7025661468505859
black-forest-labs_flux.1-dev,80289373,0.16415774822235107
black-forest-labs_flux.1-dev,80371125,1.2355939149856567
black-forest-labs_flux.1-dev,80540387,-0.5550201535224915
black-forest-labs_flux.1-dev,81135077,-0.3818129599094391
black-forest-labs_flux.1-dev,81303945,-1.3702408075332642
black-forest-labs_flux.1-dev,81435593,1.0996350049972534
black-forest-labs_flux.1-dev,82282590,0.4768785834312439
black-forest-labs_flux.1-dev,82696415,-0.547418475151062
black-forest-labs_flux.1-dev,82916016,-1.8753025531768799
black-forest-labs_flux.1-dev,83084473,1.7690991163253784
black-forest-labs_flux.1-dev,83418847,0.1450100839138031
black-forest-labs_flux.1-dev,84089324,-0.8031177520751953
black-forest-labs_flux.1-dev,84306831,-1.5929442644119263
black-forest-labs_flux.1-dev,84510135,0.19990159571170807
black-forest-labs_flux.1-dev,84788890,0.6854385733604431
black-forest-labs_flux.1-dev,84985982,0.48615747690200806
black-forest-labs_flux.1-dev,85191733,1.049856185913086
black-forest-labs_flux.1-dev,86119145,0.5398761630058289
black-forest-labs_flux.1-dev,86340862,0.6622549295425415
black-forest-labs_flux.1-dev,86341828,0.36045247316360474
black-forest-labs_flux.1-dev,86537356,0.4061320126056671
black-forest-labs_flux.1-dev,86701636,-1.724225401878357
black-forest-labs_flux.1-dev,86714939,-0.07847568392753601
black-forest-labs_flux.1-dev,87574583,-0.06898757070302963
black-forest-labs_flux.1-dev,87699711,-0.3378468155860901
black-forest-labs_flux.1-dev,88016571,0.9255326390266418
black-forest-labs_flux.1-dev,88087492,-1.2699073553085327
black-forest-labs_flux.1-dev,89227603,-0.9076207876205444
black-forest-labs_flux.1-dev,89539854,0.4678965210914612
black-forest-labs_flux.1-dev,89926787,0.7318589091300964
black-forest-labs_flux.1-dev,90244932,1.1838245391845703
black-forest-labs_flux.1-dev,90493027,-1.0827175378799438
black-forest-labs_flux.1-dev,90613035,-1.0127089023590088
black-forest-labs_flux.1-dev,91368797,1.202208161354065
black-forest-labs_flux.1-dev,91784299,0.21737737953662872
black-forest-labs_flux.1-dev,91790573,1.7441741228103638
black-forest-labs_flux.1-dev,91834546,-0.6221631765365601
black-forest-labs_flux.1-dev,92068094,1.456738829612732
black-forest-labs_flux.1-dev,92311656,-0.4092639684677124
black-forest-labs_flux.1-dev,92709444,-0.24623602628707886
black-forest-labs_flux.1-dev,93114575,0.5360340476036072
black-forest-labs_flux.1-dev,93256557,0.9065892100334167
black-forest-labs_flux.1-dev,93407716,-1.690422773361206
black-forest-labs_flux.1-dev,93436296,0.1505880057811737
black-forest-labs_flux.1-dev,93512057,-0.2860371470451355
black-forest-labs_flux.1-dev,94006560,-1.5155057907104492
black-forest-labs_flux.1-dev,94321535,-0.3421840965747833
black-forest-labs_flux.1-dev,94532154,1.3186508417129517
black-forest-labs_flux.1-dev,95171107,-1.223497986793518
black-forest-labs_flux.1-dev,95228839,-0.8339903950691223
black-forest-labs_flux.1-dev,95325441,-2.278053045272827
black-forest-labs_flux.1-dev,95450946,1.25227689743042
black-forest-labs_flux.1-dev,95583911,1.090641736984253
black-forest-labs_flux.1-dev,95718306,0.3191486597061157
black-forest-labs_flux.1-dev,95737828,-1.5264588594436646
black-forest-labs_flux.1-dev,96448597,1.5035834312438965
black-forest-labs_flux.1-dev,96482065,-0.15388517081737518
black-forest-labs_flux.1-dev,96521920,-1.0635977983474731
black-forest-labs_flux.1-dev,96850153,1.5756983757019043
black-forest-labs_flux.1-dev,98113191,0.057552579790353775
black-forest-labs_flux.1-dev,98195317,1.5112018585205078
black-forest-labs_flux.1-dev,98254655,1.23458731174469
black-forest-labs_flux.1-dev,98319500,0.5817866921424866
black-forest-labs_flux.1-dev,98642787,0.5946206450462341
black-forest-labs_flux.1-dev,98646702,-0.5174878835678101
black-forest-labs_flux.1-dev,98929226,-1.5071269273757935
black-forest-labs_flux.1-dev,99178779,1.297509789466858
black-forest-labs_flux.1-dev,99185892,0.012587388046085835
black-forest-labs_flux.1-dev,99211012,0.3100578784942627
black-forest-labs_flux.1-dev,99410560,-1.2772706747055054
black-forest-labs_flux.1-dev,99862294,-0.3075217306613922
kandinsky-community_kandinsky-3,138508,0.4369947910308838
kandinsky-community_kandinsky-3,192051,-0.48717519640922546
kandinsky-community_kandinsky-3,213186,-1.3536423444747925
kandinsky-community_kandinsky-3,232386,0.017844773828983307
kandinsky-community_kandinsky-3,232765,0.12745265662670135
kandinsky-community_kandinsky-3,258857,0.3664499819278717
kandinsky-community_kandinsky-3,283090,-1.387068748474121
kandinsky-community_kandinsky-3,285141,1.1568477153778076
kandinsky-community_kandinsky-3,399030,0.18632271885871887
kandinsky-community_kandinsky-3,440189,-0.36024948954582214
kandinsky-community_kandinsky-3,445169,-1.756196141242981
kandinsky-community_kandinsky-3,486490,-1.2265000343322754
kandinsky-community_kandinsky-3,487072,-1.4812889099121094
kandinsky-community_kandinsky-3,487326,0.15013529360294342
kandinsky-community_kandinsky-3,489837,-1.1517219543457031
kandinsky-community_kandinsky-3,646833,0.8578506112098694
kandinsky-community_kandinsky-3,708860,-0.6967684626579285
kandinsky-community_kandinsky-3,717208,-0.9710246324539185
kandinsky-community_kandinsky-3,717468,1.105482816696167
kandinsky-community_kandinsky-3,735254,0.048524390906095505
kandinsky-community_kandinsky-3,762478,0.8762511610984802
kandinsky-community_kandinsky-3,825443,1.1623135805130005
kandinsky-community_kandinsky-3,831919,1.065629482269287
kandinsky-community_kandinsky-3,896677,0.8982493877410889
kandinsky-community_kandinsky-3,936620,-0.977584183216095
kandinsky-community_kandinsky-3,974367,-0.39781492948532104
kandinsky-community_kandinsky-3,993014,-1.0732613801956177
kandinsky-community_kandinsky-3,995855,0.41429707407951355
kandinsky-community_kandinsky-3,1113367,-0.4006558060646057
kandinsky-community_kandinsky-3,1171644,0.7956026792526245
kandinsky-community_kandinsky-3,1209135,0.09513069689273834
kandinsky-community_kandinsky-3,1317294,0.10478595644235611
kandinsky-community_kandinsky-3,1317533,-0.2618691325187683
kandinsky-community_kandinsky-3,1321854,0.9987021684646606
kandinsky-community_kandinsky-3,1377758,0.1399938315153122
kandinsky-community_kandinsky-3,1474832,-1.1453580856323242
kandinsky-community_kandinsky-3,1516071,-0.08416882902383804
kandinsky-community_kandinsky-3,1566705,0.7287375330924988
kandinsky-community_kandinsky-3,1640855,0.08632989972829819
kandinsky-community_kandinsky-3,1668603,0.24948681890964508
kandinsky-community_kandinsky-3,1678990,1.114709496498108
kandinsky-community_kandinsky-3,1699831,1.0807347297668457
kandinsky-community_kandinsky-3,1707698,1.2205129861831665
kandinsky-community_kandinsky-3,1727942,1.6664607524871826
kandinsky-community_kandinsky-3,2045760,1.1521838903427124
kandinsky-community_kandinsky-3,2075049,0.2631346583366394
kandinsky-community_kandinsky-3,2075764,1.3768744468688965
kandinsky-community_kandinsky-3,2241569,1.5551791191101074
kandinsky-community_kandinsky-3,2720725,-0.2273940145969391
kandinsky-community_kandinsky-3,2721160,-0.13892115652561188
kandinsky-community_kandinsky-3,2730265,-0.8525756001472473
kandinsky-community_kandinsky-3,2744395,-1.710338830947876
kandinsky-community_kandinsky-3,2770078,1.3107707500457764
kandinsky-community_kandinsky-3,2793684,-0.1608121544122696
kandinsky-community_kandinsky-3,2803666,0.824396550655365
kandinsky-community_kandinsky-3,2807731,0.10180561244487762
kandinsky-community_kandinsky-3,2821943,0.6033895611763
kandinsky-community_kandinsky-3,2824319,-0.6680853366851807
kandinsky-community_kandinsky-3,2825442,0.82283616065979
kandinsky-community_kandinsky-3,2852043,0.4674259126186371
kandinsky-community_kandinsky-3,2870293,0.11391934752464294
kandinsky-community_kandinsky-3,2870880,1.1052643060684204
kandinsky-community_kandinsky-3,2923535,0.46843332052230835
kandinsky-community_kandinsky-3,2933112,0.9995685815811157
kandinsky-community_kandinsky-3,2963987,1.3011195659637451
kandinsky-community_kandinsky-3,2991302,0.6430228352546692
kandinsky-community_kandinsky-3,3024209,-0.46514639258384705
kandinsky-community_kandinsky-3,3035832,0.7573603391647339
kandinsky-community_kandinsky-3,3049457,-0.5436318516731262
kandinsky-community_kandinsky-3,3107488,-0.9843475818634033
kandinsky-community_kandinsky-3,3131388,-0.7008329629898071
kandinsky-community_kandinsky-3,3131669,0.9180991053581238
kandinsky-community_kandinsky-3,3152830,0.45070695877075195
kandinsky-community_kandinsky-3,3249569,0.8835033178329468
kandinsky-community_kandinsky-3,3262349,-0.7038068175315857
kandinsky-community_kandinsky-3,3288500,0.554119348526001
kandinsky-community_kandinsky-3,3298716,0.6138473749160767
kandinsky-community_kandinsky-3,3308246,0.7780013084411621
kandinsky-community_kandinsky-3,3309110,0.2032776176929474
kandinsky-community_kandinsky-3,3347220,0.4742492139339447
kandinsky-community_kandinsky-3,3353281,0.5690934062004089
kandinsky-community_kandinsky-3,3366112,-0.6725308895111084
kandinsky-community_kandinsky-3,3411927,1.2558163404464722
kandinsky-community_kandinsky-3,3456665,1.3892532587051392
kandinsky-community_kandinsky-3,3563208,-1.3587299585342407
kandinsky-community_kandinsky-3,3580281,-0.7013185024261475
kandinsky-community_kandinsky-3,3603442,0.7090460062026978
kandinsky-community_kandinsky-3,3607029,1.8024731874465942
kandinsky-community_kandinsky-3,3628071,0.24446889758110046
kandinsky-community_kandinsky-3,3630383,1.5351521968841553
kandinsky-community_kandinsky-3,3676483,0.1465579718351364
kandinsky-community_kandinsky-3,3679712,0.45428985357284546
kandinsky-community_kandinsky-3,3685307,1.1432420015335083
kandinsky-community_kandinsky-3,3703463,-2.1675355434417725
kandinsky-community_kandinsky-3,3714235,1.769278645515442
kandinsky-community_kandinsky-3,3728318,-0.6894621849060059
kandinsky-community_kandinsky-3,3748162,0.6659494042396545
kandinsky-community_kandinsky-3,3764276,1.3198515176773071
kandinsky-community_kandinsky-3,3818090,0.10771070420742035
kandinsky-community_kandinsky-3,3842156,0.6695047616958618
kandinsky-community_kandinsky-3,3880032,-2.257582187652588
kandinsky-community_kandinsky-3,3889343,0.1919691115617752
kandinsky-community_kandinsky-3,3907654,-0.022925281897187233
kandinsky-community_kandinsky-3,3940713,0.44621795415878296
kandinsky-community_kandinsky-3,3975232,0.07134582847356796
kandinsky-community_kandinsky-3,3982060,0.5902348756790161
kandinsky-community_kandinsky-3,3990474,1.6424070596694946
kandinsky-community_kandinsky-3,4010305,-0.9600281119346619
kandinsky-community_kandinsky-3,4025130,-0.08591120690107346
kandinsky-community_kandinsky-3,4062807,0.9466623663902283
kandinsky-community_kandinsky-3,4123448,-0.6102216839790344
kandinsky-community_kandinsky-3,4125853,0.19060422480106354
kandinsky-community_kandinsky-3,4140340,1.4398812055587769
kandinsky-community_kandinsky-3,4145056,1.57908296585083
kandinsky-community_kandinsky-3,4192521,-0.3594159185886383
kandinsky-community_kandinsky-3,4259202,-0.5766582489013672
kandinsky-community_kandinsky-3,4285773,0.19405069947242737
kandinsky-community_kandinsky-3,4345028,0.9499512314796448
kandinsky-community_kandinsky-3,4387201,1.7783254384994507
kandinsky-community_kandinsky-3,4416901,0.4684692919254303
kandinsky-community_kandinsky-3,4455579,-0.7194571495056152
kandinsky-community_kandinsky-3,4497570,1.6805834770202637
kandinsky-community_kandinsky-3,4534520,0.05795400217175484
kandinsky-community_kandinsky-3,4539203,0.5859247446060181
kandinsky-community_kandinsky-3,4552551,1.1453989744186401
kandinsky-community_kandinsky-3,4596797,0.5427659153938293
kandinsky-community_kandinsky-3,4832208,-0.002688018837943673
kandinsky-community_kandinsky-3,4930139,1.3230432271957397
kandinsky-community_kandinsky-3,5008085,0.7159990668296814
kandinsky-community_kandinsky-3,5219923,-2.236743927001953
kandinsky-community_kandinsky-3,5316083,-1.5074340105056763
kandinsky-community_kandinsky-3,5350912,-0.6781871914863586
kandinsky-community_kandinsky-3,5374860,1.3040220737457275
kandinsky-community_kandinsky-3,5410315,0.19225314259529114
kandinsky-community_kandinsky-3,5522784,-1.2643364667892456
kandinsky-community_kandinsky-3,5728577,0.4075569808483124
kandinsky-community_kandinsky-3,5752544,0.41172483563423157
kandinsky-community_kandinsky-3,5794797,0.7763997316360474
kandinsky-community_kandinsky-3,5895919,1.1709978580474854
kandinsky-community_kandinsky-3,5958517,-0.6864820122718811
kandinsky-community_kandinsky-3,6189776,0.4404405653476715
kandinsky-community_kandinsky-3,6528587,-0.006357057020068169
kandinsky-community_kandinsky-3,6584891,-0.6962277293205261
kandinsky-community_kandinsky-3,6586355,-0.5906617045402527
kandinsky-community_kandinsky-3,6607809,-0.44423753023147583
kandinsky-community_kandinsky-3,6615026,0.3180510997772217
kandinsky-community_kandinsky-3,6615458,-0.8993167281150818
kandinsky-community_kandinsky-3,6615818,0.844586968421936
kandinsky-community_kandinsky-3,6616314,-1.2752363681793213
kandinsky-community_kandinsky-3,6617011,-0.20640802383422852
kandinsky-community_kandinsky-3,6617413,0.61358642578125
kandinsky-community_kandinsky-3,6729499,0.2844374477863312
kandinsky-community_kandinsky-3,6880664,1.2333474159240723
kandinsky-community_kandinsky-3,6883725,0.33732926845550537
kandinsky-community_kandinsky-3,6946774,-0.09728133678436279
kandinsky-community_kandinsky-3,7025268,1.198920488357544
kandinsky-community_kandinsky-3,7109847,0.2986181080341339
kandinsky-community_kandinsky-3,7116261,0.8578133583068848
kandinsky-community_kandinsky-3,7150023,0.3944709897041321
kandinsky-community_kandinsky-3,7163803,0.017559250816702843
kandinsky-community_kandinsky-3,7507098,-1.3531856536865234
kandinsky-community_kandinsky-3,7596684,0.4285317361354828
kandinsky-community_kandinsky-3,7597365,0.3978879451751709
kandinsky-community_kandinsky-3,7601809,0.43057650327682495
kandinsky-community_kandinsky-3,7605282,0.8566977977752686
kandinsky-community_kandinsky-3,7606419,-0.5033794641494751
kandinsky-community_kandinsky-3,7607707,-0.08111866563558578
kandinsky-community_kandinsky-3,7608721,0.15123438835144043
kandinsky-community_kandinsky-3,7625977,-0.7862075567245483
kandinsky-community_kandinsky-3,7626721,0.8942190408706665
kandinsky-community_kandinsky-3,7626833,0.28753548860549927
kandinsky-community_kandinsky-3,7627310,1.322262167930603
kandinsky-community_kandinsky-3,7651454,0.2614983022212982
kandinsky-community_kandinsky-3,7654438,1.456333875656128
kandinsky-community_kandinsky-3,7664468,1.1176235675811768
kandinsky-community_kandinsky-3,7698915,-1.3733853101730347
kandinsky-community_kandinsky-3,7700167,1.6034303903579712
kandinsky-community_kandinsky-3,7700868,0.6389991641044617
kandinsky-community_kandinsky-3,7701244,0.9335923790931702
kandinsky-community_kandinsky-3,7702193,1.402282953262329
kandinsky-community_kandinsky-3,7710616,-0.015492751263082027
kandinsky-community_kandinsky-3,7834065,-1.1072243452072144
kandinsky-community_kandinsky-3,7854266,1.4898651838302612
kandinsky-community_kandinsky-3,7854455,1.0653592348098755
kandinsky-community_kandinsky-3,7871940,1.548340082168579
kandinsky-community_kandinsky-3,7891189,1.124190092086792
kandinsky-community_kandinsky-3,7897116,0.2594694495201111
kandinsky-community_kandinsky-3,7914271,1.1304759979248047
kandinsky-community_kandinsky-3,7922764,1.527424693107605
kandinsky-community_kandinsky-3,7929519,-1.346954107284546
kandinsky-community_kandinsky-3,7933274,1.0022696256637573
kandinsky-community_kandinsky-3,7933530,1.2743537425994873
kandinsky-community_kandinsky-3,8089797,0.5745878219604492
kandinsky-community_kandinsky-3,8095160,0.48804306983947754
kandinsky-community_kandinsky-3,8124208,-0.21486620604991913
kandinsky-community_kandinsky-3,8339939,0.7483832240104675
kandinsky-community_kandinsky-3,8876291,0.49922558665275574
kandinsky-community_kandinsky-3,9020389,1.5502506494522095
kandinsky-community_kandinsky-3,9044146,-1.2331631183624268
kandinsky-community_kandinsky-3,9057052,-1.0596328973770142
kandinsky-community_kandinsky-3,9427682,-0.6772457957267761
kandinsky-community_kandinsky-3,9580065,-0.025149136781692505
kandinsky-community_kandinsky-3,9719434,1.025283694267273
kandinsky-community_kandinsky-3,9793248,1.9086358547210693
kandinsky-community_kandinsky-3,9794211,-1.1152654886245728
kandinsky-community_kandinsky-3,9862621,1.6225101947784424
kandinsky-community_kandinsky-3,9875188,-1.1350582838058472
kandinsky-community_kandinsky-3,9984659,0.6791256070137024
kandinsky-community_kandinsky-3,10012874,-0.01689562387764454
kandinsky-community_kandinsky-3,10024569,-0.09118717908859253
kandinsky-community_kandinsky-3,10080493,0.07931749522686005
kandinsky-community_kandinsky-3,10106452,-1.3728878498077393
kandinsky-community_kandinsky-3,10198409,-1.3810657262802124
kandinsky-community_kandinsky-3,10333317,0.35132846236228943
kandinsky-community_kandinsky-3,10408552,1.064542293548584
kandinsky-community_kandinsky-3,10444677,1.1747575998306274
kandinsky-community_kandinsky-3,10453357,1.244637370109558
kandinsky-community_kandinsky-3,10548623,-0.23022498190402985
kandinsky-community_kandinsky-3,10572128,0.20365788042545319
kandinsky-community_kandinsky-3,10794014,1.3403546810150146
kandinsky-community_kandinsky-3,10939743,0.012764008715748787
kandinsky-community_kandinsky-3,11039909,0.7999285459518433
kandinsky-community_kandinsky-3,11334088,0.9871125817298889
kandinsky-community_kandinsky-3,11417672,0.22554117441177368
kandinsky-community_kandinsky-3,11437577,-0.07171747088432312
kandinsky-community_kandinsky-3,11460338,-1.0014649629592896
kandinsky-community_kandinsky-3,12345739,-0.46809160709381104
kandinsky-community_kandinsky-3,12402348,-0.6593144536018372
kandinsky-community_kandinsky-3,13221529,-0.8557056784629822
kandinsky-community_kandinsky-3,13290566,0.05155462026596069
kandinsky-community_kandinsky-3,13389475,0.44689658284187317
kandinsky-community_kandinsky-3,13390139,1.4549822807312012
kandinsky-community_kandinsky-3,13390405,1.50014328956604
kandinsky-community_kandinsky-3,13392786,0.40085867047309875
kandinsky-community_kandinsky-3,13649361,-1.623196005821228
kandinsky-community_kandinsky-3,13716878,-0.4368891417980194
kandinsky-community_kandinsky-3,13884740,-0.3530920743942261
kandinsky-community_kandinsky-3,13915305,0.5595970749855042
kandinsky-community_kandinsky-3,13931145,-0.4018649756908417
kandinsky-community_kandinsky-3,13984082,-0.13021498918533325
kandinsky-community_kandinsky-3,14140678,-1.035204291343689
kandinsky-community_kandinsky-3,14195315,0.3613905608654022
kandinsky-community_kandinsky-3,14294568,-0.17946049571037292
kandinsky-community_kandinsky-3,14320813,-0.8231659531593323
kandinsky-community_kandinsky-3,14360436,-0.4236575663089752
kandinsky-community_kandinsky-3,14488317,0.03168770298361778
kandinsky-community_kandinsky-3,14533937,-0.20316539704799652
kandinsky-community_kandinsky-3,14550987,0.06738991290330887
kandinsky-community_kandinsky-3,14579933,-1.79749596118927
kandinsky-community_kandinsky-3,14606290,0.2069403976202011
kandinsky-community_kandinsky-3,14620257,-1.1623514890670776
kandinsky-community_kandinsky-3,14632648,0.3088972270488739
kandinsky-community_kandinsky-3,14647235,0.03274628892540932
kandinsky-community_kandinsky-3,14654954,-0.5209378600120544
kandinsky-community_kandinsky-3,14686352,0.031774915754795074
kandinsky-community_kandinsky-3,14702875,-1.5744742155075073
kandinsky-community_kandinsky-3,14703190,-2.081486463546753
kandinsky-community_kandinsky-3,14807929,0.5780441164970398
kandinsky-community_kandinsky-3,14809057,0.2518181800842285
kandinsky-community_kandinsky-3,14867690,-0.03880772739648819
kandinsky-community_kandinsky-3,14872875,0.1696886569261551
kandinsky-community_kandinsky-3,14880557,0.26416271924972534
kandinsky-community_kandinsky-3,14894140,-0.38144436478614807
kandinsky-community_kandinsky-3,15180934,0.5946447849273682
kandinsky-community_kandinsky-3,15970145,-0.2447197139263153
kandinsky-community_kandinsky-3,17002912,-0.20446915924549103
kandinsky-community_kandinsky-3,17012379,1.0450327396392822
kandinsky-community_kandinsky-3,17282800,1.1682393550872803
kandinsky-community_kandinsky-3,17925539,0.30548036098480225
kandinsky-community_kandinsky-3,18367104,-0.43922749161720276
kandinsky-community_kandinsky-3,18758723,-0.40983760356903076
kandinsky-community_kandinsky-3,19143128,1.1611897945404053
kandinsky-community_kandinsky-3,19671124,-0.40463724732398987
kandinsky-community_kandinsky-3,19855707,-1.2002369165420532
kandinsky-community_kandinsky-3,19893872,0.941390335559845
kandinsky-community_kandinsky-3,20017667,0.76780766248703
kandinsky-community_kandinsky-3,20128079,-0.3269880712032318
kandinsky-community_kandinsky-3,20471134,-0.27097851037979126
kandinsky-community_kandinsky-3,20495093,0.5575279593467712
kandinsky-community_kandinsky-3,20782430,-0.7642270922660828
kandinsky-community_kandinsky-3,21377549,-0.2142464518547058
kandinsky-community_kandinsky-3,21564446,-0.6653275489807129
kandinsky-community_kandinsky-3,21620388,1.1033422946929932
kandinsky-community_kandinsky-3,22149540,-1.301435112953186
kandinsky-community_kandinsky-3,22738759,-1.7812106609344482
kandinsky-community_kandinsky-3,22767176,1.2039920091629028
kandinsky-community_kandinsky-3,23129661,-1.3441203832626343
kandinsky-community_kandinsky-3,23185551,0.6834768652915955
kandinsky-community_kandinsky-3,23232427,-0.9312580227851868
kandinsky-community_kandinsky-3,23257851,-0.534389853477478
kandinsky-community_kandinsky-3,23620789,0.5477191209793091
kandinsky-community_kandinsky-3,24808131,-0.48416054248809814
kandinsky-community_kandinsky-3,24843217,-0.8499794006347656
kandinsky-community_kandinsky-3,24933378,1.2873797416687012
kandinsky-community_kandinsky-3,24942232,1.0013659000396729
kandinsky-community_kandinsky-3,25290589,0.35664284229278564
kandinsky-community_kandinsky-3,25579216,-0.5012010335922241
kandinsky-community_kandinsky-3,25685207,-1.0128021240234375
kandinsky-community_kandinsky-3,25776594,0.413533478975296
kandinsky-community_kandinsky-3,26078214,-0.2334500402212143
kandinsky-community_kandinsky-3,26746434,-0.0022955245804041624
kandinsky-community_kandinsky-3,26998039,0.25226423144340515
kandinsky-community_kandinsky-3,27106238,-0.26480942964553833
kandinsky-community_kandinsky-3,27246777,0.07123984396457672
kandinsky-community_kandinsky-3,27768637,0.31263649463653564
kandinsky-community_kandinsky-3,27871992,-0.8913999199867249
kandinsky-community_kandinsky-3,28190972,-0.09087729454040527
kandinsky-community_kandinsky-3,29094321,0.3555212914943695
kandinsky-community_kandinsky-3,29148617,0.31210431456565857
kandinsky-community_kandinsky-3,29161294,-0.035102639347314835
kandinsky-community_kandinsky-3,29632917,0.043333280831575394
kandinsky-community_kandinsky-3,29703209,0.20600378513336182
kandinsky-community_kandinsky-3,29779486,1.4970192909240723
kandinsky-community_kandinsky-3,30028757,0.4814494550228119
kandinsky-community_kandinsky-3,30225071,0.9442831873893738
kandinsky-community_kandinsky-3,30373565,0.023005688562989235
kandinsky-community_kandinsky-3,30484086,-0.22693507373332977
kandinsky-community_kandinsky-3,30883080,-0.04059944674372673
kandinsky-community_kandinsky-3,31114750,-1.3726295232772827
kandinsky-community_kandinsky-3,31196176,-0.9572618007659912
kandinsky-community_kandinsky-3,31391857,0.017649810761213303
kandinsky-community_kandinsky-3,31595142,1.3184244632720947
kandinsky-community_kandinsky-3,32152786,-1.0785553455352783
kandinsky-community_kandinsky-3,32327818,-0.20782874524593353
kandinsky-community_kandinsky-3,32379732,1.2465711832046509
kandinsky-community_kandinsky-3,32473966,-0.3774661421775818
kandinsky-community_kandinsky-3,32902730,1.4803918600082397
kandinsky-community_kandinsky-3,32932491,-2.0388104915618896
kandinsky-community_kandinsky-3,33006578,0.07725270092487335
kandinsky-community_kandinsky-3,33478721,-0.480373352766037
kandinsky-community_kandinsky-3,34475997,-1.0346136093139648
kandinsky-community_kandinsky-3,34578737,0.7039360404014587
kandinsky-community_kandinsky-3,34773230,-1.7938368320465088
kandinsky-community_kandinsky-3,36507085,1.1074495315551758
kandinsky-community_kandinsky-3,36678439,-0.6486042141914368
kandinsky-community_kandinsky-3,37287360,1.2246452569961548
kandinsky-community_kandinsky-3,37319253,1.501272439956665
kandinsky-community_kandinsky-3,37547870,0.9323485493659973
kandinsky-community_kandinsky-3,37736408,1.4978573322296143
kandinsky-community_kandinsky-3,38014258,0.4657571315765381
kandinsky-community_kandinsky-3,38297191,0.1966799646615982
kandinsky-community_kandinsky-3,38402744,0.9112192988395691
kandinsky-community_kandinsky-3,38954086,-0.1991361379623413
kandinsky-community_kandinsky-3,39139190,-0.07986041903495789
kandinsky-community_kandinsky-3,39560404,-0.6616978645324707
kandinsky-community_kandinsky-3,39566065,1.895763635635376
kandinsky-community_kandinsky-3,39595218,1.7143216133117676
kandinsky-community_kandinsky-3,40825299,0.52910977602005
kandinsky-community_kandinsky-3,40945115,-0.32749247550964355
kandinsky-community_kandinsky-3,40995095,-0.04530876502394676
kandinsky-community_kandinsky-3,41015844,0.7271460890769958
kandinsky-community_kandinsky-3,41031648,1.2088285684585571
kandinsky-community_kandinsky-3,41161074,0.9756773114204407
kandinsky-community_kandinsky-3,41458919,-0.34244534373283386
kandinsky-community_kandinsky-3,41565779,1.2946038246154785
kandinsky-community_kandinsky-3,41766391,0.8019905090332031
kandinsky-community_kandinsky-3,41982710,0.1935301572084427
kandinsky-community_kandinsky-3,42048260,0.32308417558670044
kandinsky-community_kandinsky-3,42849420,-0.5425319671630859
kandinsky-community_kandinsky-3,42931583,-0.1436404138803482
kandinsky-community_kandinsky-3,43060946,0.017544714733958244
kandinsky-community_kandinsky-3,43153800,0.06655390560626984
kandinsky-community_kandinsky-3,43161384,-0.2716652750968933
kandinsky-community_kandinsky-3,43301379,0.638819694519043
kandinsky-community_kandinsky-3,43304323,0.7592163681983948
kandinsky-community_kandinsky-3,43367797,0.11814451962709427
kandinsky-community_kandinsky-3,43431032,0.6681979298591614
kandinsky-community_kandinsky-3,43631801,0.6432923078536987
kandinsky-community_kandinsky-3,43735560,-0.11888305097818375
kandinsky-community_kandinsky-3,43858443,0.6928362250328064
kandinsky-community_kandinsky-3,43918624,-2.1527957916259766
kandinsky-community_kandinsky-3,44280552,-0.2064182162284851
kandinsky-community_kandinsky-3,44295589,-0.16623526811599731
kandinsky-community_kandinsky-3,44621915,-0.34774377942085266
kandinsky-community_kandinsky-3,44645737,0.5329000949859619
kandinsky-community_kandinsky-3,44838123,1.2320489883422852
kandinsky-community_kandinsky-3,45258070,-1.3575009107589722
kandinsky-community_kandinsky-3,45297641,-0.3336155116558075
kandinsky-community_kandinsky-3,45418454,0.2918836772441864
kandinsky-community_kandinsky-3,45564900,-2.2390239238739014
kandinsky-community_kandinsky-3,46150029,-0.6668681502342224
kandinsky-community_kandinsky-3,46394736,0.184465229511261
kandinsky-community_kandinsky-3,46673664,0.8414239287376404
kandinsky-community_kandinsky-3,46994920,0.25178125500679016
kandinsky-community_kandinsky-3,47009060,-1.553114891052246
kandinsky-community_kandinsky-3,47552953,1.3272784948349
kandinsky-community_kandinsky-3,47595220,0.0847693532705307
kandinsky-community_kandinsky-3,47819321,1.2620642185211182
kandinsky-community_kandinsky-3,48223384,-0.7742988467216492
kandinsky-community_kandinsky-3,48351897,1.1712613105773926
kandinsky-community_kandinsky-3,48754831,0.2672395408153534
kandinsky-community_kandinsky-3,49054805,1.152101993560791
kandinsky-community_kandinsky-3,49089576,0.7397280335426331
kandinsky-community_kandinsky-3,49300740,-0.1496313214302063
kandinsky-community_kandinsky-3,49358811,0.6735110282897949
kandinsky-community_kandinsky-3,49462954,-0.9008308053016663
kandinsky-community_kandinsky-3,50262859,1.3873393535614014
kandinsky-community_kandinsky-3,50871471,0.5229448080062866
kandinsky-community_kandinsky-3,50952217,0.6794760227203369
kandinsky-community_kandinsky-3,51060824,-0.1202816441655159
kandinsky-community_kandinsky-3,51314050,1.1401352882385254
kandinsky-community_kandinsky-3,51946990,-0.03344491496682167
kandinsky-community_kandinsky-3,52325745,-0.5815615653991699
kandinsky-community_kandinsky-3,52474100,-0.11358180642127991
kandinsky-community_kandinsky-3,52516409,-0.07126045227050781
kandinsky-community_kandinsky-3,52711595,0.27449801564216614
kandinsky-community_kandinsky-3,53022028,-1.5830613374710083
kandinsky-community_kandinsky-3,53205877,-1.2567565441131592
kandinsky-community_kandinsky-3,53288018,-1.2071415185928345
kandinsky-community_kandinsky-3,53443611,1.6504019498825073
kandinsky-community_kandinsky-3,53815934,-0.2971705198287964
kandinsky-community_kandinsky-3,54495173,0.14492806792259216
kandinsky-community_kandinsky-3,54931507,-1.2360810041427612
kandinsky-community_kandinsky-3,55191509,1.2378195524215698
kandinsky-community_kandinsky-3,55255145,0.15980668365955353
kandinsky-community_kandinsky-3,55457672,-0.6204327940940857
kandinsky-community_kandinsky-3,55588327,0.8941494822502136
kandinsky-community_kandinsky-3,55653646,0.5407865047454834
kandinsky-community_kandinsky-3,55658809,-0.3955953121185303
kandinsky-community_kandinsky-3,55812974,-0.6279948353767395
kandinsky-community_kandinsky-3,55819553,0.12155116349458694
kandinsky-community_kandinsky-3,55826966,-1.2825531959533691
kandinsky-community_kandinsky-3,55983905,0.7413520812988281
kandinsky-community_kandinsky-3,56074056,0.11930561810731888
kandinsky-community_kandinsky-3,56112588,-0.034587036818265915
kandinsky-community_kandinsky-3,56121520,0.48762017488479614
kandinsky-community_kandinsky-3,56250900,0.9710106253623962
kandinsky-community_kandinsky-3,56458800,1.1661221981048584
kandinsky-community_kandinsky-3,56792430,-0.9766814708709717
kandinsky-community_kandinsky-3,56982260,-0.22723287343978882
kandinsky-community_kandinsky-3,57673976,-1.418790578842163
kandinsky-community_kandinsky-3,57716963,0.8788354992866516
kandinsky-community_kandinsky-3,57729980,-1.613987922668457
kandinsky-community_kandinsky-3,57785005,0.6064170002937317
kandinsky-community_kandinsky-3,57873614,0.12233748286962509
kandinsky-community_kandinsky-3,58727024,0.214893639087677
kandinsky-community_kandinsky-3,58761464,-0.9415462017059326
kandinsky-community_kandinsky-3,59399259,0.17482663691043854
kandinsky-community_kandinsky-3,59976859,0.4548851251602173
kandinsky-community_kandinsky-3,60083345,-0.327040433883667
kandinsky-community_kandinsky-3,60214770,-0.08655645698308945
kandinsky-community_kandinsky-3,60215376,-1.3609819412231445
kandinsky-community_kandinsky-3,60375309,0.3392651081085205
kandinsky-community_kandinsky-3,60606896,0.21557211875915527
kandinsky-community_kandinsky-3,60668084,0.9497469067573547
kandinsky-community_kandinsky-3,61035709,-0.23546820878982544
kandinsky-community_kandinsky-3,61388266,-1.0707941055297852
kandinsky-community_kandinsky-3,61627313,-0.628333330154419
kandinsky-community_kandinsky-3,61635816,1.058706283569336
kandinsky-community_kandinsky-3,61853324,1.4350789785385132
kandinsky-community_kandinsky-3,62408818,0.49075597524642944
kandinsky-community_kandinsky-3,62841330,0.40558138489723206
kandinsky-community_kandinsky-3,63015570,0.8450273871421814
kandinsky-community_kandinsky-3,63336441,-0.9579050540924072
kandinsky-community_kandinsky-3,63633117,0.2640921175479889
kandinsky-community_kandinsky-3,64576544,-0.7850819230079651
kandinsky-community_kandinsky-3,64687077,-0.19582194089889526
kandinsky-community_kandinsky-3,64693533,1.8442379236221313
kandinsky-community_kandinsky-3,64856142,0.3973929286003113
kandinsky-community_kandinsky-3,65411270,-0.22104743123054504
kandinsky-community_kandinsky-3,65557844,0.13094307482242584
kandinsky-community_kandinsky-3,65824677,-1.5236314535140991
kandinsky-community_kandinsky-3,65890875,0.6588729619979858
kandinsky-community_kandinsky-3,65960228,0.9002076983451843
kandinsky-community_kandinsky-3,66668538,-0.11675233393907547
kandinsky-community_kandinsky-3,67344811,1.2472279071807861
kandinsky-community_kandinsky-3,67949798,0.5300560593605042
kandinsky-community_kandinsky-3,68246844,-0.747647762298584
kandinsky-community_kandinsky-3,68280322,-1.2528603076934814
kandinsky-community_kandinsky-3,68321683,0.24325379729270935
kandinsky-community_kandinsky-3,68380669,0.45164820551872253
kandinsky-community_kandinsky-3,68575085,1.6121548414230347
kandinsky-community_kandinsky-3,70380966,-0.9828490018844604
kandinsky-community_kandinsky-3,70494671,-0.7007722854614258
kandinsky-community_kandinsky-3,71055464,-0.6931994557380676
kandinsky-community_kandinsky-3,71591839,-1.3991526365280151
kandinsky-community_kandinsky-3,71828875,-0.7456191182136536
kandinsky-community_kandinsky-3,71910823,-0.38721004128456116
kandinsky-community_kandinsky-3,71959499,0.42259347438812256
kandinsky-community_kandinsky-3,72432241,0.670781135559082
kandinsky-community_kandinsky-3,72553814,0.4214400053024292
kandinsky-community_kandinsky-3,73051579,0.48528099060058594
kandinsky-community_kandinsky-3,73600586,-0.680520236492157
kandinsky-community_kandinsky-3,73616417,0.9276762008666992
kandinsky-community_kandinsky-3,73681289,1.1767059564590454
kandinsky-community_kandinsky-3,73962724,-1.3356772661209106
kandinsky-community_kandinsky-3,74175857,-0.21146710216999054
kandinsky-community_kandinsky-3,75051801,0.18380221724510193
kandinsky-community_kandinsky-3,75787772,0.27478528022766113
kandinsky-community_kandinsky-3,75944980,-0.5826911330223083
kandinsky-community_kandinsky-3,75964288,-0.2374875694513321
kandinsky-community_kandinsky-3,76066166,0.570509135723114
kandinsky-community_kandinsky-3,76100398,1.0053060054779053
kandinsky-community_kandinsky-3,76425345,-0.7090184092521667
kandinsky-community_kandinsky-3,77106105,-0.2689990997314453
kandinsky-community_kandinsky-3,77132310,0.7178434729576111
kandinsky-community_kandinsky-3,77232534,-0.019805097952485085
kandinsky-community_kandinsky-3,77312726,-0.5917695760726929
kandinsky-community_kandinsky-3,77358840,0.9644135236740112
kandinsky-community_kandinsky-3,77490593,-0.20421761274337769
kandinsky-community_kandinsky-3,77726888,0.20312127470970154
kandinsky-community_kandinsky-3,78735978,-0.22671698033809662
kandinsky-community_kandinsky-3,79077085,-0.5439053177833557
kandinsky-community_kandinsky-3,79212243,1.036637544631958
kandinsky-community_kandinsky-3,79606917,-0.6485652327537537
kandinsky-community_kandinsky-3,79918827,1.2290737628936768
kandinsky-community_kandinsky-3,80289373,0.5323978066444397
kandinsky-community_kandinsky-3,80371125,0.8407026529312134
kandinsky-community_kandinsky-3,80540387,-1.5304863452911377
kandinsky-community_kandinsky-3,81135077,0.3021230399608612
kandinsky-community_kandinsky-3,81303945,-1.1463091373443604
kandinsky-community_kandinsky-3,81435593,0.6841819286346436
kandinsky-community_kandinsky-3,82282590,0.2793637812137604
kandinsky-community_kandinsky-3,82696415,-0.7796196341514587
kandinsky-community_kandinsky-3,82916016,-2.0057144165039062
kandinsky-community_kandinsky-3,83084473,1.5581276416778564
kandinsky-community_kandinsky-3,83418847,-0.6203818917274475
kandinsky-community_kandinsky-3,84089324,-0.7848965525627136
kandinsky-community_kandinsky-3,84306831,-0.6176617741584778
kandinsky-community_kandinsky-3,84510135,-0.340777724981308
kandinsky-community_kandinsky-3,84788890,1.5017869472503662
kandinsky-community_kandinsky-3,84985982,0.3582676351070404
kandinsky-community_kandinsky-3,85191733,-0.2370459884405136
kandinsky-community_kandinsky-3,86119145,1.0897518396377563
kandinsky-community_kandinsky-3,86340862,0.9687690138816833
kandinsky-community_kandinsky-3,86341828,-0.044537100940942764
kandinsky-community_kandinsky-3,86537356,-0.043639663606882095
kandinsky-community_kandinsky-3,86701636,1.0037636756896973
kandinsky-community_kandinsky-3,86714939,-0.5528699159622192
kandinsky-community_kandinsky-3,87574583,-1.142087459564209
kandinsky-community_kandinsky-3,87699711,-0.5804405212402344
kandinsky-community_kandinsky-3,88016571,0.5509377717971802
kandinsky-community_kandinsky-3,88087492,-0.32246145606040955
kandinsky-community_kandinsky-3,89227603,0.6990779042243958
kandinsky-community_kandinsky-3,89539854,-0.409857839345932
kandinsky-community_kandinsky-3,89926787,1.7381596565246582
kandinsky-community_kandinsky-3,90244932,1.0525957345962524
kandinsky-community_kandinsky-3,90493027,0.03887173905968666
kandinsky-community_kandinsky-3,90613035,-0.005528115201741457
kandinsky-community_kandinsky-3,91368797,1.2034231424331665
kandinsky-community_kandinsky-3,91784299,0.7117506861686707
kandinsky-community_kandinsky-3,91790573,1.622153878211975
kandinsky-community_kandinsky-3,91834546,-1.656534194946289
kandinsky-community_kandinsky-3,92068094,1.2373026609420776
kandinsky-community_kandinsky-3,92311656,0.12029330432415009
kandinsky-community_kandinsky-3,92709444,-0.049664489924907684
kandinsky-community_kandinsky-3,93114575,0.9142919182777405
kandinsky-community_kandinsky-3,93256557,0.7739250063896179
kandinsky-community_kandinsky-3,93407716,-2.2716145515441895
kandinsky-community_kandinsky-3,93436296,0.8961052298545837
kandinsky-community_kandinsky-3,93512057,-1.3072363138198853
kandinsky-community_kandinsky-3,94006560,0.009859539568424225
kandinsky-community_kandinsky-3,94321535,-0.15331514179706573
kandinsky-community_kandinsky-3,94532154,0.2897087037563324
kandinsky-community_kandinsky-3,95171107,-0.39021459221839905
kandinsky-community_kandinsky-3,95228839,-0.6899213194847107
kandinsky-community_kandinsky-3,95325441,-0.2109030783176422
kandinsky-community_kandinsky-3,95450946,1.08253812789917
kandinsky-community_kandinsky-3,95583911,-0.04371793568134308
kandinsky-community_kandinsky-3,95718306,0.2521952986717224
kandinsky-community_kandinsky-3,95737828,-0.12446082383394241
kandinsky-community_kandinsky-3,96448597,-0.8103973269462585
kandinsky-community_kandinsky-3,96482065,0.555611252784729
kandinsky-community_kandinsky-3,96521920,-0.2928515672683716
kandinsky-community_kandinsky-3,96850153,1.614736795425415
kandinsky-community_kandinsky-3,98113191,1.4815306663513184
kandinsky-community_kandinsky-3,98195317,0.28143754601478577
kandinsky-community_kandinsky-3,98254655,0.5090639591217041
kandinsky-community_kandinsky-3,98319500,0.6086167693138123
kandinsky-community_kandinsky-3,98642787,0.031364500522613525
kandinsky-community_kandinsky-3,98646702,-0.4239947497844696
kandinsky-community_kandinsky-3,98929226,-1.5134836435317993
kandinsky-community_kandinsky-3,99178779,1.6220802068710327
kandinsky-community_kandinsky-3,99185892,-1.085897445678711
kandinsky-community_kandinsky-3,99211012,0.08917000144720078
kandinsky-community_kandinsky-3,99410560,0.906132698059082
kandinsky-community_kandinsky-3,99862294,0.818234920501709
playgroundai_playground-v2.5-1024px-aesthetic,138508,0.5701847672462463
playgroundai_playground-v2.5-1024px-aesthetic,192051,-0.12439735978841782
playgroundai_playground-v2.5-1024px-aesthetic,213186,-0.2709186375141144
playgroundai_playground-v2.5-1024px-aesthetic,232386,-0.5879721641540527
playgroundai_playground-v2.5-1024px-aesthetic,232765,-0.5645353198051453
playgroundai_playground-v2.5-1024px-aesthetic,258857,0.25509530305862427
playgroundai_playground-v2.5-1024px-aesthetic,283090,0.8345363140106201
playgroundai_playground-v2.5-1024px-aesthetic,285141,0.2770622968673706
playgroundai_playground-v2.5-1024px-aesthetic,399030,0.2597583532333374
playgroundai_playground-v2.5-1024px-aesthetic,440189,-0.47741782665252686
playgroundai_playground-v2.5-1024px-aesthetic,445169,-1.0120607614517212
playgroundai_playground-v2.5-1024px-aesthetic,486490,0.051156457513570786
playgroundai_playground-v2.5-1024px-aesthetic,487072,0.8772704601287842
playgroundai_playground-v2.5-1024px-aesthetic,487326,1.4217902421951294
playgroundai_playground-v2.5-1024px-aesthetic,489837,-0.44354215264320374
playgroundai_playground-v2.5-1024px-aesthetic,646833,1.004930853843689
playgroundai_playground-v2.5-1024px-aesthetic,708860,-0.23536178469657898
playgroundai_playground-v2.5-1024px-aesthetic,717208,1.7049192190170288
playgroundai_playground-v2.5-1024px-aesthetic,717468,1.6997010707855225
playgroundai_playground-v2.5-1024px-aesthetic,735254,0.14242306351661682
playgroundai_playground-v2.5-1024px-aesthetic,762478,1.02693510055542
playgroundai_playground-v2.5-1024px-aesthetic,825443,1.0926976203918457
playgroundai_playground-v2.5-1024px-aesthetic,831919,-0.4260493516921997
playgroundai_playground-v2.5-1024px-aesthetic,896677,0.29646846652030945
playgroundai_playground-v2.5-1024px-aesthetic,936620,1.1586532592773438
playgroundai_playground-v2.5-1024px-aesthetic,974367,-0.4876968264579773
playgroundai_playground-v2.5-1024px-aesthetic,993014,0.1867297887802124
playgroundai_playground-v2.5-1024px-aesthetic,995855,1.0340676307678223
playgroundai_playground-v2.5-1024px-aesthetic,1113367,0.148534893989563
playgroundai_playground-v2.5-1024px-aesthetic,1171644,0.8209236860275269
playgroundai_playground-v2.5-1024px-aesthetic,1209135,-0.3306226432323456
playgroundai_playground-v2.5-1024px-aesthetic,1317294,1.4424093961715698
playgroundai_playground-v2.5-1024px-aesthetic,1317533,-0.7017338275909424
playgroundai_playground-v2.5-1024px-aesthetic,1321854,1.6524535417556763
playgroundai_playground-v2.5-1024px-aesthetic,1377758,0.7870526313781738
playgroundai_playground-v2.5-1024px-aesthetic,1474832,0.0908631831407547
playgroundai_playground-v2.5-1024px-aesthetic,1516071,-0.4956386983394623
playgroundai_playground-v2.5-1024px-aesthetic,1566705,0.8135673999786377
playgroundai_playground-v2.5-1024px-aesthetic,1640855,1.207973837852478
playgroundai_playground-v2.5-1024px-aesthetic,1668603,0.36442098021507263
playgroundai_playground-v2.5-1024px-aesthetic,1678990,1.1109182834625244
playgroundai_playground-v2.5-1024px-aesthetic,1699831,1.4203826189041138
playgroundai_playground-v2.5-1024px-aesthetic,1707698,1.3550156354904175
playgroundai_playground-v2.5-1024px-aesthetic,1727942,1.713421106338501
playgroundai_playground-v2.5-1024px-aesthetic,2045760,0.5465725660324097
playgroundai_playground-v2.5-1024px-aesthetic,2075049,0.1256500780582428
playgroundai_playground-v2.5-1024px-aesthetic,2075764,1.603112816810608
playgroundai_playground-v2.5-1024px-aesthetic,2241569,1.2774311304092407
playgroundai_playground-v2.5-1024px-aesthetic,2720725,-0.015803294256329536
playgroundai_playground-v2.5-1024px-aesthetic,2721160,-0.5365231037139893
playgroundai_playground-v2.5-1024px-aesthetic,2730265,-0.7963828444480896
playgroundai_playground-v2.5-1024px-aesthetic,2744395,-0.4760608673095703
playgroundai_playground-v2.5-1024px-aesthetic,2770078,1.7791601419448853
playgroundai_playground-v2.5-1024px-aesthetic,2793684,0.8664634823799133
playgroundai_playground-v2.5-1024px-aesthetic,2803666,1.420132040977478
playgroundai_playground-v2.5-1024px-aesthetic,2807731,-0.7259362936019897
playgroundai_playground-v2.5-1024px-aesthetic,2821943,0.4883589446544647
playgroundai_playground-v2.5-1024px-aesthetic,2824319,0.20573340356349945
playgroundai_playground-v2.5-1024px-aesthetic,2825442,1.8892996311187744
playgroundai_playground-v2.5-1024px-aesthetic,2852043,0.24419723451137543
playgroundai_playground-v2.5-1024px-aesthetic,2870293,0.5587314963340759
playgroundai_playground-v2.5-1024px-aesthetic,2870880,1.390937089920044
playgroundai_playground-v2.5-1024px-aesthetic,2923535,0.4084083139896393
playgroundai_playground-v2.5-1024px-aesthetic,2933112,1.567319393157959
playgroundai_playground-v2.5-1024px-aesthetic,2963987,1.586488962173462
playgroundai_playground-v2.5-1024px-aesthetic,2991302,0.9152768850326538
playgroundai_playground-v2.5-1024px-aesthetic,3024209,-0.6370305418968201
playgroundai_playground-v2.5-1024px-aesthetic,3035832,1.037444829940796
playgroundai_playground-v2.5-1024px-aesthetic,3049457,0.07963880896568298
playgroundai_playground-v2.5-1024px-aesthetic,3107488,1.1023266315460205
playgroundai_playground-v2.5-1024px-aesthetic,3131388,0.4846682548522949
playgroundai_playground-v2.5-1024px-aesthetic,3131669,1.268824577331543
playgroundai_playground-v2.5-1024px-aesthetic,3152830,1.3089889287948608
playgroundai_playground-v2.5-1024px-aesthetic,3249569,1.625434160232544
playgroundai_playground-v2.5-1024px-aesthetic,3262349,1.1130750179290771
playgroundai_playground-v2.5-1024px-aesthetic,3288500,0.856208860874176
playgroundai_playground-v2.5-1024px-aesthetic,3298716,1.4703480005264282
playgroundai_playground-v2.5-1024px-aesthetic,3308246,1.317535638809204
playgroundai_playground-v2.5-1024px-aesthetic,3309110,-1.3343520164489746
playgroundai_playground-v2.5-1024px-aesthetic,3347220,0.6890777945518494
playgroundai_playground-v2.5-1024px-aesthetic,3353281,0.79698246717453
playgroundai_playground-v2.5-1024px-aesthetic,3366112,-0.05678476765751839
playgroundai_playground-v2.5-1024px-aesthetic,3411927,1.1555745601654053
playgroundai_playground-v2.5-1024px-aesthetic,3456665,1.8111497163772583
playgroundai_playground-v2.5-1024px-aesthetic,3563208,0.04436785727739334
playgroundai_playground-v2.5-1024px-aesthetic,3580281,-0.9018723964691162
playgroundai_playground-v2.5-1024px-aesthetic,3603442,1.6447365283966064
playgroundai_playground-v2.5-1024px-aesthetic,3607029,1.8516864776611328
playgroundai_playground-v2.5-1024px-aesthetic,3628071,1.638932704925537
playgroundai_playground-v2.5-1024px-aesthetic,3630383,1.7454955577850342
playgroundai_playground-v2.5-1024px-aesthetic,3676483,0.2640478014945984
playgroundai_playground-v2.5-1024px-aesthetic,3679712,0.20067425072193146
playgroundai_playground-v2.5-1024px-aesthetic,3685307,1.249157428741455
playgroundai_playground-v2.5-1024px-aesthetic,3703463,1.7801893949508667
playgroundai_playground-v2.5-1024px-aesthetic,3714235,1.7234655618667603
playgroundai_playground-v2.5-1024px-aesthetic,3728318,0.30034419894218445
playgroundai_playground-v2.5-1024px-aesthetic,3748162,0.4107455015182495
playgroundai_playground-v2.5-1024px-aesthetic,3764276,1.4150216579437256
playgroundai_playground-v2.5-1024px-aesthetic,3818090,0.20655696094036102
playgroundai_playground-v2.5-1024px-aesthetic,3842156,0.9770752787590027
playgroundai_playground-v2.5-1024px-aesthetic,3880032,1.6255401372909546
playgroundai_playground-v2.5-1024px-aesthetic,3889343,1.1121078729629517
playgroundai_playground-v2.5-1024px-aesthetic,3907654,0.5292806625366211
playgroundai_playground-v2.5-1024px-aesthetic,3940713,-0.11695239692926407
playgroundai_playground-v2.5-1024px-aesthetic,3975232,-0.09570638835430145
playgroundai_playground-v2.5-1024px-aesthetic,3982060,1.0812429189682007
playgroundai_playground-v2.5-1024px-aesthetic,3990474,1.3985041379928589
playgroundai_playground-v2.5-1024px-aesthetic,4010305,-0.22183705866336823
playgroundai_playground-v2.5-1024px-aesthetic,4025130,0.5019112825393677
playgroundai_playground-v2.5-1024px-aesthetic,4062807,1.6026848554611206
playgroundai_playground-v2.5-1024px-aesthetic,4123448,1.2263200283050537
playgroundai_playground-v2.5-1024px-aesthetic,4125853,-0.19085507094860077
playgroundai_playground-v2.5-1024px-aesthetic,4140340,1.494670033454895
playgroundai_playground-v2.5-1024px-aesthetic,4145056,1.6000621318817139
playgroundai_playground-v2.5-1024px-aesthetic,4192521,0.11393436789512634
playgroundai_playground-v2.5-1024px-aesthetic,4259202,0.9861117005348206
playgroundai_playground-v2.5-1024px-aesthetic,4285773,0.5921664834022522
playgroundai_playground-v2.5-1024px-aesthetic,4345028,1.301407814025879
playgroundai_playground-v2.5-1024px-aesthetic,4387201,1.505779504776001
playgroundai_playground-v2.5-1024px-aesthetic,4416901,1.0266095399856567
playgroundai_playground-v2.5-1024px-aesthetic,4455579,1.4637362957000732
playgroundai_playground-v2.5-1024px-aesthetic,4497570,1.5980216264724731
playgroundai_playground-v2.5-1024px-aesthetic,4534520,1.2426656484603882
playgroundai_playground-v2.5-1024px-aesthetic,4539203,0.6297740936279297
playgroundai_playground-v2.5-1024px-aesthetic,4552551,1.3755329847335815
playgroundai_playground-v2.5-1024px-aesthetic,4596797,0.8129128217697144
playgroundai_playground-v2.5-1024px-aesthetic,4832208,0.16600272059440613
playgroundai_playground-v2.5-1024px-aesthetic,4930139,1.5583213567733765
playgroundai_playground-v2.5-1024px-aesthetic,5008085,-0.01240044180303812
playgroundai_playground-v2.5-1024px-aesthetic,5219923,0.8108932971954346
playgroundai_playground-v2.5-1024px-aesthetic,5316083,-0.03998708724975586
playgroundai_playground-v2.5-1024px-aesthetic,5350912,0.1556183099746704
playgroundai_playground-v2.5-1024px-aesthetic,5374860,1.251517415046692
playgroundai_playground-v2.5-1024px-aesthetic,5410315,0.08879777789115906
playgroundai_playground-v2.5-1024px-aesthetic,5522784,0.04626584053039551
playgroundai_playground-v2.5-1024px-aesthetic,5728577,0.8933619260787964
playgroundai_playground-v2.5-1024px-aesthetic,5752544,1.0833072662353516
playgroundai_playground-v2.5-1024px-aesthetic,5794797,1.3591865301132202
playgroundai_playground-v2.5-1024px-aesthetic,5895919,1.0668292045593262
playgroundai_playground-v2.5-1024px-aesthetic,5958517,-0.015218489803373814
playgroundai_playground-v2.5-1024px-aesthetic,6189776,1.1067910194396973
playgroundai_playground-v2.5-1024px-aesthetic,6528587,-0.31219688057899475
playgroundai_playground-v2.5-1024px-aesthetic,6584891,-0.06013823673129082
playgroundai_playground-v2.5-1024px-aesthetic,6586355,0.5337443947792053
playgroundai_playground-v2.5-1024px-aesthetic,6607809,-0.4016876518726349
playgroundai_playground-v2.5-1024px-aesthetic,6615026,0.7328119277954102
playgroundai_playground-v2.5-1024px-aesthetic,6615458,-0.04209376871585846
playgroundai_playground-v2.5-1024px-aesthetic,6615818,0.6030462980270386
playgroundai_playground-v2.5-1024px-aesthetic,6616314,1.4633980989456177
playgroundai_playground-v2.5-1024px-aesthetic,6617011,0.6349316239356995
playgroundai_playground-v2.5-1024px-aesthetic,6617413,-0.24417059123516083
playgroundai_playground-v2.5-1024px-aesthetic,6729499,0.69614577293396
playgroundai_playground-v2.5-1024px-aesthetic,6880664,0.9018245935440063
playgroundai_playground-v2.5-1024px-aesthetic,6883725,1.5339394807815552
playgroundai_playground-v2.5-1024px-aesthetic,6946774,-0.12094385176897049
playgroundai_playground-v2.5-1024px-aesthetic,7025268,1.2285561561584473
playgroundai_playground-v2.5-1024px-aesthetic,7109847,1.1412543058395386
playgroundai_playground-v2.5-1024px-aesthetic,7116261,1.2486860752105713
playgroundai_playground-v2.5-1024px-aesthetic,7150023,1.3869123458862305
playgroundai_playground-v2.5-1024px-aesthetic,7163803,1.1046433448791504
playgroundai_playground-v2.5-1024px-aesthetic,7507098,0.06504736095666885
playgroundai_playground-v2.5-1024px-aesthetic,7596684,0.9679012894630432
playgroundai_playground-v2.5-1024px-aesthetic,7597365,0.8219762444496155
playgroundai_playground-v2.5-1024px-aesthetic,7601809,0.9558108448982239
playgroundai_playground-v2.5-1024px-aesthetic,7605282,1.593961238861084
playgroundai_playground-v2.5-1024px-aesthetic,7606419,-0.44179558753967285
playgroundai_playground-v2.5-1024px-aesthetic,7607707,-0.1400866061449051
playgroundai_playground-v2.5-1024px-aesthetic,7608721,1.4303208589553833
playgroundai_playground-v2.5-1024px-aesthetic,7625977,1.7502517700195312
playgroundai_playground-v2.5-1024px-aesthetic,7626721,1.6297988891601562
playgroundai_playground-v2.5-1024px-aesthetic,7626833,1.2787925004959106
playgroundai_playground-v2.5-1024px-aesthetic,7627310,1.2081456184387207
playgroundai_playground-v2.5-1024px-aesthetic,7651454,1.11821711063385
playgroundai_playground-v2.5-1024px-aesthetic,7654438,1.521034598350525
playgroundai_playground-v2.5-1024px-aesthetic,7664468,0.22222188115119934
playgroundai_playground-v2.5-1024px-aesthetic,7698915,1.4216203689575195
playgroundai_playground-v2.5-1024px-aesthetic,7700167,1.731362223625183
playgroundai_playground-v2.5-1024px-aesthetic,7700868,1.3016799688339233
playgroundai_playground-v2.5-1024px-aesthetic,7701244,1.5509326457977295
playgroundai_playground-v2.5-1024px-aesthetic,7702193,1.5851532220840454
playgroundai_playground-v2.5-1024px-aesthetic,7710616,0.9571497440338135
playgroundai_playground-v2.5-1024px-aesthetic,7834065,0.00414623785763979
playgroundai_playground-v2.5-1024px-aesthetic,7854266,0.7511391043663025
playgroundai_playground-v2.5-1024px-aesthetic,7854455,0.9690792560577393
playgroundai_playground-v2.5-1024px-aesthetic,7871940,1.611934781074524
playgroundai_playground-v2.5-1024px-aesthetic,7891189,1.3239905834197998
playgroundai_playground-v2.5-1024px-aesthetic,7897116,0.6359550356864929
playgroundai_playground-v2.5-1024px-aesthetic,7914271,1.688101053237915
playgroundai_playground-v2.5-1024px-aesthetic,7922764,1.7355986833572388
playgroundai_playground-v2.5-1024px-aesthetic,7929519,1.1173226833343506
playgroundai_playground-v2.5-1024px-aesthetic,7933274,1.2288329601287842
playgroundai_playground-v2.5-1024px-aesthetic,7933530,1.3841053247451782
playgroundai_playground-v2.5-1024px-aesthetic,8089797,0.6318747997283936
playgroundai_playground-v2.5-1024px-aesthetic,8095160,-0.1428069919347763
playgroundai_playground-v2.5-1024px-aesthetic,8124208,-0.40076130628585815
playgroundai_playground-v2.5-1024px-aesthetic,8339939,-0.115273118019104
playgroundai_playground-v2.5-1024px-aesthetic,8876291,0.6961258053779602
playgroundai_playground-v2.5-1024px-aesthetic,9020389,1.602837085723877
playgroundai_playground-v2.5-1024px-aesthetic,9044146,-0.5900694131851196
playgroundai_playground-v2.5-1024px-aesthetic,9057052,-0.2736269533634186
playgroundai_playground-v2.5-1024px-aesthetic,9427682,-0.3775325417518616
playgroundai_playground-v2.5-1024px-aesthetic,9580065,1.7627071142196655
playgroundai_playground-v2.5-1024px-aesthetic,9719434,0.8640927672386169
playgroundai_playground-v2.5-1024px-aesthetic,9793248,1.788007140159607
playgroundai_playground-v2.5-1024px-aesthetic,9794211,-0.2066749483346939
playgroundai_playground-v2.5-1024px-aesthetic,9862621,1.6900476217269897
playgroundai_playground-v2.5-1024px-aesthetic,9875188,-0.325374037027359
playgroundai_playground-v2.5-1024px-aesthetic,9984659,0.8754230737686157
playgroundai_playground-v2.5-1024px-aesthetic,10012874,-0.012570314109325409
playgroundai_playground-v2.5-1024px-aesthetic,10024569,-0.10641704499721527
playgroundai_playground-v2.5-1024px-aesthetic,10080493,0.38574931025505066
playgroundai_playground-v2.5-1024px-aesthetic,10106452,-0.9976770877838135
playgroundai_playground-v2.5-1024px-aesthetic,10198409,0.3490214943885803
playgroundai_playground-v2.5-1024px-aesthetic,10333317,-0.34159955382347107
playgroundai_playground-v2.5-1024px-aesthetic,10408552,1.364603877067566
playgroundai_playground-v2.5-1024px-aesthetic,10444677,0.8473312258720398
playgroundai_playground-v2.5-1024px-aesthetic,10453357,1.7924728393554688
playgroundai_playground-v2.5-1024px-aesthetic,10548623,0.11233759671449661
playgroundai_playground-v2.5-1024px-aesthetic,10572128,0.22379526495933533
playgroundai_playground-v2.5-1024px-aesthetic,10794014,0.7929858565330505
playgroundai_playground-v2.5-1024px-aesthetic,10939743,1.2698545455932617
playgroundai_playground-v2.5-1024px-aesthetic,11039909,1.4567904472351074
playgroundai_playground-v2.5-1024px-aesthetic,11334088,0.8433266282081604
playgroundai_playground-v2.5-1024px-aesthetic,11417672,1.2105361223220825
playgroundai_playground-v2.5-1024px-aesthetic,11437577,0.5762689709663391
playgroundai_playground-v2.5-1024px-aesthetic,11460338,-0.12487561255693436
playgroundai_playground-v2.5-1024px-aesthetic,12345739,0.5156747102737427
playgroundai_playground-v2.5-1024px-aesthetic,12402348,0.22408093512058258
playgroundai_playground-v2.5-1024px-aesthetic,13221529,0.6954671740531921
playgroundai_playground-v2.5-1024px-aesthetic,13290566,0.803015410900116
playgroundai_playground-v2.5-1024px-aesthetic,13389475,1.3791872262954712
playgroundai_playground-v2.5-1024px-aesthetic,13390139,1.1695529222488403
playgroundai_playground-v2.5-1024px-aesthetic,13390405,0.5980790853500366
playgroundai_playground-v2.5-1024px-aesthetic,13392786,0.8017892837524414
playgroundai_playground-v2.5-1024px-aesthetic,13649361,-0.6392167806625366
playgroundai_playground-v2.5-1024px-aesthetic,13716878,0.8160229325294495
playgroundai_playground-v2.5-1024px-aesthetic,13884740,0.7566812634468079
playgroundai_playground-v2.5-1024px-aesthetic,13915305,1.2068657875061035
playgroundai_playground-v2.5-1024px-aesthetic,13931145,-0.1973593682050705
playgroundai_playground-v2.5-1024px-aesthetic,13984082,-0.41581645607948303
playgroundai_playground-v2.5-1024px-aesthetic,14140678,0.21299603581428528
playgroundai_playground-v2.5-1024px-aesthetic,14195315,-0.08780190348625183
playgroundai_playground-v2.5-1024px-aesthetic,14294568,-0.6272832155227661
playgroundai_playground-v2.5-1024px-aesthetic,14320813,0.3975217938423157
playgroundai_playground-v2.5-1024px-aesthetic,14360436,1.4860165119171143
playgroundai_playground-v2.5-1024px-aesthetic,14488317,0.5901926755905151
playgroundai_playground-v2.5-1024px-aesthetic,14533937,-0.2933543920516968
playgroundai_playground-v2.5-1024px-aesthetic,14550987,0.7698685526847839
playgroundai_playground-v2.5-1024px-aesthetic,14579933,-0.8592126965522766
playgroundai_playground-v2.5-1024px-aesthetic,14606290,0.33723658323287964
playgroundai_playground-v2.5-1024px-aesthetic,14620257,0.33944475650787354
playgroundai_playground-v2.5-1024px-aesthetic,14632648,-0.02798282913863659
playgroundai_playground-v2.5-1024px-aesthetic,14647235,0.2950085401535034
playgroundai_playground-v2.5-1024px-aesthetic,14654954,0.18111944198608398
playgroundai_playground-v2.5-1024px-aesthetic,14686352,0.384160578250885
playgroundai_playground-v2.5-1024px-aesthetic,14702875,-0.3873778283596039
playgroundai_playground-v2.5-1024px-aesthetic,14703190,-0.8102174997329712
playgroundai_playground-v2.5-1024px-aesthetic,14807929,0.3084448575973511
playgroundai_playground-v2.5-1024px-aesthetic,14809057,0.7047255039215088
playgroundai_playground-v2.5-1024px-aesthetic,14867690,1.3150148391723633
playgroundai_playground-v2.5-1024px-aesthetic,14872875,-0.1632975935935974
playgroundai_playground-v2.5-1024px-aesthetic,14880557,1.4911240339279175
playgroundai_playground-v2.5-1024px-aesthetic,14894140,1.034432053565979
playgroundai_playground-v2.5-1024px-aesthetic,15180934,1.003620982170105
playgroundai_playground-v2.5-1024px-aesthetic,15970145,0.213095560669899
playgroundai_playground-v2.5-1024px-aesthetic,17002912,0.5457594394683838
playgroundai_playground-v2.5-1024px-aesthetic,17012379,0.8044437170028687
playgroundai_playground-v2.5-1024px-aesthetic,17282800,1.4037123918533325
playgroundai_playground-v2.5-1024px-aesthetic,17925539,0.734201967716217
playgroundai_playground-v2.5-1024px-aesthetic,18367104,0.6501675248146057
playgroundai_playground-v2.5-1024px-aesthetic,18758723,0.1328507512807846
playgroundai_playground-v2.5-1024px-aesthetic,19143128,1.4122960567474365
playgroundai_playground-v2.5-1024px-aesthetic,19671124,-0.9499794840812683
playgroundai_playground-v2.5-1024px-aesthetic,19855707,-0.6544968485832214
playgroundai_playground-v2.5-1024px-aesthetic,19893872,1.1781229972839355
playgroundai_playground-v2.5-1024px-aesthetic,20017667,0.41953882575035095
playgroundai_playground-v2.5-1024px-aesthetic,20128079,-0.009471314027905464
playgroundai_playground-v2.5-1024px-aesthetic,20471134,-0.31255289912223816
playgroundai_playground-v2.5-1024px-aesthetic,20495093,0.4215002954006195
playgroundai_playground-v2.5-1024px-aesthetic,20782430,0.0463680662214756
playgroundai_playground-v2.5-1024px-aesthetic,21377549,0.07571490854024887
playgroundai_playground-v2.5-1024px-aesthetic,21564446,-0.9063249826431274
playgroundai_playground-v2.5-1024px-aesthetic,21620388,1.6814998388290405
playgroundai_playground-v2.5-1024px-aesthetic,22149540,-0.13501174747943878
playgroundai_playground-v2.5-1024px-aesthetic,22738759,-1.621288776397705
playgroundai_playground-v2.5-1024px-aesthetic,22767176,-0.25315725803375244
playgroundai_playground-v2.5-1024px-aesthetic,23129661,-0.6906173825263977
playgroundai_playground-v2.5-1024px-aesthetic,23185551,-0.10432033240795135
playgroundai_playground-v2.5-1024px-aesthetic,23232427,0.6472988724708557
playgroundai_playground-v2.5-1024px-aesthetic,23257851,0.17869485914707184
playgroundai_playground-v2.5-1024px-aesthetic,23620789,0.6985765695571899
playgroundai_playground-v2.5-1024px-aesthetic,24808131,0.1859886348247528
playgroundai_playground-v2.5-1024px-aesthetic,24843217,-0.09673086553812027
playgroundai_playground-v2.5-1024px-aesthetic,24933378,1.7696491479873657
playgroundai_playground-v2.5-1024px-aesthetic,24942232,1.515604019165039
playgroundai_playground-v2.5-1024px-aesthetic,25290589,-0.752526581287384
playgroundai_playground-v2.5-1024px-aesthetic,25579216,-0.6497417092323303
playgroundai_playground-v2.5-1024px-aesthetic,25685207,-1.1804263591766357
playgroundai_playground-v2.5-1024px-aesthetic,25776594,-0.40853339433670044
playgroundai_playground-v2.5-1024px-aesthetic,26078214,0.3099055588245392
playgroundai_playground-v2.5-1024px-aesthetic,26746434,0.7456527948379517
playgroundai_playground-v2.5-1024px-aesthetic,26998039,0.3719685673713684
playgroundai_playground-v2.5-1024px-aesthetic,27106238,0.2548229396343231
playgroundai_playground-v2.5-1024px-aesthetic,27246777,0.06550326198339462
playgroundai_playground-v2.5-1024px-aesthetic,27768637,0.007608862593770027
playgroundai_playground-v2.5-1024px-aesthetic,27871992,0.9338876008987427
playgroundai_playground-v2.5-1024px-aesthetic,28190972,-0.3426056504249573
playgroundai_playground-v2.5-1024px-aesthetic,29094321,0.25374963879585266
playgroundai_playground-v2.5-1024px-aesthetic,29148617,0.012402864173054695
playgroundai_playground-v2.5-1024px-aesthetic,29161294,-0.1508781760931015
playgroundai_playground-v2.5-1024px-aesthetic,29632917,0.6370560526847839
playgroundai_playground-v2.5-1024px-aesthetic,29703209,-0.374790757894516
playgroundai_playground-v2.5-1024px-aesthetic,29779486,0.5836648344993591
playgroundai_playground-v2.5-1024px-aesthetic,30028757,0.13039830327033997
playgroundai_playground-v2.5-1024px-aesthetic,30225071,1.1231942176818848
playgroundai_playground-v2.5-1024px-aesthetic,30373565,0.5094955563545227
playgroundai_playground-v2.5-1024px-aesthetic,30484086,-0.14380860328674316
playgroundai_playground-v2.5-1024px-aesthetic,30883080,0.5396209955215454
playgroundai_playground-v2.5-1024px-aesthetic,31114750,-1.1725221872329712
playgroundai_playground-v2.5-1024px-aesthetic,31196176,0.960680365562439
playgroundai_playground-v2.5-1024px-aesthetic,31391857,0.5792276859283447
playgroundai_playground-v2.5-1024px-aesthetic,31595142,1.177855134010315
playgroundai_playground-v2.5-1024px-aesthetic,32152786,-0.5559689402580261
playgroundai_playground-v2.5-1024px-aesthetic,32327818,0.016364693641662598
playgroundai_playground-v2.5-1024px-aesthetic,32379732,1.4964182376861572
playgroundai_playground-v2.5-1024px-aesthetic,32473966,-0.14329157769680023
playgroundai_playground-v2.5-1024px-aesthetic,32902730,1.5943444967269897
playgroundai_playground-v2.5-1024px-aesthetic,32932491,-0.7946335077285767
playgroundai_playground-v2.5-1024px-aesthetic,33006578,0.22673408687114716
playgroundai_playground-v2.5-1024px-aesthetic,33478721,-0.8734305500984192
playgroundai_playground-v2.5-1024px-aesthetic,34475997,0.8397580981254578
playgroundai_playground-v2.5-1024px-aesthetic,34578737,0.357142835855484
playgroundai_playground-v2.5-1024px-aesthetic,34773230,0.11058667302131653
playgroundai_playground-v2.5-1024px-aesthetic,36507085,0.5803973078727722
playgroundai_playground-v2.5-1024px-aesthetic,36678439,0.19997785985469818
playgroundai_playground-v2.5-1024px-aesthetic,37287360,0.8102094531059265
playgroundai_playground-v2.5-1024px-aesthetic,37319253,1.4775924682617188
playgroundai_playground-v2.5-1024px-aesthetic,37547870,0.9814823865890503
playgroundai_playground-v2.5-1024px-aesthetic,37736408,1.4546488523483276
playgroundai_playground-v2.5-1024px-aesthetic,38014258,-0.5670670866966248
playgroundai_playground-v2.5-1024px-aesthetic,38297191,0.679291844367981
playgroundai_playground-v2.5-1024px-aesthetic,38402744,1.4494497776031494
playgroundai_playground-v2.5-1024px-aesthetic,38954086,-0.297206848859787
playgroundai_playground-v2.5-1024px-aesthetic,39139190,1.8513970375061035
playgroundai_playground-v2.5-1024px-aesthetic,39560404,0.2416151762008667
playgroundai_playground-v2.5-1024px-aesthetic,39566065,1.9252387285232544
playgroundai_playground-v2.5-1024px-aesthetic,39595218,1.6806144714355469
playgroundai_playground-v2.5-1024px-aesthetic,40825299,1.5305050611495972
playgroundai_playground-v2.5-1024px-aesthetic,40945115,-1.392603874206543
playgroundai_playground-v2.5-1024px-aesthetic,40995095,1.3458160161972046
playgroundai_playground-v2.5-1024px-aesthetic,41015844,-0.030538499355316162
playgroundai_playground-v2.5-1024px-aesthetic,41031648,0.9313031435012817
playgroundai_playground-v2.5-1024px-aesthetic,41161074,1.3401755094528198
playgroundai_playground-v2.5-1024px-aesthetic,41458919,-0.03645817190408707
playgroundai_playground-v2.5-1024px-aesthetic,41565779,0.6423463225364685
playgroundai_playground-v2.5-1024px-aesthetic,41766391,1.323740005493164
playgroundai_playground-v2.5-1024px-aesthetic,41982710,0.5389823317527771
playgroundai_playground-v2.5-1024px-aesthetic,42048260,1.1491310596466064
playgroundai_playground-v2.5-1024px-aesthetic,42849420,-0.03688857704401016
playgroundai_playground-v2.5-1024px-aesthetic,42931583,1.2847793102264404
playgroundai_playground-v2.5-1024px-aesthetic,43060946,0.758268415927887
playgroundai_playground-v2.5-1024px-aesthetic,43153800,0.029884302988648415
playgroundai_playground-v2.5-1024px-aesthetic,43161384,0.2362624704837799
playgroundai_playground-v2.5-1024px-aesthetic,43301379,1.509880542755127
playgroundai_playground-v2.5-1024px-aesthetic,43304323,0.6677274107933044
playgroundai_playground-v2.5-1024px-aesthetic,43367797,0.005974383093416691
playgroundai_playground-v2.5-1024px-aesthetic,43431032,0.9316245317459106
playgroundai_playground-v2.5-1024px-aesthetic,43631801,-0.08928201347589493
playgroundai_playground-v2.5-1024px-aesthetic,43735560,0.25425592064857483
playgroundai_playground-v2.5-1024px-aesthetic,43858443,1.0083762407302856
playgroundai_playground-v2.5-1024px-aesthetic,43918624,-1.204502820968628
playgroundai_playground-v2.5-1024px-aesthetic,44280552,-0.5746412873268127
playgroundai_playground-v2.5-1024px-aesthetic,44295589,-0.332552969455719
playgroundai_playground-v2.5-1024px-aesthetic,44621915,0.5953874588012695
playgroundai_playground-v2.5-1024px-aesthetic,44645737,1.1973119974136353
playgroundai_playground-v2.5-1024px-aesthetic,44838123,-0.104946568608284
playgroundai_playground-v2.5-1024px-aesthetic,45258070,0.5688673257827759
playgroundai_playground-v2.5-1024px-aesthetic,45297641,-0.8841004371643066
playgroundai_playground-v2.5-1024px-aesthetic,45418454,1.3401943445205688
playgroundai_playground-v2.5-1024px-aesthetic,45564900,-1.1345503330230713
playgroundai_playground-v2.5-1024px-aesthetic,46150029,-0.5752781629562378
playgroundai_playground-v2.5-1024px-aesthetic,46394736,0.4305180013179779
playgroundai_playground-v2.5-1024px-aesthetic,46673664,0.9832150340080261
playgroundai_playground-v2.5-1024px-aesthetic,46994920,0.5274905562400818
playgroundai_playground-v2.5-1024px-aesthetic,47009060,-1.1634594202041626
playgroundai_playground-v2.5-1024px-aesthetic,47552953,0.28945598006248474
playgroundai_playground-v2.5-1024px-aesthetic,47595220,0.7553282976150513
playgroundai_playground-v2.5-1024px-aesthetic,47819321,1.0519983768463135
playgroundai_playground-v2.5-1024px-aesthetic,48223384,0.5556362867355347
playgroundai_playground-v2.5-1024px-aesthetic,48351897,0.763270914554596
playgroundai_playground-v2.5-1024px-aesthetic,48754831,-0.15938736498355865
playgroundai_playground-v2.5-1024px-aesthetic,49054805,1.387107491493225
playgroundai_playground-v2.5-1024px-aesthetic,49089576,1.588709831237793
playgroundai_playground-v2.5-1024px-aesthetic,49300740,-0.06482891738414764
playgroundai_playground-v2.5-1024px-aesthetic,49358811,0.8196375966072083
playgroundai_playground-v2.5-1024px-aesthetic,49462954,-0.5159585475921631
playgroundai_playground-v2.5-1024px-aesthetic,50262859,1.5543533563613892
playgroundai_playground-v2.5-1024px-aesthetic,50871471,0.6982707977294922
playgroundai_playground-v2.5-1024px-aesthetic,50952217,0.9806222319602966
playgroundai_playground-v2.5-1024px-aesthetic,51060824,0.010947068221867085
playgroundai_playground-v2.5-1024px-aesthetic,51314050,0.6311141848564148
playgroundai_playground-v2.5-1024px-aesthetic,51946990,0.475460946559906
playgroundai_playground-v2.5-1024px-aesthetic,52325745,-0.011652571149170399
playgroundai_playground-v2.5-1024px-aesthetic,52474100,1.299194574356079
playgroundai_playground-v2.5-1024px-aesthetic,52516409,-0.8908876180648804
playgroundai_playground-v2.5-1024px-aesthetic,52711595,-0.08297460526227951
playgroundai_playground-v2.5-1024px-aesthetic,53022028,-0.12632550299167633
playgroundai_playground-v2.5-1024px-aesthetic,53205877,-1.2579879760742188
playgroundai_playground-v2.5-1024px-aesthetic,53288018,-0.7827858328819275
playgroundai_playground-v2.5-1024px-aesthetic,53443611,1.6990665197372437
playgroundai_playground-v2.5-1024px-aesthetic,53815934,-0.2754700183868408
playgroundai_playground-v2.5-1024px-aesthetic,54495173,0.3952123820781708
playgroundai_playground-v2.5-1024px-aesthetic,54931507,-0.42712071537971497
playgroundai_playground-v2.5-1024px-aesthetic,55191509,0.7642588019371033
playgroundai_playground-v2.5-1024px-aesthetic,55255145,0.6294231414794922
playgroundai_playground-v2.5-1024px-aesthetic,55457672,0.15645146369934082
playgroundai_playground-v2.5-1024px-aesthetic,55588327,-0.46832817792892456
playgroundai_playground-v2.5-1024px-aesthetic,55653646,0.6096423864364624
playgroundai_playground-v2.5-1024px-aesthetic,55658809,-1.0593621730804443
playgroundai_playground-v2.5-1024px-aesthetic,55812974,0.2155500054359436
playgroundai_playground-v2.5-1024px-aesthetic,55819553,-0.7331505417823792
playgroundai_playground-v2.5-1024px-aesthetic,55826966,0.4027269184589386
playgroundai_playground-v2.5-1024px-aesthetic,55983905,1.0739420652389526
playgroundai_playground-v2.5-1024px-aesthetic,56074056,0.11595645546913147
playgroundai_playground-v2.5-1024px-aesthetic,56112588,-0.02444804646074772
playgroundai_playground-v2.5-1024px-aesthetic,56121520,0.9042616486549377
playgroundai_playground-v2.5-1024px-aesthetic,56250900,1.069949984550476
playgroundai_playground-v2.5-1024px-aesthetic,56458800,1.460000991821289
playgroundai_playground-v2.5-1024px-aesthetic,56792430,0.8412665724754333
playgroundai_playground-v2.5-1024px-aesthetic,56982260,-0.07720492035150528
playgroundai_playground-v2.5-1024px-aesthetic,57673976,-0.6694141030311584
playgroundai_playground-v2.5-1024px-aesthetic,57716963,0.8835552334785461
playgroundai_playground-v2.5-1024px-aesthetic,57729980,-0.7706276774406433
playgroundai_playground-v2.5-1024px-aesthetic,57785005,0.6313796639442444
playgroundai_playground-v2.5-1024px-aesthetic,57873614,0.6199501156806946
playgroundai_playground-v2.5-1024px-aesthetic,58727024,0.2332025021314621
playgroundai_playground-v2.5-1024px-aesthetic,58761464,0.2971543073654175
playgroundai_playground-v2.5-1024px-aesthetic,59399259,0.2766849398612976
playgroundai_playground-v2.5-1024px-aesthetic,59976859,-0.17092710733413696
playgroundai_playground-v2.5-1024px-aesthetic,60083345,0.801009476184845
playgroundai_playground-v2.5-1024px-aesthetic,60214770,0.45608991384506226
playgroundai_playground-v2.5-1024px-aesthetic,60215376,0.07157789915800095
playgroundai_playground-v2.5-1024px-aesthetic,60375309,0.12969240546226501
playgroundai_playground-v2.5-1024px-aesthetic,60606896,0.24174998700618744
playgroundai_playground-v2.5-1024px-aesthetic,60668084,1.1516315937042236
playgroundai_playground-v2.5-1024px-aesthetic,61035709,-0.5321255326271057
playgroundai_playground-v2.5-1024px-aesthetic,61388266,0.9987148642539978
playgroundai_playground-v2.5-1024px-aesthetic,61627313,1.060426950454712
playgroundai_playground-v2.5-1024px-aesthetic,61635816,0.6622302532196045
playgroundai_playground-v2.5-1024px-aesthetic,61853324,1.4952802658081055
playgroundai_playground-v2.5-1024px-aesthetic,62408818,0.5842111110687256
playgroundai_playground-v2.5-1024px-aesthetic,62841330,0.7433804869651794
playgroundai_playground-v2.5-1024px-aesthetic,63015570,0.8624811768531799
playgroundai_playground-v2.5-1024px-aesthetic,63336441,0.550449550151825
playgroundai_playground-v2.5-1024px-aesthetic,63633117,0.5082887411117554
playgroundai_playground-v2.5-1024px-aesthetic,64576544,-0.33708590269088745
playgroundai_playground-v2.5-1024px-aesthetic,64687077,0.20706340670585632
playgroundai_playground-v2.5-1024px-aesthetic,64693533,1.7445719242095947
playgroundai_playground-v2.5-1024px-aesthetic,64856142,1.3861689567565918
playgroundai_playground-v2.5-1024px-aesthetic,65411270,-0.19339081645011902
playgroundai_playground-v2.5-1024px-aesthetic,65557844,0.5489506721496582
playgroundai_playground-v2.5-1024px-aesthetic,65824677,0.5019146800041199
playgroundai_playground-v2.5-1024px-aesthetic,65890875,0.5544789433479309
playgroundai_playground-v2.5-1024px-aesthetic,65960228,1.4270210266113281
playgroundai_playground-v2.5-1024px-aesthetic,66668538,0.836628258228302
playgroundai_playground-v2.5-1024px-aesthetic,67344811,0.9809150099754333
playgroundai_playground-v2.5-1024px-aesthetic,67949798,0.648715078830719
playgroundai_playground-v2.5-1024px-aesthetic,68246844,0.864212155342102
playgroundai_playground-v2.5-1024px-aesthetic,68280322,-0.37721508741378784
playgroundai_playground-v2.5-1024px-aesthetic,68321683,0.6058757901191711
playgroundai_playground-v2.5-1024px-aesthetic,68380669,0.5993475317955017
playgroundai_playground-v2.5-1024px-aesthetic,68575085,1.6150151491165161
playgroundai_playground-v2.5-1024px-aesthetic,70380966,0.8075240254402161
playgroundai_playground-v2.5-1024px-aesthetic,70494671,0.3062491714954376
playgroundai_playground-v2.5-1024px-aesthetic,71055464,-1.0278959274291992
playgroundai_playground-v2.5-1024px-aesthetic,71591839,-1.0032883882522583
playgroundai_playground-v2.5-1024px-aesthetic,71828875,0.5112832188606262
playgroundai_playground-v2.5-1024px-aesthetic,71910823,0.5892220735549927
playgroundai_playground-v2.5-1024px-aesthetic,71959499,0.9115880131721497
playgroundai_playground-v2.5-1024px-aesthetic,72432241,1.224886178970337
playgroundai_playground-v2.5-1024px-aesthetic,72553814,0.8863915801048279
playgroundai_playground-v2.5-1024px-aesthetic,73051579,1.019720435142517
playgroundai_playground-v2.5-1024px-aesthetic,73600586,0.187661275267601
playgroundai_playground-v2.5-1024px-aesthetic,73616417,0.7383406162261963
playgroundai_playground-v2.5-1024px-aesthetic,73681289,1.372631549835205
playgroundai_playground-v2.5-1024px-aesthetic,73962724,-0.2877769470214844
playgroundai_playground-v2.5-1024px-aesthetic,74175857,0.04004257544875145
playgroundai_playground-v2.5-1024px-aesthetic,75051801,0.033346135169267654
playgroundai_playground-v2.5-1024px-aesthetic,75787772,0.585294783115387
playgroundai_playground-v2.5-1024px-aesthetic,75944980,-0.7221832871437073
playgroundai_playground-v2.5-1024px-aesthetic,75964288,0.6437274813652039
playgroundai_playground-v2.5-1024px-aesthetic,76066166,1.0149160623550415
playgroundai_playground-v2.5-1024px-aesthetic,76100398,1.070579171180725
playgroundai_playground-v2.5-1024px-aesthetic,76425345,0.9340665340423584
playgroundai_playground-v2.5-1024px-aesthetic,77106105,0.6223642230033875
playgroundai_playground-v2.5-1024px-aesthetic,77132310,0.11545128375291824
playgroundai_playground-v2.5-1024px-aesthetic,77232534,-0.9016054272651672
playgroundai_playground-v2.5-1024px-aesthetic,77312726,-0.34260252118110657
playgroundai_playground-v2.5-1024px-aesthetic,77358840,1.4963427782058716
playgroundai_playground-v2.5-1024px-aesthetic,77490593,-0.6174048185348511
playgroundai_playground-v2.5-1024px-aesthetic,77726888,0.2818998694419861
playgroundai_playground-v2.5-1024px-aesthetic,78735978,-0.12043498456478119
playgroundai_playground-v2.5-1024px-aesthetic,79077085,-0.7255074977874756
playgroundai_playground-v2.5-1024px-aesthetic,79212243,0.6549919247627258
playgroundai_playground-v2.5-1024px-aesthetic,79606917,0.18303412199020386
playgroundai_playground-v2.5-1024px-aesthetic,79918827,1.6944670677185059
playgroundai_playground-v2.5-1024px-aesthetic,80289373,0.7889807224273682
playgroundai_playground-v2.5-1024px-aesthetic,80371125,1.517084002494812
playgroundai_playground-v2.5-1024px-aesthetic,80540387,-1.1000086069107056
playgroundai_playground-v2.5-1024px-aesthetic,81135077,0.06397620588541031
playgroundai_playground-v2.5-1024px-aesthetic,81303945,-0.09930669516324997
playgroundai_playground-v2.5-1024px-aesthetic,81435593,0.7966703176498413
playgroundai_playground-v2.5-1024px-aesthetic,82282590,0.8105081915855408
playgroundai_playground-v2.5-1024px-aesthetic,82696415,0.9457632899284363
playgroundai_playground-v2.5-1024px-aesthetic,82916016,-1.681879997253418
playgroundai_playground-v2.5-1024px-aesthetic,83084473,1.8356331586837769
playgroundai_playground-v2.5-1024px-aesthetic,83418847,1.6351330280303955
playgroundai_playground-v2.5-1024px-aesthetic,84089324,-0.7237331867218018
playgroundai_playground-v2.5-1024px-aesthetic,84306831,-0.26111122965812683
playgroundai_playground-v2.5-1024px-aesthetic,84510135,0.4222746193408966
playgroundai_playground-v2.5-1024px-aesthetic,84788890,1.3870383501052856
playgroundai_playground-v2.5-1024px-aesthetic,84985982,0.6049534678459167
playgroundai_playground-v2.5-1024px-aesthetic,85191733,1.5570136308670044
playgroundai_playground-v2.5-1024px-aesthetic,86119145,0.5061826109886169
playgroundai_playground-v2.5-1024px-aesthetic,86340862,-0.32546499371528625
playgroundai_playground-v2.5-1024px-aesthetic,86341828,0.6161627173423767
playgroundai_playground-v2.5-1024px-aesthetic,86537356,0.13343797624111176
playgroundai_playground-v2.5-1024px-aesthetic,86701636,1.5003159046173096
playgroundai_playground-v2.5-1024px-aesthetic,86714939,-0.3478216826915741
playgroundai_playground-v2.5-1024px-aesthetic,87574583,0.5694075226783752
playgroundai_playground-v2.5-1024px-aesthetic,87699711,0.5513012409210205
playgroundai_playground-v2.5-1024px-aesthetic,88016571,0.7655811905860901
playgroundai_playground-v2.5-1024px-aesthetic,88087492,0.7548263669013977
playgroundai_playground-v2.5-1024px-aesthetic,89227603,0.4888397753238678
playgroundai_playground-v2.5-1024px-aesthetic,89539854,0.18207785487174988
playgroundai_playground-v2.5-1024px-aesthetic,89926787,1.3841979503631592
playgroundai_playground-v2.5-1024px-aesthetic,90244932,1.1734660863876343
playgroundai_playground-v2.5-1024px-aesthetic,90493027,0.07919218391180038
playgroundai_playground-v2.5-1024px-aesthetic,90613035,-0.7011426687240601
playgroundai_playground-v2.5-1024px-aesthetic,91368797,1.4444128274917603
playgroundai_playground-v2.5-1024px-aesthetic,91784299,0.9115186929702759
playgroundai_playground-v2.5-1024px-aesthetic,91790573,1.486293077468872
playgroundai_playground-v2.5-1024px-aesthetic,91834546,-0.863265335559845
playgroundai_playground-v2.5-1024px-aesthetic,92068094,1.6170222759246826
playgroundai_playground-v2.5-1024px-aesthetic,92311656,0.5429619550704956
playgroundai_playground-v2.5-1024px-aesthetic,92709444,-0.034540705382823944
playgroundai_playground-v2.5-1024px-aesthetic,93114575,1.3279949426651
playgroundai_playground-v2.5-1024px-aesthetic,93256557,0.6655651330947876
playgroundai_playground-v2.5-1024px-aesthetic,93407716,-1.1515295505523682
playgroundai_playground-v2.5-1024px-aesthetic,93436296,0.8178263902664185
playgroundai_playground-v2.5-1024px-aesthetic,93512057,-1.343741774559021
playgroundai_playground-v2.5-1024px-aesthetic,94006560,-0.6182761788368225
playgroundai_playground-v2.5-1024px-aesthetic,94321535,0.6386892199516296
playgroundai_playground-v2.5-1024px-aesthetic,94532154,1.1591212749481201
playgroundai_playground-v2.5-1024px-aesthetic,95171107,-0.7226093411445618
playgroundai_playground-v2.5-1024px-aesthetic,95228839,0.5506501793861389
playgroundai_playground-v2.5-1024px-aesthetic,95325441,-0.22787906229496002
playgroundai_playground-v2.5-1024px-aesthetic,95450946,0.9984346628189087
playgroundai_playground-v2.5-1024px-aesthetic,95583911,1.3228206634521484
playgroundai_playground-v2.5-1024px-aesthetic,95718306,0.9695868492126465
playgroundai_playground-v2.5-1024px-aesthetic,95737828,0.13589581847190857
playgroundai_playground-v2.5-1024px-aesthetic,96448597,1.494937539100647
playgroundai_playground-v2.5-1024px-aesthetic,96482065,0.11988018453121185
playgroundai_playground-v2.5-1024px-aesthetic,96521920,0.41391780972480774
playgroundai_playground-v2.5-1024px-aesthetic,96850153,1.5263080596923828
playgroundai_playground-v2.5-1024px-aesthetic,98113191,0.2846807539463043
playgroundai_playground-v2.5-1024px-aesthetic,98195317,0.5251052975654602
playgroundai_playground-v2.5-1024px-aesthetic,98254655,1.481250286102295
playgroundai_playground-v2.5-1024px-aesthetic,98319500,0.3878282904624939
playgroundai_playground-v2.5-1024px-aesthetic,98642787,0.6708968877792358
playgroundai_playground-v2.5-1024px-aesthetic,98646702,0.5026148557662964
playgroundai_playground-v2.5-1024px-aesthetic,98929226,-1.9447630643844604
playgroundai_playground-v2.5-1024px-aesthetic,99178779,0.9700958132743835
playgroundai_playground-v2.5-1024px-aesthetic,99185892,-0.16451531648635864
playgroundai_playground-v2.5-1024px-aesthetic,99211012,0.4636388123035431
playgroundai_playground-v2.5-1024px-aesthetic,99410560,1.1991558074951172
playgroundai_playground-v2.5-1024px-aesthetic,99862294,0.6340676546096802
prompthero_openjourney,138508,-0.10378188639879227
prompthero_openjourney,192051,-1.6452993154525757
prompthero_openjourney,213186,-2.033287286758423
prompthero_openjourney,232386,-1.2839839458465576
prompthero_openjourney,232765,-0.8412814140319824
prompthero_openjourney,258857,-1.0354208946228027
prompthero_openjourney,283090,-0.683917224407196
prompthero_openjourney,285141,-0.5372735261917114
prompthero_openjourney,399030,0.2732306718826294
prompthero_openjourney,440189,-0.9016109704971313
prompthero_openjourney,445169,-1.339180827140808
prompthero_openjourney,486490,-0.4314270317554474
prompthero_openjourney,487072,-0.7267546057701111
prompthero_openjourney,487326,-0.7384120225906372
prompthero_openjourney,489837,-1.6004314422607422
prompthero_openjourney,646833,-0.23466376960277557
prompthero_openjourney,708860,-0.8802720308303833
prompthero_openjourney,717208,0.264797568321228
prompthero_openjourney,717468,0.4850075840950012
prompthero_openjourney,735254,0.009705847129225731
prompthero_openjourney,762478,-0.2407323718070984
prompthero_openjourney,825443,1.1372853517532349
prompthero_openjourney,831919,-0.9477548003196716
prompthero_openjourney,896677,-0.94728684425354
prompthero_openjourney,936620,-0.25437700748443604
prompthero_openjourney,974367,-1.2124873399734497
prompthero_openjourney,993014,-0.7469947934150696
prompthero_openjourney,995855,0.1536421924829483
prompthero_openjourney,1113367,-0.7057347893714905
prompthero_openjourney,1171644,-0.3715534806251526
prompthero_openjourney,1209135,-1.0271408557891846
prompthero_openjourney,1317294,0.10289148986339569
prompthero_openjourney,1317533,-0.6068408489227295
prompthero_openjourney,1321854,1.1604604721069336
prompthero_openjourney,1377758,-0.3372038006782532
prompthero_openjourney,1474832,-0.0242687426507473
prompthero_openjourney,1516071,-1.4131875038146973
prompthero_openjourney,1566705,-0.2696302533149719
prompthero_openjourney,1640855,-0.30449178814888
prompthero_openjourney,1668603,-0.029798069968819618
prompthero_openjourney,1678990,1.3350824117660522
prompthero_openjourney,1699831,1.040013074874878
prompthero_openjourney,1707698,1.4095467329025269
prompthero_openjourney,1727942,0.0805065706372261
prompthero_openjourney,2045760,0.02373233251273632
prompthero_openjourney,2075049,-0.06591267883777618
prompthero_openjourney,2075764,-0.5285860896110535
prompthero_openjourney,2241569,1.2058230638504028
prompthero_openjourney,2720725,-1.2328770160675049
prompthero_openjourney,2721160,-0.868125319480896
prompthero_openjourney,2730265,-0.9788433313369751
prompthero_openjourney,2744395,-1.404133915901184
prompthero_openjourney,2770078,1.67617928981781
prompthero_openjourney,2793684,-1.0062915086746216
prompthero_openjourney,2803666,0.7666728496551514
prompthero_openjourney,2807731,-0.8070225715637207
prompthero_openjourney,2821943,0.7860710024833679
prompthero_openjourney,2824319,-0.6021538376808167
prompthero_openjourney,2825442,-0.08701613545417786
prompthero_openjourney,2852043,0.5427210330963135
prompthero_openjourney,2870293,-1.2965272665023804
prompthero_openjourney,2870880,0.7545012831687927
prompthero_openjourney,2923535,-1.0207775831222534
prompthero_openjourney,2933112,1.0080937147140503
prompthero_openjourney,2963987,0.6970809102058411
prompthero_openjourney,2991302,0.15788784623146057
prompthero_openjourney,3024209,0.1887914091348648
prompthero_openjourney,3035832,-0.027371376752853394
prompthero_openjourney,3049457,-0.4651073217391968
prompthero_openjourney,3107488,0.34054577350616455
prompthero_openjourney,3131388,-0.8558312654495239
prompthero_openjourney,3131669,-0.8028335571289062
prompthero_openjourney,3152830,1.9296472072601318
prompthero_openjourney,3249569,1.251166820526123
prompthero_openjourney,3262349,-0.5655721426010132
prompthero_openjourney,3288500,0.32330793142318726
prompthero_openjourney,3298716,1.444968342781067
prompthero_openjourney,3308246,0.7674525380134583
prompthero_openjourney,3309110,-0.8464129567146301
prompthero_openjourney,3347220,-0.4950278699398041
prompthero_openjourney,3353281,0.015986908227205276
prompthero_openjourney,3366112,-1.1836941242218018
prompthero_openjourney,3411927,0.41304388642311096
prompthero_openjourney,3456665,0.5170917510986328
prompthero_openjourney,3563208,0.02153400145471096
prompthero_openjourney,3580281,-1.8656609058380127
prompthero_openjourney,3603442,1.2573671340942383
prompthero_openjourney,3607029,1.3921867609024048
prompthero_openjourney,3628071,-0.4899541437625885
prompthero_openjourney,3630383,0.6218791007995605
prompthero_openjourney,3676483,0.2931843101978302
prompthero_openjourney,3679712,-0.6917775273323059
prompthero_openjourney,3685307,-0.49728667736053467
prompthero_openjourney,3703463,0.6701689958572388
prompthero_openjourney,3714235,-0.5207333564758301
prompthero_openjourney,3728318,-0.11875857412815094
prompthero_openjourney,3748162,0.4430692195892334
prompthero_openjourney,3764276,1.1147143840789795
prompthero_openjourney,3818090,-1.517543077468872
prompthero_openjourney,3842156,0.5166770815849304
prompthero_openjourney,3880032,-1.0170018672943115
prompthero_openjourney,3889343,0.1263459473848343
prompthero_openjourney,3907654,-0.30497685074806213
prompthero_openjourney,3940713,-0.9036499857902527
prompthero_openjourney,3975232,-0.4383539855480194
prompthero_openjourney,3982060,0.8714219331741333
prompthero_openjourney,3990474,1.2275573015213013
prompthero_openjourney,4010305,-0.9797394871711731
prompthero_openjourney,4025130,-0.01194666139781475
prompthero_openjourney,4062807,1.0865437984466553
prompthero_openjourney,4123448,1.154902696609497
prompthero_openjourney,4125853,0.19328293204307556
prompthero_openjourney,4140340,1.6790621280670166
prompthero_openjourney,4145056,-0.10605121403932571
prompthero_openjourney,4192521,0.12405731528997421
prompthero_openjourney,4259202,0.8084778189659119
prompthero_openjourney,4285773,-0.5649394392967224
prompthero_openjourney,4345028,0.5990447402000427
prompthero_openjourney,4387201,0.9752650260925293
prompthero_openjourney,4416901,0.07110211253166199
prompthero_openjourney,4455579,0.7418519258499146
prompthero_openjourney,4497570,1.7800613641738892
prompthero_openjourney,4534520,-0.8657616376876831
prompthero_openjourney,4539203,0.6121417284011841
prompthero_openjourney,4552551,1.0100716352462769
prompthero_openjourney,4596797,-0.06838183850049973
prompthero_openjourney,4832208,-0.30553293228149414
prompthero_openjourney,4930139,1.4061779975891113
prompthero_openjourney,5008085,-1.4114196300506592
prompthero_openjourney,5219923,-0.5218658447265625
prompthero_openjourney,5316083,-0.28782978653907776
prompthero_openjourney,5350912,-0.791534960269928
prompthero_openjourney,5374860,-1.0469481945037842
prompthero_openjourney,5410315,-0.14494922757148743
prompthero_openjourney,5522784,-1.03429114818573
prompthero_openjourney,5728577,-0.9975417256355286
prompthero_openjourney,5752544,-0.23793043196201324
prompthero_openjourney,5794797,-0.0653529241681099
prompthero_openjourney,5895919,0.5084474086761475
prompthero_openjourney,5958517,-0.6147884726524353
prompthero_openjourney,6189776,0.5991201400756836
prompthero_openjourney,6528587,-1.9478577375411987
prompthero_openjourney,6584891,-0.9782994985580444
prompthero_openjourney,6586355,0.05215103179216385
prompthero_openjourney,6607809,-1.435755729675293
prompthero_openjourney,6615026,0.5935848951339722
prompthero_openjourney,6615458,-0.2202017903327942
prompthero_openjourney,6615818,0.33268019556999207
prompthero_openjourney,6616314,-1.0373938083648682
prompthero_openjourney,6617011,-0.21753177046775818
prompthero_openjourney,6617413,-0.7902918457984924
prompthero_openjourney,6729499,-1.4111547470092773
prompthero_openjourney,6880664,0.04659701883792877
prompthero_openjourney,6883725,0.4163174331188202
prompthero_openjourney,6946774,-0.15773248672485352
prompthero_openjourney,7025268,1.1677597761154175
prompthero_openjourney,7109847,-0.8703261613845825
prompthero_openjourney,7116261,-0.5241316556930542
prompthero_openjourney,7150023,0.21257498860359192
prompthero_openjourney,7163803,0.6754100322723389
prompthero_openjourney,7507098,-1.3830887079238892
prompthero_openjourney,7596684,-0.4008130431175232
prompthero_openjourney,7597365,0.3846299946308136
prompthero_openjourney,7601809,0.32816943526268005
prompthero_openjourney,7605282,1.105922818183899
prompthero_openjourney,7606419,-0.22421342134475708
prompthero_openjourney,7607707,-1.127646803855896
prompthero_openjourney,7608721,0.30486682057380676
prompthero_openjourney,7625977,0.7997556328773499
prompthero_openjourney,7626721,1.3992195129394531
prompthero_openjourney,7626833,1.0303112268447876
prompthero_openjourney,7627310,1.3017678260803223
prompthero_openjourney,7651454,0.9743967652320862
prompthero_openjourney,7654438,0.9781793355941772
prompthero_openjourney,7664468,0.7309709787368774
prompthero_openjourney,7698915,-0.16654248535633087
prompthero_openjourney,7700167,0.3153879940509796
prompthero_openjourney,7700868,0.7487329840660095
prompthero_openjourney,7701244,-0.6825002431869507
prompthero_openjourney,7702193,1.0534741878509521
prompthero_openjourney,7710616,0.3694530725479126
prompthero_openjourney,7834065,-0.9358360171318054
prompthero_openjourney,7854266,-2.241750955581665
prompthero_openjourney,7854455,0.056811388581991196
prompthero_openjourney,7871940,0.5396695137023926
prompthero_openjourney,7891189,0.1555064618587494
prompthero_openjourney,7897116,0.13984337449073792
prompthero_openjourney,7914271,0.7981048226356506
prompthero_openjourney,7922764,-0.4382413923740387
prompthero_openjourney,7929519,-0.34022489190101624
prompthero_openjourney,7933274,-1.5556553602218628
prompthero_openjourney,7933530,-0.853601336479187
prompthero_openjourney,8089797,0.7258144021034241
prompthero_openjourney,8095160,0.5672067999839783
prompthero_openjourney,8124208,-1.2313603162765503
prompthero_openjourney,8339939,0.8223121762275696
prompthero_openjourney,8876291,-0.2776302099227905
prompthero_openjourney,9020389,1.060227632522583
prompthero_openjourney,9044146,-0.9013592004776001
prompthero_openjourney,9057052,-0.9554890394210815
prompthero_openjourney,9427682,-0.2597252428531647
prompthero_openjourney,9580065,0.8434238433837891
prompthero_openjourney,9719434,1.3041177988052368
prompthero_openjourney,9793248,1.2730145454406738
prompthero_openjourney,9794211,-0.6917252540588379
prompthero_openjourney,9862621,0.29003337025642395
prompthero_openjourney,9875188,-1.3748703002929688
prompthero_openjourney,9984659,-1.4899332523345947
prompthero_openjourney,10012874,-1.2718048095703125
prompthero_openjourney,10024569,-0.6551233530044556
prompthero_openjourney,10080493,0.10930265486240387
prompthero_openjourney,10106452,-2.0105254650115967
prompthero_openjourney,10198409,-1.9986733198165894
prompthero_openjourney,10333317,-0.8682804703712463
prompthero_openjourney,10408552,0.6077887415885925
prompthero_openjourney,10444677,-0.13155458867549896
prompthero_openjourney,10453357,0.262283056974411
prompthero_openjourney,10548623,-1.045767068862915
prompthero_openjourney,10572128,-0.32484033703804016
prompthero_openjourney,10794014,-0.6947171688079834
prompthero_openjourney,10939743,0.06427253037691116
prompthero_openjourney,11039909,0.39400359988212585
prompthero_openjourney,11334088,1.1214375495910645
prompthero_openjourney,11417672,0.9338988065719604
prompthero_openjourney,11437577,-0.4293423295021057
prompthero_openjourney,11460338,-0.11665529012680054
prompthero_openjourney,12345739,-0.09695573151111603
prompthero_openjourney,12402348,-0.6434574127197266
prompthero_openjourney,13221529,-0.5600703954696655
prompthero_openjourney,13290566,-0.6858745813369751
prompthero_openjourney,13389475,-0.048985742032527924
prompthero_openjourney,13390139,1.0450031757354736
prompthero_openjourney,13390405,0.601007878780365
prompthero_openjourney,13392786,0.6476007103919983
prompthero_openjourney,13649361,-1.5306010246276855
prompthero_openjourney,13716878,0.501139223575592
prompthero_openjourney,13884740,-0.30243197083473206
prompthero_openjourney,13915305,-0.1785743236541748
prompthero_openjourney,13931145,-0.29789942502975464
prompthero_openjourney,13984082,-1.2478559017181396
prompthero_openjourney,14140678,-1.0692695379257202
prompthero_openjourney,14195315,-0.7900519967079163
prompthero_openjourney,14294568,-1.1572686433792114
prompthero_openjourney,14320813,0.5268502235412598
prompthero_openjourney,14360436,0.6388694047927856
prompthero_openjourney,14488317,-0.7477149963378906
prompthero_openjourney,14533937,-1.5740439891815186
prompthero_openjourney,14550987,0.29394251108169556
prompthero_openjourney,14579933,-2.045112371444702
prompthero_openjourney,14606290,-1.5291868448257446
prompthero_openjourney,14620257,-0.960605800151825
prompthero_openjourney,14632648,-1.9827601909637451
prompthero_openjourney,14647235,-0.5079401135444641
prompthero_openjourney,14654954,0.43283021450042725
prompthero_openjourney,14686352,-0.7538675665855408
prompthero_openjourney,14702875,-2.1396210193634033
prompthero_openjourney,14703190,-0.6706929206848145
prompthero_openjourney,14807929,-0.6495015025138855
prompthero_openjourney,14809057,-1.278281569480896
prompthero_openjourney,14867690,-0.39886313676834106
prompthero_openjourney,14872875,-1.3440505266189575
prompthero_openjourney,14880557,1.6560338735580444
prompthero_openjourney,14894140,-1.6287293434143066
prompthero_openjourney,15180934,-1.3355538845062256
prompthero_openjourney,15970145,-0.4748266041278839
prompthero_openjourney,17002912,-0.04099421203136444
prompthero_openjourney,17012379,1.3551048040390015
prompthero_openjourney,17282800,-0.6326040029525757
prompthero_openjourney,17925539,0.6787071824073792
prompthero_openjourney,18367104,-0.5750489234924316
prompthero_openjourney,18758723,-1.3642055988311768
prompthero_openjourney,19143128,0.4852322041988373
prompthero_openjourney,19671124,-2.148801326751709
prompthero_openjourney,19855707,-1.007311463356018
prompthero_openjourney,19893872,-0.6310473680496216
prompthero_openjourney,20017667,0.15357717871665955
prompthero_openjourney,20128079,-0.35033321380615234
prompthero_openjourney,20471134,-1.5846507549285889
prompthero_openjourney,20495093,0.09501054883003235
prompthero_openjourney,20782430,-0.4337153732776642
prompthero_openjourney,21377549,-1.4150038957595825
prompthero_openjourney,21564446,-1.504300832748413
prompthero_openjourney,21620388,0.33792489767074585
prompthero_openjourney,22149540,-0.5559447407722473
prompthero_openjourney,22738759,-2.1749346256256104
prompthero_openjourney,22767176,0.5584957003593445
prompthero_openjourney,23129661,-1.3184562921524048
prompthero_openjourney,23185551,-1.015980839729309
prompthero_openjourney,23232427,-0.0911366268992424
prompthero_openjourney,23257851,-1.6184911727905273
prompthero_openjourney,23620789,0.2056485265493393
prompthero_openjourney,24808131,-1.0208194255828857
prompthero_openjourney,24843217,-0.1566469818353653
prompthero_openjourney,24933378,0.2767277657985687
prompthero_openjourney,24942232,0.06099532172083855
prompthero_openjourney,25290589,-0.5351949334144592
prompthero_openjourney,25579216,-1.3355069160461426
prompthero_openjourney,25685207,-0.6871201992034912
prompthero_openjourney,25776594,-0.36611369252204895
prompthero_openjourney,26078214,-0.7117878198623657
prompthero_openjourney,26746434,-2.270681858062744
prompthero_openjourney,26998039,-0.6047243475914001
prompthero_openjourney,27106238,-1.0720888376235962
prompthero_openjourney,27246777,-0.7114003300666809
prompthero_openjourney,27768637,-1.7158595323562622
prompthero_openjourney,27871992,-0.6451500058174133
prompthero_openjourney,28190972,-0.30189746618270874
prompthero_openjourney,29094321,-0.9325225949287415
prompthero_openjourney,29148617,-0.31161901354789734
prompthero_openjourney,29161294,-0.9767138361930847
prompthero_openjourney,29632917,0.14052632451057434
prompthero_openjourney,29703209,-0.6534636616706848
prompthero_openjourney,29779486,0.1994199901819229
prompthero_openjourney,30028757,-1.7978479862213135
prompthero_openjourney,30225071,-0.23188701272010803
prompthero_openjourney,30373565,-0.8695130348205566
prompthero_openjourney,30484086,-0.7360754609107971
prompthero_openjourney,30883080,0.23617620766162872
prompthero_openjourney,31114750,-2.0123696327209473
prompthero_openjourney,31196176,-1.5438681840896606
prompthero_openjourney,31391857,0.531786322593689
prompthero_openjourney,31595142,1.1211066246032715
prompthero_openjourney,32152786,-1.091845989227295
prompthero_openjourney,32327818,-0.19144418835639954
prompthero_openjourney,32379732,-0.2567928731441498
prompthero_openjourney,32473966,-0.3706202507019043
prompthero_openjourney,32902730,1.0197081565856934
prompthero_openjourney,32932491,-1.269052505493164
prompthero_openjourney,33006578,-1.253613829612732
prompthero_openjourney,33478721,-1.2433487176895142
prompthero_openjourney,34475997,-0.9771010279655457
prompthero_openjourney,34578737,0.6059128642082214
prompthero_openjourney,34773230,-0.8950618505477905
prompthero_openjourney,36507085,-1.1069658994674683
prompthero_openjourney,36678439,-0.22800028324127197
prompthero_openjourney,37287360,0.22721870243549347
prompthero_openjourney,37319253,-0.2407488375902176
prompthero_openjourney,37547870,0.15756139159202576
prompthero_openjourney,37736408,0.39480382204055786
prompthero_openjourney,38014258,0.32277920842170715
prompthero_openjourney,38297191,0.5976690649986267
prompthero_openjourney,38402744,-1.4177672863006592
prompthero_openjourney,38954086,-0.651395320892334
prompthero_openjourney,39139190,-0.8774465322494507
prompthero_openjourney,39560404,-0.6819623112678528
prompthero_openjourney,39566065,1.8920069932937622
prompthero_openjourney,39595218,1.2461251020431519
prompthero_openjourney,40825299,0.7601791620254517
prompthero_openjourney,40945115,-1.5463643074035645
prompthero_openjourney,40995095,-1.531653881072998
prompthero_openjourney,41015844,-0.8446782231330872
prompthero_openjourney,41031648,-1.4364893436431885
prompthero_openjourney,41161074,-0.8745768666267395
prompthero_openjourney,41458919,-1.0486704111099243
prompthero_openjourney,41565779,1.0644023418426514
prompthero_openjourney,41766391,-0.6523166298866272
prompthero_openjourney,41982710,-0.5271297097206116
prompthero_openjourney,42048260,0.3617996871471405
prompthero_openjourney,42849420,-0.5665026903152466
prompthero_openjourney,42931583,0.21376121044158936
prompthero_openjourney,43060946,-0.8235480785369873
prompthero_openjourney,43153800,-1.6602994203567505
prompthero_openjourney,43161384,0.9342859387397766
prompthero_openjourney,43301379,0.09829138964414597
prompthero_openjourney,43304323,-1.2385306358337402
prompthero_openjourney,43367797,-0.5598234534263611
prompthero_openjourney,43431032,-0.050671420991420746
prompthero_openjourney,43631801,-0.5697764754295349
prompthero_openjourney,43735560,-0.6043267250061035
prompthero_openjourney,43858443,-0.0010128595167770982
prompthero_openjourney,43918624,-1.0611342191696167
prompthero_openjourney,44280552,-1.242017388343811
prompthero_openjourney,44295589,-0.9999905824661255
prompthero_openjourney,44621915,-0.6727570295333862
prompthero_openjourney,44645737,-0.28300735354423523
prompthero_openjourney,44838123,1.3432016372680664
prompthero_openjourney,45258070,-0.281183660030365
prompthero_openjourney,45297641,-1.6319026947021484
prompthero_openjourney,45418454,-0.2598870098590851
prompthero_openjourney,45564900,-1.5765533447265625
prompthero_openjourney,46150029,-1.519425392150879
prompthero_openjourney,46394736,0.1688503921031952
prompthero_openjourney,46673664,-0.16355524957180023
prompthero_openjourney,46994920,-0.18135951459407806
prompthero_openjourney,47009060,-1.4599608182907104
prompthero_openjourney,47552953,0.0007305082399398088
prompthero_openjourney,47595220,-0.7379104495048523
prompthero_openjourney,47819321,-1.197948694229126
prompthero_openjourney,48223384,-0.15275059640407562
prompthero_openjourney,48351897,0.37932705879211426
prompthero_openjourney,48754831,-1.1826790571212769
prompthero_openjourney,49054805,0.5196373462677002
prompthero_openjourney,49089576,-0.8939161896705627
prompthero_openjourney,49300740,-1.791502594947815
prompthero_openjourney,49358811,-0.696356475353241
prompthero_openjourney,49462954,-1.021148681640625
prompthero_openjourney,50262859,0.617506742477417
prompthero_openjourney,50871471,-0.7664944529533386
prompthero_openjourney,50952217,0.05178465321660042
prompthero_openjourney,51060824,-1.542907476425171
prompthero_openjourney,51314050,0.015352555550634861
prompthero_openjourney,51946990,-0.7594761848449707
prompthero_openjourney,52325745,-1.346299648284912
prompthero_openjourney,52474100,-0.3593961000442505
prompthero_openjourney,52516409,-1.0685304403305054
prompthero_openjourney,52711595,-0.4713636636734009
prompthero_openjourney,53022028,-0.05024009197950363
prompthero_openjourney,53205877,-1.1308273077011108
prompthero_openjourney,53288018,-0.7497093677520752
prompthero_openjourney,53443611,1.3857756853103638
prompthero_openjourney,53815934,-0.4428492784500122
prompthero_openjourney,54495173,-0.44690048694610596
prompthero_openjourney,54931507,-1.4316930770874023
prompthero_openjourney,55191509,-1.0710800886154175
prompthero_openjourney,55255145,-0.923727810382843
prompthero_openjourney,55457672,-2.2567026615142822
prompthero_openjourney,55588327,-1.5663485527038574
prompthero_openjourney,55653646,0.11445143073797226
prompthero_openjourney,55658809,-0.5745517611503601
prompthero_openjourney,55812974,-1.532577395439148
prompthero_openjourney,55819553,-1.4582825899124146
prompthero_openjourney,55826966,0.15676729381084442
prompthero_openjourney,55983905,-0.6807238459587097
prompthero_openjourney,56074056,0.06557643413543701
prompthero_openjourney,56112588,-1.0367099046707153
prompthero_openjourney,56121520,-0.5339203476905823
prompthero_openjourney,56250900,0.650103747844696
prompthero_openjourney,56458800,0.08308753371238708
prompthero_openjourney,56792430,-0.8243710994720459
prompthero_openjourney,56982260,-0.21569103002548218
prompthero_openjourney,57673976,-1.7584844827651978
prompthero_openjourney,57716963,-0.05180937796831131
prompthero_openjourney,57729980,-1.6298047304153442
prompthero_openjourney,57785005,0.5947803854942322
prompthero_openjourney,57873614,-0.3368695080280304
prompthero_openjourney,58727024,-0.17520661652088165
prompthero_openjourney,58761464,-1.5997881889343262
prompthero_openjourney,59399259,-0.11965423077344894
prompthero_openjourney,59976859,-1.6306947469711304
prompthero_openjourney,60083345,-0.3433433771133423
prompthero_openjourney,60214770,-0.24103553593158722
prompthero_openjourney,60215376,-1.2119957208633423
prompthero_openjourney,60375309,-0.6793279051780701
prompthero_openjourney,60606896,0.062218889594078064
prompthero_openjourney,60668084,-0.030458437278866768
prompthero_openjourney,61035709,0.08824077993631363
prompthero_openjourney,61388266,-1.1152431964874268
prompthero_openjourney,61627313,-0.466113805770874
prompthero_openjourney,61635816,-0.6744123697280884
prompthero_openjourney,61853324,1.366950511932373
prompthero_openjourney,62408818,0.44224247336387634
prompthero_openjourney,62841330,-0.2351950854063034
prompthero_openjourney,63015570,0.5073024034500122
prompthero_openjourney,63336441,-0.39171111583709717
prompthero_openjourney,63633117,-0.9106916189193726
prompthero_openjourney,64576544,-1.1230223178863525
prompthero_openjourney,64687077,-0.35430803894996643
prompthero_openjourney,64693533,-1.1639302968978882
prompthero_openjourney,64856142,-0.3207381069660187
prompthero_openjourney,65411270,-0.7593981027603149
prompthero_openjourney,65557844,0.08601299673318863
prompthero_openjourney,65824677,-1.9539530277252197
prompthero_openjourney,65890875,0.20097245275974274
prompthero_openjourney,65960228,-0.7622551321983337
prompthero_openjourney,66668538,0.5747621059417725
prompthero_openjourney,67344811,0.35719236731529236
prompthero_openjourney,67949798,0.7737841010093689
prompthero_openjourney,68246844,-0.44736650586128235
prompthero_openjourney,68280322,-1.2268741130828857
prompthero_openjourney,68321683,0.2940971255302429
prompthero_openjourney,68380669,-0.991212010383606
prompthero_openjourney,68575085,-0.05102963000535965
prompthero_openjourney,70380966,-0.29523414373397827
prompthero_openjourney,70494671,-0.9796571135520935
prompthero_openjourney,71055464,0.1020440086722374
prompthero_openjourney,71591839,-1.0941801071166992
prompthero_openjourney,71828875,-0.41178202629089355
prompthero_openjourney,71910823,0.5205233693122864
prompthero_openjourney,71959499,0.7523670792579651
prompthero_openjourney,72432241,0.24069775640964508
prompthero_openjourney,72553814,0.131240576505661
prompthero_openjourney,73051579,-0.12106629461050034
prompthero_openjourney,73600586,-0.7172275185585022
prompthero_openjourney,73616417,-0.014929850585758686
prompthero_openjourney,73681289,0.6737263202667236
prompthero_openjourney,73962724,-1.6475830078125
prompthero_openjourney,74175857,-0.25906699895858765
prompthero_openjourney,75051801,-1.6099216938018799
prompthero_openjourney,75787772,-1.1381179094314575
prompthero_openjourney,75944980,-1.086245059967041
prompthero_openjourney,75964288,-0.7644529342651367
prompthero_openjourney,76066166,-1.3436423540115356
prompthero_openjourney,76100398,-0.14897871017456055
prompthero_openjourney,76425345,-0.647057056427002
prompthero_openjourney,77106105,0.35904908180236816
prompthero_openjourney,77132310,0.22438526153564453
prompthero_openjourney,77232534,-0.08510316163301468
prompthero_openjourney,77312726,-0.6360927820205688
prompthero_openjourney,77358840,0.5107211470603943
prompthero_openjourney,77490593,-1.0862122774124146
prompthero_openjourney,77726888,-1.2422864437103271
prompthero_openjourney,78735978,-0.7765030264854431
prompthero_openjourney,79077085,-1.1706180572509766
prompthero_openjourney,79212243,-0.0838967114686966
prompthero_openjourney,79606917,-1.1871919631958008
prompthero_openjourney,79918827,0.04378778114914894
prompthero_openjourney,80289373,-0.16347168385982513
prompthero_openjourney,80371125,0.6555539965629578
prompthero_openjourney,80540387,-1.147688388824463
prompthero_openjourney,81135077,-0.12344422936439514
prompthero_openjourney,81303945,-1.1079100370407104
prompthero_openjourney,81435593,-0.5699785351753235
prompthero_openjourney,82282590,0.3667868375778198
prompthero_openjourney,82696415,0.38632601499557495
prompthero_openjourney,82916016,-1.8724536895751953
prompthero_openjourney,83084473,1.6473510265350342
prompthero_openjourney,83418847,-0.36030837893486023
prompthero_openjourney,84089324,-0.9835307598114014
prompthero_openjourney,84306831,-0.3410598635673523
prompthero_openjourney,84510135,-0.3714613616466522
prompthero_openjourney,84788890,1.0216052532196045
prompthero_openjourney,84985982,-1.6842104196548462
prompthero_openjourney,85191733,1.5014013051986694
prompthero_openjourney,86119145,0.003561159363016486
prompthero_openjourney,86340862,-1.3751713037490845
prompthero_openjourney,86341828,-0.0315261073410511
prompthero_openjourney,86537356,-0.8826396465301514
prompthero_openjourney,86701636,1.479636311531067
prompthero_openjourney,86714939,-1.5850027799606323
prompthero_openjourney,87574583,0.9755887389183044
prompthero_openjourney,87699711,0.3068373501300812
prompthero_openjourney,88016571,-0.6297529935836792
prompthero_openjourney,88087492,0.8188264966011047
prompthero_openjourney,89227603,-0.8157341480255127
prompthero_openjourney,89539854,-0.43015000224113464
prompthero_openjourney,89926787,1.7483675479888916
prompthero_openjourney,90244932,1.2404472827911377
prompthero_openjourney,90493027,-0.5125489830970764
prompthero_openjourney,90613035,-1.9981141090393066
prompthero_openjourney,91368797,0.35819414258003235
prompthero_openjourney,91784299,0.5567877292633057
prompthero_openjourney,91790573,0.15237821638584137
prompthero_openjourney,91834546,-0.45782047510147095
prompthero_openjourney,92068094,1.1957191228866577
prompthero_openjourney,92311656,0.18458428978919983
prompthero_openjourney,92709444,0.2817402184009552
prompthero_openjourney,93114575,-0.4419359564781189
prompthero_openjourney,93256557,0.1819925755262375
prompthero_openjourney,93407716,0.17406947910785675
prompthero_openjourney,93436296,-0.367336243391037
prompthero_openjourney,93512057,-1.776727318763733
prompthero_openjourney,94006560,-1.5619412660598755
prompthero_openjourney,94321535,0.5655255913734436
prompthero_openjourney,94532154,0.2592494487762451
prompthero_openjourney,95171107,-1.0045316219329834
prompthero_openjourney,95228839,0.08773242682218552
prompthero_openjourney,95325441,-0.6501781344413757
prompthero_openjourney,95450946,0.9809057116508484
prompthero_openjourney,95583911,-1.0005674362182617
prompthero_openjourney,95718306,0.4569675922393799
prompthero_openjourney,95737828,-0.3534984588623047
prompthero_openjourney,96448597,0.8853408098220825
prompthero_openjourney,96482065,-0.6683573722839355
prompthero_openjourney,96521920,-0.473749577999115
prompthero_openjourney,96850153,0.08918274939060211
prompthero_openjourney,98113191,0.2557186782360077
prompthero_openjourney,98195317,0.6699979305267334
prompthero_openjourney,98254655,0.4663766026496887
prompthero_openjourney,98319500,0.2221859246492386
prompthero_openjourney,98642787,-0.10054522752761841
prompthero_openjourney,98646702,-0.11137020587921143
prompthero_openjourney,98929226,-1.931416630744934
prompthero_openjourney,99178779,0.7989838123321533
prompthero_openjourney,99185892,-1.410436749458313
prompthero_openjourney,99211012,0.457813024520874
prompthero_openjourney,99410560,0.6433218121528625
prompthero_openjourney,99862294,-1.1962922811508179
retrieval,138508,-0.2637302875518799
retrieval,192051,-1.36990487575531
retrieval,213186,-0.7037454843521118
retrieval,232386,-1.3280632495880127
retrieval,232765,-2.0604474544525146
retrieval,258857,-0.7954021096229553
retrieval,283090,-0.6530117988586426
retrieval,285141,-1.0942589044570923
retrieval,399030,-0.3244858682155609
retrieval,440189,-1.651203989982605
retrieval,445169,-1.656099796295166
retrieval,486490,-1.8865829706192017
retrieval,487072,-1.088902235031128
retrieval,487326,-1.486762523651123
retrieval,489837,-1.6340304613113403
retrieval,646833,-0.4446712136268616
retrieval,708860,-1.972730040550232
retrieval,717208,0.1353154331445694
retrieval,717468,0.23653095960617065
retrieval,735254,0.31729432940483093
retrieval,762478,-0.19160136580467224
retrieval,825443,-0.24005895853042603
retrieval,831919,-2.2080557346343994
retrieval,936620,-0.15444409847259521
retrieval,974367,-1.8404556512832642
retrieval,993014,-0.1757088154554367
retrieval,1113367,-1.1820026636123657
retrieval,1171644,0.929805338382721
retrieval,1209135,-1.1128640174865723
retrieval,1317294,0.2845195531845093
retrieval,1317533,-1.776701807975769
retrieval,1321854,-0.6711157560348511
retrieval,1377758,-0.06561015546321869
retrieval,1474832,-0.9337060451507568
retrieval,1516071,-0.5473310351371765
retrieval,1566705,-0.16920305788516998
retrieval,1640855,0.10102209448814392
retrieval,1668603,-0.7081356644630432
retrieval,1678990,-0.9006801843643188
retrieval,1699831,0.18895040452480316
retrieval,1707698,-0.7863077521324158
retrieval,1727942,-0.38693803548812866
retrieval,2045760,-1.0190013647079468
retrieval,2075049,-2.1183440685272217
retrieval,2075764,-1.516589879989624
retrieval,2241569,-2.1282567977905273
retrieval,2720725,-1.7452888488769531
retrieval,2721160,-2.0164332389831543
retrieval,2730265,-1.9135767221450806
retrieval,2744395,-1.7013219594955444
retrieval,2770078,0.0024703864473849535
retrieval,2793684,-1.3074251413345337
retrieval,2803666,-0.2871848940849304
retrieval,2807731,-1.325089693069458
retrieval,2821943,-0.09486152231693268
retrieval,2824319,-0.06381507962942123
retrieval,2825442,-1.4438050985336304
retrieval,2852043,-0.712882936000824
retrieval,2870293,-0.8611764907836914
retrieval,2870880,0.20522651076316833
retrieval,2923535,0.7207468748092651
retrieval,2933112,-2.247474431991577
retrieval,2963987,-0.5260847210884094
retrieval,2991302,-1.8910841941833496
retrieval,3024209,-2.078998327255249
retrieval,3035832,0.8074394464492798
retrieval,3049457,-1.2466740608215332
retrieval,3107488,-2.235797882080078
retrieval,3131388,-1.968787670135498
retrieval,3131669,-1.2251853942871094
retrieval,3152830,-1.9057180881500244
retrieval,3249569,0.19814355671405792
retrieval,3262349,1.2958225011825562
retrieval,3288500,-1.3040142059326172
retrieval,3298716,-2.0073153972625732
retrieval,3308246,-0.2974381446838379
retrieval,3309110,-0.4282868206501007
retrieval,3347220,-0.4604005217552185
retrieval,3353281,-2.1792209148406982
retrieval,3366112,0.5673768520355225
retrieval,3411927,-1.707688331604004
retrieval,3456665,0.8996179699897766
retrieval,3563208,-1.8023220300674438
retrieval,3580281,-1.022666335105896
retrieval,3603442,0.2705938220024109
retrieval,3607029,-0.7617456912994385
retrieval,3628071,-0.287984699010849
retrieval,3630383,-1.6168015003204346
retrieval,3676483,-0.8485423922538757
retrieval,3679712,-0.8617208003997803
retrieval,3685307,-1.1201611757278442
retrieval,3703463,-2.2172107696533203
retrieval,3714235,0.6088865399360657
retrieval,3728318,-0.7367218136787415
retrieval,3748162,-1.5776690244674683
retrieval,3764276,-0.5763514041900635
retrieval,3818090,-1.4140957593917847
retrieval,3842156,-1.7830308675765991
retrieval,3880032,-2.2269163131713867
retrieval,3889343,-1.06326425075531
retrieval,3907654,-1.756910800933838
retrieval,3940713,-1.778578281402588
retrieval,3975232,-1.0631599426269531
retrieval,3982060,0.31449925899505615
retrieval,3990474,-2.257352352142334
retrieval,4010305,-2.265906810760498
retrieval,4025130,-1.1685761213302612
retrieval,4062807,-2.269218683242798
retrieval,4123448,0.571416437625885
retrieval,4125853,0.682343602180481
retrieval,4140340,-1.8406991958618164
retrieval,4145056,-0.8439902067184448
retrieval,4192521,-1.7567349672317505
retrieval,4259202,-0.6258764863014221
retrieval,4285773,-0.6032834649085999
retrieval,4345028,0.10686162859201431
retrieval,4387201,0.8901947140693665
retrieval,4416901,-0.24927286803722382
retrieval,4455579,-2.2631454467773438
retrieval,4497570,-0.44785699248313904
retrieval,4534520,0.4193858206272125
retrieval,4539203,0.1743534505367279
retrieval,4552551,-1.8042595386505127
retrieval,4596797,-1.2023619413375854
retrieval,4832208,-1.959153175354004
retrieval,4930139,-1.1222374439239502
retrieval,5008085,-1.396490216255188
retrieval,5219923,-1.966331124305725
retrieval,5316083,-0.5599185228347778
retrieval,5350912,-1.0037105083465576
retrieval,5374860,-0.28609874844551086
retrieval,5410315,-1.970489263534546
retrieval,5522784,-0.5212937593460083
retrieval,5728577,-0.6050077676773071
retrieval,5752544,-0.5044812560081482
retrieval,5794797,-1.768088459968567
retrieval,5895919,-1.4903957843780518
retrieval,5958517,-0.6849854588508606
retrieval,6189776,-1.6780354976654053
retrieval,6528587,-0.5033128261566162
retrieval,6584891,-0.434114933013916
retrieval,6586355,0.31399616599082947
retrieval,6607809,-1.258607029914856
retrieval,6615026,-2.2033307552337646
retrieval,6615458,-1.9354815483093262
retrieval,6615818,-1.434093713760376
retrieval,6616314,0.1028490960597992
retrieval,6617011,0.40739646553993225
retrieval,6617413,-1.150739312171936
retrieval,6729499,-1.012035846710205
retrieval,6880664,0.055887818336486816
retrieval,6883725,-0.059754278510808945
retrieval,6946774,0.21845698356628418
retrieval,7025268,0.024798749014735222
retrieval,7109847,-1.3367606401443481
retrieval,7116261,0.7603772878646851
retrieval,7150023,0.0007589453016407788
retrieval,7163803,-1.2738808393478394
retrieval,7507098,-1.5883684158325195
retrieval,7596684,-0.7290908694267273
retrieval,7601809,-0.3801659643650055
retrieval,7605282,-2.1364212036132812
retrieval,7606419,-1.1128054857254028
retrieval,7607707,-2.2160637378692627
retrieval,7608721,-1.0418375730514526
retrieval,7625977,0.6728042960166931
retrieval,7626721,0.4414712190628052
retrieval,7626833,-2.27840518951416
retrieval,7627310,0.2536996006965637
retrieval,7651454,-0.6944167017936707
retrieval,7654438,0.7448232173919678
retrieval,7664468,-2.1671884059906006
retrieval,7698915,-0.002882102970033884
retrieval,7700167,0.8216460943222046
retrieval,7700868,0.7677987813949585
retrieval,7701244,1.1435439586639404
retrieval,7702193,0.793881356716156
retrieval,7710616,-0.5969350337982178
retrieval,7834065,-0.34496939182281494
retrieval,7854266,-2.2502026557922363
retrieval,7854455,-0.0903855487704277
retrieval,7871940,0.8126146197319031
retrieval,7891189,0.07374851405620575
retrieval,7897116,-0.347066730260849
retrieval,7914271,-0.18540537357330322
retrieval,7922764,-0.5356757044792175
retrieval,7929519,0.2233775109052658
retrieval,7933274,0.8351128697395325
retrieval,7933530,0.5632379651069641
retrieval,8089797,-1.6038448810577393
retrieval,8095160,-1.0047857761383057
retrieval,8124208,-1.166811227798462
retrieval,8339939,-1.853058099746704
retrieval,8876291,-2.173593759536743
retrieval,9020389,0.6502998471260071
retrieval,9044146,-0.6940672397613525
retrieval,9057052,-0.9207607507705688
retrieval,9427682,-1.1440030336380005
retrieval,9580065,0.11051045358181
retrieval,9719434,-1.9333597421646118
retrieval,9793248,-0.1945529729127884
retrieval,9794211,-2.2025904655456543
retrieval,9862621,-0.7555932998657227
retrieval,9875188,-1.7635353803634644
retrieval,9984659,-1.140967607498169
retrieval,10012874,-0.8237229585647583
retrieval,10024569,-1.1285920143127441
retrieval,10080493,0.03921118378639221
retrieval,10106452,0.5125538110733032
retrieval,10198409,-0.2040605992078781
retrieval,10333317,-1.0160070657730103
retrieval,10408552,-0.5976249575614929
retrieval,10444677,-0.13272549211978912
retrieval,10453357,-1.1431572437286377
retrieval,10548623,-1.596301794052124
retrieval,10572128,-0.4646090567111969
retrieval,10794014,0.9469255805015564
retrieval,10939743,0.4455803334712982
retrieval,11039909,0.08525209128856659
retrieval,11334088,0.30897000432014465
retrieval,11417672,0.3368063271045685
retrieval,11437577,-1.452445387840271
retrieval,11460338,-0.7760044932365417
retrieval,12345739,-0.6980324983596802
retrieval,12402348,0.061191435903310776
retrieval,13221529,-0.4445866048336029
retrieval,13290566,-2.128589153289795
retrieval,13389475,0.25532788038253784
retrieval,13390139,-2.2654592990875244
retrieval,13390405,-0.4154660105705261
retrieval,13392786,0.44164493680000305
retrieval,13649361,-1.7511355876922607
retrieval,13716878,-1.5917432308197021
retrieval,13884740,0.17922203242778778
retrieval,13931145,-0.779419481754303
retrieval,13984082,-1.923603892326355
retrieval,14140678,-1.6043034791946411
retrieval,14195315,-0.8239426016807556
retrieval,14294568,-1.5488860607147217
retrieval,14320813,-1.6813441514968872
retrieval,14360436,-0.3661123216152191
retrieval,14488317,-1.67744779586792
retrieval,14533937,-0.6203259229660034
retrieval,14550987,-0.8052332401275635
retrieval,14579933,-1.9449729919433594
retrieval,14606290,-1.3634775876998901
retrieval,14620257,-1.9792309999465942
retrieval,14632648,-1.5616896152496338
retrieval,14647235,-1.683558464050293
retrieval,14654954,-0.5204156041145325
retrieval,14686352,-0.6976673603057861
retrieval,14702875,-1.0388009548187256
retrieval,14703190,-1.0397913455963135
retrieval,14807929,-1.3825417757034302
retrieval,14809057,-0.8547084331512451
retrieval,14867690,-0.7044079303741455
retrieval,14872875,-1.2600537538528442
retrieval,14880557,-1.3915226459503174
retrieval,14894140,-0.7200862765312195
retrieval,15180934,-1.2571498155593872
retrieval,15970145,-1.550549864768982
retrieval,17002912,-1.2142574787139893
retrieval,17012379,0.9492581486701965
retrieval,17282800,0.06317199021577835
retrieval,17925539,-0.7964814901351929
retrieval,18367104,-1.923620343208313
retrieval,18758723,-1.834057331085205
retrieval,19671124,-2.166425943374634
retrieval,19855707,-1.4714899063110352
retrieval,19893872,-1.2994524240493774
retrieval,20017667,-0.1962180882692337
retrieval,20128079,-0.7228912711143494
retrieval,20471134,-1.2279006242752075
retrieval,20495093,-0.8672879934310913
retrieval,20782430,-0.32811832427978516
retrieval,21377549,-1.48711359500885
retrieval,21564446,-0.7706119418144226
retrieval,21620388,-1.586940884590149
retrieval,22149540,-2.122619390487671
retrieval,22738759,-2.0707647800445557
retrieval,22767176,-1.3423137664794922
retrieval,23129661,-1.6790187358856201
retrieval,23185551,0.05485142394900322
retrieval,23232427,0.1454026699066162
retrieval,23257851,-0.2856535017490387
retrieval,23620789,-1.211337685585022
retrieval,24808131,-0.35157573223114014
retrieval,24843217,-1.5687530040740967
retrieval,24933378,-1.1431572437286377
retrieval,24942232,-1.239196538925171
retrieval,25290589,-1.6146936416625977
retrieval,25579216,-0.7227833867073059
retrieval,25685207,-0.4479256570339203
retrieval,25776594,0.003996856976300478
retrieval,26078214,0.16971616446971893
retrieval,26746434,-2.236821174621582
retrieval,26998039,-0.9581794142723083
retrieval,27106238,-0.966486930847168
retrieval,27246777,-0.8684066534042358
retrieval,27768637,-0.21854420006275177
retrieval,27871992,-0.6024991273880005
retrieval,28190972,-1.8940868377685547
retrieval,29094321,-1.0588747262954712
retrieval,29148617,-2.1035029888153076
retrieval,29161294,-0.20337486267089844
retrieval,29632917,-0.7290908694267273
retrieval,29703209,-0.914634644985199
retrieval,29779486,-1.5431158542633057
retrieval,30028757,-1.6795971393585205
retrieval,30225071,0.8610550165176392
retrieval,30373565,-1.5474703311920166
retrieval,30484086,-0.14488235116004944
retrieval,30883080,-0.8795201182365417
retrieval,31114750,-1.410254716873169
retrieval,31196176,-2.253688097000122
retrieval,31391857,-2.1274197101593018
retrieval,31595142,0.7511691451072693
retrieval,32152786,-1.6625549793243408
retrieval,32327818,-1.1405150890350342
retrieval,32379732,-0.9014524221420288
retrieval,32473966,-0.23283475637435913
retrieval,32902730,-0.20901112258434296
retrieval,32932491,-1.3304100036621094
retrieval,33006578,-1.1090396642684937
retrieval,33478721,-2.092759370803833
retrieval,34475997,-0.4445866048336029
retrieval,34578737,-1.0421419143676758
retrieval,34773230,-0.6645184755325317
retrieval,36507085,-1.801491141319275
retrieval,36678439,-1.2990137338638306
retrieval,37287360,0.5081266760826111
retrieval,37319253,-0.3734927177429199
retrieval,37547870,-2.2466447353363037
retrieval,37736408,-1.059227705001831
retrieval,38014258,-1.1041854619979858
retrieval,38297191,-1.8766615390777588
retrieval,38402744,-1.152395486831665
retrieval,38954086,-0.9405043721199036
retrieval,39139190,-1.2641550302505493
retrieval,39566065,0.33287954330444336
retrieval,39595218,1.3160959482192993
retrieval,40825299,-0.3661123216152191
retrieval,40945115,-2.0661208629608154
retrieval,40995095,-0.18332867324352264
retrieval,41015844,-0.5363167524337769
retrieval,41031648,-1.9377076625823975
retrieval,41161074,-0.29911360144615173
retrieval,41458919,-0.1757088154554367
retrieval,41565779,0.09404642879962921
retrieval,41766391,-0.2371276468038559
retrieval,41982710,0.047173891216516495
retrieval,42048260,-1.0857043266296387
retrieval,42849420,-1.288464903831482
retrieval,42931583,-1.6907386779785156
retrieval,43060946,0.10005399584770203
retrieval,43153800,-1.3655728101730347
retrieval,43161384,-1.1272302865982056
retrieval,43301379,-1.5384266376495361
retrieval,43304323,-2.214500904083252
retrieval,43367797,-0.45450112223625183
retrieval,43431032,-1.2615721225738525
retrieval,43631801,-0.14821083843708038
retrieval,43735560,-0.9107027053833008
retrieval,43858443,0.2905547320842743
retrieval,43918624,-1.5978753566741943
retrieval,44280552,-1.5193222761154175
retrieval,44295589,-0.1709624081850052
retrieval,44621915,-2.0488922595977783
retrieval,44645737,-0.08265817165374756
retrieval,44838123,0.3786115050315857
retrieval,45258070,-0.6279740929603577
retrieval,45297641,-1.4843862056732178
retrieval,45418454,-2.092759370803833
retrieval,45564900,-2.0231685638427734
retrieval,46150029,-1.1421507596969604
retrieval,46394736,-0.6471783518791199
retrieval,46673664,0.34628456830978394
retrieval,46994920,-0.4290035367012024
retrieval,47552953,-0.6360450983047485
retrieval,47595220,-0.27123746275901794
retrieval,47819321,-1.801491141319275
retrieval,48223384,-0.9368972182273865
retrieval,48351897,0.37211835384368896
retrieval,48754831,-0.058426737785339355
retrieval,49089576,1.0083359479904175
retrieval,49300740,-0.18090017139911652
retrieval,49358811,-2.2113895416259766
retrieval,49462954,-1.4572700262069702
retrieval,50262859,0.21011008322238922
retrieval,50871471,-0.6627759337425232
retrieval,50952217,-1.2402070760726929
retrieval,51060824,-1.807543158531189
retrieval,51314050,-0.31573501229286194
retrieval,51946990,0.04993627592921257
retrieval,52325745,-2.233668565750122
retrieval,52474100,-1.0606584548950195
retrieval,52516409,-0.60655677318573
retrieval,52711595,-0.9207658171653748
retrieval,53022028,-1.049788236618042
retrieval,53288018,-0.7729038596153259
retrieval,53443611,1.134838581085205
retrieval,53815934,-0.5138726234436035
retrieval,54495173,-1.1259862184524536
retrieval,54931507,-1.681256651878357
retrieval,55191509,-1.3367606401443481
retrieval,55255145,-0.7883751392364502
retrieval,55457672,0.013925427570939064
retrieval,55588327,-1.169681429862976
retrieval,55658809,-0.9948719143867493
retrieval,55812974,-1.1323819160461426
retrieval,55819553,-1.4866236448287964
retrieval,55826966,-1.8498036861419678
retrieval,55983905,-0.9002846479415894
retrieval,56074056,-0.5629462003707886
retrieval,56112588,-2.1360909938812256
retrieval,56121520,-1.2402070760726929
retrieval,56250900,0.6690018773078918
retrieval,56458800,0.40952444076538086
retrieval,56792430,-1.7777972221374512
retrieval,56982260,-2.0231635570526123
retrieval,57673976,-1.144397497177124
retrieval,57716963,-0.901268482208252
retrieval,57785005,-0.5139663815498352
retrieval,57873614,0.2757844626903534
retrieval,58727024,-2.1880011558532715
retrieval,58761464,-0.19266481697559357
retrieval,59399259,-1.242660403251648
retrieval,59976859,-0.6627759337425232
retrieval,60083345,0.5462539792060852
retrieval,60214770,-1.6562745571136475
retrieval,60215376,-1.8943623304367065
retrieval,60375309,-1.217629313468933
retrieval,60606896,-0.7553431987762451
retrieval,60668084,-1.452122449874878
retrieval,61035709,-1.265275001525879
retrieval,61388266,-1.3095195293426514
retrieval,61627313,-0.4599176049232483
retrieval,61635816,-1.4096430540084839
retrieval,61853324,0.32142600417137146
retrieval,62841330,-0.36017492413520813
retrieval,63336441,-0.5072216391563416
retrieval,63633117,-0.04326176270842552
retrieval,64576544,-0.5405358076095581
retrieval,64687077,-1.1774559020996094
retrieval,64693533,-0.6857754588127136
retrieval,64856142,-0.5527058839797974
retrieval,65411270,-0.5138726234436035
retrieval,65557844,-0.14388421177864075
retrieval,65824677,-0.38355308771133423
retrieval,65890875,-2.2415120601654053
retrieval,65960228,0.9542431831359863
retrieval,66668538,-0.5969350337982178
retrieval,67344811,-0.5139663815498352
retrieval,67949798,-1.0612788200378418
retrieval,68246844,-1.46531081199646
retrieval,68280322,-1.2186051607131958
retrieval,68321683,-1.848825216293335
retrieval,68380669,-1.894970417022705
retrieval,68575085,-0.24714139103889465
retrieval,71055464,-1.6820769309997559
retrieval,71591839,-1.6608878374099731
retrieval,71828875,-1.3462929725646973
retrieval,71910823,-0.7078197002410889
retrieval,71959499,-0.8837291598320007
retrieval,72432241,-0.2371276468038559
retrieval,72553814,-2.0465140342712402
retrieval,73051579,-0.8775746822357178
retrieval,73600586,-1.6815885305404663
retrieval,73616417,-2.062265157699585
retrieval,73681289,0.12363024055957794
retrieval,73962724,-0.5678340196609497
retrieval,74175857,-0.5392002463340759
retrieval,75051801,-0.30103054642677307
retrieval,75787772,-0.3993728458881378
retrieval,75944980,-0.5785592198371887
retrieval,75964288,-1.3959994316101074
retrieval,76066166,-1.4175962209701538
retrieval,76100398,-0.9905315041542053
retrieval,76425345,-1.5181665420532227
retrieval,77106105,-1.1638294458389282
retrieval,77132310,-0.7122560143470764
retrieval,77232534,-0.7649592757225037
retrieval,77312726,-0.319213330745697
retrieval,77358840,-1.590644121170044
retrieval,77490593,-1.2742737531661987
retrieval,77726888,0.025744380429387093
retrieval,78735978,-0.39827802777290344
retrieval,79077085,-1.0445730686187744
retrieval,79212243,-0.032968103885650635
retrieval,79606917,0.2890702784061432
retrieval,79918827,0.11830051988363266
retrieval,80289373,0.3867073059082031
retrieval,80371125,-1.4197593927383423
retrieval,80540387,-1.3053652048110962
retrieval,81303945,-0.850512683391571
retrieval,81435593,-0.47191205620765686
retrieval,82282590,-0.43614068627357483
retrieval,82696415,-1.2056714296340942
retrieval,82916016,-1.6565425395965576
retrieval,83084473,1.4232021570205688
retrieval,83418847,-1.6019842624664307
retrieval,84089324,-0.5702614784240723
retrieval,84306831,-1.042564034461975
retrieval,84510135,-1.0217604637145996
retrieval,84788890,-0.7688665986061096
retrieval,84985982,-1.6910074949264526
retrieval,85191733,0.8362177014350891
retrieval,86340862,-1.5184948444366455
retrieval,86341828,0.1023138090968132
retrieval,86537356,-0.29911360144615173
retrieval,86701636,-2.257352352142334
retrieval,86714939,-1.0802209377288818
retrieval,87574583,-1.790544867515564
retrieval,87699711,-1.6633896827697754
retrieval,88016571,-1.664764642715454
retrieval,88087492,-0.4604005217552185
retrieval,89227603,-0.7775619029998779
retrieval,89539854,-2.21982479095459
retrieval,89926787,-1.691368818283081
retrieval,90244932,-0.009790264070034027
retrieval,90493027,0.35873836278915405
retrieval,90613035,-1.729663372039795
retrieval,91784299,-1.5776690244674683
retrieval,91790573,-0.1839693933725357
retrieval,91834546,-1.4714899063110352
retrieval,92068094,0.874449610710144
retrieval,92311656,-1.488958477973938
retrieval,92709444,-0.32298514246940613
retrieval,93114575,0.033104248344898224
retrieval,93256557,-2.273249864578247
retrieval,93407716,-1.2861748933792114
retrieval,93512057,-2.014005422592163
retrieval,94006560,-1.2810968160629272
retrieval,94321535,-0.2897094488143921
retrieval,94532154,1.3943846225738525
retrieval,95171107,-1.4923796653747559
retrieval,95228839,-1.653447151184082
retrieval,95325441,-2.1319406032562256
retrieval,95450946,-0.7664182782173157
retrieval,95583911,0.7603772878646851
retrieval,95718306,-0.8837291598320007
retrieval,95737828,-1.8192033767700195
retrieval,96448597,-0.3661123216152191
retrieval,96482065,-1.6928575038909912
retrieval,96521920,-0.9316563606262207
retrieval,96850153,0.9187339544296265
retrieval,98113191,-1.0669599771499634
retrieval,98195317,0.8624369502067566
retrieval,98254655,-0.20901112258434296
retrieval,98319500,-0.4294676184654236
retrieval,98642787,0.3502598702907562
retrieval,98646702,-1.1650878190994263
retrieval,98929226,-2.1922144889831543
retrieval,99178779,-0.0648687556385994
retrieval,99185892,-1.5818449258804321
retrieval,99211012,-0.41710150241851807
retrieval,99410560,-0.8223007321357727
retrieval,99862294,-0.7666926980018616
runwayml_stable-diffusion-v1-5,138508,0.07037213444709778
runwayml_stable-diffusion-v1-5,192051,-1.3315186500549316
runwayml_stable-diffusion-v1-5,213186,-0.7160823345184326
runwayml_stable-diffusion-v1-5,232386,-1.4501622915267944
runwayml_stable-diffusion-v1-5,232765,-0.7934088110923767
runwayml_stable-diffusion-v1-5,258857,-1.3115109205245972
runwayml_stable-diffusion-v1-5,283090,-0.46424105763435364
runwayml_stable-diffusion-v1-5,285141,-0.3275558352470398
runwayml_stable-diffusion-v1-5,399030,-0.6016589403152466
runwayml_stable-diffusion-v1-5,440189,-1.7321118116378784
runwayml_stable-diffusion-v1-5,445169,-2.037651777267456
runwayml_stable-diffusion-v1-5,486490,0.13326957821846008
runwayml_stable-diffusion-v1-5,487072,-0.5962939858436584
runwayml_stable-diffusion-v1-5,487326,-0.07688605040311813
runwayml_stable-diffusion-v1-5,489837,-0.8303142189979553
runwayml_stable-diffusion-v1-5,646833,-0.7848469614982605
runwayml_stable-diffusion-v1-5,708860,-1.0442249774932861
runwayml_stable-diffusion-v1-5,717208,0.1498013436794281
runwayml_stable-diffusion-v1-5,717468,1.5525585412979126
runwayml_stable-diffusion-v1-5,735254,-0.9068756699562073
runwayml_stable-diffusion-v1-5,762478,-0.5336180925369263
runwayml_stable-diffusion-v1-5,825443,0.5692949891090393
runwayml_stable-diffusion-v1-5,831919,-0.6632604598999023
runwayml_stable-diffusion-v1-5,896677,-1.317582607269287
runwayml_stable-diffusion-v1-5,936620,-1.0144973993301392
runwayml_stable-diffusion-v1-5,974367,-1.2398625612258911
runwayml_stable-diffusion-v1-5,993014,-0.5796725749969482
runwayml_stable-diffusion-v1-5,995855,-0.13841651380062103
runwayml_stable-diffusion-v1-5,1113367,-0.8791332244873047
runwayml_stable-diffusion-v1-5,1171644,-0.3081936240196228
runwayml_stable-diffusion-v1-5,1209135,-1.556234359741211
runwayml_stable-diffusion-v1-5,1317294,-0.20545215904712677
runwayml_stable-diffusion-v1-5,1317533,-1.0258309841156006
runwayml_stable-diffusion-v1-5,1321854,1.1829029321670532
runwayml_stable-diffusion-v1-5,1377758,0.7331619262695312
runwayml_stable-diffusion-v1-5,1474832,-0.7054814100265503
runwayml_stable-diffusion-v1-5,1516071,-1.1034454107284546
runwayml_stable-diffusion-v1-5,1566705,-0.6655093431472778
runwayml_stable-diffusion-v1-5,1640855,-1.247646689414978
runwayml_stable-diffusion-v1-5,1668603,-0.6192310452461243
runwayml_stable-diffusion-v1-5,1678990,0.6573393940925598
runwayml_stable-diffusion-v1-5,1699831,0.7813645005226135
runwayml_stable-diffusion-v1-5,1707698,1.3178377151489258
runwayml_stable-diffusion-v1-5,1727942,-0.4592941403388977
runwayml_stable-diffusion-v1-5,2045760,-0.9438968300819397
runwayml_stable-diffusion-v1-5,2075049,-1.065700888633728
runwayml_stable-diffusion-v1-5,2075764,-0.6927574276924133
runwayml_stable-diffusion-v1-5,2241569,0.8317321538925171
runwayml_stable-diffusion-v1-5,2720725,-1.707525610923767
runwayml_stable-diffusion-v1-5,2721160,-0.707412600517273
runwayml_stable-diffusion-v1-5,2730265,-0.9944946765899658
runwayml_stable-diffusion-v1-5,2744395,-1.7578715085983276
runwayml_stable-diffusion-v1-5,2770078,1.5313091278076172
runwayml_stable-diffusion-v1-5,2793684,-1.2753647565841675
runwayml_stable-diffusion-v1-5,2803666,0.9108097553253174
runwayml_stable-diffusion-v1-5,2807731,-0.8638070821762085
runwayml_stable-diffusion-v1-5,2821943,0.8110712766647339
runwayml_stable-diffusion-v1-5,2824319,-0.5345281958580017
runwayml_stable-diffusion-v1-5,2825442,1.2111260890960693
runwayml_stable-diffusion-v1-5,2852043,0.4583045542240143
runwayml_stable-diffusion-v1-5,2870293,-1.5048028230667114
runwayml_stable-diffusion-v1-5,2870880,0.44931527972221375
runwayml_stable-diffusion-v1-5,2923535,0.5618104338645935
runwayml_stable-diffusion-v1-5,2933112,0.6347377896308899
runwayml_stable-diffusion-v1-5,2963987,1.1213634014129639
runwayml_stable-diffusion-v1-5,2991302,0.09128241240978241
runwayml_stable-diffusion-v1-5,3024209,0.3645850718021393
runwayml_stable-diffusion-v1-5,3035832,-0.06750357151031494
runwayml_stable-diffusion-v1-5,3049457,-0.4833122491836548
runwayml_stable-diffusion-v1-5,3107488,0.5899072289466858
runwayml_stable-diffusion-v1-5,3131388,-1.230966567993164
runwayml_stable-diffusion-v1-5,3131669,-0.7570204138755798
runwayml_stable-diffusion-v1-5,3152830,0.9884567856788635
runwayml_stable-diffusion-v1-5,3249569,1.08460533618927
runwayml_stable-diffusion-v1-5,3262349,0.7494164109230042
runwayml_stable-diffusion-v1-5,3288500,-0.7429033517837524
runwayml_stable-diffusion-v1-5,3298716,0.11889152228832245
runwayml_stable-diffusion-v1-5,3308246,0.8527919054031372
runwayml_stable-diffusion-v1-5,3309110,-1.1199827194213867
runwayml_stable-diffusion-v1-5,3347220,-0.01551553513854742
runwayml_stable-diffusion-v1-5,3353281,0.04534455016255379
runwayml_stable-diffusion-v1-5,3366112,-1.9613914489746094
runwayml_stable-diffusion-v1-5,3411927,0.4759419560432434
runwayml_stable-diffusion-v1-5,3456665,-0.6788403391838074
runwayml_stable-diffusion-v1-5,3563208,-1.0472657680511475
runwayml_stable-diffusion-v1-5,3580281,-0.7268703579902649
runwayml_stable-diffusion-v1-5,3603442,0.051893774420022964
runwayml_stable-diffusion-v1-5,3607029,1.18761146068573
runwayml_stable-diffusion-v1-5,3628071,0.7321884632110596
runwayml_stable-diffusion-v1-5,3630383,0.582261860370636
runwayml_stable-diffusion-v1-5,3676483,-1.0669095516204834
runwayml_stable-diffusion-v1-5,3679712,0.1903640627861023
runwayml_stable-diffusion-v1-5,3685307,0.5041720271110535
runwayml_stable-diffusion-v1-5,3703463,0.94282466173172
runwayml_stable-diffusion-v1-5,3714235,1.709895133972168
runwayml_stable-diffusion-v1-5,3728318,-1.2956395149230957
runwayml_stable-diffusion-v1-5,3748162,0.27323010563850403
runwayml_stable-diffusion-v1-5,3764276,0.9086794853210449
runwayml_stable-diffusion-v1-5,3818090,-1.2844555377960205
runwayml_stable-diffusion-v1-5,3842156,0.8226855993270874
runwayml_stable-diffusion-v1-5,3880032,0.8139005899429321
runwayml_stable-diffusion-v1-5,3889343,-0.19892677664756775
runwayml_stable-diffusion-v1-5,3907654,0.23728978633880615
runwayml_stable-diffusion-v1-5,3940713,-1.2063859701156616
runwayml_stable-diffusion-v1-5,3975232,-1.0370370149612427
runwayml_stable-diffusion-v1-5,3982060,0.7116525173187256
runwayml_stable-diffusion-v1-5,3990474,0.56330406665802
runwayml_stable-diffusion-v1-5,4010305,-0.4567972421646118
runwayml_stable-diffusion-v1-5,4025130,-0.6521336436271667
runwayml_stable-diffusion-v1-5,4062807,1.3340693712234497
runwayml_stable-diffusion-v1-5,4123448,0.7130040526390076
runwayml_stable-diffusion-v1-5,4125853,0.36945316195487976
runwayml_stable-diffusion-v1-5,4140340,0.307322233915329
runwayml_stable-diffusion-v1-5,4145056,0.15765073895454407
runwayml_stable-diffusion-v1-5,4192521,0.27263638377189636
runwayml_stable-diffusion-v1-5,4259202,-0.5021149516105652
runwayml_stable-diffusion-v1-5,4285773,-0.6512341499328613
runwayml_stable-diffusion-v1-5,4345028,-0.38277503848075867
runwayml_stable-diffusion-v1-5,4387201,1.5717312097549438
runwayml_stable-diffusion-v1-5,4416901,-0.21740227937698364
runwayml_stable-diffusion-v1-5,4455579,0.8285124897956848
runwayml_stable-diffusion-v1-5,4497570,0.880582332611084
runwayml_stable-diffusion-v1-5,4534520,-1.0728933811187744
runwayml_stable-diffusion-v1-5,4539203,0.43390628695487976
runwayml_stable-diffusion-v1-5,4552551,0.7582123875617981
runwayml_stable-diffusion-v1-5,4596797,0.00425240071490407
runwayml_stable-diffusion-v1-5,4832208,-0.7884470820426941
runwayml_stable-diffusion-v1-5,4930139,1.4718343019485474
runwayml_stable-diffusion-v1-5,5008085,-1.4400759935379028
runwayml_stable-diffusion-v1-5,5219923,-1.8257277011871338
runwayml_stable-diffusion-v1-5,5316083,-1.7681000232696533
runwayml_stable-diffusion-v1-5,5350912,-0.5089893341064453
runwayml_stable-diffusion-v1-5,5374860,0.5372062921524048
runwayml_stable-diffusion-v1-5,5410315,-0.35267919301986694
runwayml_stable-diffusion-v1-5,5522784,-1.607704520225525
runwayml_stable-diffusion-v1-5,5728577,-0.6986528038978577
runwayml_stable-diffusion-v1-5,5752544,-0.707020103931427
runwayml_stable-diffusion-v1-5,5794797,-0.20807938277721405
runwayml_stable-diffusion-v1-5,5895919,0.02471352554857731
runwayml_stable-diffusion-v1-5,5958517,-1.51247239112854
runwayml_stable-diffusion-v1-5,6189776,0.9341502785682678
runwayml_stable-diffusion-v1-5,6528587,-1.1601653099060059
runwayml_stable-diffusion-v1-5,6584891,0.25685974955558777
runwayml_stable-diffusion-v1-5,6586355,0.022585507482290268
runwayml_stable-diffusion-v1-5,6607809,-1.060811996459961
runwayml_stable-diffusion-v1-5,6615026,-1.574290156364441
runwayml_stable-diffusion-v1-5,6615458,-0.1506623923778534
runwayml_stable-diffusion-v1-5,6615818,-0.006336306221783161
runwayml_stable-diffusion-v1-5,6616314,-0.8609300851821899
runwayml_stable-diffusion-v1-5,6617011,-1.0546348094940186
runwayml_stable-diffusion-v1-5,6617413,-1.6173423528671265
runwayml_stable-diffusion-v1-5,6729499,-0.5995110273361206
runwayml_stable-diffusion-v1-5,6880664,-0.9728506803512573
runwayml_stable-diffusion-v1-5,6883725,-0.17921192944049835
runwayml_stable-diffusion-v1-5,6946774,-0.3288041055202484
runwayml_stable-diffusion-v1-5,7025268,1.044051170349121
runwayml_stable-diffusion-v1-5,7109847,-1.5940450429916382
runwayml_stable-diffusion-v1-5,7116261,0.32532694935798645
runwayml_stable-diffusion-v1-5,7150023,-1.3095989227294922
runwayml_stable-diffusion-v1-5,7163803,0.7979642152786255
runwayml_stable-diffusion-v1-5,7507098,-1.2738877534866333
runwayml_stable-diffusion-v1-5,7596684,-0.3506253957748413
runwayml_stable-diffusion-v1-5,7597365,-1.2556072473526
runwayml_stable-diffusion-v1-5,7601809,0.8454127311706543
runwayml_stable-diffusion-v1-5,7605282,1.0932015180587769
runwayml_stable-diffusion-v1-5,7606419,-0.7040538191795349
runwayml_stable-diffusion-v1-5,7607707,-1.882072925567627
runwayml_stable-diffusion-v1-5,7608721,0.39104777574539185
runwayml_stable-diffusion-v1-5,7625977,0.9323806166648865
runwayml_stable-diffusion-v1-5,7626721,1.4287264347076416
runwayml_stable-diffusion-v1-5,7626833,1.234168291091919
runwayml_stable-diffusion-v1-5,7627310,0.7624478340148926
runwayml_stable-diffusion-v1-5,7651454,0.47621265053749084
runwayml_stable-diffusion-v1-5,7654438,0.8160756230354309
runwayml_stable-diffusion-v1-5,7664468,0.11399853974580765
runwayml_stable-diffusion-v1-5,7698915,0.4040753245353699
runwayml_stable-diffusion-v1-5,7700167,0.5753846764564514
runwayml_stable-diffusion-v1-5,7700868,0.5540303587913513
runwayml_stable-diffusion-v1-5,7701244,1.117537498474121
runwayml_stable-diffusion-v1-5,7702193,0.5954657793045044
runwayml_stable-diffusion-v1-5,7710616,0.5433790683746338
runwayml_stable-diffusion-v1-5,7834065,-1.2766863107681274
runwayml_stable-diffusion-v1-5,7854266,-0.15262307226657867
runwayml_stable-diffusion-v1-5,7854455,0.4616970121860504
runwayml_stable-diffusion-v1-5,7871940,0.9046199917793274
runwayml_stable-diffusion-v1-5,7891189,1.1384299993515015
runwayml_stable-diffusion-v1-5,7897116,-0.7114276885986328
runwayml_stable-diffusion-v1-5,7914271,0.6085560321807861
runwayml_stable-diffusion-v1-5,7922764,1.0173896551132202
runwayml_stable-diffusion-v1-5,7929519,-0.5004209876060486
runwayml_stable-diffusion-v1-5,7933274,-1.9551445245742798
runwayml_stable-diffusion-v1-5,7933530,0.12173834443092346
runwayml_stable-diffusion-v1-5,8089797,0.5658376812934875
runwayml_stable-diffusion-v1-5,8095160,0.4226434826850891
runwayml_stable-diffusion-v1-5,8124208,-0.28786277770996094
runwayml_stable-diffusion-v1-5,8339939,0.4265611171722412
runwayml_stable-diffusion-v1-5,8876291,0.1426478773355484
runwayml_stable-diffusion-v1-5,9020389,1.259170651435852
runwayml_stable-diffusion-v1-5,9044146,-1.249136209487915
runwayml_stable-diffusion-v1-5,9057052,-0.998773455619812
runwayml_stable-diffusion-v1-5,9427682,-0.1230359598994255
runwayml_stable-diffusion-v1-5,9580065,0.826643705368042
runwayml_stable-diffusion-v1-5,9719434,1.0219805240631104
runwayml_stable-diffusion-v1-5,9793248,0.4172442555427551
runwayml_stable-diffusion-v1-5,9794211,-0.9295759201049805
runwayml_stable-diffusion-v1-5,9862621,-0.6614547371864319
runwayml_stable-diffusion-v1-5,9875188,-0.7172672152519226
runwayml_stable-diffusion-v1-5,9984659,-1.7746161222457886
runwayml_stable-diffusion-v1-5,10012874,-0.5226601958274841
runwayml_stable-diffusion-v1-5,10024569,-0.7987375855445862
runwayml_stable-diffusion-v1-5,10080493,-0.004350459668785334
runwayml_stable-diffusion-v1-5,10106452,-1.5640980005264282
runwayml_stable-diffusion-v1-5,10198409,-1.0365320444107056
runwayml_stable-diffusion-v1-5,10333317,-0.5376273393630981
runwayml_stable-diffusion-v1-5,10408552,0.6678328514099121
runwayml_stable-diffusion-v1-5,10444677,1.3964512348175049
runwayml_stable-diffusion-v1-5,10453357,-1.2833290100097656
runwayml_stable-diffusion-v1-5,10548623,-0.710479736328125
runwayml_stable-diffusion-v1-5,10572128,-0.08373834192752838
runwayml_stable-diffusion-v1-5,10794014,-0.5951808094978333
runwayml_stable-diffusion-v1-5,10939743,0.5681541562080383
runwayml_stable-diffusion-v1-5,11039909,-0.23100657761096954
runwayml_stable-diffusion-v1-5,11334088,0.8688658475875854
runwayml_stable-diffusion-v1-5,11417672,1.1041725873947144
runwayml_stable-diffusion-v1-5,11437577,-0.5145236849784851
runwayml_stable-diffusion-v1-5,11460338,-1.046521544456482
runwayml_stable-diffusion-v1-5,12345739,-0.9497333765029907
runwayml_stable-diffusion-v1-5,12402348,0.06015922501683235
runwayml_stable-diffusion-v1-5,13221529,-0.2322123646736145
runwayml_stable-diffusion-v1-5,13290566,-1.0631344318389893
runwayml_stable-diffusion-v1-5,13389475,1.455501675605774
runwayml_stable-diffusion-v1-5,13390139,0.6308721899986267
runwayml_stable-diffusion-v1-5,13390405,0.3376721441745758
runwayml_stable-diffusion-v1-5,13392786,0.3703705966472626
runwayml_stable-diffusion-v1-5,13649361,-0.2836824357509613
runwayml_stable-diffusion-v1-5,13716878,0.29941534996032715
runwayml_stable-diffusion-v1-5,13884740,-0.9561742544174194
runwayml_stable-diffusion-v1-5,13915305,-0.7905014753341675
runwayml_stable-diffusion-v1-5,13931145,-1.3668986558914185
runwayml_stable-diffusion-v1-5,13984082,-1.6055282354354858
runwayml_stable-diffusion-v1-5,14140678,-0.8253456354141235
runwayml_stable-diffusion-v1-5,14195315,-0.30430668592453003
runwayml_stable-diffusion-v1-5,14294568,-1.3839836120605469
runwayml_stable-diffusion-v1-5,14320813,0.5008251667022705
runwayml_stable-diffusion-v1-5,14360436,-0.9591750502586365
runwayml_stable-diffusion-v1-5,14488317,-0.6551987528800964
runwayml_stable-diffusion-v1-5,14533937,-2.2777984142303467
runwayml_stable-diffusion-v1-5,14550987,-0.9285168647766113
runwayml_stable-diffusion-v1-5,14579933,-1.703976035118103
runwayml_stable-diffusion-v1-5,14606290,-0.09588205069303513
runwayml_stable-diffusion-v1-5,14620257,-2.231154203414917
runwayml_stable-diffusion-v1-5,14632648,-1.7566405534744263
runwayml_stable-diffusion-v1-5,14647235,-1.3521257638931274
runwayml_stable-diffusion-v1-5,14654954,-0.14745081961154938
runwayml_stable-diffusion-v1-5,14686352,-0.9899352788925171
runwayml_stable-diffusion-v1-5,14702875,-0.5510654449462891
runwayml_stable-diffusion-v1-5,14703190,-1.2789770364761353
runwayml_stable-diffusion-v1-5,14807929,-0.24573519825935364
runwayml_stable-diffusion-v1-5,14809057,-0.22340704500675201
runwayml_stable-diffusion-v1-5,14867690,-0.35174909234046936
runwayml_stable-diffusion-v1-5,14872875,-0.7873479127883911
runwayml_stable-diffusion-v1-5,14880557,0.9106359481811523
runwayml_stable-diffusion-v1-5,14894140,-0.1189517229795456
runwayml_stable-diffusion-v1-5,15180934,-0.8504706621170044
runwayml_stable-diffusion-v1-5,15970145,-0.308341920375824
runwayml_stable-diffusion-v1-5,17002912,-1.4160438776016235
runwayml_stable-diffusion-v1-5,17012379,0.03673906624317169
runwayml_stable-diffusion-v1-5,17282800,1.1844685077667236
runwayml_stable-diffusion-v1-5,17925539,-0.2713204622268677
runwayml_stable-diffusion-v1-5,18367104,0.22577781975269318
runwayml_stable-diffusion-v1-5,18758723,-0.7523922920227051
runwayml_stable-diffusion-v1-5,19143128,0.3580370247364044
runwayml_stable-diffusion-v1-5,19671124,-1.0741852521896362
runwayml_stable-diffusion-v1-5,19855707,-1.384863018989563
runwayml_stable-diffusion-v1-5,19893872,1.0676835775375366
runwayml_stable-diffusion-v1-5,20017667,-0.7415927052497864
runwayml_stable-diffusion-v1-5,20128079,0.43643802404403687
runwayml_stable-diffusion-v1-5,20471134,-2.2742486000061035
runwayml_stable-diffusion-v1-5,20495093,0.3547786474227905
runwayml_stable-diffusion-v1-5,20782430,-0.7807965278625488
runwayml_stable-diffusion-v1-5,21377549,-0.8400700092315674
runwayml_stable-diffusion-v1-5,21564446,-1.7519885301589966
runwayml_stable-diffusion-v1-5,21620388,0.9244805574417114
runwayml_stable-diffusion-v1-5,22149540,-1.217903971672058
runwayml_stable-diffusion-v1-5,22738759,-2.14229154586792
runwayml_stable-diffusion-v1-5,22767176,-1.1236543655395508
runwayml_stable-diffusion-v1-5,23129661,-1.0688247680664062
runwayml_stable-diffusion-v1-5,23185551,-1.3919225931167603
runwayml_stable-diffusion-v1-5,23232427,-0.2098286896944046
runwayml_stable-diffusion-v1-5,23257851,-1.0109901428222656
runwayml_stable-diffusion-v1-5,23620789,0.3700358271598816
runwayml_stable-diffusion-v1-5,24808131,-0.8480305671691895
runwayml_stable-diffusion-v1-5,24843217,-0.5412102937698364
runwayml_stable-diffusion-v1-5,24933378,-1.0939908027648926
runwayml_stable-diffusion-v1-5,24942232,0.29567429423332214
runwayml_stable-diffusion-v1-5,25290589,-0.6136897802352905
runwayml_stable-diffusion-v1-5,25579216,-0.9740615487098694
runwayml_stable-diffusion-v1-5,25685207,-1.7017139196395874
runwayml_stable-diffusion-v1-5,25776594,-1.1720277070999146
runwayml_stable-diffusion-v1-5,26078214,-0.7925630807876587
runwayml_stable-diffusion-v1-5,26746434,-1.5637760162353516
runwayml_stable-diffusion-v1-5,26998039,-1.1572623252868652
runwayml_stable-diffusion-v1-5,27106238,-0.2090512216091156
runwayml_stable-diffusion-v1-5,27246777,-0.7082424759864807
runwayml_stable-diffusion-v1-5,27768637,0.3402715027332306
runwayml_stable-diffusion-v1-5,27871992,-0.8885601758956909
runwayml_stable-diffusion-v1-5,28190972,-1.3746962547302246
runwayml_stable-diffusion-v1-5,29094321,-0.8784824013710022
runwayml_stable-diffusion-v1-5,29148617,-1.7332247495651245
runwayml_stable-diffusion-v1-5,29161294,-0.9806145429611206
runwayml_stable-diffusion-v1-5,29632917,0.05741323530673981
runwayml_stable-diffusion-v1-5,29703209,-1.0211968421936035
runwayml_stable-diffusion-v1-5,29779486,-1.6389458179473877
runwayml_stable-diffusion-v1-5,30028757,-1.5179105997085571
runwayml_stable-diffusion-v1-5,30225071,-0.3321762979030609
runwayml_stable-diffusion-v1-5,30373565,-0.19205693900585175
runwayml_stable-diffusion-v1-5,30484086,-1.3644700050354004
runwayml_stable-diffusion-v1-5,30883080,-0.4341604709625244
runwayml_stable-diffusion-v1-5,31114750,-1.959335207939148
runwayml_stable-diffusion-v1-5,31196176,0.1794096678495407
runwayml_stable-diffusion-v1-5,31391857,-1.1030676364898682
runwayml_stable-diffusion-v1-5,31595142,0.9603979587554932
runwayml_stable-diffusion-v1-5,32152786,-1.2804592847824097
runwayml_stable-diffusion-v1-5,32327818,-0.11606106162071228
runwayml_stable-diffusion-v1-5,32379732,1.4077032804489136
runwayml_stable-diffusion-v1-5,32473966,0.08468092978000641
runwayml_stable-diffusion-v1-5,32902730,0.6187319159507751
runwayml_stable-diffusion-v1-5,32932491,-0.7614250183105469
runwayml_stable-diffusion-v1-5,33006578,-0.8703337907791138
runwayml_stable-diffusion-v1-5,33478721,-1.59293794631958
runwayml_stable-diffusion-v1-5,34475997,-0.24549193680286407
runwayml_stable-diffusion-v1-5,34578737,-0.63038569688797
runwayml_stable-diffusion-v1-5,34773230,-1.433003306388855
runwayml_stable-diffusion-v1-5,36507085,-1.944870114326477
runwayml_stable-diffusion-v1-5,36678439,-1.4788765907287598
runwayml_stable-diffusion-v1-5,37287360,0.06421679258346558
runwayml_stable-diffusion-v1-5,37319253,-0.8161484003067017
runwayml_stable-diffusion-v1-5,37547870,0.48328065872192383
runwayml_stable-diffusion-v1-5,37736408,-0.4307214915752411
runwayml_stable-diffusion-v1-5,38014258,-0.008175295777618885
runwayml_stable-diffusion-v1-5,38297191,0.7407644987106323
runwayml_stable-diffusion-v1-5,38402744,0.08942227065563202
runwayml_stable-diffusion-v1-5,38954086,-0.7657920718193054
runwayml_stable-diffusion-v1-5,39139190,-1.4002289772033691
runwayml_stable-diffusion-v1-5,39560404,-1.0187444686889648
runwayml_stable-diffusion-v1-5,39566065,1.8458003997802734
runwayml_stable-diffusion-v1-5,39595218,0.6033785343170166
runwayml_stable-diffusion-v1-5,40825299,-0.6646742224693298
runwayml_stable-diffusion-v1-5,40945115,-0.7312211394309998
runwayml_stable-diffusion-v1-5,40995095,0.24754847586154938
runwayml_stable-diffusion-v1-5,41015844,-1.2423924207687378
runwayml_stable-diffusion-v1-5,41031648,-0.8559187054634094
runwayml_stable-diffusion-v1-5,41161074,-0.1629607379436493
runwayml_stable-diffusion-v1-5,41458919,-1.1597446203231812
runwayml_stable-diffusion-v1-5,41565779,0.7175263166427612
runwayml_stable-diffusion-v1-5,41766391,0.02681117318570614
runwayml_stable-diffusion-v1-5,41982710,-0.36769306659698486
runwayml_stable-diffusion-v1-5,42048260,0.295518696308136
runwayml_stable-diffusion-v1-5,42849420,-0.5847199559211731
runwayml_stable-diffusion-v1-5,42931583,-0.11186086386442184
runwayml_stable-diffusion-v1-5,43060946,0.5088496804237366
runwayml_stable-diffusion-v1-5,43153800,-0.19663701951503754
runwayml_stable-diffusion-v1-5,43161384,0.3350568413734436
runwayml_stable-diffusion-v1-5,43301379,-0.20524585247039795
runwayml_stable-diffusion-v1-5,43304323,-1.628084421157837
runwayml_stable-diffusion-v1-5,43367797,-0.5565993785858154
runwayml_stable-diffusion-v1-5,43431032,0.2037857323884964
runwayml_stable-diffusion-v1-5,43631801,0.5570170283317566
runwayml_stable-diffusion-v1-5,43735560,0.12156737595796585
runwayml_stable-diffusion-v1-5,43858443,0.3484066128730774
runwayml_stable-diffusion-v1-5,43918624,-1.6125227212905884
runwayml_stable-diffusion-v1-5,44280552,-0.4140092730522156
runwayml_stable-diffusion-v1-5,44295589,-1.3881337642669678
runwayml_stable-diffusion-v1-5,44621915,-1.3060595989227295
runwayml_stable-diffusion-v1-5,44645737,-0.6351242661476135
runwayml_stable-diffusion-v1-5,44838123,-0.6236511468887329
runwayml_stable-diffusion-v1-5,45258070,-0.46112385392189026
runwayml_stable-diffusion-v1-5,45297641,-1.4651907682418823
runwayml_stable-diffusion-v1-5,45418454,0.9748327732086182
runwayml_stable-diffusion-v1-5,45564900,-1.7857314348220825
runwayml_stable-diffusion-v1-5,46150029,-1.6818464994430542
runwayml_stable-diffusion-v1-5,46394736,-0.6147549748420715
runwayml_stable-diffusion-v1-5,46673664,0.07760859280824661
runwayml_stable-diffusion-v1-5,46994920,-0.3090806007385254
runwayml_stable-diffusion-v1-5,47009060,-1.5738040208816528
runwayml_stable-diffusion-v1-5,47552953,-0.2387232482433319
runwayml_stable-diffusion-v1-5,47595220,-1.0371453762054443
runwayml_stable-diffusion-v1-5,47819321,-1.227830171585083
runwayml_stable-diffusion-v1-5,48223384,-0.4369564354419708
runwayml_stable-diffusion-v1-5,48351897,0.43475455045700073
runwayml_stable-diffusion-v1-5,48754831,-0.28705403208732605
runwayml_stable-diffusion-v1-5,49054805,0.7753667831420898
runwayml_stable-diffusion-v1-5,49089576,-0.9789913296699524
runwayml_stable-diffusion-v1-5,49300740,-0.9054012298583984
runwayml_stable-diffusion-v1-5,49358811,-2.018481731414795
runwayml_stable-diffusion-v1-5,49462954,-1.5323076248168945
runwayml_stable-diffusion-v1-5,50262859,1.1082476377487183
runwayml_stable-diffusion-v1-5,50871471,-1.2808343172073364
runwayml_stable-diffusion-v1-5,50952217,-1.1195601224899292
runwayml_stable-diffusion-v1-5,51060824,-1.6801376342773438
runwayml_stable-diffusion-v1-5,51314050,0.43445101380348206
runwayml_stable-diffusion-v1-5,51946990,-0.8038981556892395
runwayml_stable-diffusion-v1-5,52325745,-1.8734681606292725
runwayml_stable-diffusion-v1-5,52474100,-0.6189011335372925
runwayml_stable-diffusion-v1-5,52516409,-1.2987123727798462
runwayml_stable-diffusion-v1-5,52711595,-1.0529409646987915
runwayml_stable-diffusion-v1-5,53022028,-1.6190344095230103
runwayml_stable-diffusion-v1-5,53205877,-1.3447819948196411
runwayml_stable-diffusion-v1-5,53288018,-0.8957526683807373
runwayml_stable-diffusion-v1-5,53443611,0.6478690505027771
runwayml_stable-diffusion-v1-5,53815934,-0.8360210061073303
runwayml_stable-diffusion-v1-5,54495173,-1.457553505897522
runwayml_stable-diffusion-v1-5,54931507,-1.852672815322876
runwayml_stable-diffusion-v1-5,55191509,-1.6127612590789795
runwayml_stable-diffusion-v1-5,55255145,-0.9750757217407227
runwayml_stable-diffusion-v1-5,55457672,-1.7060813903808594
runwayml_stable-diffusion-v1-5,55588327,-1.0029979944229126
runwayml_stable-diffusion-v1-5,55653646,0.41975560784339905
runwayml_stable-diffusion-v1-5,55658809,0.15509460866451263
runwayml_stable-diffusion-v1-5,55812974,-1.2395656108856201
runwayml_stable-diffusion-v1-5,55819553,-1.2906768321990967
runwayml_stable-diffusion-v1-5,55826966,-1.2915282249450684
runwayml_stable-diffusion-v1-5,55983905,-1.0157179832458496
runwayml_stable-diffusion-v1-5,56074056,-0.866409957408905
runwayml_stable-diffusion-v1-5,56112588,-0.9636203050613403
runwayml_stable-diffusion-v1-5,56121520,0.20252597332000732
runwayml_stable-diffusion-v1-5,56250900,0.39161252975463867
runwayml_stable-diffusion-v1-5,56458800,-1.641330599784851
runwayml_stable-diffusion-v1-5,56792430,-0.8068006038665771
runwayml_stable-diffusion-v1-5,56982260,-0.0658622458577156
runwayml_stable-diffusion-v1-5,57673976,-1.9136635065078735
runwayml_stable-diffusion-v1-5,57716963,0.6836051940917969
runwayml_stable-diffusion-v1-5,57729980,-1.4370653629302979
runwayml_stable-diffusion-v1-5,57785005,-0.526401162147522
runwayml_stable-diffusion-v1-5,57873614,0.05177019163966179
runwayml_stable-diffusion-v1-5,58727024,-0.9129827618598938
runwayml_stable-diffusion-v1-5,58761464,-0.8220364451408386
runwayml_stable-diffusion-v1-5,59399259,-0.458074152469635
runwayml_stable-diffusion-v1-5,59976859,-1.8746000528335571
runwayml_stable-diffusion-v1-5,60083345,-0.183262899518013
runwayml_stable-diffusion-v1-5,60214770,-1.135611653327942
runwayml_stable-diffusion-v1-5,60215376,-1.4682949781417847
runwayml_stable-diffusion-v1-5,60375309,-1.2759950160980225
runwayml_stable-diffusion-v1-5,60606896,-0.1191752478480339
runwayml_stable-diffusion-v1-5,60668084,0.4795321822166443
runwayml_stable-diffusion-v1-5,61035709,-0.2857135534286499
runwayml_stable-diffusion-v1-5,61388266,-1.1021406650543213
runwayml_stable-diffusion-v1-5,61627313,-1.1326278448104858
runwayml_stable-diffusion-v1-5,61635816,-0.5611078143119812
runwayml_stable-diffusion-v1-5,61853324,-0.15424895286560059
runwayml_stable-diffusion-v1-5,62408818,0.19953595101833344
runwayml_stable-diffusion-v1-5,62841330,0.027152344584465027
runwayml_stable-diffusion-v1-5,63015570,-0.5978257656097412
runwayml_stable-diffusion-v1-5,63336441,-1.7651296854019165
runwayml_stable-diffusion-v1-5,63633117,-0.7977696657180786
runwayml_stable-diffusion-v1-5,64576544,-0.537678062915802
runwayml_stable-diffusion-v1-5,64687077,-1.0360305309295654
runwayml_stable-diffusion-v1-5,64693533,-1.0438461303710938
runwayml_stable-diffusion-v1-5,64856142,1.0673997402191162
runwayml_stable-diffusion-v1-5,65411270,-1.6157246828079224
runwayml_stable-diffusion-v1-5,65557844,-0.7335000038146973
runwayml_stable-diffusion-v1-5,65824677,-1.9647834300994873
runwayml_stable-diffusion-v1-5,65890875,0.39794838428497314
runwayml_stable-diffusion-v1-5,65960228,0.7058345079421997
runwayml_stable-diffusion-v1-5,66668538,0.2569655179977417
runwayml_stable-diffusion-v1-5,67344811,-0.8516039252281189
runwayml_stable-diffusion-v1-5,67949798,-1.3113741874694824
runwayml_stable-diffusion-v1-5,68246844,-0.051212411373853683
runwayml_stable-diffusion-v1-5,68280322,-1.509871244430542
runwayml_stable-diffusion-v1-5,68321683,0.11127980798482895
runwayml_stable-diffusion-v1-5,68380669,-0.07024231553077698
runwayml_stable-diffusion-v1-5,68575085,-0.1860731989145279
runwayml_stable-diffusion-v1-5,70380966,-0.5433025360107422
runwayml_stable-diffusion-v1-5,70494671,-0.9790264368057251
runwayml_stable-diffusion-v1-5,71055464,-2.0588979721069336
runwayml_stable-diffusion-v1-5,71591839,-1.9683356285095215
runwayml_stable-diffusion-v1-5,71828875,-0.497749388217926
runwayml_stable-diffusion-v1-5,71910823,0.44912487268447876
runwayml_stable-diffusion-v1-5,71959499,0.08390840142965317
runwayml_stable-diffusion-v1-5,72432241,0.3326368033885956
runwayml_stable-diffusion-v1-5,72553814,0.4947066903114319
runwayml_stable-diffusion-v1-5,73051579,0.3248060941696167
runwayml_stable-diffusion-v1-5,73600586,-0.7750545740127563
runwayml_stable-diffusion-v1-5,73616417,-1.0246052742004395
runwayml_stable-diffusion-v1-5,73681289,0.9908663630485535
runwayml_stable-diffusion-v1-5,73962724,-2.1025948524475098
runwayml_stable-diffusion-v1-5,74175857,-0.5754296183586121
runwayml_stable-diffusion-v1-5,75051801,-0.16275759041309357
runwayml_stable-diffusion-v1-5,75787772,-1.185150384902954
runwayml_stable-diffusion-v1-5,75944980,-1.1580387353897095
runwayml_stable-diffusion-v1-5,75964288,-0.8492900729179382
runwayml_stable-diffusion-v1-5,76066166,-1.5318127870559692
runwayml_stable-diffusion-v1-5,76100398,-0.1569792926311493
runwayml_stable-diffusion-v1-5,76425345,-0.18684811890125275
runwayml_stable-diffusion-v1-5,77106105,0.28287461400032043
runwayml_stable-diffusion-v1-5,77132310,0.03681948781013489
runwayml_stable-diffusion-v1-5,77232534,-0.2955349385738373
runwayml_stable-diffusion-v1-5,77312726,-1.0491976737976074
runwayml_stable-diffusion-v1-5,77358840,-1.1422988176345825
runwayml_stable-diffusion-v1-5,77490593,-0.6727111339569092
runwayml_stable-diffusion-v1-5,77726888,-1.0494518280029297
runwayml_stable-diffusion-v1-5,78735978,-1.44489324092865
runwayml_stable-diffusion-v1-5,79077085,-0.6897714138031006
runwayml_stable-diffusion-v1-5,79212243,1.2886543273925781
runwayml_stable-diffusion-v1-5,79606917,-0.6503268480300903
runwayml_stable-diffusion-v1-5,79918827,0.30961674451828003
runwayml_stable-diffusion-v1-5,80289373,-0.2470126450061798
runwayml_stable-diffusion-v1-5,80371125,-0.030252225697040558
runwayml_stable-diffusion-v1-5,80540387,-0.5864598155021667
runwayml_stable-diffusion-v1-5,81135077,-0.19669084250926971
runwayml_stable-diffusion-v1-5,81303945,-1.6124138832092285
runwayml_stable-diffusion-v1-5,81435593,0.3395790755748749
runwayml_stable-diffusion-v1-5,82282590,0.24893894791603088
runwayml_stable-diffusion-v1-5,82696415,1.0049811601638794
runwayml_stable-diffusion-v1-5,82916016,-1.887786626815796
runwayml_stable-diffusion-v1-5,83084473,1.7786389589309692
runwayml_stable-diffusion-v1-5,83418847,0.1013336032629013
runwayml_stable-diffusion-v1-5,84089324,-1.6823585033416748
runwayml_stable-diffusion-v1-5,84306831,-0.43404656648635864
runwayml_stable-diffusion-v1-5,84510135,0.23112230002880096
runwayml_stable-diffusion-v1-5,84788890,0.436298668384552
runwayml_stable-diffusion-v1-5,84985982,-0.43142029643058777
runwayml_stable-diffusion-v1-5,85191733,0.27881190180778503
runwayml_stable-diffusion-v1-5,86119145,0.1984652727842331
runwayml_stable-diffusion-v1-5,86340862,-0.4781687557697296
runwayml_stable-diffusion-v1-5,86341828,0.3498818278312683
runwayml_stable-diffusion-v1-5,86537356,-0.562528133392334
runwayml_stable-diffusion-v1-5,86701636,-0.9357157945632935
runwayml_stable-diffusion-v1-5,86714939,-1.6615287065505981
runwayml_stable-diffusion-v1-5,87574583,-0.6462401151657104
runwayml_stable-diffusion-v1-5,87699711,0.06729057431221008
runwayml_stable-diffusion-v1-5,88016571,-0.9188369512557983
runwayml_stable-diffusion-v1-5,88087492,0.2121802717447281
runwayml_stable-diffusion-v1-5,89227603,0.29902592301368713
runwayml_stable-diffusion-v1-5,89539854,-1.010781168937683
runwayml_stable-diffusion-v1-5,89926787,0.5353593826293945
runwayml_stable-diffusion-v1-5,90244932,1.2504239082336426
runwayml_stable-diffusion-v1-5,90493027,-1.0692976713180542
runwayml_stable-diffusion-v1-5,90613035,-0.7142423987388611
runwayml_stable-diffusion-v1-5,91368797,0.10311633348464966
runwayml_stable-diffusion-v1-5,91784299,0.3743502199649811
runwayml_stable-diffusion-v1-5,91790573,-0.6508530974388123
runwayml_stable-diffusion-v1-5,91834546,-1.3599269390106201
runwayml_stable-diffusion-v1-5,92068094,0.20954708755016327
runwayml_stable-diffusion-v1-5,92311656,-0.7034245729446411
runwayml_stable-diffusion-v1-5,92709444,-0.39720359444618225
runwayml_stable-diffusion-v1-5,93114575,0.5514054894447327
runwayml_stable-diffusion-v1-5,93256557,-0.32346463203430176
runwayml_stable-diffusion-v1-5,93407716,-0.04007180407643318
runwayml_stable-diffusion-v1-5,93436296,-0.08686720579862595
runwayml_stable-diffusion-v1-5,93512057,-1.4163103103637695
runwayml_stable-diffusion-v1-5,94006560,-1.4559428691864014
runwayml_stable-diffusion-v1-5,94321535,-0.0032941079698503017
runwayml_stable-diffusion-v1-5,94532154,-0.00282974261790514
runwayml_stable-diffusion-v1-5,95171107,-0.7007423639297485
runwayml_stable-diffusion-v1-5,95228839,-0.8081839084625244
runwayml_stable-diffusion-v1-5,95325441,-1.497510313987732
runwayml_stable-diffusion-v1-5,95450946,0.13432267308235168
runwayml_stable-diffusion-v1-5,95583911,-0.44645956158638
runwayml_stable-diffusion-v1-5,95718306,0.3335059583187103
runwayml_stable-diffusion-v1-5,95737828,-0.1828632354736328
runwayml_stable-diffusion-v1-5,96448597,-0.7169821858406067
runwayml_stable-diffusion-v1-5,96482065,0.21017007529735565
runwayml_stable-diffusion-v1-5,96521920,-1.3214495182037354
runwayml_stable-diffusion-v1-5,96850153,-0.6586745381355286
runwayml_stable-diffusion-v1-5,98113191,0.32529106736183167
runwayml_stable-diffusion-v1-5,98195317,-0.4507504403591156
runwayml_stable-diffusion-v1-5,98254655,0.36196640133857727
runwayml_stable-diffusion-v1-5,98319500,-1.1058562994003296
runwayml_stable-diffusion-v1-5,98642787,0.5466213226318359
runwayml_stable-diffusion-v1-5,98646702,-1.0503044128417969
runwayml_stable-diffusion-v1-5,98929226,-1.7516705989837646
runwayml_stable-diffusion-v1-5,99178779,0.7217562198638916
runwayml_stable-diffusion-v1-5,99185892,-0.4072638750076294
runwayml_stable-diffusion-v1-5,99211012,0.3926699459552765
runwayml_stable-diffusion-v1-5,99410560,-0.41026440262794495
runwayml_stable-diffusion-v1-5,99862294,-0.3619595766067505
stabilityai_sdxl-turbo,138508,-0.5866414904594421
stabilityai_sdxl-turbo,192051,-0.3254181146621704
stabilityai_sdxl-turbo,213186,0.4407162070274353
stabilityai_sdxl-turbo,232386,0.5587666630744934
stabilityai_sdxl-turbo,232765,-0.38921457529067993
stabilityai_sdxl-turbo,258857,-0.13796688616275787
stabilityai_sdxl-turbo,283090,-0.6859903335571289
stabilityai_sdxl-turbo,285141,0.43323659896850586
stabilityai_sdxl-turbo,399030,0.4755651652812958
stabilityai_sdxl-turbo,440189,-0.34477895498275757
stabilityai_sdxl-turbo,445169,-1.2166824340820312
stabilityai_sdxl-turbo,486490,-0.3448072671890259
stabilityai_sdxl-turbo,487072,0.5633460283279419
stabilityai_sdxl-turbo,487326,0.5034867525100708
stabilityai_sdxl-turbo,489837,-0.11392652988433838
stabilityai_sdxl-turbo,646833,1.2624729871749878
stabilityai_sdxl-turbo,708860,-0.9225330352783203
stabilityai_sdxl-turbo,717208,-0.4440024495124817
stabilityai_sdxl-turbo,717468,1.3895262479782104
stabilityai_sdxl-turbo,735254,-0.15883667767047882
stabilityai_sdxl-turbo,762478,1.1249005794525146
stabilityai_sdxl-turbo,825443,0.6542624831199646
stabilityai_sdxl-turbo,831919,0.5262874960899353
stabilityai_sdxl-turbo,896677,-0.6270450949668884
stabilityai_sdxl-turbo,936620,-0.7693197131156921
stabilityai_sdxl-turbo,974367,-0.4242446720600128
stabilityai_sdxl-turbo,993014,-0.2868322730064392
stabilityai_sdxl-turbo,995855,0.3764297068119049
stabilityai_sdxl-turbo,1113367,0.1125451996922493
stabilityai_sdxl-turbo,1171644,0.7153054475784302
stabilityai_sdxl-turbo,1209135,-1.349745273590088
stabilityai_sdxl-turbo,1317294,0.715456485748291
stabilityai_sdxl-turbo,1317533,-0.32362979650497437
stabilityai_sdxl-turbo,1321854,-0.8726593852043152
stabilityai_sdxl-turbo,1377758,1.4505456686019897
stabilityai_sdxl-turbo,1474832,0.14055608212947845
stabilityai_sdxl-turbo,1516071,-0.6134656071662903
stabilityai_sdxl-turbo,1566705,0.8271408081054688
stabilityai_sdxl-turbo,1640855,-0.47283756732940674
stabilityai_sdxl-turbo,1668603,1.1767518520355225
stabilityai_sdxl-turbo,1678990,0.8271520137786865
stabilityai_sdxl-turbo,1699831,1.2685552835464478
stabilityai_sdxl-turbo,1707698,0.819585919380188
stabilityai_sdxl-turbo,1727942,0.7793962955474854
stabilityai_sdxl-turbo,2045760,0.6830642223358154
stabilityai_sdxl-turbo,2075049,0.7360244393348694
stabilityai_sdxl-turbo,2075764,0.6312996745109558
stabilityai_sdxl-turbo,2241569,0.16298502683639526
stabilityai_sdxl-turbo,2720725,-0.6369324922561646
stabilityai_sdxl-turbo,2721160,0.4623015224933624
stabilityai_sdxl-turbo,2730265,-1.511193037033081
stabilityai_sdxl-turbo,2744395,-1.329532265663147
stabilityai_sdxl-turbo,2770078,1.4459224939346313
stabilityai_sdxl-turbo,2793684,-0.15011310577392578
stabilityai_sdxl-turbo,2803666,1.202972173690796
stabilityai_sdxl-turbo,2807731,-0.6473032832145691
stabilityai_sdxl-turbo,2821943,0.5849675536155701
stabilityai_sdxl-turbo,2824319,-0.012765898369252682
stabilityai_sdxl-turbo,2825442,1.650583267211914
stabilityai_sdxl-turbo,2852043,-0.09801732003688812
stabilityai_sdxl-turbo,2870293,-0.03278369456529617
stabilityai_sdxl-turbo,2870880,1.2746368646621704
stabilityai_sdxl-turbo,2923535,-0.5894131064414978
stabilityai_sdxl-turbo,2933112,1.2708460092544556
stabilityai_sdxl-turbo,2963987,1.2762761116027832
stabilityai_sdxl-turbo,2991302,0.7050394415855408
stabilityai_sdxl-turbo,3024209,0.08570792526006699
stabilityai_sdxl-turbo,3035832,0.5588418841362
stabilityai_sdxl-turbo,3049457,-0.17033851146697998
stabilityai_sdxl-turbo,3107488,0.28024306893348694
stabilityai_sdxl-turbo,3131388,-0.5490745902061462
stabilityai_sdxl-turbo,3131669,-0.6681485772132874
stabilityai_sdxl-turbo,3152830,0.6804698705673218
stabilityai_sdxl-turbo,3249569,1.580614447593689
stabilityai_sdxl-turbo,3262349,1.3593988418579102
stabilityai_sdxl-turbo,3288500,-0.5951916575431824
stabilityai_sdxl-turbo,3298716,0.990329921245575
stabilityai_sdxl-turbo,3308246,0.8095961809158325
stabilityai_sdxl-turbo,3309110,-0.09356218576431274
stabilityai_sdxl-turbo,3347220,0.8397712111473083
stabilityai_sdxl-turbo,3353281,0.6889146566390991
stabilityai_sdxl-turbo,3366112,0.006159194745123386
stabilityai_sdxl-turbo,3411927,1.079943060874939
stabilityai_sdxl-turbo,3456665,-0.395891398191452
stabilityai_sdxl-turbo,3563208,0.16951999068260193
stabilityai_sdxl-turbo,3580281,0.11713293194770813
stabilityai_sdxl-turbo,3603442,0.9822850823402405
stabilityai_sdxl-turbo,3607029,0.7252461314201355
stabilityai_sdxl-turbo,3628071,-0.15033063292503357
stabilityai_sdxl-turbo,3630383,1.5913450717926025
stabilityai_sdxl-turbo,3676483,0.079552061855793
stabilityai_sdxl-turbo,3679712,0.18861337006092072
stabilityai_sdxl-turbo,3685307,0.5749081969261169
stabilityai_sdxl-turbo,3703463,0.46992161870002747
stabilityai_sdxl-turbo,3714235,-0.23407816886901855
stabilityai_sdxl-turbo,3728318,0.130751833319664
stabilityai_sdxl-turbo,3748162,-0.394022136926651
stabilityai_sdxl-turbo,3764276,0.6337287425994873
stabilityai_sdxl-turbo,3818090,-0.5814481973648071
stabilityai_sdxl-turbo,3842156,1.2173795700073242
stabilityai_sdxl-turbo,3880032,1.051410436630249
stabilityai_sdxl-turbo,3889343,0.04433866962790489
stabilityai_sdxl-turbo,3907654,0.683174192905426
stabilityai_sdxl-turbo,3940713,-0.23981782793998718
stabilityai_sdxl-turbo,3975232,0.3855860233306885
stabilityai_sdxl-turbo,3982060,0.6941007375717163
stabilityai_sdxl-turbo,3990474,1.4091423749923706
stabilityai_sdxl-turbo,4010305,-0.29015079140663147
stabilityai_sdxl-turbo,4025130,0.5312078595161438
stabilityai_sdxl-turbo,4062807,0.8967301845550537
stabilityai_sdxl-turbo,4123448,0.2144976109266281
stabilityai_sdxl-turbo,4125853,0.5257423520088196
stabilityai_sdxl-turbo,4140340,1.5539345741271973
stabilityai_sdxl-turbo,4145056,0.8800230622291565
stabilityai_sdxl-turbo,4192521,0.2199808955192566
stabilityai_sdxl-turbo,4259202,0.5887032151222229
stabilityai_sdxl-turbo,4285773,-0.19141080975532532
stabilityai_sdxl-turbo,4345028,0.1433958113193512
stabilityai_sdxl-turbo,4387201,1.4264464378356934
stabilityai_sdxl-turbo,4416901,1.1556180715560913
stabilityai_sdxl-turbo,4455579,0.4226035177707672
stabilityai_sdxl-turbo,4497570,0.8619344830513
stabilityai_sdxl-turbo,4534520,-0.21556399762630463
stabilityai_sdxl-turbo,4539203,0.4377952814102173
stabilityai_sdxl-turbo,4552551,1.2665562629699707
stabilityai_sdxl-turbo,4596797,-0.12740495800971985
stabilityai_sdxl-turbo,4832208,-0.5477221608161926
stabilityai_sdxl-turbo,4930139,1.4957120418548584
stabilityai_sdxl-turbo,5008085,-0.23660553991794586
stabilityai_sdxl-turbo,5219923,-1.1001592874526978
stabilityai_sdxl-turbo,5316083,-1.2572838068008423
stabilityai_sdxl-turbo,5350912,0.043789468705654144
stabilityai_sdxl-turbo,5374860,0.87503981590271
stabilityai_sdxl-turbo,5410315,0.13750052452087402
stabilityai_sdxl-turbo,5522784,-0.29294806718826294
stabilityai_sdxl-turbo,5728577,0.3068179488182068
stabilityai_sdxl-turbo,5752544,0.6143227219581604
stabilityai_sdxl-turbo,5794797,0.5392472743988037
stabilityai_sdxl-turbo,5895919,0.4332657754421234
stabilityai_sdxl-turbo,5958517,0.2467164844274521
stabilityai_sdxl-turbo,6189776,0.18054094910621643
stabilityai_sdxl-turbo,6528587,0.4083029329776764
stabilityai_sdxl-turbo,6584891,0.1147356852889061
stabilityai_sdxl-turbo,6586355,0.27148184180259705
stabilityai_sdxl-turbo,6607809,-1.1900768280029297
stabilityai_sdxl-turbo,6615026,0.04830440878868103
stabilityai_sdxl-turbo,6615458,-0.6407352685928345
stabilityai_sdxl-turbo,6615818,0.12356188893318176
stabilityai_sdxl-turbo,6616314,-0.9385634660720825
stabilityai_sdxl-turbo,6617011,0.4257841408252716
stabilityai_sdxl-turbo,6617413,-0.7112652063369751
stabilityai_sdxl-turbo,6729499,-0.23456116020679474
stabilityai_sdxl-turbo,6880664,-0.29264065623283386
stabilityai_sdxl-turbo,6883725,0.6873921155929565
stabilityai_sdxl-turbo,6946774,-0.1900675743818283
stabilityai_sdxl-turbo,7025268,0.45711469650268555
stabilityai_sdxl-turbo,7109847,0.5726525187492371
stabilityai_sdxl-turbo,7116261,0.019205281510949135
stabilityai_sdxl-turbo,7150023,1.2005958557128906
stabilityai_sdxl-turbo,7163803,0.787034273147583
stabilityai_sdxl-turbo,7507098,-0.4196392297744751
stabilityai_sdxl-turbo,7596684,-0.6125796437263489
stabilityai_sdxl-turbo,7597365,-0.3310783803462982
stabilityai_sdxl-turbo,7601809,-0.547406792640686
stabilityai_sdxl-turbo,7605282,0.411916047334671
stabilityai_sdxl-turbo,7606419,-0.7557628750801086
stabilityai_sdxl-turbo,7607707,-0.25753626227378845
stabilityai_sdxl-turbo,7608721,-0.28775426745414734
stabilityai_sdxl-turbo,7625977,0.7999469637870789
stabilityai_sdxl-turbo,7626721,1.0121430158615112
stabilityai_sdxl-turbo,7626833,0.7973656058311462
stabilityai_sdxl-turbo,7627310,-1.6539905071258545
stabilityai_sdxl-turbo,7651454,0.11742188781499863
stabilityai_sdxl-turbo,7654438,0.4789268672466278
stabilityai_sdxl-turbo,7664468,-1.3913922309875488
stabilityai_sdxl-turbo,7698915,-0.2366352379322052
stabilityai_sdxl-turbo,7700167,0.14511838555335999
stabilityai_sdxl-turbo,7700868,0.9566329717636108
stabilityai_sdxl-turbo,7701244,0.39190417528152466
stabilityai_sdxl-turbo,7702193,0.6120308637619019
stabilityai_sdxl-turbo,7710616,-1.062921404838562
stabilityai_sdxl-turbo,7834065,-0.8583744764328003
stabilityai_sdxl-turbo,7854266,0.9907393455505371
stabilityai_sdxl-turbo,7854455,0.448721319437027
stabilityai_sdxl-turbo,7871940,0.6806445121765137
stabilityai_sdxl-turbo,7891189,1.0835388898849487
stabilityai_sdxl-turbo,7897116,1.36809504032135
stabilityai_sdxl-turbo,7914271,0.7942187190055847
stabilityai_sdxl-turbo,7922764,0.7678338885307312
stabilityai_sdxl-turbo,7929519,0.45231857895851135
stabilityai_sdxl-turbo,7933274,0.6701775193214417
stabilityai_sdxl-turbo,7933530,0.7865656614303589
stabilityai_sdxl-turbo,8089797,0.5799815058708191
stabilityai_sdxl-turbo,8095160,0.8385622501373291
stabilityai_sdxl-turbo,8124208,-0.21636320650577545
stabilityai_sdxl-turbo,8339939,0.5986918807029724
stabilityai_sdxl-turbo,8876291,-0.18669097125530243
stabilityai_sdxl-turbo,9020389,0.678289532661438
stabilityai_sdxl-turbo,9044146,-0.46483519673347473
stabilityai_sdxl-turbo,9057052,-0.9913902282714844
stabilityai_sdxl-turbo,9427682,-0.7215588092803955
stabilityai_sdxl-turbo,9580065,1.2100309133529663
stabilityai_sdxl-turbo,9719434,1.1747000217437744
stabilityai_sdxl-turbo,9793248,1.6896065473556519
stabilityai_sdxl-turbo,9794211,-0.20975038409233093
stabilityai_sdxl-turbo,9862621,0.7196137309074402
stabilityai_sdxl-turbo,9875188,-0.6546763181686401
stabilityai_sdxl-turbo,9984659,0.7018640637397766
stabilityai_sdxl-turbo,10012874,-0.1660047173500061
stabilityai_sdxl-turbo,10024569,-0.7184259295463562
stabilityai_sdxl-turbo,10080493,-0.1789681315422058
stabilityai_sdxl-turbo,10106452,-1.3801894187927246
stabilityai_sdxl-turbo,10198409,-0.0339178591966629
stabilityai_sdxl-turbo,10333317,0.11718184500932693
stabilityai_sdxl-turbo,10408552,1.4607316255569458
stabilityai_sdxl-turbo,10444677,0.42234504222869873
stabilityai_sdxl-turbo,10453357,0.8025649785995483
stabilityai_sdxl-turbo,10548623,0.3699566721916199
stabilityai_sdxl-turbo,10572128,0.8749234080314636
stabilityai_sdxl-turbo,10794014,1.699895977973938
stabilityai_sdxl-turbo,10939743,-0.5473525524139404
stabilityai_sdxl-turbo,11039909,1.2694748640060425
stabilityai_sdxl-turbo,11334088,-0.2006695717573166
stabilityai_sdxl-turbo,11417672,0.8040487766265869
stabilityai_sdxl-turbo,11437577,0.11403623968362808
stabilityai_sdxl-turbo,11460338,-0.41330334544181824
stabilityai_sdxl-turbo,12345739,0.6999656558036804
stabilityai_sdxl-turbo,12402348,-0.7793919444084167
stabilityai_sdxl-turbo,13221529,-0.23092840611934662
stabilityai_sdxl-turbo,13290566,-1.5600429773330688
stabilityai_sdxl-turbo,13389475,-0.002599910367280245
stabilityai_sdxl-turbo,13390139,1.045204997062683
stabilityai_sdxl-turbo,13390405,0.8015740513801575
stabilityai_sdxl-turbo,13392786,0.3162098526954651
stabilityai_sdxl-turbo,13649361,-1.2838046550750732
stabilityai_sdxl-turbo,13716878,0.16449275612831116
stabilityai_sdxl-turbo,13884740,0.29408228397369385
stabilityai_sdxl-turbo,13915305,0.5737159252166748
stabilityai_sdxl-turbo,13931145,-0.1574597954750061
stabilityai_sdxl-turbo,13984082,-0.6221762895584106
stabilityai_sdxl-turbo,14140678,-0.19032974541187286
stabilityai_sdxl-turbo,14195315,0.2832493484020233
stabilityai_sdxl-turbo,14294568,-0.24659018218517303
stabilityai_sdxl-turbo,14320813,0.17623230814933777
stabilityai_sdxl-turbo,14360436,-0.45722803473472595
stabilityai_sdxl-turbo,14488317,0.15965577960014343
stabilityai_sdxl-turbo,14533937,-0.7888509631156921
stabilityai_sdxl-turbo,14550987,0.10896766930818558
stabilityai_sdxl-turbo,14579933,-1.6649868488311768
stabilityai_sdxl-turbo,14606290,0.6171076893806458
stabilityai_sdxl-turbo,14620257,-0.47402307391166687
stabilityai_sdxl-turbo,14632648,-2.045443534851074
stabilityai_sdxl-turbo,14647235,0.5867383480072021
stabilityai_sdxl-turbo,14654954,-0.6219933032989502
stabilityai_sdxl-turbo,14686352,-1.2976441383361816
stabilityai_sdxl-turbo,14702875,-0.909877598285675
stabilityai_sdxl-turbo,14703190,-1.799135446548462
stabilityai_sdxl-turbo,14807929,0.46666380763053894
stabilityai_sdxl-turbo,14809057,-0.31798887252807617
stabilityai_sdxl-turbo,14867690,0.5432648658752441
stabilityai_sdxl-turbo,14872875,-0.4682689607143402
stabilityai_sdxl-turbo,14880557,1.423923134803772
stabilityai_sdxl-turbo,14894140,-1.04562246799469
stabilityai_sdxl-turbo,15180934,-0.5303428173065186
stabilityai_sdxl-turbo,15970145,-0.2480756938457489
stabilityai_sdxl-turbo,17002912,0.55068039894104
stabilityai_sdxl-turbo,17012379,0.5419905781745911
stabilityai_sdxl-turbo,17282800,1.1170934438705444
stabilityai_sdxl-turbo,17925539,0.10507240146398544
stabilityai_sdxl-turbo,18367104,0.7564495205879211
stabilityai_sdxl-turbo,18758723,0.05442668870091438
stabilityai_sdxl-turbo,19143128,0.9934735894203186
stabilityai_sdxl-turbo,19671124,-0.32060012221336365
stabilityai_sdxl-turbo,19855707,-1.2328321933746338
stabilityai_sdxl-turbo,19893872,0.2084641456604004
stabilityai_sdxl-turbo,20017667,-0.5041425824165344
stabilityai_sdxl-turbo,20128079,-0.3702183663845062
stabilityai_sdxl-turbo,20471134,0.13319531083106995
stabilityai_sdxl-turbo,20495093,0.0825999528169632
stabilityai_sdxl-turbo,20782430,-0.12033112347126007
stabilityai_sdxl-turbo,21377549,0.36785221099853516
stabilityai_sdxl-turbo,21564446,-0.6537675857543945
stabilityai_sdxl-turbo,21620388,0.7324141263961792
stabilityai_sdxl-turbo,22149540,-0.24279235303401947
stabilityai_sdxl-turbo,22738759,-1.9033559560775757
stabilityai_sdxl-turbo,22767176,0.024811238050460815
stabilityai_sdxl-turbo,23129661,-0.9820176959037781
stabilityai_sdxl-turbo,23185551,0.245243638753891
stabilityai_sdxl-turbo,23232427,-0.516423225402832
stabilityai_sdxl-turbo,23257851,-0.1329071968793869
stabilityai_sdxl-turbo,23620789,0.9409207105636597
stabilityai_sdxl-turbo,24808131,0.7499911785125732
stabilityai_sdxl-turbo,24843217,-0.4636440873146057
stabilityai_sdxl-turbo,24933378,0.8553152680397034
stabilityai_sdxl-turbo,24942232,0.7766373157501221
stabilityai_sdxl-turbo,25290589,-0.5066354870796204
stabilityai_sdxl-turbo,25579216,-0.733031690120697
stabilityai_sdxl-turbo,25685207,-0.9625289440155029
stabilityai_sdxl-turbo,25776594,0.19825196266174316
stabilityai_sdxl-turbo,26078214,0.2525802254676819
stabilityai_sdxl-turbo,26746434,0.2816794812679291
stabilityai_sdxl-turbo,26998039,-0.7529927492141724
stabilityai_sdxl-turbo,27106238,-0.5373100638389587
stabilityai_sdxl-turbo,27246777,-0.5434910655021667
stabilityai_sdxl-turbo,27768637,0.34991255402565
stabilityai_sdxl-turbo,27871992,-0.8803704977035522
stabilityai_sdxl-turbo,28190972,0.07640806585550308
stabilityai_sdxl-turbo,29094321,0.18681445717811584
stabilityai_sdxl-turbo,29148617,0.3207271993160248
stabilityai_sdxl-turbo,29161294,-0.3858182430267334
stabilityai_sdxl-turbo,29632917,0.028851298615336418
stabilityai_sdxl-turbo,29703209,-0.15542897582054138
stabilityai_sdxl-turbo,29779486,0.6621924638748169
stabilityai_sdxl-turbo,30028757,-0.29352667927742004
stabilityai_sdxl-turbo,30225071,0.46766769886016846
stabilityai_sdxl-turbo,30373565,0.45205584168434143
stabilityai_sdxl-turbo,30484086,-1.1047033071517944
stabilityai_sdxl-turbo,30883080,-1.2744325399398804
stabilityai_sdxl-turbo,31114750,-1.2698580026626587
stabilityai_sdxl-turbo,31196176,0.6095356941223145
stabilityai_sdxl-turbo,31391857,0.29687076807022095
stabilityai_sdxl-turbo,31595142,0.4039252996444702
stabilityai_sdxl-turbo,32152786,-0.9577441215515137
stabilityai_sdxl-turbo,32327818,-0.47882869839668274
stabilityai_sdxl-turbo,32379732,1.0254170894622803
stabilityai_sdxl-turbo,32473966,-0.6558257937431335
stabilityai_sdxl-turbo,32902730,0.6923896670341492
stabilityai_sdxl-turbo,32932491,-1.4882879257202148
stabilityai_sdxl-turbo,33006578,0.18555697798728943
stabilityai_sdxl-turbo,33478721,0.8912374973297119
stabilityai_sdxl-turbo,34475997,-0.17744553089141846
stabilityai_sdxl-turbo,34578737,-0.6072707772254944
stabilityai_sdxl-turbo,34773230,-1.3689230680465698
stabilityai_sdxl-turbo,36507085,-0.1953718662261963
stabilityai_sdxl-turbo,36678439,0.14930154383182526
stabilityai_sdxl-turbo,37287360,1.0634880065917969
stabilityai_sdxl-turbo,37319253,0.7042934894561768
stabilityai_sdxl-turbo,37547870,-0.6557677388191223
stabilityai_sdxl-turbo,37736408,0.46879658102989197
stabilityai_sdxl-turbo,38014258,0.26223835349082947
stabilityai_sdxl-turbo,38297191,0.4381343424320221
stabilityai_sdxl-turbo,38402744,0.7839792966842651
stabilityai_sdxl-turbo,38954086,-0.5459536910057068
stabilityai_sdxl-turbo,39139190,1.0957772731781006
stabilityai_sdxl-turbo,39560404,-0.53648841381073
stabilityai_sdxl-turbo,39566065,1.21230149269104
stabilityai_sdxl-turbo,39595218,1.6564682722091675
stabilityai_sdxl-turbo,40825299,0.1955200433731079
stabilityai_sdxl-turbo,40945115,-1.929756999015808
stabilityai_sdxl-turbo,40995095,-0.06808170676231384
stabilityai_sdxl-turbo,41015844,-0.5675568580627441
stabilityai_sdxl-turbo,41031648,0.026548173278570175
stabilityai_sdxl-turbo,41161074,-1.3033223152160645
stabilityai_sdxl-turbo,41458919,-0.14160437881946564
stabilityai_sdxl-turbo,41565779,0.41718024015426636
stabilityai_sdxl-turbo,41766391,0.7384328246116638
stabilityai_sdxl-turbo,41982710,0.2580961287021637
stabilityai_sdxl-turbo,42048260,0.17547252774238586
stabilityai_sdxl-turbo,42849420,-0.3909562826156616
stabilityai_sdxl-turbo,42931583,0.6903907656669617
stabilityai_sdxl-turbo,43060946,0.04677877575159073
stabilityai_sdxl-turbo,43153800,0.13077612221240997
stabilityai_sdxl-turbo,43161384,0.2132367193698883
stabilityai_sdxl-turbo,43301379,0.7492687106132507
stabilityai_sdxl-turbo,43304323,0.734939455986023
stabilityai_sdxl-turbo,43367797,-0.38759803771972656
stabilityai_sdxl-turbo,43431032,-0.11500860750675201
stabilityai_sdxl-turbo,43631801,0.7499495148658752
stabilityai_sdxl-turbo,43735560,0.1621573120355606
stabilityai_sdxl-turbo,43858443,1.0088955163955688
stabilityai_sdxl-turbo,43918624,-1.234588623046875
stabilityai_sdxl-turbo,44280552,-0.686917245388031
stabilityai_sdxl-turbo,44295589,-1.0996670722961426
stabilityai_sdxl-turbo,44621915,-0.2862927317619324
stabilityai_sdxl-turbo,44645737,-0.6261067390441895
stabilityai_sdxl-turbo,44838123,-0.41730374097824097
stabilityai_sdxl-turbo,45258070,-0.6741994619369507
stabilityai_sdxl-turbo,45297641,-0.5447630882263184
stabilityai_sdxl-turbo,45418454,0.23142409324645996
stabilityai_sdxl-turbo,45564900,-1.533618688583374
stabilityai_sdxl-turbo,46150029,-0.37582722306251526
stabilityai_sdxl-turbo,46394736,0.15635626018047333
stabilityai_sdxl-turbo,46673664,0.21413256227970123
stabilityai_sdxl-turbo,46994920,0.04105927050113678
stabilityai_sdxl-turbo,47009060,-1.8014569282531738
stabilityai_sdxl-turbo,47552953,1.2459025382995605
stabilityai_sdxl-turbo,47595220,1.0160995721817017
stabilityai_sdxl-turbo,47819321,0.37399351596832275
stabilityai_sdxl-turbo,48223384,0.2010532170534134
stabilityai_sdxl-turbo,48351897,-0.19666260480880737
stabilityai_sdxl-turbo,48754831,-0.603387176990509
stabilityai_sdxl-turbo,49054805,0.7723692059516907
stabilityai_sdxl-turbo,49089576,1.3704888820648193
stabilityai_sdxl-turbo,49300740,-0.4765322208404541
stabilityai_sdxl-turbo,49358811,0.7464631795883179
stabilityai_sdxl-turbo,49462954,-0.3763062655925751
stabilityai_sdxl-turbo,50262859,0.5360011458396912
stabilityai_sdxl-turbo,50871471,0.8540347218513489
stabilityai_sdxl-turbo,50952217,0.34684044122695923
stabilityai_sdxl-turbo,51060824,-0.811174213886261
stabilityai_sdxl-turbo,51314050,-2.0460917949676514
stabilityai_sdxl-turbo,51946990,0.7792391777038574
stabilityai_sdxl-turbo,52325745,-0.9685408473014832
stabilityai_sdxl-turbo,52474100,0.9054051041603088
stabilityai_sdxl-turbo,52516409,-0.29572436213493347
stabilityai_sdxl-turbo,52711595,0.6349683403968811
stabilityai_sdxl-turbo,53022028,-1.1801815032958984
stabilityai_sdxl-turbo,53205877,-1.855900764465332
stabilityai_sdxl-turbo,53288018,-0.6037594676017761
stabilityai_sdxl-turbo,53443611,0.7440748810768127
stabilityai_sdxl-turbo,53815934,-0.2122923880815506
stabilityai_sdxl-turbo,54495173,0.5802568793296814
stabilityai_sdxl-turbo,54931507,0.11044694483280182
stabilityai_sdxl-turbo,55191509,0.5698714256286621
stabilityai_sdxl-turbo,55255145,-0.0185230802744627
stabilityai_sdxl-turbo,55457672,-0.5840324759483337
stabilityai_sdxl-turbo,55588327,0.03419851139187813
stabilityai_sdxl-turbo,55653646,0.9955264925956726
stabilityai_sdxl-turbo,55658809,-1.1098777055740356
stabilityai_sdxl-turbo,55812974,-0.06905057281255722
stabilityai_sdxl-turbo,55819553,-1.3419647216796875
stabilityai_sdxl-turbo,55826966,-0.361538290977478
stabilityai_sdxl-turbo,55983905,0.13083532452583313
stabilityai_sdxl-turbo,56074056,-1.2782068252563477
stabilityai_sdxl-turbo,56112588,-0.28078702092170715
stabilityai_sdxl-turbo,56121520,0.030516348779201508
stabilityai_sdxl-turbo,56250900,0.5451560616493225
stabilityai_sdxl-turbo,56458800,0.24462805688381195
stabilityai_sdxl-turbo,56792430,0.3745781183242798
stabilityai_sdxl-turbo,56982260,-0.007260884158313274
stabilityai_sdxl-turbo,57673976,-1.0744757652282715
stabilityai_sdxl-turbo,57716963,0.7271395325660706
stabilityai_sdxl-turbo,57729980,-1.6511659622192383
stabilityai_sdxl-turbo,57785005,0.7390667200088501
stabilityai_sdxl-turbo,57873614,-0.3043838441371918
stabilityai_sdxl-turbo,58727024,0.07176226377487183
stabilityai_sdxl-turbo,58761464,-0.7804306149482727
stabilityai_sdxl-turbo,59399259,-0.2001967430114746
stabilityai_sdxl-turbo,59976859,0.6280600428581238
stabilityai_sdxl-turbo,60083345,0.3047052025794983
stabilityai_sdxl-turbo,60214770,0.08063194155693054
stabilityai_sdxl-turbo,60215376,-1.172671914100647
stabilityai_sdxl-turbo,60375309,-0.18718469142913818
stabilityai_sdxl-turbo,60606896,-0.43061932921409607
stabilityai_sdxl-turbo,60668084,0.784518301486969
stabilityai_sdxl-turbo,61035709,-0.7667763829231262
stabilityai_sdxl-turbo,61388266,0.16110078990459442
stabilityai_sdxl-turbo,61627313,-0.4631892442703247
stabilityai_sdxl-turbo,61635816,0.060014691203832626
stabilityai_sdxl-turbo,61853324,1.2242351770401
stabilityai_sdxl-turbo,62408818,0.3093137741088867
stabilityai_sdxl-turbo,62841330,0.2658861577510834
stabilityai_sdxl-turbo,63015570,1.1617590188980103
stabilityai_sdxl-turbo,63336441,0.14574027061462402
stabilityai_sdxl-turbo,63633117,-0.35122621059417725
stabilityai_sdxl-turbo,64576544,-0.5449154376983643
stabilityai_sdxl-turbo,64687077,-1.064361572265625
stabilityai_sdxl-turbo,64693533,1.5352835655212402
stabilityai_sdxl-turbo,64856142,0.7488470673561096
stabilityai_sdxl-turbo,65411270,-0.46921396255493164
stabilityai_sdxl-turbo,65557844,-0.5323960185050964
stabilityai_sdxl-turbo,65824677,-0.3224019706249237
stabilityai_sdxl-turbo,65890875,1.3612593412399292
stabilityai_sdxl-turbo,65960228,1.5027741193771362
stabilityai_sdxl-turbo,66668538,-1.7119888067245483
stabilityai_sdxl-turbo,67344811,0.6181856393814087
stabilityai_sdxl-turbo,67949798,-0.26550915837287903
stabilityai_sdxl-turbo,68246844,-0.6149821281433105
stabilityai_sdxl-turbo,68280322,-1.4056814908981323
stabilityai_sdxl-turbo,68321683,0.6668386459350586
stabilityai_sdxl-turbo,68380669,0.007899577729403973
stabilityai_sdxl-turbo,68575085,1.2041196823120117
stabilityai_sdxl-turbo,70380966,0.8540301322937012
stabilityai_sdxl-turbo,70494671,-1.1452609300613403
stabilityai_sdxl-turbo,71055464,-0.7947744727134705
stabilityai_sdxl-turbo,71591839,-0.9524783492088318
stabilityai_sdxl-turbo,71828875,-0.5323538184165955
stabilityai_sdxl-turbo,71910823,0.5775166749954224
stabilityai_sdxl-turbo,71959499,0.33411601185798645
stabilityai_sdxl-turbo,72432241,0.9306118488311768
stabilityai_sdxl-turbo,72553814,-0.04646722972393036
stabilityai_sdxl-turbo,73051579,0.017513077706098557
stabilityai_sdxl-turbo,73600586,-0.3502042889595032
stabilityai_sdxl-turbo,73616417,0.703942596912384
stabilityai_sdxl-turbo,73681289,1.293565273284912
stabilityai_sdxl-turbo,73962724,-1.5940804481506348
stabilityai_sdxl-turbo,74175857,-0.8292974233627319
stabilityai_sdxl-turbo,75051801,0.002228902420029044
stabilityai_sdxl-turbo,75787772,-0.42438963055610657
stabilityai_sdxl-turbo,75944980,-1.0969473123550415
stabilityai_sdxl-turbo,75964288,0.6388629674911499
stabilityai_sdxl-turbo,76066166,0.10598267614841461
stabilityai_sdxl-turbo,76100398,0.5933390855789185
stabilityai_sdxl-turbo,76425345,-0.2956216335296631
stabilityai_sdxl-turbo,77106105,0.2499038279056549
stabilityai_sdxl-turbo,77132310,1.1105941534042358
stabilityai_sdxl-turbo,77232534,-0.8979589939117432
stabilityai_sdxl-turbo,77312726,-0.2879074215888977
stabilityai_sdxl-turbo,77358840,0.2597188949584961
stabilityai_sdxl-turbo,77490593,-0.6066953539848328
stabilityai_sdxl-turbo,77726888,0.5743765234947205
stabilityai_sdxl-turbo,78735978,0.42306917905807495
stabilityai_sdxl-turbo,79077085,-1.0605854988098145
stabilityai_sdxl-turbo,79212243,0.18214836716651917
stabilityai_sdxl-turbo,79606917,-0.3267515003681183
stabilityai_sdxl-turbo,79918827,1.3529391288757324
stabilityai_sdxl-turbo,80289373,0.6098897457122803
stabilityai_sdxl-turbo,80371125,0.6479185223579407
stabilityai_sdxl-turbo,80540387,-0.8235117793083191
stabilityai_sdxl-turbo,81135077,0.025729268789291382
stabilityai_sdxl-turbo,81303945,-0.8591420650482178
stabilityai_sdxl-turbo,81435593,-0.5380045175552368
stabilityai_sdxl-turbo,82282590,1.0963586568832397
stabilityai_sdxl-turbo,82696415,-0.7328993082046509
stabilityai_sdxl-turbo,82916016,-1.9788691997528076
stabilityai_sdxl-turbo,83084473,1.6228110790252686
stabilityai_sdxl-turbo,83418847,1.6036916971206665
stabilityai_sdxl-turbo,84089324,-1.2229300737380981
stabilityai_sdxl-turbo,84306831,-0.38332080841064453
stabilityai_sdxl-turbo,84510135,-0.44305551052093506
stabilityai_sdxl-turbo,84788890,1.4516675472259521
stabilityai_sdxl-turbo,84985982,0.45605820417404175
stabilityai_sdxl-turbo,85191733,0.20583879947662354
stabilityai_sdxl-turbo,86119145,1.0992618799209595
stabilityai_sdxl-turbo,86340862,0.0402703620493412
stabilityai_sdxl-turbo,86341828,0.3361932337284088
stabilityai_sdxl-turbo,86537356,-0.8301853537559509
stabilityai_sdxl-turbo,86701636,0.7724670171737671
stabilityai_sdxl-turbo,86714939,1.2282825708389282
stabilityai_sdxl-turbo,87574583,0.8439741730690002
stabilityai_sdxl-turbo,87699711,0.07839375734329224
stabilityai_sdxl-turbo,88016571,0.46440425515174866
stabilityai_sdxl-turbo,88087492,0.49515435099601746
stabilityai_sdxl-turbo,89227603,0.6062792539596558
stabilityai_sdxl-turbo,89539854,-0.6272557973861694
stabilityai_sdxl-turbo,89926787,0.8100379109382629
stabilityai_sdxl-turbo,90244932,0.6844670176506042
stabilityai_sdxl-turbo,90493027,-0.535891056060791
stabilityai_sdxl-turbo,90613035,0.5342111587524414
stabilityai_sdxl-turbo,91368797,0.25507038831710815
stabilityai_sdxl-turbo,91784299,-0.43782657384872437
stabilityai_sdxl-turbo,91790573,0.24783873558044434
stabilityai_sdxl-turbo,91834546,-1.2754987478256226
stabilityai_sdxl-turbo,92068094,1.1457067728042603
stabilityai_sdxl-turbo,92311656,-0.3905763328075409
stabilityai_sdxl-turbo,92709444,0.42323413491249084
stabilityai_sdxl-turbo,93114575,0.551436185836792
stabilityai_sdxl-turbo,93256557,-0.29819655418395996
stabilityai_sdxl-turbo,93407716,-1.3145514726638794
stabilityai_sdxl-turbo,93436296,0.8126606345176697
stabilityai_sdxl-turbo,93512057,-0.06291977316141129
stabilityai_sdxl-turbo,94006560,-1.089778184890747
stabilityai_sdxl-turbo,94321535,0.8892488479614258
stabilityai_sdxl-turbo,94532154,-0.016190698370337486
stabilityai_sdxl-turbo,95171107,-1.413629412651062
stabilityai_sdxl-turbo,95228839,-0.059777941554784775
stabilityai_sdxl-turbo,95325441,-0.6695365309715271
stabilityai_sdxl-turbo,95450946,0.7810647487640381
stabilityai_sdxl-turbo,95583911,0.5566061735153198
stabilityai_sdxl-turbo,95718306,0.3602117896080017
stabilityai_sdxl-turbo,95737828,-0.37872064113616943
stabilityai_sdxl-turbo,96448597,0.12183760851621628
stabilityai_sdxl-turbo,96482065,-0.14690448343753815
stabilityai_sdxl-turbo,96521920,-0.03774821758270264
stabilityai_sdxl-turbo,96850153,-0.4366128444671631
stabilityai_sdxl-turbo,98113191,0.5444687008857727
stabilityai_sdxl-turbo,98195317,0.617408812046051
stabilityai_sdxl-turbo,98254655,1.0784831047058105
stabilityai_sdxl-turbo,98319500,0.22231492400169373
stabilityai_sdxl-turbo,98642787,0.27732300758361816
stabilityai_sdxl-turbo,98646702,-1.1745150089263916
stabilityai_sdxl-turbo,98929226,-1.4869040250778198
stabilityai_sdxl-turbo,99178779,0.985087513923645
stabilityai_sdxl-turbo,99185892,0.1720341295003891
stabilityai_sdxl-turbo,99211012,0.2619262933731079
stabilityai_sdxl-turbo,99410560,0.009996995329856873
stabilityai_sdxl-turbo,99862294,0.103664830327034
stabilityai_stable-diffusion-3-medium-diffusers,138508,-0.6827496290206909
stabilityai_stable-diffusion-3-medium-diffusers,192051,0.32767850160598755
stabilityai_stable-diffusion-3-medium-diffusers,213186,-0.5920774340629578
stabilityai_stable-diffusion-3-medium-diffusers,232386,-0.06269528716802597
stabilityai_stable-diffusion-3-medium-diffusers,232765,0.461453378200531
stabilityai_stable-diffusion-3-medium-diffusers,258857,-0.7567967772483826
stabilityai_stable-diffusion-3-medium-diffusers,283090,-0.1219123974442482
stabilityai_stable-diffusion-3-medium-diffusers,285141,-0.860650897026062
stabilityai_stable-diffusion-3-medium-diffusers,399030,0.17653153836727142
stabilityai_stable-diffusion-3-medium-diffusers,440189,0.17062924802303314
stabilityai_stable-diffusion-3-medium-diffusers,445169,-1.371948003768921
stabilityai_stable-diffusion-3-medium-diffusers,486490,-0.4733435809612274
stabilityai_stable-diffusion-3-medium-diffusers,487072,-0.37668541073799133
stabilityai_stable-diffusion-3-medium-diffusers,487326,-0.12270309776067734
stabilityai_stable-diffusion-3-medium-diffusers,489837,0.2301388531923294
stabilityai_stable-diffusion-3-medium-diffusers,646833,0.810180127620697
stabilityai_stable-diffusion-3-medium-diffusers,708860,0.03369446098804474
stabilityai_stable-diffusion-3-medium-diffusers,717208,0.8552587628364563
stabilityai_stable-diffusion-3-medium-diffusers,717468,1.763397216796875
stabilityai_stable-diffusion-3-medium-diffusers,735254,-0.4876704514026642
stabilityai_stable-diffusion-3-medium-diffusers,762478,0.6411319375038147
stabilityai_stable-diffusion-3-medium-diffusers,825443,1.2131797075271606
stabilityai_stable-diffusion-3-medium-diffusers,831919,0.5453616976737976
stabilityai_stable-diffusion-3-medium-diffusers,896677,-0.25181540846824646
stabilityai_stable-diffusion-3-medium-diffusers,936620,-0.037805091589689255
stabilityai_stable-diffusion-3-medium-diffusers,974367,0.15356160700321198
stabilityai_stable-diffusion-3-medium-diffusers,993014,0.29952701926231384
stabilityai_stable-diffusion-3-medium-diffusers,995855,-0.1209377720952034
stabilityai_stable-diffusion-3-medium-diffusers,1113367,-0.6202452182769775
stabilityai_stable-diffusion-3-medium-diffusers,1171644,0.4119851589202881
stabilityai_stable-diffusion-3-medium-diffusers,1209135,-0.3590298295021057
stabilityai_stable-diffusion-3-medium-diffusers,1317294,0.7787972092628479
stabilityai_stable-diffusion-3-medium-diffusers,1317533,-0.3703456223011017
stabilityai_stable-diffusion-3-medium-diffusers,1321854,1.5269577503204346
stabilityai_stable-diffusion-3-medium-diffusers,1377758,-1.4404940605163574
stabilityai_stable-diffusion-3-medium-diffusers,1474832,-1.0039405822753906
stabilityai_stable-diffusion-3-medium-diffusers,1516071,-0.1557546705007553
stabilityai_stable-diffusion-3-medium-diffusers,1566705,0.36121976375579834
stabilityai_stable-diffusion-3-medium-diffusers,1640855,0.66004878282547
stabilityai_stable-diffusion-3-medium-diffusers,1668603,-0.9959427118301392
stabilityai_stable-diffusion-3-medium-diffusers,1678990,1.5425115823745728
stabilityai_stable-diffusion-3-medium-diffusers,1699831,1.49601149559021
stabilityai_stable-diffusion-3-medium-diffusers,1707698,0.9724007844924927
stabilityai_stable-diffusion-3-medium-diffusers,1727942,-0.260303795337677
stabilityai_stable-diffusion-3-medium-diffusers,2045760,-2.263392448425293
stabilityai_stable-diffusion-3-medium-diffusers,2075049,0.19398148357868195
stabilityai_stable-diffusion-3-medium-diffusers,2075764,0.10283519327640533
stabilityai_stable-diffusion-3-medium-diffusers,2241569,1.1770505905151367
stabilityai_stable-diffusion-3-medium-diffusers,2720725,-0.72475266456604
stabilityai_stable-diffusion-3-medium-diffusers,2721160,-0.22247828543186188
stabilityai_stable-diffusion-3-medium-diffusers,2730265,-0.6411645412445068
stabilityai_stable-diffusion-3-medium-diffusers,2744395,-1.872424602508545
stabilityai_stable-diffusion-3-medium-diffusers,2770078,1.6088095903396606
stabilityai_stable-diffusion-3-medium-diffusers,2793684,0.03104846179485321
stabilityai_stable-diffusion-3-medium-diffusers,2803666,0.4253426492214203
stabilityai_stable-diffusion-3-medium-diffusers,2807731,-0.9185282588005066
stabilityai_stable-diffusion-3-medium-diffusers,2821943,0.688842236995697
stabilityai_stable-diffusion-3-medium-diffusers,2824319,-0.8428339958190918
stabilityai_stable-diffusion-3-medium-diffusers,2825442,0.28360605239868164
stabilityai_stable-diffusion-3-medium-diffusers,2852043,0.7124279141426086
stabilityai_stable-diffusion-3-medium-diffusers,2870293,0.03025943599641323
stabilityai_stable-diffusion-3-medium-diffusers,2870880,0.44307512044906616
stabilityai_stable-diffusion-3-medium-diffusers,2923535,0.1306864321231842
stabilityai_stable-diffusion-3-medium-diffusers,2933112,1.1475138664245605
stabilityai_stable-diffusion-3-medium-diffusers,2963987,0.36317890882492065
stabilityai_stable-diffusion-3-medium-diffusers,2991302,-0.0368940569460392
stabilityai_stable-diffusion-3-medium-diffusers,3024209,0.2119464874267578
stabilityai_stable-diffusion-3-medium-diffusers,3035832,0.8571006059646606
stabilityai_stable-diffusion-3-medium-diffusers,3049457,-0.22159038484096527
stabilityai_stable-diffusion-3-medium-diffusers,3107488,-1.1433742046356201
stabilityai_stable-diffusion-3-medium-diffusers,3131388,0.18618810176849365
stabilityai_stable-diffusion-3-medium-diffusers,3131669,-0.9661104679107666
stabilityai_stable-diffusion-3-medium-diffusers,3152830,1.100106120109558
stabilityai_stable-diffusion-3-medium-diffusers,3249569,1.4455375671386719
stabilityai_stable-diffusion-3-medium-diffusers,3262349,1.1105661392211914
stabilityai_stable-diffusion-3-medium-diffusers,3288500,0.5983293056488037
stabilityai_stable-diffusion-3-medium-diffusers,3298716,1.1504652500152588
stabilityai_stable-diffusion-3-medium-diffusers,3308246,1.2164438962936401
stabilityai_stable-diffusion-3-medium-diffusers,3309110,0.15408864617347717
stabilityai_stable-diffusion-3-medium-diffusers,3347220,-0.1712665557861328
stabilityai_stable-diffusion-3-medium-diffusers,3353281,0.46153804659843445
stabilityai_stable-diffusion-3-medium-diffusers,3366112,-0.21270638704299927
stabilityai_stable-diffusion-3-medium-diffusers,3411927,0.4134151339530945
stabilityai_stable-diffusion-3-medium-diffusers,3456665,0.7006270885467529
stabilityai_stable-diffusion-3-medium-diffusers,3563208,-1.4438412189483643
stabilityai_stable-diffusion-3-medium-diffusers,3580281,-0.9729835987091064
stabilityai_stable-diffusion-3-medium-diffusers,3603442,1.3427318334579468
stabilityai_stable-diffusion-3-medium-diffusers,3607029,1.7544525861740112
stabilityai_stable-diffusion-3-medium-diffusers,3628071,1.4162836074829102
stabilityai_stable-diffusion-3-medium-diffusers,3630383,1.9014432430267334
stabilityai_stable-diffusion-3-medium-diffusers,3676483,-0.3468790054321289
stabilityai_stable-diffusion-3-medium-diffusers,3679712,0.006219746079295874
stabilityai_stable-diffusion-3-medium-diffusers,3685307,0.47467300295829773
stabilityai_stable-diffusion-3-medium-diffusers,3703463,0.5993607044219971
stabilityai_stable-diffusion-3-medium-diffusers,3714235,0.3493032157421112
stabilityai_stable-diffusion-3-medium-diffusers,3728318,0.03716641291975975
stabilityai_stable-diffusion-3-medium-diffusers,3748162,0.9420831203460693
stabilityai_stable-diffusion-3-medium-diffusers,3764276,1.1910789012908936
stabilityai_stable-diffusion-3-medium-diffusers,3818090,-0.4105740785598755
stabilityai_stable-diffusion-3-medium-diffusers,3842156,0.766286313533783
stabilityai_stable-diffusion-3-medium-diffusers,3880032,1.4965720176696777
stabilityai_stable-diffusion-3-medium-diffusers,3889343,-1.201298475265503
stabilityai_stable-diffusion-3-medium-diffusers,3907654,0.9047594666481018
stabilityai_stable-diffusion-3-medium-diffusers,3940713,0.7491288185119629
stabilityai_stable-diffusion-3-medium-diffusers,3975232,-0.5191448330879211
stabilityai_stable-diffusion-3-medium-diffusers,3982060,1.4076564311981201
stabilityai_stable-diffusion-3-medium-diffusers,3990474,1.6746386289596558
stabilityai_stable-diffusion-3-medium-diffusers,4010305,-0.021616889163851738
stabilityai_stable-diffusion-3-medium-diffusers,4025130,1.1941392421722412
stabilityai_stable-diffusion-3-medium-diffusers,4062807,1.2191307544708252
stabilityai_stable-diffusion-3-medium-diffusers,4123448,0.5446879267692566
stabilityai_stable-diffusion-3-medium-diffusers,4125853,0.2544550895690918
stabilityai_stable-diffusion-3-medium-diffusers,4140340,1.6119168996810913
stabilityai_stable-diffusion-3-medium-diffusers,4145056,1.0832362174987793
stabilityai_stable-diffusion-3-medium-diffusers,4192521,-0.10598354786634445
stabilityai_stable-diffusion-3-medium-diffusers,4259202,1.0009549856185913
stabilityai_stable-diffusion-3-medium-diffusers,4285773,-1.4249625205993652
stabilityai_stable-diffusion-3-medium-diffusers,4345028,0.6033408045768738
stabilityai_stable-diffusion-3-medium-diffusers,4387201,1.5560206174850464
stabilityai_stable-diffusion-3-medium-diffusers,4416901,1.1792927980422974
stabilityai_stable-diffusion-3-medium-diffusers,4455579,0.8188425302505493
stabilityai_stable-diffusion-3-medium-diffusers,4497570,0.9581581354141235
stabilityai_stable-diffusion-3-medium-diffusers,4534520,1.1490600109100342
stabilityai_stable-diffusion-3-medium-diffusers,4539203,-0.2835942804813385
stabilityai_stable-diffusion-3-medium-diffusers,4552551,-0.35520699620246887
stabilityai_stable-diffusion-3-medium-diffusers,4596797,0.18385355174541473
stabilityai_stable-diffusion-3-medium-diffusers,4832208,-1.0106531381607056
stabilityai_stable-diffusion-3-medium-diffusers,4930139,1.4950329065322876
stabilityai_stable-diffusion-3-medium-diffusers,5008085,-0.6075233221054077
stabilityai_stable-diffusion-3-medium-diffusers,5219923,-1.6734296083450317
stabilityai_stable-diffusion-3-medium-diffusers,5316083,-0.362152636051178
stabilityai_stable-diffusion-3-medium-diffusers,5350912,-1.3569560050964355
stabilityai_stable-diffusion-3-medium-diffusers,5374860,1.0306599140167236
stabilityai_stable-diffusion-3-medium-diffusers,5410315,-1.4166247844696045
stabilityai_stable-diffusion-3-medium-diffusers,5522784,-0.5386539101600647
stabilityai_stable-diffusion-3-medium-diffusers,5728577,0.17805352807044983
stabilityai_stable-diffusion-3-medium-diffusers,5752544,-2.220167636871338
stabilityai_stable-diffusion-3-medium-diffusers,5794797,0.6054985523223877
stabilityai_stable-diffusion-3-medium-diffusers,5895919,0.9081968069076538
stabilityai_stable-diffusion-3-medium-diffusers,5958517,-1.769385814666748
stabilityai_stable-diffusion-3-medium-diffusers,6189776,0.8268969655036926
stabilityai_stable-diffusion-3-medium-diffusers,6528587,-0.3188479244709015
stabilityai_stable-diffusion-3-medium-diffusers,6584891,-0.17390719056129456
stabilityai_stable-diffusion-3-medium-diffusers,6586355,0.2943386137485504
stabilityai_stable-diffusion-3-medium-diffusers,6607809,-1.5404961109161377
stabilityai_stable-diffusion-3-medium-diffusers,6615026,-0.9204901456832886
stabilityai_stable-diffusion-3-medium-diffusers,6615458,-1.3535215854644775
stabilityai_stable-diffusion-3-medium-diffusers,6615818,-0.10278473794460297
stabilityai_stable-diffusion-3-medium-diffusers,6616314,-0.3725903034210205
stabilityai_stable-diffusion-3-medium-diffusers,6617011,-1.0937252044677734
stabilityai_stable-diffusion-3-medium-diffusers,6617413,0.04877901077270508
stabilityai_stable-diffusion-3-medium-diffusers,6729499,-0.11476409435272217
stabilityai_stable-diffusion-3-medium-diffusers,6880664,-0.5458790063858032
stabilityai_stable-diffusion-3-medium-diffusers,6883725,0.9375274181365967
stabilityai_stable-diffusion-3-medium-diffusers,6946774,-0.4652958810329437
stabilityai_stable-diffusion-3-medium-diffusers,7025268,1.0370876789093018
stabilityai_stable-diffusion-3-medium-diffusers,7109847,-0.3312492370605469
stabilityai_stable-diffusion-3-medium-diffusers,7116261,1.132655143737793
stabilityai_stable-diffusion-3-medium-diffusers,7150023,0.8950133323669434
stabilityai_stable-diffusion-3-medium-diffusers,7163803,1.1543630361557007
stabilityai_stable-diffusion-3-medium-diffusers,7507098,-1.1656237840652466
stabilityai_stable-diffusion-3-medium-diffusers,7596684,-1.5575343370437622
stabilityai_stable-diffusion-3-medium-diffusers,7597365,0.8270797729492188
stabilityai_stable-diffusion-3-medium-diffusers,7601809,0.8032709360122681
stabilityai_stable-diffusion-3-medium-diffusers,7605282,0.7471227645874023
stabilityai_stable-diffusion-3-medium-diffusers,7606419,-0.46695250272750854
stabilityai_stable-diffusion-3-medium-diffusers,7607707,-0.8543974757194519
stabilityai_stable-diffusion-3-medium-diffusers,7608721,0.4601219594478607
stabilityai_stable-diffusion-3-medium-diffusers,7625977,1.5295360088348389
stabilityai_stable-diffusion-3-medium-diffusers,7626721,0.23288311064243317
stabilityai_stable-diffusion-3-medium-diffusers,7626833,1.458520770072937
stabilityai_stable-diffusion-3-medium-diffusers,7627310,1.7245689630508423
stabilityai_stable-diffusion-3-medium-diffusers,7651454,0.5702530145645142
stabilityai_stable-diffusion-3-medium-diffusers,7654438,1.4606374502182007
stabilityai_stable-diffusion-3-medium-diffusers,7664468,0.8308040499687195
stabilityai_stable-diffusion-3-medium-diffusers,7698915,0.2938704788684845
stabilityai_stable-diffusion-3-medium-diffusers,7700167,1.0471272468566895
stabilityai_stable-diffusion-3-medium-diffusers,7700868,0.6131926774978638
stabilityai_stable-diffusion-3-medium-diffusers,7701244,1.2924906015396118
stabilityai_stable-diffusion-3-medium-diffusers,7702193,1.4278851747512817
stabilityai_stable-diffusion-3-medium-diffusers,7710616,0.45019739866256714
stabilityai_stable-diffusion-3-medium-diffusers,7834065,-1.6989034414291382
stabilityai_stable-diffusion-3-medium-diffusers,7854266,0.9558834433555603
stabilityai_stable-diffusion-3-medium-diffusers,7854455,0.4628535509109497
stabilityai_stable-diffusion-3-medium-diffusers,7871940,1.6626641750335693
stabilityai_stable-diffusion-3-medium-diffusers,7891189,1.134736180305481
stabilityai_stable-diffusion-3-medium-diffusers,7897116,-0.15289278328418732
stabilityai_stable-diffusion-3-medium-diffusers,7914271,0.6721340417861938
stabilityai_stable-diffusion-3-medium-diffusers,7922764,1.2948366403579712
stabilityai_stable-diffusion-3-medium-diffusers,7929519,-0.7432640790939331
stabilityai_stable-diffusion-3-medium-diffusers,7933274,0.05800147354602814
stabilityai_stable-diffusion-3-medium-diffusers,7933530,1.1426968574523926
stabilityai_stable-diffusion-3-medium-diffusers,8089797,0.5686993598937988
stabilityai_stable-diffusion-3-medium-diffusers,8095160,0.9536660313606262
stabilityai_stable-diffusion-3-medium-diffusers,8124208,-0.9691341519355774
stabilityai_stable-diffusion-3-medium-diffusers,8339939,0.9968592524528503
stabilityai_stable-diffusion-3-medium-diffusers,8876291,0.1320805847644806
stabilityai_stable-diffusion-3-medium-diffusers,9020389,1.6340616941452026
stabilityai_stable-diffusion-3-medium-diffusers,9044146,-0.17731358110904694
stabilityai_stable-diffusion-3-medium-diffusers,9057052,-0.7709760665893555
stabilityai_stable-diffusion-3-medium-diffusers,9427682,0.8379147052764893
stabilityai_stable-diffusion-3-medium-diffusers,9580065,1.636934757232666
stabilityai_stable-diffusion-3-medium-diffusers,9719434,0.4992541968822479
stabilityai_stable-diffusion-3-medium-diffusers,9793248,1.956770896911621
stabilityai_stable-diffusion-3-medium-diffusers,9794211,1.85670006275177
stabilityai_stable-diffusion-3-medium-diffusers,9862621,0.6556171774864197
stabilityai_stable-diffusion-3-medium-diffusers,9875188,0.22078728675842285
stabilityai_stable-diffusion-3-medium-diffusers,9984659,0.2819679379463196
stabilityai_stable-diffusion-3-medium-diffusers,10012874,-1.324797511100769
stabilityai_stable-diffusion-3-medium-diffusers,10024569,-1.479710340499878
stabilityai_stable-diffusion-3-medium-diffusers,10080493,0.10319380462169647
stabilityai_stable-diffusion-3-medium-diffusers,10106452,-1.3143346309661865
stabilityai_stable-diffusion-3-medium-diffusers,10198409,-0.7518046498298645
stabilityai_stable-diffusion-3-medium-diffusers,10333317,-0.36733072996139526
stabilityai_stable-diffusion-3-medium-diffusers,10408552,0.651809811592102
stabilityai_stable-diffusion-3-medium-diffusers,10444677,0.1628796011209488
stabilityai_stable-diffusion-3-medium-diffusers,10453357,0.5191530585289001
stabilityai_stable-diffusion-3-medium-diffusers,10548623,-0.43477189540863037
stabilityai_stable-diffusion-3-medium-diffusers,10572128,-0.9296035766601562
stabilityai_stable-diffusion-3-medium-diffusers,10794014,0.04483634606003761
stabilityai_stable-diffusion-3-medium-diffusers,10939743,0.5364824533462524
stabilityai_stable-diffusion-3-medium-diffusers,11039909,0.7072019577026367
stabilityai_stable-diffusion-3-medium-diffusers,11334088,0.7089214324951172
stabilityai_stable-diffusion-3-medium-diffusers,11417672,-0.030579395592212677
stabilityai_stable-diffusion-3-medium-diffusers,11437577,-0.31631961464881897
stabilityai_stable-diffusion-3-medium-diffusers,11460338,-0.5752098560333252
stabilityai_stable-diffusion-3-medium-diffusers,12345739,-1.825136661529541
stabilityai_stable-diffusion-3-medium-diffusers,12402348,0.13805657625198364
stabilityai_stable-diffusion-3-medium-diffusers,13221529,0.13942016661167145
stabilityai_stable-diffusion-3-medium-diffusers,13290566,0.7449944615364075
stabilityai_stable-diffusion-3-medium-diffusers,13389475,1.4952242374420166
stabilityai_stable-diffusion-3-medium-diffusers,13390139,1.1097373962402344
stabilityai_stable-diffusion-3-medium-diffusers,13390405,1.0583114624023438
stabilityai_stable-diffusion-3-medium-diffusers,13392786,0.8069314956665039
stabilityai_stable-diffusion-3-medium-diffusers,13649361,-1.9921737909317017
stabilityai_stable-diffusion-3-medium-diffusers,13716878,-0.6566676497459412
stabilityai_stable-diffusion-3-medium-diffusers,13884740,-0.011096319183707237
stabilityai_stable-diffusion-3-medium-diffusers,13915305,0.1058541089296341
stabilityai_stable-diffusion-3-medium-diffusers,13931145,-0.34561899304389954
stabilityai_stable-diffusion-3-medium-diffusers,13984082,-2.2032954692840576
stabilityai_stable-diffusion-3-medium-diffusers,14140678,-0.2656731903553009
stabilityai_stable-diffusion-3-medium-diffusers,14195315,-0.03149579465389252
stabilityai_stable-diffusion-3-medium-diffusers,14294568,-0.8270314335823059
stabilityai_stable-diffusion-3-medium-diffusers,14320813,0.3839413523674011
stabilityai_stable-diffusion-3-medium-diffusers,14360436,0.8172376751899719
stabilityai_stable-diffusion-3-medium-diffusers,14488317,-0.21419912576675415
stabilityai_stable-diffusion-3-medium-diffusers,14533937,-0.07746800035238266
stabilityai_stable-diffusion-3-medium-diffusers,14550987,-0.8790880441665649
stabilityai_stable-diffusion-3-medium-diffusers,14579933,-1.502995491027832
stabilityai_stable-diffusion-3-medium-diffusers,14606290,0.5190237164497375
stabilityai_stable-diffusion-3-medium-diffusers,14620257,-0.19579720497131348
stabilityai_stable-diffusion-3-medium-diffusers,14632648,-0.36993178725242615
stabilityai_stable-diffusion-3-medium-diffusers,14647235,0.7692105174064636
stabilityai_stable-diffusion-3-medium-diffusers,14654954,-0.6132444143295288
stabilityai_stable-diffusion-3-medium-diffusers,14686352,-0.1499628871679306
stabilityai_stable-diffusion-3-medium-diffusers,14702875,-0.8879232406616211
stabilityai_stable-diffusion-3-medium-diffusers,14703190,-2.1160178184509277
stabilityai_stable-diffusion-3-medium-diffusers,14807929,-0.34186097979545593
stabilityai_stable-diffusion-3-medium-diffusers,14809057,0.36883044242858887
stabilityai_stable-diffusion-3-medium-diffusers,14867690,-1.2521659135818481
stabilityai_stable-diffusion-3-medium-diffusers,14872875,-1.1187455654144287
stabilityai_stable-diffusion-3-medium-diffusers,14880557,1.7067123651504517
stabilityai_stable-diffusion-3-medium-diffusers,14894140,-2.011143207550049
stabilityai_stable-diffusion-3-medium-diffusers,15180934,-0.8501281142234802
stabilityai_stable-diffusion-3-medium-diffusers,15970145,-0.35846421122550964
stabilityai_stable-diffusion-3-medium-diffusers,17002912,-0.3865209221839905
stabilityai_stable-diffusion-3-medium-diffusers,17012379,0.6225749850273132
stabilityai_stable-diffusion-3-medium-diffusers,17282800,1.1242423057556152
stabilityai_stable-diffusion-3-medium-diffusers,17925539,0.38309168815612793
stabilityai_stable-diffusion-3-medium-diffusers,18367104,0.6976562142372131
stabilityai_stable-diffusion-3-medium-diffusers,18758723,-1.357020616531372
stabilityai_stable-diffusion-3-medium-diffusers,19143128,-0.12992842495441437
stabilityai_stable-diffusion-3-medium-diffusers,19671124,-0.9148694276809692
stabilityai_stable-diffusion-3-medium-diffusers,19855707,-1.2119922637939453
stabilityai_stable-diffusion-3-medium-diffusers,19893872,0.8945012092590332
stabilityai_stable-diffusion-3-medium-diffusers,20017667,0.8114565014839172
stabilityai_stable-diffusion-3-medium-diffusers,20128079,-0.16064918041229248
stabilityai_stable-diffusion-3-medium-diffusers,20471134,-2.1243321895599365
stabilityai_stable-diffusion-3-medium-diffusers,20495093,0.5354347229003906
stabilityai_stable-diffusion-3-medium-diffusers,20782430,-0.2372070997953415
stabilityai_stable-diffusion-3-medium-diffusers,21377549,-2.0223348140716553
stabilityai_stable-diffusion-3-medium-diffusers,21564446,-0.6314316391944885
stabilityai_stable-diffusion-3-medium-diffusers,21620388,0.8719720840454102
stabilityai_stable-diffusion-3-medium-diffusers,22149540,-0.6744078397750854
stabilityai_stable-diffusion-3-medium-diffusers,22738759,-2.2762551307678223
stabilityai_stable-diffusion-3-medium-diffusers,22767176,0.22705687582492828
stabilityai_stable-diffusion-3-medium-diffusers,23129661,-1.968467116355896
stabilityai_stable-diffusion-3-medium-diffusers,23185551,-1.9184362888336182
stabilityai_stable-diffusion-3-medium-diffusers,23232427,-0.7808637619018555
stabilityai_stable-diffusion-3-medium-diffusers,23257851,-1.9438523054122925
stabilityai_stable-diffusion-3-medium-diffusers,23620789,0.6747998595237732
stabilityai_stable-diffusion-3-medium-diffusers,24808131,-0.5596624612808228
stabilityai_stable-diffusion-3-medium-diffusers,24843217,-0.2239491045475006
stabilityai_stable-diffusion-3-medium-diffusers,24933378,1.0684232711791992
stabilityai_stable-diffusion-3-medium-diffusers,24942232,0.9512131810188293
stabilityai_stable-diffusion-3-medium-diffusers,25290589,-0.7470963597297668
stabilityai_stable-diffusion-3-medium-diffusers,25579216,-0.8093091249465942
stabilityai_stable-diffusion-3-medium-diffusers,25685207,-1.4826462268829346
stabilityai_stable-diffusion-3-medium-diffusers,25776594,-0.9820301532745361
stabilityai_stable-diffusion-3-medium-diffusers,26078214,-0.19953902065753937
stabilityai_stable-diffusion-3-medium-diffusers,26746434,-0.04389777407050133
stabilityai_stable-diffusion-3-medium-diffusers,26998039,-1.080627202987671
stabilityai_stable-diffusion-3-medium-diffusers,27106238,-0.27989473938941956
stabilityai_stable-diffusion-3-medium-diffusers,27246777,-0.03257370740175247
stabilityai_stable-diffusion-3-medium-diffusers,27768637,-0.07002485543489456
stabilityai_stable-diffusion-3-medium-diffusers,27871992,1.183521032333374
stabilityai_stable-diffusion-3-medium-diffusers,28190972,-1.2785598039627075
stabilityai_stable-diffusion-3-medium-diffusers,29094321,-1.8423652648925781
stabilityai_stable-diffusion-3-medium-diffusers,29148617,-2.229672908782959
stabilityai_stable-diffusion-3-medium-diffusers,29161294,0.17426836490631104
stabilityai_stable-diffusion-3-medium-diffusers,29632917,-1.0825570821762085
stabilityai_stable-diffusion-3-medium-diffusers,29703209,0.18569189310073853
stabilityai_stable-diffusion-3-medium-diffusers,29779486,0.09804658591747284
stabilityai_stable-diffusion-3-medium-diffusers,30028757,-1.2006208896636963
stabilityai_stable-diffusion-3-medium-diffusers,30225071,1.0311306715011597
stabilityai_stable-diffusion-3-medium-diffusers,30373565,-0.046777281910181046
stabilityai_stable-diffusion-3-medium-diffusers,30484086,-1.0977139472961426
stabilityai_stable-diffusion-3-medium-diffusers,30883080,-0.5832109451293945
stabilityai_stable-diffusion-3-medium-diffusers,31114750,-1.3344449996948242
stabilityai_stable-diffusion-3-medium-diffusers,31196176,0.1663559079170227
stabilityai_stable-diffusion-3-medium-diffusers,31391857,1.032397747039795
stabilityai_stable-diffusion-3-medium-diffusers,31595142,0.26751843094825745
stabilityai_stable-diffusion-3-medium-diffusers,32152786,-1.0959962606430054
stabilityai_stable-diffusion-3-medium-diffusers,32327818,-0.15855878591537476
stabilityai_stable-diffusion-3-medium-diffusers,32379732,1.301357388496399
stabilityai_stable-diffusion-3-medium-diffusers,32473966,-0.9072872400283813
stabilityai_stable-diffusion-3-medium-diffusers,32902730,0.7908698916435242
stabilityai_stable-diffusion-3-medium-diffusers,32932491,-1.0979746580123901
stabilityai_stable-diffusion-3-medium-diffusers,33006578,-2.0747992992401123
stabilityai_stable-diffusion-3-medium-diffusers,33478721,0.06929410994052887
stabilityai_stable-diffusion-3-medium-diffusers,34475997,0.0965428575873375
stabilityai_stable-diffusion-3-medium-diffusers,34578737,0.555787980556488
stabilityai_stable-diffusion-3-medium-diffusers,34773230,-1.1349616050720215
stabilityai_stable-diffusion-3-medium-diffusers,36507085,0.00791587308049202
stabilityai_stable-diffusion-3-medium-diffusers,36678439,0.0729457437992096
stabilityai_stable-diffusion-3-medium-diffusers,37287360,0.5184527039527893
stabilityai_stable-diffusion-3-medium-diffusers,37319253,1.6448229551315308
stabilityai_stable-diffusion-3-medium-diffusers,37547870,0.8422636389732361
stabilityai_stable-diffusion-3-medium-diffusers,37736408,0.21979162096977234
stabilityai_stable-diffusion-3-medium-diffusers,38014258,-0.06444881111383438
stabilityai_stable-diffusion-3-medium-diffusers,38297191,0.5242351293563843
stabilityai_stable-diffusion-3-medium-diffusers,38402744,0.9139730334281921
stabilityai_stable-diffusion-3-medium-diffusers,38954086,-0.2227039933204651
stabilityai_stable-diffusion-3-medium-diffusers,39139190,-0.45779648423194885
stabilityai_stable-diffusion-3-medium-diffusers,39560404,-0.305908739566803
stabilityai_stable-diffusion-3-medium-diffusers,39566065,1.8001017570495605
stabilityai_stable-diffusion-3-medium-diffusers,39595218,1.615394115447998
stabilityai_stable-diffusion-3-medium-diffusers,40825299,0.4050896465778351
stabilityai_stable-diffusion-3-medium-diffusers,40945115,-1.7848446369171143
stabilityai_stable-diffusion-3-medium-diffusers,40995095,-1.9475237131118774
stabilityai_stable-diffusion-3-medium-diffusers,41015844,0.5737388730049133
stabilityai_stable-diffusion-3-medium-diffusers,41031648,1.004273533821106
stabilityai_stable-diffusion-3-medium-diffusers,41161074,-0.18459683656692505
stabilityai_stable-diffusion-3-medium-diffusers,41458919,0.23846092820167542
stabilityai_stable-diffusion-3-medium-diffusers,41565779,0.5261508822441101
stabilityai_stable-diffusion-3-medium-diffusers,41766391,0.6326391696929932
stabilityai_stable-diffusion-3-medium-diffusers,41982710,-2.2679154872894287
stabilityai_stable-diffusion-3-medium-diffusers,42048260,0.48710840940475464
stabilityai_stable-diffusion-3-medium-diffusers,42849420,-0.9561119079589844
stabilityai_stable-diffusion-3-medium-diffusers,42931583,-0.017381591722369194
stabilityai_stable-diffusion-3-medium-diffusers,43060946,0.46716776490211487
stabilityai_stable-diffusion-3-medium-diffusers,43153800,-0.700086772441864
stabilityai_stable-diffusion-3-medium-diffusers,43161384,0.02383800595998764
stabilityai_stable-diffusion-3-medium-diffusers,43301379,0.4467770457267761
stabilityai_stable-diffusion-3-medium-diffusers,43304323,0.7238399386405945
stabilityai_stable-diffusion-3-medium-diffusers,43367797,-1.0842691659927368
stabilityai_stable-diffusion-3-medium-diffusers,43431032,-0.1263466328382492
stabilityai_stable-diffusion-3-medium-diffusers,43631801,-0.6668709516525269
stabilityai_stable-diffusion-3-medium-diffusers,43735560,-1.7315634489059448
stabilityai_stable-diffusion-3-medium-diffusers,43858443,1.0029224157333374
stabilityai_stable-diffusion-3-medium-diffusers,43918624,-1.8661381006240845
stabilityai_stable-diffusion-3-medium-diffusers,44280552,-0.42371076345443726
stabilityai_stable-diffusion-3-medium-diffusers,44295589,-1.1695195436477661
stabilityai_stable-diffusion-3-medium-diffusers,44621915,-0.3631809949874878
stabilityai_stable-diffusion-3-medium-diffusers,44645737,0.5928805470466614
stabilityai_stable-diffusion-3-medium-diffusers,44838123,-1.903886079788208
stabilityai_stable-diffusion-3-medium-diffusers,45258070,-0.5517942309379578
stabilityai_stable-diffusion-3-medium-diffusers,45297641,-0.9194342494010925
stabilityai_stable-diffusion-3-medium-diffusers,45418454,0.06690718978643417
stabilityai_stable-diffusion-3-medium-diffusers,45564900,-1.1969752311706543
stabilityai_stable-diffusion-3-medium-diffusers,46150029,-0.39839598536491394
stabilityai_stable-diffusion-3-medium-diffusers,46394736,-1.1447622776031494
stabilityai_stable-diffusion-3-medium-diffusers,46673664,0.4713837206363678
stabilityai_stable-diffusion-3-medium-diffusers,46994920,0.04609382152557373
stabilityai_stable-diffusion-3-medium-diffusers,47009060,-1.0815914869308472
stabilityai_stable-diffusion-3-medium-diffusers,47552953,0.8133834004402161
stabilityai_stable-diffusion-3-medium-diffusers,47595220,-1.3408046960830688
stabilityai_stable-diffusion-3-medium-diffusers,47819321,-0.2137056291103363
stabilityai_stable-diffusion-3-medium-diffusers,48223384,0.44812387228012085
stabilityai_stable-diffusion-3-medium-diffusers,48351897,0.140724316239357
stabilityai_stable-diffusion-3-medium-diffusers,48754831,-0.6587873697280884
stabilityai_stable-diffusion-3-medium-diffusers,49054805,0.19096539914608002
stabilityai_stable-diffusion-3-medium-diffusers,49089576,1.7041308879852295
stabilityai_stable-diffusion-3-medium-diffusers,49300740,-0.49141594767570496
stabilityai_stable-diffusion-3-medium-diffusers,49358811,-0.16178978979587555
stabilityai_stable-diffusion-3-medium-diffusers,49462954,-0.7845757007598877
stabilityai_stable-diffusion-3-medium-diffusers,50262859,0.654959499835968
stabilityai_stable-diffusion-3-medium-diffusers,50871471,0.3359471559524536
stabilityai_stable-diffusion-3-medium-diffusers,50952217,0.8456749320030212
stabilityai_stable-diffusion-3-medium-diffusers,51060824,-0.5885264873504639
stabilityai_stable-diffusion-3-medium-diffusers,51314050,0.11297385394573212
stabilityai_stable-diffusion-3-medium-diffusers,51946990,0.2637559771537781
stabilityai_stable-diffusion-3-medium-diffusers,52325745,-1.2522804737091064
stabilityai_stable-diffusion-3-medium-diffusers,52474100,1.2724148035049438
stabilityai_stable-diffusion-3-medium-diffusers,52516409,-1.1151877641677856
stabilityai_stable-diffusion-3-medium-diffusers,52711595,1.0458083152770996
stabilityai_stable-diffusion-3-medium-diffusers,53022028,-1.441962718963623
stabilityai_stable-diffusion-3-medium-diffusers,53205877,-1.3536325693130493
stabilityai_stable-diffusion-3-medium-diffusers,53288018,-1.4303131103515625
stabilityai_stable-diffusion-3-medium-diffusers,53443611,1.6073402166366577
stabilityai_stable-diffusion-3-medium-diffusers,53815934,-0.17646269500255585
stabilityai_stable-diffusion-3-medium-diffusers,54495173,-0.5839340090751648
stabilityai_stable-diffusion-3-medium-diffusers,54931507,-1.6082558631896973
stabilityai_stable-diffusion-3-medium-diffusers,55191509,-2.1223461627960205
stabilityai_stable-diffusion-3-medium-diffusers,55255145,0.6384359002113342
stabilityai_stable-diffusion-3-medium-diffusers,55457672,-1.788041114807129
stabilityai_stable-diffusion-3-medium-diffusers,55588327,0.8923672437667847
stabilityai_stable-diffusion-3-medium-diffusers,55653646,0.061135124415159225
stabilityai_stable-diffusion-3-medium-diffusers,55658809,0.28434672951698303
stabilityai_stable-diffusion-3-medium-diffusers,55812974,-1.8619500398635864
stabilityai_stable-diffusion-3-medium-diffusers,55819553,-1.1121162176132202
stabilityai_stable-diffusion-3-medium-diffusers,55826966,-1.4473732709884644
stabilityai_stable-diffusion-3-medium-diffusers,55983905,0.22152064740657806
stabilityai_stable-diffusion-3-medium-diffusers,56074056,0.06365958601236343
stabilityai_stable-diffusion-3-medium-diffusers,56112588,-1.1623046398162842
stabilityai_stable-diffusion-3-medium-diffusers,56121520,0.6661381125450134
stabilityai_stable-diffusion-3-medium-diffusers,56250900,1.17885160446167
stabilityai_stable-diffusion-3-medium-diffusers,56458800,0.5714613795280457
stabilityai_stable-diffusion-3-medium-diffusers,56792430,-0.49871665239334106
stabilityai_stable-diffusion-3-medium-diffusers,56982260,-0.13585010170936584
stabilityai_stable-diffusion-3-medium-diffusers,57673976,-0.304632306098938
stabilityai_stable-diffusion-3-medium-diffusers,57716963,0.6994778513908386
stabilityai_stable-diffusion-3-medium-diffusers,57729980,-0.8966399431228638
stabilityai_stable-diffusion-3-medium-diffusers,57785005,0.372483491897583
stabilityai_stable-diffusion-3-medium-diffusers,57873614,0.5668407082557678
stabilityai_stable-diffusion-3-medium-diffusers,58727024,-0.016153233125805855
stabilityai_stable-diffusion-3-medium-diffusers,58761464,-0.7142225503921509
stabilityai_stable-diffusion-3-medium-diffusers,59399259,-0.9239238500595093
stabilityai_stable-diffusion-3-medium-diffusers,59976859,0.11407453566789627
stabilityai_stable-diffusion-3-medium-diffusers,60083345,0.32954925298690796
stabilityai_stable-diffusion-3-medium-diffusers,60214770,-0.7976677417755127
stabilityai_stable-diffusion-3-medium-diffusers,60215376,-0.5908968448638916
stabilityai_stable-diffusion-3-medium-diffusers,60375309,-1.6356043815612793
stabilityai_stable-diffusion-3-medium-diffusers,60606896,-0.18032905459403992
stabilityai_stable-diffusion-3-medium-diffusers,60668084,0.9606190919876099
stabilityai_stable-diffusion-3-medium-diffusers,61035709,-0.18688860535621643
stabilityai_stable-diffusion-3-medium-diffusers,61388266,-1.3967267274856567
stabilityai_stable-diffusion-3-medium-diffusers,61627313,-0.4393827021121979
stabilityai_stable-diffusion-3-medium-diffusers,61635816,0.6753091812133789
stabilityai_stable-diffusion-3-medium-diffusers,61853324,1.051235318183899
stabilityai_stable-diffusion-3-medium-diffusers,62408818,0.5166432857513428
stabilityai_stable-diffusion-3-medium-diffusers,62841330,0.062442176043987274
stabilityai_stable-diffusion-3-medium-diffusers,63015570,-0.221135675907135
stabilityai_stable-diffusion-3-medium-diffusers,63336441,-0.08870165795087814
stabilityai_stable-diffusion-3-medium-diffusers,63633117,-0.7779499292373657
stabilityai_stable-diffusion-3-medium-diffusers,64576544,-1.2079801559448242
stabilityai_stable-diffusion-3-medium-diffusers,64687077,-0.34928098320961
stabilityai_stable-diffusion-3-medium-diffusers,64693533,1.5581883192062378
stabilityai_stable-diffusion-3-medium-diffusers,64856142,0.8436937928199768
stabilityai_stable-diffusion-3-medium-diffusers,65411270,-2.2290103435516357
stabilityai_stable-diffusion-3-medium-diffusers,65557844,-0.026487059891223907
stabilityai_stable-diffusion-3-medium-diffusers,65824677,0.3926919996738434
stabilityai_stable-diffusion-3-medium-diffusers,65890875,1.230516791343689
stabilityai_stable-diffusion-3-medium-diffusers,65960228,0.3832666873931885
stabilityai_stable-diffusion-3-medium-diffusers,66668538,0.5435567498207092
stabilityai_stable-diffusion-3-medium-diffusers,67344811,0.3754118084907532
stabilityai_stable-diffusion-3-medium-diffusers,67949798,0.2997646927833557
stabilityai_stable-diffusion-3-medium-diffusers,68246844,-0.529623806476593
stabilityai_stable-diffusion-3-medium-diffusers,68280322,-1.6383579969406128
stabilityai_stable-diffusion-3-medium-diffusers,68321683,-0.031199876219034195
stabilityai_stable-diffusion-3-medium-diffusers,68380669,-1.0373684167861938
stabilityai_stable-diffusion-3-medium-diffusers,68575085,1.1883296966552734
stabilityai_stable-diffusion-3-medium-diffusers,70380966,0.168989896774292
stabilityai_stable-diffusion-3-medium-diffusers,70494671,-0.6884918212890625
stabilityai_stable-diffusion-3-medium-diffusers,71055464,-1.653612494468689
stabilityai_stable-diffusion-3-medium-diffusers,71591839,-1.0607719421386719
stabilityai_stable-diffusion-3-medium-diffusers,71828875,-1.1762206554412842
stabilityai_stable-diffusion-3-medium-diffusers,71910823,0.7309160828590393
stabilityai_stable-diffusion-3-medium-diffusers,71959499,0.24939969182014465
stabilityai_stable-diffusion-3-medium-diffusers,72432241,1.439670205116272
stabilityai_stable-diffusion-3-medium-diffusers,72553814,0.8314316272735596
stabilityai_stable-diffusion-3-medium-diffusers,73051579,1.0468882322311401
stabilityai_stable-diffusion-3-medium-diffusers,73600586,-0.18339920043945312
stabilityai_stable-diffusion-3-medium-diffusers,73616417,0.28814080357551575
stabilityai_stable-diffusion-3-medium-diffusers,73681289,1.1379848718643188
stabilityai_stable-diffusion-3-medium-diffusers,73962724,-1.7772198915481567
stabilityai_stable-diffusion-3-medium-diffusers,74175857,-0.6720083951950073
stabilityai_stable-diffusion-3-medium-diffusers,75051801,-0.3055434823036194
stabilityai_stable-diffusion-3-medium-diffusers,75787772,-1.4043275117874146
stabilityai_stable-diffusion-3-medium-diffusers,75944980,-1.3886500597000122
stabilityai_stable-diffusion-3-medium-diffusers,75964288,-0.5694875717163086
stabilityai_stable-diffusion-3-medium-diffusers,76066166,-0.5894861221313477
stabilityai_stable-diffusion-3-medium-diffusers,76100398,0.9074018597602844
stabilityai_stable-diffusion-3-medium-diffusers,76425345,0.08876948803663254
stabilityai_stable-diffusion-3-medium-diffusers,77106105,0.6720477342605591
stabilityai_stable-diffusion-3-medium-diffusers,77132310,0.3594261109828949
stabilityai_stable-diffusion-3-medium-diffusers,77232534,-0.5910114049911499
stabilityai_stable-diffusion-3-medium-diffusers,77312726,-0.37058526277542114
stabilityai_stable-diffusion-3-medium-diffusers,77358840,0.0951940044760704
stabilityai_stable-diffusion-3-medium-diffusers,77490593,-2.2804880142211914
stabilityai_stable-diffusion-3-medium-diffusers,77726888,-0.3039434850215912
stabilityai_stable-diffusion-3-medium-diffusers,78735978,-0.962522029876709
stabilityai_stable-diffusion-3-medium-diffusers,79077085,-0.8483667969703674
stabilityai_stable-diffusion-3-medium-diffusers,79212243,-0.3784283697605133
stabilityai_stable-diffusion-3-medium-diffusers,79606917,-0.34652677178382874
stabilityai_stable-diffusion-3-medium-diffusers,79918827,0.7315369844436646
stabilityai_stable-diffusion-3-medium-diffusers,80289373,0.01639481820166111
stabilityai_stable-diffusion-3-medium-diffusers,80371125,1.2774553298950195
stabilityai_stable-diffusion-3-medium-diffusers,80540387,-1.2938412427902222
stabilityai_stable-diffusion-3-medium-diffusers,81135077,-0.493533730506897
stabilityai_stable-diffusion-3-medium-diffusers,81303945,-0.9110971689224243
stabilityai_stable-diffusion-3-medium-diffusers,81435593,0.12075700610876083
stabilityai_stable-diffusion-3-medium-diffusers,82282590,1.2078218460083008
stabilityai_stable-diffusion-3-medium-diffusers,82696415,0.22068199515342712
stabilityai_stable-diffusion-3-medium-diffusers,82916016,-1.9321469068527222
stabilityai_stable-diffusion-3-medium-diffusers,83084473,1.8572344779968262
stabilityai_stable-diffusion-3-medium-diffusers,83418847,1.4121203422546387
stabilityai_stable-diffusion-3-medium-diffusers,84089324,-0.36335495114326477
stabilityai_stable-diffusion-3-medium-diffusers,84306831,-0.45337605476379395
stabilityai_stable-diffusion-3-medium-diffusers,84510135,-0.7878773212432861
stabilityai_stable-diffusion-3-medium-diffusers,84788890,1.5281661748886108
stabilityai_stable-diffusion-3-medium-diffusers,84985982,0.36405205726623535
stabilityai_stable-diffusion-3-medium-diffusers,85191733,0.5134909152984619
stabilityai_stable-diffusion-3-medium-diffusers,86119145,0.5155861377716064
stabilityai_stable-diffusion-3-medium-diffusers,86340862,-2.006143808364868
stabilityai_stable-diffusion-3-medium-diffusers,86341828,0.6343144178390503
stabilityai_stable-diffusion-3-medium-diffusers,86537356,-0.5476651787757874
stabilityai_stable-diffusion-3-medium-diffusers,86701636,1.4327634572982788
stabilityai_stable-diffusion-3-medium-diffusers,86714939,-0.8660544157028198
stabilityai_stable-diffusion-3-medium-diffusers,87574583,0.8839587569236755
stabilityai_stable-diffusion-3-medium-diffusers,87699711,-0.33772405982017517
stabilityai_stable-diffusion-3-medium-diffusers,88016571,1.4012205600738525
stabilityai_stable-diffusion-3-medium-diffusers,88087492,-0.2358095347881317
stabilityai_stable-diffusion-3-medium-diffusers,89227603,0.2789844274520874
stabilityai_stable-diffusion-3-medium-diffusers,89539854,-1.8563979864120483
stabilityai_stable-diffusion-3-medium-diffusers,89926787,1.6775306463241577
stabilityai_stable-diffusion-3-medium-diffusers,90244932,1.2061256170272827
stabilityai_stable-diffusion-3-medium-diffusers,90493027,-0.3435108959674835
stabilityai_stable-diffusion-3-medium-diffusers,90613035,-0.7706438899040222
stabilityai_stable-diffusion-3-medium-diffusers,91368797,0.5870218276977539
stabilityai_stable-diffusion-3-medium-diffusers,91784299,1.1275765895843506
stabilityai_stable-diffusion-3-medium-diffusers,91790573,0.4451720714569092
stabilityai_stable-diffusion-3-medium-diffusers,91834546,-1.408462405204773
stabilityai_stable-diffusion-3-medium-diffusers,92068094,1.5523213148117065
stabilityai_stable-diffusion-3-medium-diffusers,92311656,1.3647937774658203
stabilityai_stable-diffusion-3-medium-diffusers,92709444,-0.016533441841602325
stabilityai_stable-diffusion-3-medium-diffusers,93114575,0.45550641417503357
stabilityai_stable-diffusion-3-medium-diffusers,93256557,0.19565251469612122
stabilityai_stable-diffusion-3-medium-diffusers,93407716,-1.9253625869750977
stabilityai_stable-diffusion-3-medium-diffusers,93436296,0.6179518103599548
stabilityai_stable-diffusion-3-medium-diffusers,93512057,-0.9873470067977905
stabilityai_stable-diffusion-3-medium-diffusers,94006560,-1.6519533395767212
stabilityai_stable-diffusion-3-medium-diffusers,94321535,-0.33992546796798706
stabilityai_stable-diffusion-3-medium-diffusers,94532154,-0.16340792179107666
stabilityai_stable-diffusion-3-medium-diffusers,95171107,-1.2184017896652222
stabilityai_stable-diffusion-3-medium-diffusers,95228839,-0.609416663646698
stabilityai_stable-diffusion-3-medium-diffusers,95325441,-1.003413438796997
stabilityai_stable-diffusion-3-medium-diffusers,95450946,0.9345420598983765
stabilityai_stable-diffusion-3-medium-diffusers,95583911,1.4211257696151733
stabilityai_stable-diffusion-3-medium-diffusers,95718306,0.0967513769865036
stabilityai_stable-diffusion-3-medium-diffusers,95737828,-0.394233763217926
stabilityai_stable-diffusion-3-medium-diffusers,96448597,1.33575439453125
stabilityai_stable-diffusion-3-medium-diffusers,96482065,-0.3393504321575165
stabilityai_stable-diffusion-3-medium-diffusers,96521920,0.7408854365348816
stabilityai_stable-diffusion-3-medium-diffusers,96850153,1.4851627349853516
stabilityai_stable-diffusion-3-medium-diffusers,98113191,0.17655028402805328
stabilityai_stable-diffusion-3-medium-diffusers,98195317,1.8437695503234863
stabilityai_stable-diffusion-3-medium-diffusers,98254655,1.1130205392837524
stabilityai_stable-diffusion-3-medium-diffusers,98319500,-2.0622661113739014
stabilityai_stable-diffusion-3-medium-diffusers,98642787,0.5360288619995117
stabilityai_stable-diffusion-3-medium-diffusers,98646702,-1.2986406087875366
stabilityai_stable-diffusion-3-medium-diffusers,98929226,-1.4259839057922363
stabilityai_stable-diffusion-3-medium-diffusers,99178779,1.1340073347091675
stabilityai_stable-diffusion-3-medium-diffusers,99185892,-1.258056879043579
stabilityai_stable-diffusion-3-medium-diffusers,99211012,0.47403591871261597
stabilityai_stable-diffusion-3-medium-diffusers,99410560,-0.17447438836097717
stabilityai_stable-diffusion-3-medium-diffusers,99862294,0.72658371925354
stabilityai_stable-diffusion-xl-base-1.0,138508,-1.6589604616165161
stabilityai_stable-diffusion-xl-base-1.0,192051,-0.6644313931465149
stabilityai_stable-diffusion-xl-base-1.0,213186,-0.04086890071630478
stabilityai_stable-diffusion-xl-base-1.0,232386,-1.3276222944259644
stabilityai_stable-diffusion-xl-base-1.0,232765,0.6124877333641052
stabilityai_stable-diffusion-xl-base-1.0,258857,0.021517202258110046
stabilityai_stable-diffusion-xl-base-1.0,283090,-0.059147100895643234
stabilityai_stable-diffusion-xl-base-1.0,285141,-1.041955828666687
stabilityai_stable-diffusion-xl-base-1.0,399030,0.30254054069519043
stabilityai_stable-diffusion-xl-base-1.0,440189,-0.8318866491317749
stabilityai_stable-diffusion-xl-base-1.0,445169,-1.4723036289215088
stabilityai_stable-diffusion-xl-base-1.0,486490,-0.6868694424629211
stabilityai_stable-diffusion-xl-base-1.0,487072,-0.36160409450531006
stabilityai_stable-diffusion-xl-base-1.0,487326,-0.2512834966182709
stabilityai_stable-diffusion-xl-base-1.0,489837,-1.3774265050888062
stabilityai_stable-diffusion-xl-base-1.0,646833,0.488181471824646
stabilityai_stable-diffusion-xl-base-1.0,708860,-0.28715792298316956
stabilityai_stable-diffusion-xl-base-1.0,717208,1.6749361753463745
stabilityai_stable-diffusion-xl-base-1.0,717468,1.4781482219696045
stabilityai_stable-diffusion-xl-base-1.0,735254,-0.6085032224655151
stabilityai_stable-diffusion-xl-base-1.0,762478,0.38523900508880615
stabilityai_stable-diffusion-xl-base-1.0,825443,0.47792181372642517
stabilityai_stable-diffusion-xl-base-1.0,831919,0.02645271085202694
stabilityai_stable-diffusion-xl-base-1.0,896677,-1.9415099620819092
stabilityai_stable-diffusion-xl-base-1.0,936620,-0.9731563925743103
stabilityai_stable-diffusion-xl-base-1.0,974367,-0.6148869395256042
stabilityai_stable-diffusion-xl-base-1.0,993014,-0.1388821005821228
stabilityai_stable-diffusion-xl-base-1.0,995855,-0.18934231996536255
stabilityai_stable-diffusion-xl-base-1.0,1113367,-0.18053285777568817
stabilityai_stable-diffusion-xl-base-1.0,1171644,0.466713011264801
stabilityai_stable-diffusion-xl-base-1.0,1209135,-1.2087393999099731
stabilityai_stable-diffusion-xl-base-1.0,1317294,1.0939825773239136
stabilityai_stable-diffusion-xl-base-1.0,1317533,-0.33001530170440674
stabilityai_stable-diffusion-xl-base-1.0,1321854,1.503818154335022
stabilityai_stable-diffusion-xl-base-1.0,1377758,-2.113466501235962
stabilityai_stable-diffusion-xl-base-1.0,1474832,0.07032038271427155
stabilityai_stable-diffusion-xl-base-1.0,1516071,-0.34638258814811707
stabilityai_stable-diffusion-xl-base-1.0,1566705,-0.9419018030166626
stabilityai_stable-diffusion-xl-base-1.0,1640855,0.2937565743923187
stabilityai_stable-diffusion-xl-base-1.0,1668603,0.4078828990459442
stabilityai_stable-diffusion-xl-base-1.0,1678990,1.4499702453613281
stabilityai_stable-diffusion-xl-base-1.0,1699831,1.4353793859481812
stabilityai_stable-diffusion-xl-base-1.0,1707698,0.8396762609481812
stabilityai_stable-diffusion-xl-base-1.0,1727942,0.8519609570503235
stabilityai_stable-diffusion-xl-base-1.0,2045760,0.4476681053638458
stabilityai_stable-diffusion-xl-base-1.0,2075049,-0.32534587383270264
stabilityai_stable-diffusion-xl-base-1.0,2075764,-0.5488380193710327
stabilityai_stable-diffusion-xl-base-1.0,2241569,0.26474422216415405
stabilityai_stable-diffusion-xl-base-1.0,2720725,-1.3596875667572021
stabilityai_stable-diffusion-xl-base-1.0,2721160,-1.3179970979690552
stabilityai_stable-diffusion-xl-base-1.0,2730265,-1.149717092514038
stabilityai_stable-diffusion-xl-base-1.0,2744395,-0.4760459065437317
stabilityai_stable-diffusion-xl-base-1.0,2770078,1.6771482229232788
stabilityai_stable-diffusion-xl-base-1.0,2793684,-1.2003093957901
stabilityai_stable-diffusion-xl-base-1.0,2803666,-0.08775771409273148
stabilityai_stable-diffusion-xl-base-1.0,2807731,0.11223787069320679
stabilityai_stable-diffusion-xl-base-1.0,2821943,0.7023597955703735
stabilityai_stable-diffusion-xl-base-1.0,2824319,0.1861802488565445
stabilityai_stable-diffusion-xl-base-1.0,2825442,1.2997058629989624
stabilityai_stable-diffusion-xl-base-1.0,2852043,0.4578074514865875
stabilityai_stable-diffusion-xl-base-1.0,2870293,0.17100650072097778
stabilityai_stable-diffusion-xl-base-1.0,2870880,0.0657285526394844
stabilityai_stable-diffusion-xl-base-1.0,2923535,1.63946533203125
stabilityai_stable-diffusion-xl-base-1.0,2933112,0.741854727268219
stabilityai_stable-diffusion-xl-base-1.0,2963987,-0.16037003695964813
stabilityai_stable-diffusion-xl-base-1.0,2991302,0.3375838100910187
stabilityai_stable-diffusion-xl-base-1.0,3024209,-0.20184336602687836
stabilityai_stable-diffusion-xl-base-1.0,3035832,1.2153375148773193
stabilityai_stable-diffusion-xl-base-1.0,3049457,-1.0877104997634888
stabilityai_stable-diffusion-xl-base-1.0,3107488,-1.7893058061599731
stabilityai_stable-diffusion-xl-base-1.0,3131388,-0.36639073491096497
stabilityai_stable-diffusion-xl-base-1.0,3131669,-0.17051130533218384
stabilityai_stable-diffusion-xl-base-1.0,3152830,1.0429738759994507
stabilityai_stable-diffusion-xl-base-1.0,3249569,-0.5451922416687012
stabilityai_stable-diffusion-xl-base-1.0,3262349,0.5385383367538452
stabilityai_stable-diffusion-xl-base-1.0,3288500,0.46985572576522827
stabilityai_stable-diffusion-xl-base-1.0,3298716,1.256645679473877
stabilityai_stable-diffusion-xl-base-1.0,3308246,1.0494742393493652
stabilityai_stable-diffusion-xl-base-1.0,3309110,-1.084809422492981
stabilityai_stable-diffusion-xl-base-1.0,3347220,-0.11509242653846741
stabilityai_stable-diffusion-xl-base-1.0,3353281,0.16345112025737762
stabilityai_stable-diffusion-xl-base-1.0,3366112,-0.5072227716445923
stabilityai_stable-diffusion-xl-base-1.0,3411927,0.1619226187467575
stabilityai_stable-diffusion-xl-base-1.0,3456665,-0.31487664580345154
stabilityai_stable-diffusion-xl-base-1.0,3563208,-0.43169277906417847
stabilityai_stable-diffusion-xl-base-1.0,3580281,-1.04403555393219
stabilityai_stable-diffusion-xl-base-1.0,3603442,1.7184950113296509
stabilityai_stable-diffusion-xl-base-1.0,3607029,1.8479876518249512
stabilityai_stable-diffusion-xl-base-1.0,3628071,1.6704614162445068
stabilityai_stable-diffusion-xl-base-1.0,3630383,1.110216736793518
stabilityai_stable-diffusion-xl-base-1.0,3676483,-0.10003401339054108
stabilityai_stable-diffusion-xl-base-1.0,3679712,0.09063833951950073
stabilityai_stable-diffusion-xl-base-1.0,3685307,0.1874738484621048
stabilityai_stable-diffusion-xl-base-1.0,3703463,0.23137474060058594
stabilityai_stable-diffusion-xl-base-1.0,3714235,-0.06622729450464249
stabilityai_stable-diffusion-xl-base-1.0,3728318,-0.5536317825317383
stabilityai_stable-diffusion-xl-base-1.0,3748162,0.21125313639640808
stabilityai_stable-diffusion-xl-base-1.0,3764276,1.194169521331787
stabilityai_stable-diffusion-xl-base-1.0,3818090,-0.3856649696826935
stabilityai_stable-diffusion-xl-base-1.0,3842156,0.5519624352455139
stabilityai_stable-diffusion-xl-base-1.0,3880032,0.37163203954696655
stabilityai_stable-diffusion-xl-base-1.0,3889343,-1.7389487028121948
stabilityai_stable-diffusion-xl-base-1.0,3907654,-0.14170505106449127
stabilityai_stable-diffusion-xl-base-1.0,3940713,-0.44025182723999023
stabilityai_stable-diffusion-xl-base-1.0,3975232,0.5492315292358398
stabilityai_stable-diffusion-xl-base-1.0,3982060,1.009263515472412
stabilityai_stable-diffusion-xl-base-1.0,3990474,1.3743669986724854
stabilityai_stable-diffusion-xl-base-1.0,4010305,-1.0841251611709595
stabilityai_stable-diffusion-xl-base-1.0,4025130,-0.19010670483112335
stabilityai_stable-diffusion-xl-base-1.0,4062807,1.3241504430770874
stabilityai_stable-diffusion-xl-base-1.0,4123448,-0.0552566796541214
stabilityai_stable-diffusion-xl-base-1.0,4125853,0.4077460765838623
stabilityai_stable-diffusion-xl-base-1.0,4140340,1.324703574180603
stabilityai_stable-diffusion-xl-base-1.0,4145056,-0.25828108191490173
stabilityai_stable-diffusion-xl-base-1.0,4192521,-0.7223118543624878
stabilityai_stable-diffusion-xl-base-1.0,4259202,-0.974907398223877
stabilityai_stable-diffusion-xl-base-1.0,4285773,0.09550438821315765
stabilityai_stable-diffusion-xl-base-1.0,4345028,0.53276127576828
stabilityai_stable-diffusion-xl-base-1.0,4387201,1.6454527378082275
stabilityai_stable-diffusion-xl-base-1.0,4416901,0.09239618480205536
stabilityai_stable-diffusion-xl-base-1.0,4455579,0.8605843782424927
stabilityai_stable-diffusion-xl-base-1.0,4497570,0.45511820912361145
stabilityai_stable-diffusion-xl-base-1.0,4534520,0.5627808570861816
stabilityai_stable-diffusion-xl-base-1.0,4539203,1.1014773845672607
stabilityai_stable-diffusion-xl-base-1.0,4552551,1.2215378284454346
stabilityai_stable-diffusion-xl-base-1.0,4596797,0.43437331914901733
stabilityai_stable-diffusion-xl-base-1.0,4832208,0.01474710088223219
stabilityai_stable-diffusion-xl-base-1.0,4930139,1.4581910371780396
stabilityai_stable-diffusion-xl-base-1.0,5008085,-0.4574606716632843
stabilityai_stable-diffusion-xl-base-1.0,5219923,-2.235454797744751
stabilityai_stable-diffusion-xl-base-1.0,5316083,-1.3819468021392822
stabilityai_stable-diffusion-xl-base-1.0,5350912,-0.9411807060241699
stabilityai_stable-diffusion-xl-base-1.0,5374860,1.0961564779281616
stabilityai_stable-diffusion-xl-base-1.0,5410315,-0.5042906999588013
stabilityai_stable-diffusion-xl-base-1.0,5522784,-0.8523322939872742
stabilityai_stable-diffusion-xl-base-1.0,5728577,-1.3822895288467407
stabilityai_stable-diffusion-xl-base-1.0,5752544,0.2629397213459015
stabilityai_stable-diffusion-xl-base-1.0,5794797,-0.16054263710975647
stabilityai_stable-diffusion-xl-base-1.0,5895919,1.2507526874542236
stabilityai_stable-diffusion-xl-base-1.0,5958517,-0.09116076678037643
stabilityai_stable-diffusion-xl-base-1.0,6189776,0.9237258434295654
stabilityai_stable-diffusion-xl-base-1.0,6528587,0.0922725722193718
stabilityai_stable-diffusion-xl-base-1.0,6584891,-0.7570163011550903
stabilityai_stable-diffusion-xl-base-1.0,6586355,-1.3567118644714355
stabilityai_stable-diffusion-xl-base-1.0,6607809,-1.280531406402588
stabilityai_stable-diffusion-xl-base-1.0,6615026,-1.4548676013946533
stabilityai_stable-diffusion-xl-base-1.0,6615458,-0.077774778008461
stabilityai_stable-diffusion-xl-base-1.0,6615818,-0.0048604365438222885
stabilityai_stable-diffusion-xl-base-1.0,6616314,-1.3180103302001953
stabilityai_stable-diffusion-xl-base-1.0,6617011,-0.07994460314512253
stabilityai_stable-diffusion-xl-base-1.0,6617413,-2.0337014198303223
stabilityai_stable-diffusion-xl-base-1.0,6729499,-0.7890796661376953
stabilityai_stable-diffusion-xl-base-1.0,6880664,0.37086644768714905
stabilityai_stable-diffusion-xl-base-1.0,6883725,1.1959341764450073
stabilityai_stable-diffusion-xl-base-1.0,6946774,-0.06890156865119934
stabilityai_stable-diffusion-xl-base-1.0,7025268,0.9783895015716553
stabilityai_stable-diffusion-xl-base-1.0,7109847,-0.6321349740028381
stabilityai_stable-diffusion-xl-base-1.0,7116261,1.1088465452194214
stabilityai_stable-diffusion-xl-base-1.0,7150023,1.1039783954620361
stabilityai_stable-diffusion-xl-base-1.0,7163803,0.8110034465789795
stabilityai_stable-diffusion-xl-base-1.0,7507098,-0.42410847544670105
stabilityai_stable-diffusion-xl-base-1.0,7596684,-0.9435471892356873
stabilityai_stable-diffusion-xl-base-1.0,7597365,-0.05579632893204689
stabilityai_stable-diffusion-xl-base-1.0,7601809,0.31314539909362793
stabilityai_stable-diffusion-xl-base-1.0,7605282,0.8401662111282349
stabilityai_stable-diffusion-xl-base-1.0,7606419,-0.6331532001495361
stabilityai_stable-diffusion-xl-base-1.0,7607707,-0.010171683505177498
stabilityai_stable-diffusion-xl-base-1.0,7608721,0.46069544553756714
stabilityai_stable-diffusion-xl-base-1.0,7625977,1.4878003597259521
stabilityai_stable-diffusion-xl-base-1.0,7626721,0.2233957052230835
stabilityai_stable-diffusion-xl-base-1.0,7626833,0.9531493186950684
stabilityai_stable-diffusion-xl-base-1.0,7627310,-1.439733862876892
stabilityai_stable-diffusion-xl-base-1.0,7651454,0.9079582095146179
stabilityai_stable-diffusion-xl-base-1.0,7654438,0.9377787709236145
stabilityai_stable-diffusion-xl-base-1.0,7664468,-0.38388243317604065
stabilityai_stable-diffusion-xl-base-1.0,7698915,0.2978433072566986
stabilityai_stable-diffusion-xl-base-1.0,7700167,1.2461658716201782
stabilityai_stable-diffusion-xl-base-1.0,7700868,-0.41336187720298767
stabilityai_stable-diffusion-xl-base-1.0,7701244,1.29521644115448
stabilityai_stable-diffusion-xl-base-1.0,7702193,0.952244758605957
stabilityai_stable-diffusion-xl-base-1.0,7710616,0.33745208382606506
stabilityai_stable-diffusion-xl-base-1.0,7834065,-1.137826681137085
stabilityai_stable-diffusion-xl-base-1.0,7854266,0.772404134273529
stabilityai_stable-diffusion-xl-base-1.0,7854455,0.6057561039924622
stabilityai_stable-diffusion-xl-base-1.0,7871940,1.1676547527313232
stabilityai_stable-diffusion-xl-base-1.0,7891189,1.3115395307540894
stabilityai_stable-diffusion-xl-base-1.0,7897116,-0.2720942497253418
stabilityai_stable-diffusion-xl-base-1.0,7914271,1.4971699714660645
stabilityai_stable-diffusion-xl-base-1.0,7922764,1.172420859336853
stabilityai_stable-diffusion-xl-base-1.0,7929519,-1.3163504600524902
stabilityai_stable-diffusion-xl-base-1.0,7933274,-2.256760358810425
stabilityai_stable-diffusion-xl-base-1.0,7933530,1.4628938436508179
stabilityai_stable-diffusion-xl-base-1.0,8089797,0.20445036888122559
stabilityai_stable-diffusion-xl-base-1.0,8095160,0.9010621905326843
stabilityai_stable-diffusion-xl-base-1.0,8124208,-0.6730192303657532
stabilityai_stable-diffusion-xl-base-1.0,8339939,0.9051746129989624
stabilityai_stable-diffusion-xl-base-1.0,8876291,-0.27273765206336975
stabilityai_stable-diffusion-xl-base-1.0,9020389,1.6064225435256958
stabilityai_stable-diffusion-xl-base-1.0,9044146,-0.6321523785591125
stabilityai_stable-diffusion-xl-base-1.0,9057052,-1.2120270729064941
stabilityai_stable-diffusion-xl-base-1.0,9427682,-0.2747063636779785
stabilityai_stable-diffusion-xl-base-1.0,9580065,1.1887010335922241
stabilityai_stable-diffusion-xl-base-1.0,9719434,1.0856072902679443
stabilityai_stable-diffusion-xl-base-1.0,9793248,1.5760313272476196
stabilityai_stable-diffusion-xl-base-1.0,9794211,1.432077407836914
stabilityai_stable-diffusion-xl-base-1.0,9862621,0.6045981049537659
stabilityai_stable-diffusion-xl-base-1.0,9875188,-0.03136839345097542
stabilityai_stable-diffusion-xl-base-1.0,9984659,0.4703982472419739
stabilityai_stable-diffusion-xl-base-1.0,10012874,-0.6273581385612488
stabilityai_stable-diffusion-xl-base-1.0,10024569,-0.6189364194869995
stabilityai_stable-diffusion-xl-base-1.0,10080493,-0.21911974251270294
stabilityai_stable-diffusion-xl-base-1.0,10106452,-0.7346305847167969
stabilityai_stable-diffusion-xl-base-1.0,10198409,-0.17072723805904388
stabilityai_stable-diffusion-xl-base-1.0,10333317,-0.6211985945701599
stabilityai_stable-diffusion-xl-base-1.0,10408552,0.7773737907409668
stabilityai_stable-diffusion-xl-base-1.0,10444677,-0.03630902245640755
stabilityai_stable-diffusion-xl-base-1.0,10453357,1.1409857273101807
stabilityai_stable-diffusion-xl-base-1.0,10548623,0.10781204700469971
stabilityai_stable-diffusion-xl-base-1.0,10572128,-0.2974841296672821
stabilityai_stable-diffusion-xl-base-1.0,10794014,1.8213863372802734
stabilityai_stable-diffusion-xl-base-1.0,10939743,-0.12061959505081177
stabilityai_stable-diffusion-xl-base-1.0,11039909,-0.2889500558376312
stabilityai_stable-diffusion-xl-base-1.0,11334088,0.14525943994522095
stabilityai_stable-diffusion-xl-base-1.0,11417672,0.4712947905063629
stabilityai_stable-diffusion-xl-base-1.0,11437577,0.24238407611846924
stabilityai_stable-diffusion-xl-base-1.0,11460338,-0.443765252828598
stabilityai_stable-diffusion-xl-base-1.0,12345739,-1.1968207359313965
stabilityai_stable-diffusion-xl-base-1.0,12402348,0.8166489005088806
stabilityai_stable-diffusion-xl-base-1.0,13221529,0.5803154706954956
stabilityai_stable-diffusion-xl-base-1.0,13290566,-0.03809056058526039
stabilityai_stable-diffusion-xl-base-1.0,13389475,1.7088770866394043
stabilityai_stable-diffusion-xl-base-1.0,13390139,1.3749943971633911
stabilityai_stable-diffusion-xl-base-1.0,13390405,0.5686661601066589
stabilityai_stable-diffusion-xl-base-1.0,13392786,0.8515105843544006
stabilityai_stable-diffusion-xl-base-1.0,13649361,-1.8571670055389404
stabilityai_stable-diffusion-xl-base-1.0,13716878,0.10708679258823395
stabilityai_stable-diffusion-xl-base-1.0,13884740,0.2565728425979614
stabilityai_stable-diffusion-xl-base-1.0,13915305,0.34227943420410156
stabilityai_stable-diffusion-xl-base-1.0,13931145,-1.457074522972107
stabilityai_stable-diffusion-xl-base-1.0,13984082,-1.8929991722106934
stabilityai_stable-diffusion-xl-base-1.0,14140678,-0.8620020747184753
stabilityai_stable-diffusion-xl-base-1.0,14195315,0.20505568385124207
stabilityai_stable-diffusion-xl-base-1.0,14294568,-0.24966533482074738
stabilityai_stable-diffusion-xl-base-1.0,14320813,0.6304915547370911
stabilityai_stable-diffusion-xl-base-1.0,14360436,0.6062376499176025
stabilityai_stable-diffusion-xl-base-1.0,14488317,0.6553823351860046
stabilityai_stable-diffusion-xl-base-1.0,14533937,-2.0894124507904053
stabilityai_stable-diffusion-xl-base-1.0,14550987,-0.5746195316314697
stabilityai_stable-diffusion-xl-base-1.0,14579933,-1.0713348388671875
stabilityai_stable-diffusion-xl-base-1.0,14606290,0.09223338216543198
stabilityai_stable-diffusion-xl-base-1.0,14620257,-1.8793189525604248
stabilityai_stable-diffusion-xl-base-1.0,14632648,-1.4757288694381714
stabilityai_stable-diffusion-xl-base-1.0,14647235,0.24732716381549835
stabilityai_stable-diffusion-xl-base-1.0,14654954,-0.7234630584716797
stabilityai_stable-diffusion-xl-base-1.0,14686352,-0.4178677797317505
stabilityai_stable-diffusion-xl-base-1.0,14702875,-0.9969117641448975
stabilityai_stable-diffusion-xl-base-1.0,14703190,-0.5562243461608887
stabilityai_stable-diffusion-xl-base-1.0,14807929,-0.17424079775810242
stabilityai_stable-diffusion-xl-base-1.0,14809057,0.21700435876846313
stabilityai_stable-diffusion-xl-base-1.0,14867690,-0.26652711629867554
stabilityai_stable-diffusion-xl-base-1.0,14872875,-0.8999643921852112
stabilityai_stable-diffusion-xl-base-1.0,14880557,0.6556409001350403
stabilityai_stable-diffusion-xl-base-1.0,14894140,-1.1794317960739136
stabilityai_stable-diffusion-xl-base-1.0,15180934,-0.1931363046169281
stabilityai_stable-diffusion-xl-base-1.0,15970145,0.352772980928421
stabilityai_stable-diffusion-xl-base-1.0,17002912,0.5790399312973022
stabilityai_stable-diffusion-xl-base-1.0,17012379,0.2852017283439636
stabilityai_stable-diffusion-xl-base-1.0,17282800,-0.2859216034412384
stabilityai_stable-diffusion-xl-base-1.0,17925539,-0.12220238894224167
stabilityai_stable-diffusion-xl-base-1.0,18367104,-0.46665501594543457
stabilityai_stable-diffusion-xl-base-1.0,18758723,-0.11082367599010468
stabilityai_stable-diffusion-xl-base-1.0,19143128,0.27590978145599365
stabilityai_stable-diffusion-xl-base-1.0,19671124,-2.1869165897369385
stabilityai_stable-diffusion-xl-base-1.0,19855707,-1.1199191808700562
stabilityai_stable-diffusion-xl-base-1.0,19893872,-0.4082629978656769
stabilityai_stable-diffusion-xl-base-1.0,20017667,0.22847142815589905
stabilityai_stable-diffusion-xl-base-1.0,20128079,-1.044588565826416
stabilityai_stable-diffusion-xl-base-1.0,20471134,-0.5117022395133972
stabilityai_stable-diffusion-xl-base-1.0,20495093,0.17437182366847992
stabilityai_stable-diffusion-xl-base-1.0,20782430,0.06508561968803406
stabilityai_stable-diffusion-xl-base-1.0,21377549,-0.2947191894054413
stabilityai_stable-diffusion-xl-base-1.0,21564446,-0.8749648332595825
stabilityai_stable-diffusion-xl-base-1.0,21620388,1.0127547979354858
stabilityai_stable-diffusion-xl-base-1.0,22149540,-0.9946112036705017
stabilityai_stable-diffusion-xl-base-1.0,22738759,-1.8705341815948486
stabilityai_stable-diffusion-xl-base-1.0,22767176,-0.002607322297990322
stabilityai_stable-diffusion-xl-base-1.0,23129661,-1.0093706846237183
stabilityai_stable-diffusion-xl-base-1.0,23185551,-0.5134094953536987
stabilityai_stable-diffusion-xl-base-1.0,23232427,-0.15931855142116547
stabilityai_stable-diffusion-xl-base-1.0,23257851,-0.883348822593689
stabilityai_stable-diffusion-xl-base-1.0,23620789,-0.1501065492630005
stabilityai_stable-diffusion-xl-base-1.0,24808131,-0.3625151515007019
stabilityai_stable-diffusion-xl-base-1.0,24843217,-0.33751368522644043
stabilityai_stable-diffusion-xl-base-1.0,24933378,0.314220130443573
stabilityai_stable-diffusion-xl-base-1.0,24942232,1.0989259481430054
stabilityai_stable-diffusion-xl-base-1.0,25290589,-0.51829594373703
stabilityai_stable-diffusion-xl-base-1.0,25579216,-1.524336814880371
stabilityai_stable-diffusion-xl-base-1.0,25685207,-1.0709184408187866
stabilityai_stable-diffusion-xl-base-1.0,25776594,0.37726137042045593
stabilityai_stable-diffusion-xl-base-1.0,26078214,-0.5738444328308105
stabilityai_stable-diffusion-xl-base-1.0,26746434,-0.25672852993011475
stabilityai_stable-diffusion-xl-base-1.0,26998039,-0.7385329008102417
stabilityai_stable-diffusion-xl-base-1.0,27106238,-0.24238836765289307
stabilityai_stable-diffusion-xl-base-1.0,27246777,-0.3640722334384918
stabilityai_stable-diffusion-xl-base-1.0,27768637,-0.07603288441896439
stabilityai_stable-diffusion-xl-base-1.0,27871992,-0.5146673917770386
stabilityai_stable-diffusion-xl-base-1.0,28190972,-0.9288321733474731
stabilityai_stable-diffusion-xl-base-1.0,29094321,-0.5852408409118652
stabilityai_stable-diffusion-xl-base-1.0,29148617,0.25790268182754517
stabilityai_stable-diffusion-xl-base-1.0,29161294,-0.7416619658470154
stabilityai_stable-diffusion-xl-base-1.0,29632917,-0.8613693714141846
stabilityai_stable-diffusion-xl-base-1.0,29703209,-0.7415534853935242
stabilityai_stable-diffusion-xl-base-1.0,29779486,-0.532622754573822
stabilityai_stable-diffusion-xl-base-1.0,30028757,-1.1030428409576416
stabilityai_stable-diffusion-xl-base-1.0,30225071,0.8875970840454102
stabilityai_stable-diffusion-xl-base-1.0,30373565,-0.5114465951919556
stabilityai_stable-diffusion-xl-base-1.0,30484086,-1.2300218343734741
stabilityai_stable-diffusion-xl-base-1.0,30883080,-0.9828138947486877
stabilityai_stable-diffusion-xl-base-1.0,31114750,-1.4087045192718506
stabilityai_stable-diffusion-xl-base-1.0,31196176,-0.9461584091186523
stabilityai_stable-diffusion-xl-base-1.0,31391857,-0.1364719420671463
stabilityai_stable-diffusion-xl-base-1.0,31595142,1.381982445716858
stabilityai_stable-diffusion-xl-base-1.0,32152786,-0.7912847995758057
stabilityai_stable-diffusion-xl-base-1.0,32327818,-1.0022333860397339
stabilityai_stable-diffusion-xl-base-1.0,32379732,0.629589855670929
stabilityai_stable-diffusion-xl-base-1.0,32473966,-0.5498673319816589
stabilityai_stable-diffusion-xl-base-1.0,32902730,0.7298414707183838
stabilityai_stable-diffusion-xl-base-1.0,32932491,-0.8197689652442932
stabilityai_stable-diffusion-xl-base-1.0,33006578,-0.6355483531951904
stabilityai_stable-diffusion-xl-base-1.0,33478721,-0.8377491235733032
stabilityai_stable-diffusion-xl-base-1.0,34475997,0.2880297899246216
stabilityai_stable-diffusion-xl-base-1.0,34578737,-1.4710297584533691
stabilityai_stable-diffusion-xl-base-1.0,34773230,-0.024986907839775085
stabilityai_stable-diffusion-xl-base-1.0,36507085,0.8980461359024048
stabilityai_stable-diffusion-xl-base-1.0,36678439,0.20107631385326385
stabilityai_stable-diffusion-xl-base-1.0,37287360,-0.03058328852057457
stabilityai_stable-diffusion-xl-base-1.0,37319253,1.5639573335647583
stabilityai_stable-diffusion-xl-base-1.0,37547870,-0.23706793785095215
stabilityai_stable-diffusion-xl-base-1.0,37736408,0.47642970085144043
stabilityai_stable-diffusion-xl-base-1.0,38014258,0.15778061747550964
stabilityai_stable-diffusion-xl-base-1.0,38297191,0.9119441509246826
stabilityai_stable-diffusion-xl-base-1.0,38402744,0.32255131006240845
stabilityai_stable-diffusion-xl-base-1.0,38954086,-0.45499560236930847
stabilityai_stable-diffusion-xl-base-1.0,39139190,-0.5026166439056396
stabilityai_stable-diffusion-xl-base-1.0,39560404,-0.6506080031394958
stabilityai_stable-diffusion-xl-base-1.0,39566065,1.572200894355774
stabilityai_stable-diffusion-xl-base-1.0,39595218,-0.6703109741210938
stabilityai_stable-diffusion-xl-base-1.0,40825299,0.4167843759059906
stabilityai_stable-diffusion-xl-base-1.0,40945115,-1.7159017324447632
stabilityai_stable-diffusion-xl-base-1.0,40995095,0.2704060673713684
stabilityai_stable-diffusion-xl-base-1.0,41015844,-0.6246663331985474
stabilityai_stable-diffusion-xl-base-1.0,41031648,-0.10320767760276794
stabilityai_stable-diffusion-xl-base-1.0,41161074,-0.5868242979049683
stabilityai_stable-diffusion-xl-base-1.0,41458919,-0.19170674681663513
stabilityai_stable-diffusion-xl-base-1.0,41565779,0.6719774007797241
stabilityai_stable-diffusion-xl-base-1.0,41766391,1.0690784454345703
stabilityai_stable-diffusion-xl-base-1.0,41982710,-0.08213363587856293
stabilityai_stable-diffusion-xl-base-1.0,42048260,0.7313085198402405
stabilityai_stable-diffusion-xl-base-1.0,42849420,-1.1914033889770508
stabilityai_stable-diffusion-xl-base-1.0,42931583,0.4807496666908264
stabilityai_stable-diffusion-xl-base-1.0,43060946,-0.22589324414730072
stabilityai_stable-diffusion-xl-base-1.0,43153800,-0.7850691080093384
stabilityai_stable-diffusion-xl-base-1.0,43161384,0.12551192939281464
stabilityai_stable-diffusion-xl-base-1.0,43301379,0.6562436819076538
stabilityai_stable-diffusion-xl-base-1.0,43304323,0.08576329797506332
stabilityai_stable-diffusion-xl-base-1.0,43367797,-0.4319590628147125
stabilityai_stable-diffusion-xl-base-1.0,43431032,0.2830617129802704
stabilityai_stable-diffusion-xl-base-1.0,43631801,0.5526158809661865
stabilityai_stable-diffusion-xl-base-1.0,43735560,-0.5360491275787354
stabilityai_stable-diffusion-xl-base-1.0,43858443,1.2326552867889404
stabilityai_stable-diffusion-xl-base-1.0,43918624,-1.7969002723693848
stabilityai_stable-diffusion-xl-base-1.0,44280552,-1.768943190574646
stabilityai_stable-diffusion-xl-base-1.0,44295589,-2.0640735626220703
stabilityai_stable-diffusion-xl-base-1.0,44621915,-0.465291827917099
stabilityai_stable-diffusion-xl-base-1.0,44645737,-0.6416738033294678
stabilityai_stable-diffusion-xl-base-1.0,44838123,-1.1782995462417603
stabilityai_stable-diffusion-xl-base-1.0,45258070,0.557635486125946
stabilityai_stable-diffusion-xl-base-1.0,45297641,-0.6245714426040649
stabilityai_stable-diffusion-xl-base-1.0,45418454,-1.0745729207992554
stabilityai_stable-diffusion-xl-base-1.0,45564900,-1.6972594261169434
stabilityai_stable-diffusion-xl-base-1.0,46150029,-1.4277963638305664
stabilityai_stable-diffusion-xl-base-1.0,46394736,0.45097148418426514
stabilityai_stable-diffusion-xl-base-1.0,46673664,0.09396310895681381
stabilityai_stable-diffusion-xl-base-1.0,46994920,0.14750069379806519
stabilityai_stable-diffusion-xl-base-1.0,47009060,-1.4366525411605835
stabilityai_stable-diffusion-xl-base-1.0,47552953,0.611359715461731
stabilityai_stable-diffusion-xl-base-1.0,47595220,0.28994181752204895
stabilityai_stable-diffusion-xl-base-1.0,47819321,0.6043158769607544
stabilityai_stable-diffusion-xl-base-1.0,48223384,0.42607593536376953
stabilityai_stable-diffusion-xl-base-1.0,48351897,-0.7428604960441589
stabilityai_stable-diffusion-xl-base-1.0,48754831,-1.4173202514648438
stabilityai_stable-diffusion-xl-base-1.0,49054805,0.2803754508495331
stabilityai_stable-diffusion-xl-base-1.0,49089576,0.7925280928611755
stabilityai_stable-diffusion-xl-base-1.0,49300740,-0.5080822706222534
stabilityai_stable-diffusion-xl-base-1.0,49358811,-1.1619510650634766
stabilityai_stable-diffusion-xl-base-1.0,49462954,-1.583327293395996
stabilityai_stable-diffusion-xl-base-1.0,50262859,1.1139073371887207
stabilityai_stable-diffusion-xl-base-1.0,50871471,0.2000160664319992
stabilityai_stable-diffusion-xl-base-1.0,50952217,0.504629909992218
stabilityai_stable-diffusion-xl-base-1.0,51060824,-0.813369631767273
stabilityai_stable-diffusion-xl-base-1.0,51314050,-1.4926962852478027
stabilityai_stable-diffusion-xl-base-1.0,51946990,0.241267591714859
stabilityai_stable-diffusion-xl-base-1.0,52325745,-1.3054922819137573
stabilityai_stable-diffusion-xl-base-1.0,52474100,1.3915787935256958
stabilityai_stable-diffusion-xl-base-1.0,52516409,-0.43834665417671204
stabilityai_stable-diffusion-xl-base-1.0,52711595,0.14379842579364777
stabilityai_stable-diffusion-xl-base-1.0,53022028,0.12916219234466553
stabilityai_stable-diffusion-xl-base-1.0,53205877,-1.0543138980865479
stabilityai_stable-diffusion-xl-base-1.0,53288018,-0.9826033711433411
stabilityai_stable-diffusion-xl-base-1.0,53443611,1.3729687929153442
stabilityai_stable-diffusion-xl-base-1.0,53815934,0.3476211726665497
stabilityai_stable-diffusion-xl-base-1.0,54495173,-0.27620506286621094
stabilityai_stable-diffusion-xl-base-1.0,54931507,0.0911383256316185
stabilityai_stable-diffusion-xl-base-1.0,55191509,-0.2546290457248688
stabilityai_stable-diffusion-xl-base-1.0,55255145,-1.1988277435302734
stabilityai_stable-diffusion-xl-base-1.0,55457672,0.2169053703546524
stabilityai_stable-diffusion-xl-base-1.0,55588327,-0.026285549625754356
stabilityai_stable-diffusion-xl-base-1.0,55653646,0.45215708017349243
stabilityai_stable-diffusion-xl-base-1.0,55658809,0.30047598481178284
stabilityai_stable-diffusion-xl-base-1.0,55812974,-0.7712893486022949
stabilityai_stable-diffusion-xl-base-1.0,55819553,-1.60312819480896
stabilityai_stable-diffusion-xl-base-1.0,55826966,-0.3556155562400818
stabilityai_stable-diffusion-xl-base-1.0,55983905,-0.4888142943382263
stabilityai_stable-diffusion-xl-base-1.0,56074056,-0.11486197263002396
stabilityai_stable-diffusion-xl-base-1.0,56112588,-0.9677892327308655
stabilityai_stable-diffusion-xl-base-1.0,56121520,-0.5293149352073669
stabilityai_stable-diffusion-xl-base-1.0,56250900,-0.654147744178772
stabilityai_stable-diffusion-xl-base-1.0,56458800,-0.7918165922164917
stabilityai_stable-diffusion-xl-base-1.0,56792430,-0.6600892543792725
stabilityai_stable-diffusion-xl-base-1.0,56982260,-0.4875894784927368
stabilityai_stable-diffusion-xl-base-1.0,57673976,-1.264827013015747
stabilityai_stable-diffusion-xl-base-1.0,57716963,0.6934499144554138
stabilityai_stable-diffusion-xl-base-1.0,57729980,-1.426150918006897
stabilityai_stable-diffusion-xl-base-1.0,57785005,0.4437061548233032
stabilityai_stable-diffusion-xl-base-1.0,57873614,-0.3334016799926758
stabilityai_stable-diffusion-xl-base-1.0,58727024,-0.34396010637283325
stabilityai_stable-diffusion-xl-base-1.0,58761464,-0.362804114818573
stabilityai_stable-diffusion-xl-base-1.0,59399259,0.23905447125434875
stabilityai_stable-diffusion-xl-base-1.0,59976859,-0.094915010035038
stabilityai_stable-diffusion-xl-base-1.0,60083345,-0.6375173926353455
stabilityai_stable-diffusion-xl-base-1.0,60214770,-0.1959569901227951
stabilityai_stable-diffusion-xl-base-1.0,60215376,-0.6834391951560974
stabilityai_stable-diffusion-xl-base-1.0,60375309,-0.6205070614814758
stabilityai_stable-diffusion-xl-base-1.0,60606896,-0.17817091941833496
stabilityai_stable-diffusion-xl-base-1.0,60668084,1.2723298072814941
stabilityai_stable-diffusion-xl-base-1.0,61035709,-0.32485637068748474
stabilityai_stable-diffusion-xl-base-1.0,61388266,-0.5350486040115356
stabilityai_stable-diffusion-xl-base-1.0,61627313,-0.17008580267429352
stabilityai_stable-diffusion-xl-base-1.0,61635816,-0.71320641040802
stabilityai_stable-diffusion-xl-base-1.0,61853324,0.19428463280200958
stabilityai_stable-diffusion-xl-base-1.0,62408818,0.1287573277950287
stabilityai_stable-diffusion-xl-base-1.0,62841330,-0.3219206631183624
stabilityai_stable-diffusion-xl-base-1.0,63015570,0.15691986680030823
stabilityai_stable-diffusion-xl-base-1.0,63336441,0.20380832254886627
stabilityai_stable-diffusion-xl-base-1.0,63633117,0.027655284851789474
stabilityai_stable-diffusion-xl-base-1.0,64576544,-0.7305176854133606
stabilityai_stable-diffusion-xl-base-1.0,64687077,-0.7887576222419739
stabilityai_stable-diffusion-xl-base-1.0,64693533,0.8142884373664856
stabilityai_stable-diffusion-xl-base-1.0,64856142,-0.23466989398002625
stabilityai_stable-diffusion-xl-base-1.0,65411270,-1.1843522787094116
stabilityai_stable-diffusion-xl-base-1.0,65557844,-0.3677853047847748
stabilityai_stable-diffusion-xl-base-1.0,65824677,0.254696786403656
stabilityai_stable-diffusion-xl-base-1.0,65890875,0.7224237322807312
stabilityai_stable-diffusion-xl-base-1.0,65960228,-0.34103599190711975
stabilityai_stable-diffusion-xl-base-1.0,66668538,0.2764891982078552
stabilityai_stable-diffusion-xl-base-1.0,67344811,0.48601412773132324
stabilityai_stable-diffusion-xl-base-1.0,67949798,0.12607033550739288
stabilityai_stable-diffusion-xl-base-1.0,68246844,-0.9753990769386292
stabilityai_stable-diffusion-xl-base-1.0,68280322,-1.6720610857009888
stabilityai_stable-diffusion-xl-base-1.0,68321683,-0.03465645760297775
stabilityai_stable-diffusion-xl-base-1.0,68380669,-0.054603345692157745
stabilityai_stable-diffusion-xl-base-1.0,68575085,1.417105793952942
stabilityai_stable-diffusion-xl-base-1.0,70380966,0.07148292660713196
stabilityai_stable-diffusion-xl-base-1.0,70494671,-1.0636208057403564
stabilityai_stable-diffusion-xl-base-1.0,71055464,-2.135113000869751
stabilityai_stable-diffusion-xl-base-1.0,71591839,-0.9727849364280701
stabilityai_stable-diffusion-xl-base-1.0,71828875,-0.9005478620529175
stabilityai_stable-diffusion-xl-base-1.0,71910823,0.4491409659385681
stabilityai_stable-diffusion-xl-base-1.0,71959499,0.46271419525146484
stabilityai_stable-diffusion-xl-base-1.0,72432241,0.9668084383010864
stabilityai_stable-diffusion-xl-base-1.0,72553814,0.4898495674133301
stabilityai_stable-diffusion-xl-base-1.0,73051579,0.413370817899704
stabilityai_stable-diffusion-xl-base-1.0,73600586,-0.6697478294372559
stabilityai_stable-diffusion-xl-base-1.0,73616417,0.7370507121086121
stabilityai_stable-diffusion-xl-base-1.0,73681289,1.5265600681304932
stabilityai_stable-diffusion-xl-base-1.0,73962724,-0.8836458921432495
stabilityai_stable-diffusion-xl-base-1.0,74175857,-0.28513824939727783
stabilityai_stable-diffusion-xl-base-1.0,75051801,-0.5859259366989136
stabilityai_stable-diffusion-xl-base-1.0,75787772,-0.5447351932525635
stabilityai_stable-diffusion-xl-base-1.0,75944980,-1.489376425743103
stabilityai_stable-diffusion-xl-base-1.0,75964288,-1.4706106185913086
stabilityai_stable-diffusion-xl-base-1.0,76066166,-0.9913187026977539
stabilityai_stable-diffusion-xl-base-1.0,76100398,0.9350360631942749
stabilityai_stable-diffusion-xl-base-1.0,76425345,-0.5560805797576904
stabilityai_stable-diffusion-xl-base-1.0,77106105,-0.030944691970944405
stabilityai_stable-diffusion-xl-base-1.0,77132310,0.7731788754463196
stabilityai_stable-diffusion-xl-base-1.0,77232534,-0.1099047064781189
stabilityai_stable-diffusion-xl-base-1.0,77312726,-0.6386354565620422
stabilityai_stable-diffusion-xl-base-1.0,77358840,-0.4919329583644867
stabilityai_stable-diffusion-xl-base-1.0,77490593,-0.11156170815229416
stabilityai_stable-diffusion-xl-base-1.0,77726888,0.17205145955085754
stabilityai_stable-diffusion-xl-base-1.0,78735978,-0.8697312474250793
stabilityai_stable-diffusion-xl-base-1.0,79077085,-0.487251877784729
stabilityai_stable-diffusion-xl-base-1.0,79212243,0.09988700598478317
stabilityai_stable-diffusion-xl-base-1.0,79606917,-0.6559112071990967
stabilityai_stable-diffusion-xl-base-1.0,79918827,1.4142426252365112
stabilityai_stable-diffusion-xl-base-1.0,80289373,-0.09973939508199692
stabilityai_stable-diffusion-xl-base-1.0,80371125,0.3364003002643585
stabilityai_stable-diffusion-xl-base-1.0,80540387,-1.054404616355896
stabilityai_stable-diffusion-xl-base-1.0,81135077,-0.35962244868278503
stabilityai_stable-diffusion-xl-base-1.0,81303945,-0.8322548866271973
stabilityai_stable-diffusion-xl-base-1.0,81435593,-0.09838676452636719
stabilityai_stable-diffusion-xl-base-1.0,82282590,0.5069923996925354
stabilityai_stable-diffusion-xl-base-1.0,82696415,-1.475906491279602
stabilityai_stable-diffusion-xl-base-1.0,82916016,-2.0420517921447754
stabilityai_stable-diffusion-xl-base-1.0,83084473,1.7042821645736694
stabilityai_stable-diffusion-xl-base-1.0,83418847,0.06861378997564316
stabilityai_stable-diffusion-xl-base-1.0,84089324,-1.4565989971160889
stabilityai_stable-diffusion-xl-base-1.0,84306831,-0.3966257870197296
stabilityai_stable-diffusion-xl-base-1.0,84510135,-0.9127520322799683
stabilityai_stable-diffusion-xl-base-1.0,84788890,1.6835635900497437
stabilityai_stable-diffusion-xl-base-1.0,84985982,0.14870165288448334
stabilityai_stable-diffusion-xl-base-1.0,85191733,-0.539383590221405
stabilityai_stable-diffusion-xl-base-1.0,86119145,0.49362999200820923
stabilityai_stable-diffusion-xl-base-1.0,86340862,-0.3640602231025696
stabilityai_stable-diffusion-xl-base-1.0,86341828,-0.041504018008708954
stabilityai_stable-diffusion-xl-base-1.0,86537356,-0.5775482058525085
stabilityai_stable-diffusion-xl-base-1.0,86701636,0.10651493072509766
stabilityai_stable-diffusion-xl-base-1.0,86714939,-0.9088062644004822
stabilityai_stable-diffusion-xl-base-1.0,87574583,-0.6998311281204224
stabilityai_stable-diffusion-xl-base-1.0,87699711,-0.22195762395858765
stabilityai_stable-diffusion-xl-base-1.0,88016571,0.327506959438324
stabilityai_stable-diffusion-xl-base-1.0,88087492,-0.5310732126235962
stabilityai_stable-diffusion-xl-base-1.0,89227603,-1.7754346132278442
stabilityai_stable-diffusion-xl-base-1.0,89539854,-0.6691685318946838
stabilityai_stable-diffusion-xl-base-1.0,89926787,0.1688990294933319
stabilityai_stable-diffusion-xl-base-1.0,90244932,1.6056532859802246
stabilityai_stable-diffusion-xl-base-1.0,90493027,-0.47574612498283386
stabilityai_stable-diffusion-xl-base-1.0,90613035,-0.5935609340667725
stabilityai_stable-diffusion-xl-base-1.0,91368797,1.1163256168365479
stabilityai_stable-diffusion-xl-base-1.0,91784299,-0.3294890820980072
stabilityai_stable-diffusion-xl-base-1.0,91790573,1.4673383235931396
stabilityai_stable-diffusion-xl-base-1.0,91834546,-1.370197057723999
stabilityai_stable-diffusion-xl-base-1.0,92068094,0.8338696956634521
stabilityai_stable-diffusion-xl-base-1.0,92311656,0.012854150496423244
stabilityai_stable-diffusion-xl-base-1.0,92709444,0.028308499604463577
stabilityai_stable-diffusion-xl-base-1.0,93114575,-1.0008537769317627
stabilityai_stable-diffusion-xl-base-1.0,93256557,-0.8366670608520508
stabilityai_stable-diffusion-xl-base-1.0,93407716,-1.7618718147277832
stabilityai_stable-diffusion-xl-base-1.0,93436296,0.6324965953826904
stabilityai_stable-diffusion-xl-base-1.0,93512057,-0.9939326047897339
stabilityai_stable-diffusion-xl-base-1.0,94006560,-1.6343806982040405
stabilityai_stable-diffusion-xl-base-1.0,94321535,-0.5601089000701904
stabilityai_stable-diffusion-xl-base-1.0,94532154,-0.07399587333202362
stabilityai_stable-diffusion-xl-base-1.0,95171107,-1.055619239807129
stabilityai_stable-diffusion-xl-base-1.0,95228839,-0.5996113419532776
stabilityai_stable-diffusion-xl-base-1.0,95325441,-1.264114260673523
stabilityai_stable-diffusion-xl-base-1.0,95450946,0.31385573744773865
stabilityai_stable-diffusion-xl-base-1.0,95583911,1.1817823648452759
stabilityai_stable-diffusion-xl-base-1.0,95718306,-0.12112639844417572
stabilityai_stable-diffusion-xl-base-1.0,95737828,-0.1587129682302475
stabilityai_stable-diffusion-xl-base-1.0,96448597,-1.0277906656265259
stabilityai_stable-diffusion-xl-base-1.0,96482065,-0.6255650520324707
stabilityai_stable-diffusion-xl-base-1.0,96521920,-0.45023128390312195
stabilityai_stable-diffusion-xl-base-1.0,96850153,1.0571435689926147
stabilityai_stable-diffusion-xl-base-1.0,98113191,0.5078203678131104
stabilityai_stable-diffusion-xl-base-1.0,98195317,-0.14385418593883514
stabilityai_stable-diffusion-xl-base-1.0,98254655,0.8195046782493591
stabilityai_stable-diffusion-xl-base-1.0,98319500,-1.742512822151184
stabilityai_stable-diffusion-xl-base-1.0,98642787,0.3314072787761688
stabilityai_stable-diffusion-xl-base-1.0,98646702,-0.1345522403717041
stabilityai_stable-diffusion-xl-base-1.0,98929226,-1.9277820587158203
stabilityai_stable-diffusion-xl-base-1.0,99178779,1.2351176738739014
stabilityai_stable-diffusion-xl-base-1.0,99185892,-0.8091124892234802
stabilityai_stable-diffusion-xl-base-1.0,99211012,0.03333005681633949
stabilityai_stable-diffusion-xl-base-1.0,99410560,1.0117011070251465
stabilityai_stable-diffusion-xl-base-1.0,99862294,-0.9179552793502808
