model,wordnet_id,reward
deepfloyd_if-i-xl-v1.0,138508,-0.975567638874054
deepfloyd_if-i-xl-v1.0,192051,0.050104059278964996
deepfloyd_if-i-xl-v1.0,213186,-0.19940897822380066
deepfloyd_if-i-xl-v1.0,232386,0.674186110496521
deepfloyd_if-i-xl-v1.0,232765,-0.7866424918174744
deepfloyd_if-i-xl-v1.0,258857,-0.23182131350040436
deepfloyd_if-i-xl-v1.0,283090,0.874309778213501
deepfloyd_if-i-xl-v1.0,285141,-0.13974927365779877
deepfloyd_if-i-xl-v1.0,399030,-1.0224860906600952
deepfloyd_if-i-xl-v1.0,440189,0.6406941413879395
deepfloyd_if-i-xl-v1.0,445169,-0.809156060218811
deepfloyd_if-i-xl-v1.0,486490,-0.4281906187534332
deepfloyd_if-i-xl-v1.0,487072,-1.1308273077011108
deepfloyd_if-i-xl-v1.0,487326,-1.0535022020339966
deepfloyd_if-i-xl-v1.0,489837,-0.13501228392124176
deepfloyd_if-i-xl-v1.0,646833,-0.27513328194618225
deepfloyd_if-i-xl-v1.0,708860,-2.2735297679901123
deepfloyd_if-i-xl-v1.0,717208,-0.06104080751538277
deepfloyd_if-i-xl-v1.0,717468,1.025584101676941
deepfloyd_if-i-xl-v1.0,735254,-2.2135560512542725
deepfloyd_if-i-xl-v1.0,762478,-0.5109747052192688
deepfloyd_if-i-xl-v1.0,825443,1.0543183088302612
deepfloyd_if-i-xl-v1.0,831919,-0.23574692010879517
deepfloyd_if-i-xl-v1.0,896677,0.22548407316207886
deepfloyd_if-i-xl-v1.0,936620,-0.1109464168548584
deepfloyd_if-i-xl-v1.0,974367,-1.0567715167999268
deepfloyd_if-i-xl-v1.0,993014,0.30212074518203735
deepfloyd_if-i-xl-v1.0,995855,0.10464838892221451
deepfloyd_if-i-xl-v1.0,1113367,-0.9725251197814941
deepfloyd_if-i-xl-v1.0,1171644,1.5564401149749756
deepfloyd_if-i-xl-v1.0,1209135,-0.18456843495368958
deepfloyd_if-i-xl-v1.0,1317294,-0.20179961621761322
deepfloyd_if-i-xl-v1.0,1317533,-0.9561738967895508
deepfloyd_if-i-xl-v1.0,1321854,1.4306601285934448
deepfloyd_if-i-xl-v1.0,1377758,-0.6448328495025635
deepfloyd_if-i-xl-v1.0,1474832,0.011532622389495373
deepfloyd_if-i-xl-v1.0,1516071,-0.9434142708778381
deepfloyd_if-i-xl-v1.0,1566705,0.48890265822410583
deepfloyd_if-i-xl-v1.0,1640855,0.9685211181640625
deepfloyd_if-i-xl-v1.0,1668603,-1.5790112018585205
deepfloyd_if-i-xl-v1.0,1678990,-0.13887205719947815
deepfloyd_if-i-xl-v1.0,1699831,0.7994652986526489
deepfloyd_if-i-xl-v1.0,1707698,0.32944732904434204
deepfloyd_if-i-xl-v1.0,1727942,-1.155838966369629
deepfloyd_if-i-xl-v1.0,2045760,-0.3814937174320221
deepfloyd_if-i-xl-v1.0,2075049,-0.27675390243530273
deepfloyd_if-i-xl-v1.0,2075764,-0.9442395567893982
deepfloyd_if-i-xl-v1.0,2241569,0.8591019511222839
deepfloyd_if-i-xl-v1.0,2720725,0.1458694338798523
deepfloyd_if-i-xl-v1.0,2721160,-1.1722553968429565
deepfloyd_if-i-xl-v1.0,2730265,-1.3582221269607544
deepfloyd_if-i-xl-v1.0,2744395,-2.2530651092529297
deepfloyd_if-i-xl-v1.0,2770078,1.2798504829406738
deepfloyd_if-i-xl-v1.0,2793684,-1.9445652961730957
deepfloyd_if-i-xl-v1.0,2803666,1.1228067874908447
deepfloyd_if-i-xl-v1.0,2807731,0.3656846582889557
deepfloyd_if-i-xl-v1.0,2821943,0.6482004523277283
deepfloyd_if-i-xl-v1.0,2824319,0.014577200636267662
deepfloyd_if-i-xl-v1.0,2825442,0.5895764827728271
deepfloyd_if-i-xl-v1.0,2852043,-0.8934019207954407
deepfloyd_if-i-xl-v1.0,2870293,-0.5208568572998047
deepfloyd_if-i-xl-v1.0,2870880,0.5946908593177795
deepfloyd_if-i-xl-v1.0,2923535,-1.906701922416687
deepfloyd_if-i-xl-v1.0,2933112,0.8685340285301208
deepfloyd_if-i-xl-v1.0,2963987,0.5505788922309875
deepfloyd_if-i-xl-v1.0,2991302,-0.4092128872871399
deepfloyd_if-i-xl-v1.0,3024209,-0.9268265962600708
deepfloyd_if-i-xl-v1.0,3035832,-0.5306804776191711
deepfloyd_if-i-xl-v1.0,3049457,-0.515842080116272
deepfloyd_if-i-xl-v1.0,3107488,-0.43537917733192444
deepfloyd_if-i-xl-v1.0,3131388,-1.3188188076019287
deepfloyd_if-i-xl-v1.0,3131669,-2.207193613052368
deepfloyd_if-i-xl-v1.0,3152830,-1.1319986581802368
deepfloyd_if-i-xl-v1.0,3249569,1.1160799264907837
deepfloyd_if-i-xl-v1.0,3262349,0.7264625430107117
deepfloyd_if-i-xl-v1.0,3288500,-0.18863220512866974
deepfloyd_if-i-xl-v1.0,3298716,1.4575073719024658
deepfloyd_if-i-xl-v1.0,3308246,1.0738239288330078
deepfloyd_if-i-xl-v1.0,3309110,-1.104256272315979
deepfloyd_if-i-xl-v1.0,3347220,0.05212106928229332
deepfloyd_if-i-xl-v1.0,3353281,-0.5268387794494629
deepfloyd_if-i-xl-v1.0,3366112,-0.8061981201171875
deepfloyd_if-i-xl-v1.0,3411927,0.8704568147659302
deepfloyd_if-i-xl-v1.0,3456665,1.0174084901809692
deepfloyd_if-i-xl-v1.0,3563208,-0.6710265874862671
deepfloyd_if-i-xl-v1.0,3580281,-1.1428359746932983
deepfloyd_if-i-xl-v1.0,3603442,0.5407403111457825
deepfloyd_if-i-xl-v1.0,3607029,0.948388397693634
deepfloyd_if-i-xl-v1.0,3628071,-2.022428035736084
deepfloyd_if-i-xl-v1.0,3630383,1.6714764833450317
deepfloyd_if-i-xl-v1.0,3676483,0.5332557559013367
deepfloyd_if-i-xl-v1.0,3679712,0.30468788743019104
deepfloyd_if-i-xl-v1.0,3685307,-0.2812436819076538
deepfloyd_if-i-xl-v1.0,3703463,-2.077587842941284
deepfloyd_if-i-xl-v1.0,3714235,1.431307077407837
deepfloyd_if-i-xl-v1.0,3728318,-0.7627444267272949
deepfloyd_if-i-xl-v1.0,3748162,0.04154073819518089
deepfloyd_if-i-xl-v1.0,3764276,1.2580459117889404
deepfloyd_if-i-xl-v1.0,3818090,0.22799964249134064
deepfloyd_if-i-xl-v1.0,3842156,0.9986335635185242
deepfloyd_if-i-xl-v1.0,3880032,-1.700975775718689
deepfloyd_if-i-xl-v1.0,3889343,0.28737032413482666
deepfloyd_if-i-xl-v1.0,3907654,0.30401432514190674
deepfloyd_if-i-xl-v1.0,3940713,0.14978528022766113
deepfloyd_if-i-xl-v1.0,3975232,-1.2241522073745728
deepfloyd_if-i-xl-v1.0,3982060,0.17722922563552856
deepfloyd_if-i-xl-v1.0,3990474,0.9043287038803101
deepfloyd_if-i-xl-v1.0,4010305,-0.5098739862442017
deepfloyd_if-i-xl-v1.0,4025130,1.7457798719406128
deepfloyd_if-i-xl-v1.0,4062807,1.4000141620635986
deepfloyd_if-i-xl-v1.0,4123448,-0.5075781941413879
deepfloyd_if-i-xl-v1.0,4125853,-0.344743013381958
deepfloyd_if-i-xl-v1.0,4140340,1.2621346712112427
deepfloyd_if-i-xl-v1.0,4145056,-0.724628210067749
deepfloyd_if-i-xl-v1.0,4192521,-2.1767849922180176
deepfloyd_if-i-xl-v1.0,4259202,-2.2490639686584473
deepfloyd_if-i-xl-v1.0,4285773,-0.952547013759613
deepfloyd_if-i-xl-v1.0,4345028,1.5911734104156494
deepfloyd_if-i-xl-v1.0,4387201,1.449054479598999
deepfloyd_if-i-xl-v1.0,4416901,-0.2446269690990448
deepfloyd_if-i-xl-v1.0,4455579,-0.3426015079021454
deepfloyd_if-i-xl-v1.0,4497570,-0.19270795583724976
deepfloyd_if-i-xl-v1.0,4534520,-1.5910953283309937
deepfloyd_if-i-xl-v1.0,4539203,0.7032490372657776
deepfloyd_if-i-xl-v1.0,4552551,-0.05537549778819084
deepfloyd_if-i-xl-v1.0,4596797,-2.1764914989471436
deepfloyd_if-i-xl-v1.0,4832208,-2.133718967437744
deepfloyd_if-i-xl-v1.0,4930139,-0.09187929332256317
deepfloyd_if-i-xl-v1.0,5008085,-0.3191123604774475
deepfloyd_if-i-xl-v1.0,5219923,0.7570325136184692
deepfloyd_if-i-xl-v1.0,5316083,-0.4505797326564789
deepfloyd_if-i-xl-v1.0,5350912,-1.2506239414215088
deepfloyd_if-i-xl-v1.0,5374860,0.12470334768295288
deepfloyd_if-i-xl-v1.0,5410315,-0.3500634729862213
deepfloyd_if-i-xl-v1.0,5522784,-0.6467941403388977
deepfloyd_if-i-xl-v1.0,5728577,-0.002103531500324607
deepfloyd_if-i-xl-v1.0,5752544,0.11258133500814438
deepfloyd_if-i-xl-v1.0,5794797,0.7374211549758911
deepfloyd_if-i-xl-v1.0,5895919,0.2577679753303528
deepfloyd_if-i-xl-v1.0,5958517,-0.28778156638145447
deepfloyd_if-i-xl-v1.0,6189776,-0.1943971961736679
deepfloyd_if-i-xl-v1.0,6528587,-0.828736424446106
deepfloyd_if-i-xl-v1.0,6584891,-0.5123315453529358
deepfloyd_if-i-xl-v1.0,6586355,0.4101077914237976
deepfloyd_if-i-xl-v1.0,6607809,-0.456882506608963
deepfloyd_if-i-xl-v1.0,6615026,-0.9846920371055603
deepfloyd_if-i-xl-v1.0,6615458,-0.4171505272388458
deepfloyd_if-i-xl-v1.0,6615818,0.41605427861213684
deepfloyd_if-i-xl-v1.0,6616314,-1.0272938013076782
deepfloyd_if-i-xl-v1.0,6617011,0.027575252577662468
deepfloyd_if-i-xl-v1.0,6617413,-0.9105871319770813
deepfloyd_if-i-xl-v1.0,6729499,0.24305151402950287
deepfloyd_if-i-xl-v1.0,6880664,-0.00782169308513403
deepfloyd_if-i-xl-v1.0,6883725,0.31514081358909607
deepfloyd_if-i-xl-v1.0,6946774,-2.24475359916687
deepfloyd_if-i-xl-v1.0,7025268,0.8621805310249329
deepfloyd_if-i-xl-v1.0,7109847,-0.6706459522247314
deepfloyd_if-i-xl-v1.0,7116261,0.657793402671814
deepfloyd_if-i-xl-v1.0,7150023,-0.004807008896023035
deepfloyd_if-i-xl-v1.0,7163803,0.28778761625289917
deepfloyd_if-i-xl-v1.0,7507098,-0.3805035650730133
deepfloyd_if-i-xl-v1.0,7596684,-0.21504291892051697
deepfloyd_if-i-xl-v1.0,7597365,0.8458865284919739
deepfloyd_if-i-xl-v1.0,7601809,-0.2986367642879486
deepfloyd_if-i-xl-v1.0,7605282,-1.8804140090942383
deepfloyd_if-i-xl-v1.0,7606419,-1.943178653717041
deepfloyd_if-i-xl-v1.0,7607707,0.0034928498789668083
deepfloyd_if-i-xl-v1.0,7608721,0.9668381810188293
deepfloyd_if-i-xl-v1.0,7625977,0.6390363574028015
deepfloyd_if-i-xl-v1.0,7626721,1.3601685762405396
deepfloyd_if-i-xl-v1.0,7626833,1.1108968257904053
deepfloyd_if-i-xl-v1.0,7627310,-0.3327016234397888
deepfloyd_if-i-xl-v1.0,7651454,0.3810039758682251
deepfloyd_if-i-xl-v1.0,7654438,0.4898918867111206
deepfloyd_if-i-xl-v1.0,7664468,-0.433097779750824
deepfloyd_if-i-xl-v1.0,7698915,0.39970847964286804
deepfloyd_if-i-xl-v1.0,7700167,0.8944997191429138
deepfloyd_if-i-xl-v1.0,7700868,0.693496584892273
deepfloyd_if-i-xl-v1.0,7701244,1.041286826133728
deepfloyd_if-i-xl-v1.0,7702193,1.264015555381775
deepfloyd_if-i-xl-v1.0,7710616,0.5736838579177856
deepfloyd_if-i-xl-v1.0,7834065,-0.5670375823974609
deepfloyd_if-i-xl-v1.0,7854266,0.009580476209521294
deepfloyd_if-i-xl-v1.0,7854455,0.34968632459640503
deepfloyd_if-i-xl-v1.0,7871940,1.2322719097137451
deepfloyd_if-i-xl-v1.0,7891189,0.5722990036010742
deepfloyd_if-i-xl-v1.0,7897116,-0.6065605878829956
deepfloyd_if-i-xl-v1.0,7914271,0.4988318383693695
deepfloyd_if-i-xl-v1.0,7922764,0.704129159450531
deepfloyd_if-i-xl-v1.0,7929519,0.4889339208602905
deepfloyd_if-i-xl-v1.0,7933274,0.5031934976577759
deepfloyd_if-i-xl-v1.0,7933530,0.8710644245147705
deepfloyd_if-i-xl-v1.0,8089797,1.3197968006134033
deepfloyd_if-i-xl-v1.0,8095160,-0.37554165720939636
deepfloyd_if-i-xl-v1.0,8124208,-2.2566933631896973
deepfloyd_if-i-xl-v1.0,8339939,0.9303211569786072
deepfloyd_if-i-xl-v1.0,8876291,0.13643577694892883
deepfloyd_if-i-xl-v1.0,9020389,1.5579098463058472
deepfloyd_if-i-xl-v1.0,9044146,-1.706791639328003
deepfloyd_if-i-xl-v1.0,9057052,-2.2793374061584473
deepfloyd_if-i-xl-v1.0,9427682,-2.0209765434265137
deepfloyd_if-i-xl-v1.0,9580065,1.0430048704147339
deepfloyd_if-i-xl-v1.0,9719434,0.9931082129478455
deepfloyd_if-i-xl-v1.0,9793248,0.9020277857780457
deepfloyd_if-i-xl-v1.0,9794211,0.32042378187179565
deepfloyd_if-i-xl-v1.0,9862621,0.5279732942581177
deepfloyd_if-i-xl-v1.0,9875188,-0.928044855594635
deepfloyd_if-i-xl-v1.0,9984659,-0.0881633311510086
deepfloyd_if-i-xl-v1.0,10012874,-1.6040985584259033
deepfloyd_if-i-xl-v1.0,10024569,-0.7958100438117981
deepfloyd_if-i-xl-v1.0,10080493,-1.906185269355774
deepfloyd_if-i-xl-v1.0,10106452,-0.7774431705474854
deepfloyd_if-i-xl-v1.0,10198409,-1.025972843170166
deepfloyd_if-i-xl-v1.0,10333317,0.5126217007637024
deepfloyd_if-i-xl-v1.0,10408552,0.9837377667427063
deepfloyd_if-i-xl-v1.0,10444677,-1.8633090257644653
deepfloyd_if-i-xl-v1.0,10453357,-0.17981714010238647
deepfloyd_if-i-xl-v1.0,10548623,-0.44950443506240845
deepfloyd_if-i-xl-v1.0,10572128,-0.5000214576721191
deepfloyd_if-i-xl-v1.0,10794014,-0.3206090033054352
deepfloyd_if-i-xl-v1.0,10939743,0.9385066032409668
deepfloyd_if-i-xl-v1.0,11039909,-1.3164199590682983
deepfloyd_if-i-xl-v1.0,11334088,0.4111144542694092
deepfloyd_if-i-xl-v1.0,11417672,0.5909817218780518
deepfloyd_if-i-xl-v1.0,11437577,-0.23376356065273285
deepfloyd_if-i-xl-v1.0,11460338,-0.3648275136947632
deepfloyd_if-i-xl-v1.0,12345739,-0.11259765923023224
deepfloyd_if-i-xl-v1.0,12402348,0.705156683921814
deepfloyd_if-i-xl-v1.0,13221529,-1.23361337184906
deepfloyd_if-i-xl-v1.0,13290566,0.06072257459163666
deepfloyd_if-i-xl-v1.0,13389475,0.288956880569458
deepfloyd_if-i-xl-v1.0,13390139,0.8512403964996338
deepfloyd_if-i-xl-v1.0,13390405,0.8964590430259705
deepfloyd_if-i-xl-v1.0,13392786,0.6559742093086243
deepfloyd_if-i-xl-v1.0,13649361,-2.0172252655029297
deepfloyd_if-i-xl-v1.0,13716878,0.487310528755188
deepfloyd_if-i-xl-v1.0,13884740,-0.6386566758155823
deepfloyd_if-i-xl-v1.0,13915305,1.2132010459899902
deepfloyd_if-i-xl-v1.0,13931145,-0.5652974843978882
deepfloyd_if-i-xl-v1.0,13984082,-0.17721696197986603
deepfloyd_if-i-xl-v1.0,14140678,-0.15613581240177155
deepfloyd_if-i-xl-v1.0,14195315,0.3952299654483795
deepfloyd_if-i-xl-v1.0,14294568,-0.3234495222568512
deepfloyd_if-i-xl-v1.0,14320813,-0.43943944573402405
deepfloyd_if-i-xl-v1.0,14360436,-1.4135502576828003
deepfloyd_if-i-xl-v1.0,14488317,0.14667771756649017
deepfloyd_if-i-xl-v1.0,14533937,0.5368675589561462
deepfloyd_if-i-xl-v1.0,14550987,0.07338333129882812
deepfloyd_if-i-xl-v1.0,14579933,-2.0144143104553223
deepfloyd_if-i-xl-v1.0,14606290,0.023431681096553802
deepfloyd_if-i-xl-v1.0,14620257,-0.3337106704711914
deepfloyd_if-i-xl-v1.0,14632648,0.7717597484588623
deepfloyd_if-i-xl-v1.0,14647235,1.1528843641281128
deepfloyd_if-i-xl-v1.0,14654954,-0.4113735556602478
deepfloyd_if-i-xl-v1.0,14686352,-0.45500683784484863
deepfloyd_if-i-xl-v1.0,14702875,-0.9216720461845398
deepfloyd_if-i-xl-v1.0,14703190,-1.0732601881027222
deepfloyd_if-i-xl-v1.0,14807929,0.18015988171100616
deepfloyd_if-i-xl-v1.0,14809057,-0.22516264021396637
deepfloyd_if-i-xl-v1.0,14867690,-0.797841489315033
deepfloyd_if-i-xl-v1.0,14872875,0.21640761196613312
deepfloyd_if-i-xl-v1.0,14880557,-0.7909047603607178
deepfloyd_if-i-xl-v1.0,14894140,-0.08178862929344177
deepfloyd_if-i-xl-v1.0,15180934,-0.8094234466552734
deepfloyd_if-i-xl-v1.0,15970145,-2.2457799911499023
deepfloyd_if-i-xl-v1.0,17002912,-0.6395283341407776
deepfloyd_if-i-xl-v1.0,17012379,-1.6042921543121338
deepfloyd_if-i-xl-v1.0,17282800,0.9234556555747986
deepfloyd_if-i-xl-v1.0,17925539,-2.27500057220459
deepfloyd_if-i-xl-v1.0,18367104,-0.09022927284240723
deepfloyd_if-i-xl-v1.0,18758723,-1.1760294437408447
deepfloyd_if-i-xl-v1.0,19143128,0.01820228435099125
deepfloyd_if-i-xl-v1.0,19671124,-0.4062619209289551
deepfloyd_if-i-xl-v1.0,19855707,-2.2744948863983154
deepfloyd_if-i-xl-v1.0,19893872,-0.8127223253250122
deepfloyd_if-i-xl-v1.0,20017667,-1.987831950187683
deepfloyd_if-i-xl-v1.0,20128079,-2.222447156906128
deepfloyd_if-i-xl-v1.0,20471134,-0.685360312461853
deepfloyd_if-i-xl-v1.0,20495093,-2.2527365684509277
deepfloyd_if-i-xl-v1.0,20782430,-1.4907540082931519
deepfloyd_if-i-xl-v1.0,21377549,-0.7429329752922058
deepfloyd_if-i-xl-v1.0,21564446,0.5757776498794556
deepfloyd_if-i-xl-v1.0,21620388,-1.2005350589752197
deepfloyd_if-i-xl-v1.0,22149540,-2.217050552368164
deepfloyd_if-i-xl-v1.0,22738759,-2.2835779190063477
deepfloyd_if-i-xl-v1.0,22767176,-1.9703798294067383
deepfloyd_if-i-xl-v1.0,23129661,-2.2785613536834717
deepfloyd_if-i-xl-v1.0,23185551,-0.1660647690296173
deepfloyd_if-i-xl-v1.0,23232427,0.055630747228860855
deepfloyd_if-i-xl-v1.0,23257851,-1.2396944761276245
deepfloyd_if-i-xl-v1.0,23620789,-0.8532319664955139
deepfloyd_if-i-xl-v1.0,24808131,-0.5052549242973328
deepfloyd_if-i-xl-v1.0,24843217,-2.2479560375213623
deepfloyd_if-i-xl-v1.0,24933378,1.5551676750183105
deepfloyd_if-i-xl-v1.0,24942232,-1.0655150413513184
deepfloyd_if-i-xl-v1.0,25290589,-0.8059180378913879
deepfloyd_if-i-xl-v1.0,25579216,-0.9097596406936646
deepfloyd_if-i-xl-v1.0,25685207,-2.281925678253174
deepfloyd_if-i-xl-v1.0,25776594,1.429834008216858
deepfloyd_if-i-xl-v1.0,26078214,-1.3316161632537842
deepfloyd_if-i-xl-v1.0,26746434,0.23028819262981415
deepfloyd_if-i-xl-v1.0,26998039,-1.395769715309143
deepfloyd_if-i-xl-v1.0,27106238,-1.6323763132095337
deepfloyd_if-i-xl-v1.0,27246777,-2.2689473628997803
deepfloyd_if-i-xl-v1.0,27768637,-1.5812087059020996
deepfloyd_if-i-xl-v1.0,27871992,-0.48602843284606934
deepfloyd_if-i-xl-v1.0,28190972,-1.377454161643982
deepfloyd_if-i-xl-v1.0,29094321,-0.5176476836204529
deepfloyd_if-i-xl-v1.0,29148617,0.6977297067642212
deepfloyd_if-i-xl-v1.0,29161294,0.13305345177650452
deepfloyd_if-i-xl-v1.0,29632917,-0.23032204806804657
deepfloyd_if-i-xl-v1.0,29703209,-0.7659752368927002
deepfloyd_if-i-xl-v1.0,29779486,-0.6472457647323608
deepfloyd_if-i-xl-v1.0,30028757,-1.000362515449524
deepfloyd_if-i-xl-v1.0,30225071,0.3792168200016022
deepfloyd_if-i-xl-v1.0,30373565,-1.5674891471862793
deepfloyd_if-i-xl-v1.0,30484086,-0.8550077676773071
deepfloyd_if-i-xl-v1.0,30883080,0.981402575969696
deepfloyd_if-i-xl-v1.0,31114750,-2.2476742267608643
deepfloyd_if-i-xl-v1.0,31196176,-0.2115498185157776
deepfloyd_if-i-xl-v1.0,31391857,-0.35388123989105225
deepfloyd_if-i-xl-v1.0,31595142,0.08840364217758179
deepfloyd_if-i-xl-v1.0,32152786,-2.147027015686035
deepfloyd_if-i-xl-v1.0,32327818,-1.4144089221954346
deepfloyd_if-i-xl-v1.0,32379732,0.9553545117378235
deepfloyd_if-i-xl-v1.0,32473966,-1.5378022193908691
deepfloyd_if-i-xl-v1.0,32902730,-0.44662314653396606
deepfloyd_if-i-xl-v1.0,32932491,-2.2755966186523438
deepfloyd_if-i-xl-v1.0,33006578,-0.8739635348320007
deepfloyd_if-i-xl-v1.0,33478721,0.3318958878517151
deepfloyd_if-i-xl-v1.0,34475997,-0.7375738024711609
deepfloyd_if-i-xl-v1.0,34578737,-2.2585248947143555
deepfloyd_if-i-xl-v1.0,34773230,-0.4891362190246582
deepfloyd_if-i-xl-v1.0,36507085,-0.7382117509841919
deepfloyd_if-i-xl-v1.0,36678439,-1.2267849445343018
deepfloyd_if-i-xl-v1.0,37287360,-0.2635132372379303
deepfloyd_if-i-xl-v1.0,37319253,0.14505741000175476
deepfloyd_if-i-xl-v1.0,37547870,-0.006076075602322817
deepfloyd_if-i-xl-v1.0,37736408,-1.655564308166504
deepfloyd_if-i-xl-v1.0,38014258,0.30171045660972595
deepfloyd_if-i-xl-v1.0,38297191,-0.6875447034835815
deepfloyd_if-i-xl-v1.0,38402744,-0.2996055483818054
deepfloyd_if-i-xl-v1.0,38954086,-0.5311583280563354
deepfloyd_if-i-xl-v1.0,39139190,-2.2774338722229004
deepfloyd_if-i-xl-v1.0,39560404,-0.622187614440918
deepfloyd_if-i-xl-v1.0,39566065,1.5156352519989014
deepfloyd_if-i-xl-v1.0,39595218,0.7327958941459656
deepfloyd_if-i-xl-v1.0,40825299,-1.3055490255355835
deepfloyd_if-i-xl-v1.0,40945115,-1.2325843572616577
deepfloyd_if-i-xl-v1.0,40995095,-1.9397943019866943
deepfloyd_if-i-xl-v1.0,41015844,-1.9185841083526611
deepfloyd_if-i-xl-v1.0,41031648,0.541061520576477
deepfloyd_if-i-xl-v1.0,41161074,-1.3812272548675537
deepfloyd_if-i-xl-v1.0,41458919,-0.15687395632266998
deepfloyd_if-i-xl-v1.0,41565779,0.7318922877311707
deepfloyd_if-i-xl-v1.0,41766391,0.590557336807251
deepfloyd_if-i-xl-v1.0,41982710,0.02522735297679901
deepfloyd_if-i-xl-v1.0,42048260,-2.228811502456665
deepfloyd_if-i-xl-v1.0,42849420,-2.275678873062134
deepfloyd_if-i-xl-v1.0,42931583,0.7455722689628601
deepfloyd_if-i-xl-v1.0,43060946,-1.5538519620895386
deepfloyd_if-i-xl-v1.0,43153800,-0.7166013717651367
deepfloyd_if-i-xl-v1.0,43161384,0.10285339504480362
deepfloyd_if-i-xl-v1.0,43301379,-1.612578272819519
deepfloyd_if-i-xl-v1.0,43304323,1.135550618171692
deepfloyd_if-i-xl-v1.0,43367797,-0.8146801590919495
deepfloyd_if-i-xl-v1.0,43431032,0.19231653213500977
deepfloyd_if-i-xl-v1.0,43631801,0.04347532242536545
deepfloyd_if-i-xl-v1.0,43735560,0.7390914559364319
deepfloyd_if-i-xl-v1.0,43858443,-0.4796188771724701
deepfloyd_if-i-xl-v1.0,43918624,-1.0248284339904785
deepfloyd_if-i-xl-v1.0,44280552,-1.9406521320343018
deepfloyd_if-i-xl-v1.0,44295589,-1.2191162109375
deepfloyd_if-i-xl-v1.0,44621915,0.08473999798297882
deepfloyd_if-i-xl-v1.0,44645737,0.2338935285806656
deepfloyd_if-i-xl-v1.0,44838123,1.567082166671753
deepfloyd_if-i-xl-v1.0,45258070,-0.24939210712909698
deepfloyd_if-i-xl-v1.0,45297641,-0.5154075026512146
deepfloyd_if-i-xl-v1.0,45418454,0.411080539226532
deepfloyd_if-i-xl-v1.0,45564900,-2.2671868801116943
deepfloyd_if-i-xl-v1.0,46150029,-1.5970009565353394
deepfloyd_if-i-xl-v1.0,46394736,-2.2606253623962402
deepfloyd_if-i-xl-v1.0,46673664,0.44741207361221313
deepfloyd_if-i-xl-v1.0,46994920,-2.2681779861450195
deepfloyd_if-i-xl-v1.0,47009060,-2.0586764812469482
deepfloyd_if-i-xl-v1.0,47552953,1.434424638748169
deepfloyd_if-i-xl-v1.0,47595220,-0.759276807308197
deepfloyd_if-i-xl-v1.0,47819321,0.9008117318153381
deepfloyd_if-i-xl-v1.0,48223384,0.47948843240737915
deepfloyd_if-i-xl-v1.0,48351897,-0.6684119701385498
deepfloyd_if-i-xl-v1.0,48754831,-0.937336266040802
deepfloyd_if-i-xl-v1.0,49054805,0.5520534515380859
deepfloyd_if-i-xl-v1.0,49089576,-1.2389558553695679
deepfloyd_if-i-xl-v1.0,49300740,-0.21112780272960663
deepfloyd_if-i-xl-v1.0,49358811,-1.0279784202575684
deepfloyd_if-i-xl-v1.0,49462954,-1.172028660774231
deepfloyd_if-i-xl-v1.0,50262859,-0.5181863903999329
deepfloyd_if-i-xl-v1.0,50871471,0.5363439917564392
deepfloyd_if-i-xl-v1.0,50952217,0.49373066425323486
deepfloyd_if-i-xl-v1.0,51060824,-0.6106642484664917
deepfloyd_if-i-xl-v1.0,51314050,0.5761903524398804
deepfloyd_if-i-xl-v1.0,51946990,-1.2292897701263428
deepfloyd_if-i-xl-v1.0,52325745,-2.1412529945373535
deepfloyd_if-i-xl-v1.0,52474100,-0.13689284026622772
deepfloyd_if-i-xl-v1.0,52516409,-1.2881815433502197
deepfloyd_if-i-xl-v1.0,52711595,-1.414770483970642
deepfloyd_if-i-xl-v1.0,53022028,-2.207522392272949
deepfloyd_if-i-xl-v1.0,53205877,-2.270697593688965
deepfloyd_if-i-xl-v1.0,53288018,-2.1848318576812744
deepfloyd_if-i-xl-v1.0,53443611,1.0912747383117676
deepfloyd_if-i-xl-v1.0,53815934,-0.11384864151477814
deepfloyd_if-i-xl-v1.0,54495173,0.12523408234119415
deepfloyd_if-i-xl-v1.0,54931507,-0.9306557774543762
deepfloyd_if-i-xl-v1.0,55191509,-0.43781423568725586
deepfloyd_if-i-xl-v1.0,55255145,0.2924846410751343
deepfloyd_if-i-xl-v1.0,55457672,-2.1040213108062744
deepfloyd_if-i-xl-v1.0,55588327,-2.02101993560791
deepfloyd_if-i-xl-v1.0,55653646,-0.3594582974910736
deepfloyd_if-i-xl-v1.0,55658809,-2.063506841659546
deepfloyd_if-i-xl-v1.0,55812974,0.11174535751342773
deepfloyd_if-i-xl-v1.0,55819553,-0.09859277307987213
deepfloyd_if-i-xl-v1.0,55826966,0.09865201264619827
deepfloyd_if-i-xl-v1.0,55983905,-0.8696836829185486
deepfloyd_if-i-xl-v1.0,56074056,-0.583354115486145
deepfloyd_if-i-xl-v1.0,56112588,-0.35086166858673096
deepfloyd_if-i-xl-v1.0,56121520,0.38887277245521545
deepfloyd_if-i-xl-v1.0,56250900,-2.000002384185791
deepfloyd_if-i-xl-v1.0,56458800,0.9551569819450378
deepfloyd_if-i-xl-v1.0,56792430,1.0887483358383179
deepfloyd_if-i-xl-v1.0,56982260,-1.1046103239059448
deepfloyd_if-i-xl-v1.0,57673976,-0.5985229015350342
deepfloyd_if-i-xl-v1.0,57716963,-0.24750348925590515
deepfloyd_if-i-xl-v1.0,57729980,-1.9691359996795654
deepfloyd_if-i-xl-v1.0,57785005,0.0713174119591713
deepfloyd_if-i-xl-v1.0,57873614,-0.9958460330963135
deepfloyd_if-i-xl-v1.0,58727024,-2.0451903343200684
deepfloyd_if-i-xl-v1.0,58761464,-1.9731850624084473
deepfloyd_if-i-xl-v1.0,59399259,-0.11501438915729523
deepfloyd_if-i-xl-v1.0,59976859,0.5307829976081848
deepfloyd_if-i-xl-v1.0,60083345,0.3917047083377838
deepfloyd_if-i-xl-v1.0,60214770,-0.22561509907245636
deepfloyd_if-i-xl-v1.0,60215376,-0.6732574701309204
deepfloyd_if-i-xl-v1.0,60375309,-1.4679830074310303
deepfloyd_if-i-xl-v1.0,60606896,-0.9265869855880737
deepfloyd_if-i-xl-v1.0,60668084,-1.6398845911026
deepfloyd_if-i-xl-v1.0,61035709,-2.244394063949585
deepfloyd_if-i-xl-v1.0,61388266,-0.9881762266159058
deepfloyd_if-i-xl-v1.0,61627313,-0.46147242188453674
deepfloyd_if-i-xl-v1.0,61635816,-0.491184264421463
deepfloyd_if-i-xl-v1.0,61853324,0.6265735626220703
deepfloyd_if-i-xl-v1.0,62408818,0.6224502325057983
deepfloyd_if-i-xl-v1.0,62841330,-0.11493893712759018
deepfloyd_if-i-xl-v1.0,63015570,0.0033632393460720778
deepfloyd_if-i-xl-v1.0,63336441,-0.46700963377952576
deepfloyd_if-i-xl-v1.0,63633117,-1.3441863059997559
deepfloyd_if-i-xl-v1.0,64576544,-1.9494409561157227
deepfloyd_if-i-xl-v1.0,64687077,-0.9688121676445007
deepfloyd_if-i-xl-v1.0,64693533,0.9170175790786743
deepfloyd_if-i-xl-v1.0,64856142,0.80484539270401
deepfloyd_if-i-xl-v1.0,65411270,-0.5615493655204773
deepfloyd_if-i-xl-v1.0,65557844,-0.550959050655365
deepfloyd_if-i-xl-v1.0,65824677,0.3287314772605896
deepfloyd_if-i-xl-v1.0,65890875,-1.1904845237731934
deepfloyd_if-i-xl-v1.0,65960228,-1.4039537906646729
deepfloyd_if-i-xl-v1.0,66668538,0.78684401512146
deepfloyd_if-i-xl-v1.0,67344811,0.06829339265823364
deepfloyd_if-i-xl-v1.0,67949798,1.155544638633728
deepfloyd_if-i-xl-v1.0,68246844,-1.55951726436615
deepfloyd_if-i-xl-v1.0,68280322,-2.246840476989746
deepfloyd_if-i-xl-v1.0,68321683,-0.7242221236228943
deepfloyd_if-i-xl-v1.0,68380669,-0.816926121711731
deepfloyd_if-i-xl-v1.0,68575085,-0.018477685749530792
deepfloyd_if-i-xl-v1.0,70380966,-1.1698592901229858
deepfloyd_if-i-xl-v1.0,70494671,-2.069985866546631
deepfloyd_if-i-xl-v1.0,71055464,-2.2270212173461914
deepfloyd_if-i-xl-v1.0,71591839,-2.2777786254882812
deepfloyd_if-i-xl-v1.0,71828875,-1.1850274801254272
deepfloyd_if-i-xl-v1.0,71910823,0.41692638397216797
deepfloyd_if-i-xl-v1.0,71959499,-1.493518352508545
deepfloyd_if-i-xl-v1.0,72432241,0.8133729100227356
deepfloyd_if-i-xl-v1.0,72553814,-1.7167998552322388
deepfloyd_if-i-xl-v1.0,73051579,0.2763098180294037
deepfloyd_if-i-xl-v1.0,73600586,-0.34406769275665283
deepfloyd_if-i-xl-v1.0,73616417,0.42681795358657837
deepfloyd_if-i-xl-v1.0,73681289,1.0161798000335693
deepfloyd_if-i-xl-v1.0,73962724,0.24528202414512634
deepfloyd_if-i-xl-v1.0,74175857,0.014296074397861958
deepfloyd_if-i-xl-v1.0,75051801,-2.274085283279419
deepfloyd_if-i-xl-v1.0,75787772,-1.6735800504684448
deepfloyd_if-i-xl-v1.0,75944980,-2.082648754119873
deepfloyd_if-i-xl-v1.0,75964288,-1.6055675745010376
deepfloyd_if-i-xl-v1.0,76066166,-1.8102856874465942
deepfloyd_if-i-xl-v1.0,76100398,-2.000471591949463
deepfloyd_if-i-xl-v1.0,76425345,-2.27811336517334
deepfloyd_if-i-xl-v1.0,77106105,0.2642309069633484
deepfloyd_if-i-xl-v1.0,77132310,-0.41686776280403137
deepfloyd_if-i-xl-v1.0,77232534,-2.2692720890045166
deepfloyd_if-i-xl-v1.0,77312726,-2.2680511474609375
deepfloyd_if-i-xl-v1.0,77358840,0.3012958765029907
deepfloyd_if-i-xl-v1.0,77490593,-1.0949169397354126
deepfloyd_if-i-xl-v1.0,77726888,-0.00017129984917119145
deepfloyd_if-i-xl-v1.0,78735978,-1.4970450401306152
deepfloyd_if-i-xl-v1.0,79077085,-2.2679362297058105
deepfloyd_if-i-xl-v1.0,79212243,-1.903491735458374
deepfloyd_if-i-xl-v1.0,79606917,-2.229567766189575
deepfloyd_if-i-xl-v1.0,79918827,0.19912785291671753
deepfloyd_if-i-xl-v1.0,80289373,-0.055279359221458435
deepfloyd_if-i-xl-v1.0,80371125,0.5067283511161804
deepfloyd_if-i-xl-v1.0,80540387,-0.8789795637130737
deepfloyd_if-i-xl-v1.0,81135077,-1.1255205869674683
deepfloyd_if-i-xl-v1.0,81303945,-2.109785795211792
deepfloyd_if-i-xl-v1.0,81435593,0.7975741624832153
deepfloyd_if-i-xl-v1.0,82282590,0.0535011850297451
deepfloyd_if-i-xl-v1.0,82696415,-0.7041515111923218
deepfloyd_if-i-xl-v1.0,82916016,-2.261216640472412
deepfloyd_if-i-xl-v1.0,83084473,1.4543441534042358
deepfloyd_if-i-xl-v1.0,83418847,0.5154898166656494
deepfloyd_if-i-xl-v1.0,84089324,-2.2744579315185547
deepfloyd_if-i-xl-v1.0,84306831,-2.0419909954071045
deepfloyd_if-i-xl-v1.0,84510135,-1.1476939916610718
deepfloyd_if-i-xl-v1.0,84788890,-0.13152459263801575
deepfloyd_if-i-xl-v1.0,84985982,0.6726692318916321
deepfloyd_if-i-xl-v1.0,85191733,-2.2764432430267334
deepfloyd_if-i-xl-v1.0,86119145,-0.7576693892478943
deepfloyd_if-i-xl-v1.0,86340862,0.12804709374904633
deepfloyd_if-i-xl-v1.0,86341828,-1.6980922222137451
deepfloyd_if-i-xl-v1.0,86537356,-1.3799726963043213
deepfloyd_if-i-xl-v1.0,86701636,0.22185182571411133
deepfloyd_if-i-xl-v1.0,86714939,0.669539213180542
deepfloyd_if-i-xl-v1.0,87574583,-0.9432553052902222
deepfloyd_if-i-xl-v1.0,87699711,-0.1987634301185608
deepfloyd_if-i-xl-v1.0,88016571,0.36118170619010925
deepfloyd_if-i-xl-v1.0,88087492,-0.2303231805562973
deepfloyd_if-i-xl-v1.0,89227603,0.5675840973854065
deepfloyd_if-i-xl-v1.0,89539854,-2.2396938800811768
deepfloyd_if-i-xl-v1.0,89926787,0.047599293291568756
deepfloyd_if-i-xl-v1.0,90244932,-1.8933016061782837
deepfloyd_if-i-xl-v1.0,90493027,-0.7746371626853943
deepfloyd_if-i-xl-v1.0,90613035,-1.594016432762146
deepfloyd_if-i-xl-v1.0,91368797,0.022630441933870316
deepfloyd_if-i-xl-v1.0,91784299,0.7444766759872437
deepfloyd_if-i-xl-v1.0,91790573,1.0948138236999512
deepfloyd_if-i-xl-v1.0,91834546,-2.274839162826538
deepfloyd_if-i-xl-v1.0,92068094,-1.2835321426391602
deepfloyd_if-i-xl-v1.0,92311656,0.024513298645615578
deepfloyd_if-i-xl-v1.0,92709444,0.3600093722343445
deepfloyd_if-i-xl-v1.0,93114575,-0.2188839316368103
deepfloyd_if-i-xl-v1.0,93256557,0.33410146832466125
deepfloyd_if-i-xl-v1.0,93407716,-2.1772358417510986
deepfloyd_if-i-xl-v1.0,93436296,-1.1408034563064575
deepfloyd_if-i-xl-v1.0,93512057,-2.2092931270599365
deepfloyd_if-i-xl-v1.0,94006560,-1.2773796319961548
deepfloyd_if-i-xl-v1.0,94321535,-0.6643933057785034
deepfloyd_if-i-xl-v1.0,94532154,-1.1333625316619873
deepfloyd_if-i-xl-v1.0,95171107,-2.1494057178497314
deepfloyd_if-i-xl-v1.0,95228839,-0.3092098832130432
deepfloyd_if-i-xl-v1.0,95325441,-1.7118995189666748
deepfloyd_if-i-xl-v1.0,95450946,-0.17356550693511963
deepfloyd_if-i-xl-v1.0,95583911,0.8985500335693359
deepfloyd_if-i-xl-v1.0,95718306,-0.26135697960853577
deepfloyd_if-i-xl-v1.0,95737828,-0.954706609249115
deepfloyd_if-i-xl-v1.0,96448597,-1.4169470071792603
deepfloyd_if-i-xl-v1.0,96482065,-1.3878105878829956
deepfloyd_if-i-xl-v1.0,96521920,-0.6636465787887573
deepfloyd_if-i-xl-v1.0,96850153,0.3810824155807495
deepfloyd_if-i-xl-v1.0,98113191,-0.7892088890075684
deepfloyd_if-i-xl-v1.0,98195317,-0.5886001586914062
deepfloyd_if-i-xl-v1.0,98254655,1.5074622631072998
deepfloyd_if-i-xl-v1.0,98319500,-0.14636489748954773
deepfloyd_if-i-xl-v1.0,98642787,-2.247204303741455
deepfloyd_if-i-xl-v1.0,98646702,-2.278085470199585
deepfloyd_if-i-xl-v1.0,98929226,-2.2646408081054688
deepfloyd_if-i-xl-v1.0,99178779,1.264807939529419
deepfloyd_if-i-xl-v1.0,99185892,-0.8181317448616028
deepfloyd_if-i-xl-v1.0,99211012,-1.8708856105804443
deepfloyd_if-i-xl-v1.0,99410560,-0.9314417839050293
deepfloyd_if-i-xl-v1.0,99862294,1.1227524280548096
pixart-alpha_pixart-sigma-xl-2-512-ms,138508,1.1122117042541504
pixart-alpha_pixart-sigma-xl-2-512-ms,192051,-0.3151837885379791
pixart-alpha_pixart-sigma-xl-2-512-ms,213186,-0.4265894293785095
pixart-alpha_pixart-sigma-xl-2-512-ms,232386,-1.3717542886734009
pixart-alpha_pixart-sigma-xl-2-512-ms,232765,0.01638854667544365
pixart-alpha_pixart-sigma-xl-2-512-ms,258857,0.11799748986959457
pixart-alpha_pixart-sigma-xl-2-512-ms,283090,0.7682810425758362
pixart-alpha_pixart-sigma-xl-2-512-ms,285141,0.4769178628921509
pixart-alpha_pixart-sigma-xl-2-512-ms,399030,-0.3110963702201843
pixart-alpha_pixart-sigma-xl-2-512-ms,440189,0.04397588223218918
pixart-alpha_pixart-sigma-xl-2-512-ms,445169,-0.9350741505622864
pixart-alpha_pixart-sigma-xl-2-512-ms,486490,-1.833368182182312
pixart-alpha_pixart-sigma-xl-2-512-ms,487072,1.0833243131637573
pixart-alpha_pixart-sigma-xl-2-512-ms,487326,-1.5156828165054321
pixart-alpha_pixart-sigma-xl-2-512-ms,489837,-1.682089924812317
pixart-alpha_pixart-sigma-xl-2-512-ms,646833,0.7448078393936157
pixart-alpha_pixart-sigma-xl-2-512-ms,708860,-2.2517387866973877
pixart-alpha_pixart-sigma-xl-2-512-ms,717208,-0.001049141283147037
pixart-alpha_pixart-sigma-xl-2-512-ms,717468,0.5566972494125366
pixart-alpha_pixart-sigma-xl-2-512-ms,735254,-1.9770829677581787
pixart-alpha_pixart-sigma-xl-2-512-ms,762478,-0.4869184195995331
pixart-alpha_pixart-sigma-xl-2-512-ms,825443,1.549575686454773
pixart-alpha_pixart-sigma-xl-2-512-ms,831919,-0.01185483206063509
pixart-alpha_pixart-sigma-xl-2-512-ms,896677,0.4098959267139435
pixart-alpha_pixart-sigma-xl-2-512-ms,936620,0.25869220495224
pixart-alpha_pixart-sigma-xl-2-512-ms,974367,-0.5111856460571289
pixart-alpha_pixart-sigma-xl-2-512-ms,993014,0.8008792996406555
pixart-alpha_pixart-sigma-xl-2-512-ms,995855,0.2669804096221924
pixart-alpha_pixart-sigma-xl-2-512-ms,1113367,-0.46412962675094604
pixart-alpha_pixart-sigma-xl-2-512-ms,1171644,0.8524011969566345
pixart-alpha_pixart-sigma-xl-2-512-ms,1209135,-0.2239944338798523
pixart-alpha_pixart-sigma-xl-2-512-ms,1317294,0.2942042946815491
pixart-alpha_pixart-sigma-xl-2-512-ms,1317533,-0.22241194546222687
pixart-alpha_pixart-sigma-xl-2-512-ms,1321854,1.502211570739746
pixart-alpha_pixart-sigma-xl-2-512-ms,1377758,-0.3352688252925873
pixart-alpha_pixart-sigma-xl-2-512-ms,1474832,-0.11780280619859695
pixart-alpha_pixart-sigma-xl-2-512-ms,1516071,-1.2708957195281982
pixart-alpha_pixart-sigma-xl-2-512-ms,1566705,0.01086058933287859
pixart-alpha_pixart-sigma-xl-2-512-ms,1640855,-0.8230244517326355
pixart-alpha_pixart-sigma-xl-2-512-ms,1668603,-0.45723968744277954
pixart-alpha_pixart-sigma-xl-2-512-ms,1678990,-0.3197065591812134
pixart-alpha_pixart-sigma-xl-2-512-ms,1699831,1.449777603149414
pixart-alpha_pixart-sigma-xl-2-512-ms,1707698,1.0701186656951904
pixart-alpha_pixart-sigma-xl-2-512-ms,1727942,0.23099900782108307
pixart-alpha_pixart-sigma-xl-2-512-ms,2045760,0.7121836543083191
pixart-alpha_pixart-sigma-xl-2-512-ms,2075049,-0.0012049823999404907
pixart-alpha_pixart-sigma-xl-2-512-ms,2075764,-0.20599345862865448
pixart-alpha_pixart-sigma-xl-2-512-ms,2241569,1.5419481992721558
pixart-alpha_pixart-sigma-xl-2-512-ms,2720725,-0.19301389157772064
pixart-alpha_pixart-sigma-xl-2-512-ms,2721160,-0.34966322779655457
pixart-alpha_pixart-sigma-xl-2-512-ms,2730265,-0.19735731184482574
pixart-alpha_pixart-sigma-xl-2-512-ms,2744395,-2.205681324005127
pixart-alpha_pixart-sigma-xl-2-512-ms,2770078,0.2061847448348999
pixart-alpha_pixart-sigma-xl-2-512-ms,2793684,-1.493778944015503
pixart-alpha_pixart-sigma-xl-2-512-ms,2803666,1.4260451793670654
pixart-alpha_pixart-sigma-xl-2-512-ms,2807731,0.695195198059082
pixart-alpha_pixart-sigma-xl-2-512-ms,2821943,0.5448901653289795
pixart-alpha_pixart-sigma-xl-2-512-ms,2824319,-0.7698403000831604
pixart-alpha_pixart-sigma-xl-2-512-ms,2825442,0.15628822147846222
pixart-alpha_pixart-sigma-xl-2-512-ms,2852043,-0.07459231466054916
pixart-alpha_pixart-sigma-xl-2-512-ms,2870293,0.10350173711776733
pixart-alpha_pixart-sigma-xl-2-512-ms,2870880,1.237579107284546
pixart-alpha_pixart-sigma-xl-2-512-ms,2923535,-1.2803502082824707
pixart-alpha_pixart-sigma-xl-2-512-ms,2933112,1.253966212272644
pixart-alpha_pixart-sigma-xl-2-512-ms,2963987,0.7062381505966187
pixart-alpha_pixart-sigma-xl-2-512-ms,2991302,0.6166194677352905
pixart-alpha_pixart-sigma-xl-2-512-ms,3024209,-1.6158382892608643
pixart-alpha_pixart-sigma-xl-2-512-ms,3035832,-0.49879124760627747
pixart-alpha_pixart-sigma-xl-2-512-ms,3049457,0.6126524806022644
pixart-alpha_pixart-sigma-xl-2-512-ms,3107488,-0.5368857979774475
pixart-alpha_pixart-sigma-xl-2-512-ms,3131388,-0.44774067401885986
pixart-alpha_pixart-sigma-xl-2-512-ms,3131669,-0.8947715163230896
pixart-alpha_pixart-sigma-xl-2-512-ms,3152830,-1.396731972694397
pixart-alpha_pixart-sigma-xl-2-512-ms,3249569,1.4226959943771362
pixart-alpha_pixart-sigma-xl-2-512-ms,3262349,0.6090575456619263
pixart-alpha_pixart-sigma-xl-2-512-ms,3288500,0.4294537901878357
pixart-alpha_pixart-sigma-xl-2-512-ms,3298716,1.4191288948059082
pixart-alpha_pixart-sigma-xl-2-512-ms,3308246,0.6247394680976868
pixart-alpha_pixart-sigma-xl-2-512-ms,3309110,0.5307828187942505
pixart-alpha_pixart-sigma-xl-2-512-ms,3347220,-0.7729929685592651
pixart-alpha_pixart-sigma-xl-2-512-ms,3353281,-0.18806897103786469
pixart-alpha_pixart-sigma-xl-2-512-ms,3366112,-0.4186299443244934
pixart-alpha_pixart-sigma-xl-2-512-ms,3411927,1.0268572568893433
pixart-alpha_pixart-sigma-xl-2-512-ms,3456665,0.6318477392196655
pixart-alpha_pixart-sigma-xl-2-512-ms,3563208,-2.1856164932250977
pixart-alpha_pixart-sigma-xl-2-512-ms,3580281,-1.1046777963638306
pixart-alpha_pixart-sigma-xl-2-512-ms,3603442,-1.5095365047454834
pixart-alpha_pixart-sigma-xl-2-512-ms,3607029,1.7334295511245728
pixart-alpha_pixart-sigma-xl-2-512-ms,3628071,-0.7566255331039429
pixart-alpha_pixart-sigma-xl-2-512-ms,3630383,1.2841590642929077
pixart-alpha_pixart-sigma-xl-2-512-ms,3676483,-0.05568765103816986
pixart-alpha_pixart-sigma-xl-2-512-ms,3679712,0.6496958136558533
pixart-alpha_pixart-sigma-xl-2-512-ms,3685307,0.2976166009902954
pixart-alpha_pixart-sigma-xl-2-512-ms,3703463,-1.6215343475341797
pixart-alpha_pixart-sigma-xl-2-512-ms,3714235,1.5760427713394165
pixart-alpha_pixart-sigma-xl-2-512-ms,3728318,-0.7479164600372314
pixart-alpha_pixart-sigma-xl-2-512-ms,3748162,1.139766812324524
pixart-alpha_pixart-sigma-xl-2-512-ms,3764276,1.3713902235031128
pixart-alpha_pixart-sigma-xl-2-512-ms,3818090,0.19824057817459106
pixart-alpha_pixart-sigma-xl-2-512-ms,3842156,0.8268369436264038
pixart-alpha_pixart-sigma-xl-2-512-ms,3880032,-1.0832079648971558
pixart-alpha_pixart-sigma-xl-2-512-ms,3889343,1.2497708797454834
pixart-alpha_pixart-sigma-xl-2-512-ms,3907654,0.15340480208396912
pixart-alpha_pixart-sigma-xl-2-512-ms,3940713,-0.818289577960968
pixart-alpha_pixart-sigma-xl-2-512-ms,3975232,-1.269389271736145
pixart-alpha_pixart-sigma-xl-2-512-ms,3982060,0.5967121720314026
pixart-alpha_pixart-sigma-xl-2-512-ms,3990474,1.5701080560684204
pixart-alpha_pixart-sigma-xl-2-512-ms,4010305,-0.2732400894165039
pixart-alpha_pixart-sigma-xl-2-512-ms,4025130,0.48378169536590576
pixart-alpha_pixart-sigma-xl-2-512-ms,4062807,1.4179604053497314
pixart-alpha_pixart-sigma-xl-2-512-ms,4123448,-0.8855022192001343
pixart-alpha_pixart-sigma-xl-2-512-ms,4125853,0.6604893207550049
pixart-alpha_pixart-sigma-xl-2-512-ms,4140340,1.6739648580551147
pixart-alpha_pixart-sigma-xl-2-512-ms,4145056,-0.11739963293075562
pixart-alpha_pixart-sigma-xl-2-512-ms,4192521,-2.1932308673858643
pixart-alpha_pixart-sigma-xl-2-512-ms,4259202,-1.9899853467941284
pixart-alpha_pixart-sigma-xl-2-512-ms,4285773,-0.3370792269706726
pixart-alpha_pixart-sigma-xl-2-512-ms,4345028,1.25687837600708
pixart-alpha_pixart-sigma-xl-2-512-ms,4387201,1.6558915376663208
pixart-alpha_pixart-sigma-xl-2-512-ms,4416901,-0.09408778697252274
pixart-alpha_pixart-sigma-xl-2-512-ms,4455579,-0.4084048569202423
pixart-alpha_pixart-sigma-xl-2-512-ms,4497570,-0.18392659723758698
pixart-alpha_pixart-sigma-xl-2-512-ms,4534520,-0.1952953338623047
pixart-alpha_pixart-sigma-xl-2-512-ms,4539203,1.122652530670166
pixart-alpha_pixart-sigma-xl-2-512-ms,4552551,0.9037465453147888
pixart-alpha_pixart-sigma-xl-2-512-ms,4596797,-2.215576648712158
pixart-alpha_pixart-sigma-xl-2-512-ms,4832208,-1.784379243850708
pixart-alpha_pixart-sigma-xl-2-512-ms,4930139,1.3275665044784546
pixart-alpha_pixart-sigma-xl-2-512-ms,5008085,-0.7249798774719238
pixart-alpha_pixart-sigma-xl-2-512-ms,5219923,-0.5638297200202942
pixart-alpha_pixart-sigma-xl-2-512-ms,5316083,-0.33241307735443115
pixart-alpha_pixart-sigma-xl-2-512-ms,5350912,-1.1272647380828857
pixart-alpha_pixart-sigma-xl-2-512-ms,5374860,-0.12682464718818665
pixart-alpha_pixart-sigma-xl-2-512-ms,5410315,-0.037281155586242676
pixart-alpha_pixart-sigma-xl-2-512-ms,5522784,-2.1235218048095703
pixart-alpha_pixart-sigma-xl-2-512-ms,5728577,-0.7328750491142273
pixart-alpha_pixart-sigma-xl-2-512-ms,5752544,1.0428060293197632
pixart-alpha_pixart-sigma-xl-2-512-ms,5794797,1.03516685962677
pixart-alpha_pixart-sigma-xl-2-512-ms,5895919,1.400012493133545
pixart-alpha_pixart-sigma-xl-2-512-ms,5958517,-1.1042560338974
pixart-alpha_pixart-sigma-xl-2-512-ms,6189776,-0.334488183259964
pixart-alpha_pixart-sigma-xl-2-512-ms,6528587,-1.7865502834320068
pixart-alpha_pixart-sigma-xl-2-512-ms,6584891,-1.2035077810287476
pixart-alpha_pixart-sigma-xl-2-512-ms,6586355,-0.4623914062976837
pixart-alpha_pixart-sigma-xl-2-512-ms,6607809,0.1935989409685135
pixart-alpha_pixart-sigma-xl-2-512-ms,6615026,-0.6731624007225037
pixart-alpha_pixart-sigma-xl-2-512-ms,6615458,-0.7283511757850647
pixart-alpha_pixart-sigma-xl-2-512-ms,6615818,1.2600661516189575
pixart-alpha_pixart-sigma-xl-2-512-ms,6616314,-0.684481680393219
pixart-alpha_pixart-sigma-xl-2-512-ms,6617011,-1.498482584953308
pixart-alpha_pixart-sigma-xl-2-512-ms,6617413,0.11319749057292938
pixart-alpha_pixart-sigma-xl-2-512-ms,6729499,-0.42181625962257385
pixart-alpha_pixart-sigma-xl-2-512-ms,6880664,-0.3452560007572174
pixart-alpha_pixart-sigma-xl-2-512-ms,6883725,1.4451544284820557
pixart-alpha_pixart-sigma-xl-2-512-ms,6946774,-2.204650640487671
pixart-alpha_pixart-sigma-xl-2-512-ms,7025268,1.0462242364883423
pixart-alpha_pixart-sigma-xl-2-512-ms,7109847,-0.5593254566192627
pixart-alpha_pixart-sigma-xl-2-512-ms,7116261,1.3772698640823364
pixart-alpha_pixart-sigma-xl-2-512-ms,7150023,-0.10676500201225281
pixart-alpha_pixart-sigma-xl-2-512-ms,7163803,-1.255822777748108
pixart-alpha_pixart-sigma-xl-2-512-ms,7507098,1.0121818780899048
pixart-alpha_pixart-sigma-xl-2-512-ms,7596684,0.206902414560318
pixart-alpha_pixart-sigma-xl-2-512-ms,7597365,0.8818684220314026
pixart-alpha_pixart-sigma-xl-2-512-ms,7601809,0.39493799209594727
pixart-alpha_pixart-sigma-xl-2-512-ms,7605282,-1.2223167419433594
pixart-alpha_pixart-sigma-xl-2-512-ms,7606419,-2.0931501388549805
pixart-alpha_pixart-sigma-xl-2-512-ms,7607707,0.49068835377693176
pixart-alpha_pixart-sigma-xl-2-512-ms,7608721,1.654646873474121
pixart-alpha_pixart-sigma-xl-2-512-ms,7625977,0.7548611164093018
pixart-alpha_pixart-sigma-xl-2-512-ms,7626721,1.6270718574523926
pixart-alpha_pixart-sigma-xl-2-512-ms,7626833,1.393949031829834
pixart-alpha_pixart-sigma-xl-2-512-ms,7627310,0.0858701542019844
pixart-alpha_pixart-sigma-xl-2-512-ms,7651454,0.28934499621391296
pixart-alpha_pixart-sigma-xl-2-512-ms,7654438,0.506809651851654
pixart-alpha_pixart-sigma-xl-2-512-ms,7664468,-0.4778907299041748
pixart-alpha_pixart-sigma-xl-2-512-ms,7698915,0.41177985072135925
pixart-alpha_pixart-sigma-xl-2-512-ms,7700167,0.769906222820282
pixart-alpha_pixart-sigma-xl-2-512-ms,7700868,0.7625933885574341
pixart-alpha_pixart-sigma-xl-2-512-ms,7701244,1.067991852760315
pixart-alpha_pixart-sigma-xl-2-512-ms,7702193,1.3007760047912598
pixart-alpha_pixart-sigma-xl-2-512-ms,7710616,0.43059444427490234
pixart-alpha_pixart-sigma-xl-2-512-ms,7834065,-0.32532408833503723
pixart-alpha_pixart-sigma-xl-2-512-ms,7854266,0.009793955832719803
pixart-alpha_pixart-sigma-xl-2-512-ms,7854455,0.5966194868087769
pixart-alpha_pixart-sigma-xl-2-512-ms,7871940,1.687835693359375
pixart-alpha_pixart-sigma-xl-2-512-ms,7891189,1.4068394899368286
pixart-alpha_pixart-sigma-xl-2-512-ms,7897116,0.044730041176080704
pixart-alpha_pixart-sigma-xl-2-512-ms,7914271,1.015704870223999
pixart-alpha_pixart-sigma-xl-2-512-ms,7922764,1.0276662111282349
pixart-alpha_pixart-sigma-xl-2-512-ms,7929519,0.9585705995559692
pixart-alpha_pixart-sigma-xl-2-512-ms,7933274,1.0358173847198486
pixart-alpha_pixart-sigma-xl-2-512-ms,7933530,1.108315348625183
pixart-alpha_pixart-sigma-xl-2-512-ms,8089797,0.32919028401374817
pixart-alpha_pixart-sigma-xl-2-512-ms,8095160,0.38063234090805054
pixart-alpha_pixart-sigma-xl-2-512-ms,8124208,-2.2425589561462402
pixart-alpha_pixart-sigma-xl-2-512-ms,8339939,-0.029642069712281227
pixart-alpha_pixart-sigma-xl-2-512-ms,8876291,0.5836250185966492
pixart-alpha_pixart-sigma-xl-2-512-ms,9020389,1.6096360683441162
pixart-alpha_pixart-sigma-xl-2-512-ms,9044146,-1.0639758110046387
pixart-alpha_pixart-sigma-xl-2-512-ms,9057052,-2.2360119819641113
pixart-alpha_pixart-sigma-xl-2-512-ms,9427682,0.9350195527076721
pixart-alpha_pixart-sigma-xl-2-512-ms,9580065,1.3272008895874023
pixart-alpha_pixart-sigma-xl-2-512-ms,9719434,0.1401078701019287
pixart-alpha_pixart-sigma-xl-2-512-ms,9793248,1.527162790298462
pixart-alpha_pixart-sigma-xl-2-512-ms,9794211,1.6292386054992676
pixart-alpha_pixart-sigma-xl-2-512-ms,9862621,0.5120679140090942
pixart-alpha_pixart-sigma-xl-2-512-ms,9875188,-1.5594204664230347
pixart-alpha_pixart-sigma-xl-2-512-ms,9984659,0.1907215267419815
pixart-alpha_pixart-sigma-xl-2-512-ms,10012874,-1.1888664960861206
pixart-alpha_pixart-sigma-xl-2-512-ms,10024569,-0.9643892645835876
pixart-alpha_pixart-sigma-xl-2-512-ms,10080493,-1.5297346115112305
pixart-alpha_pixart-sigma-xl-2-512-ms,10106452,-0.36985236406326294
pixart-alpha_pixart-sigma-xl-2-512-ms,10198409,-0.6652157306671143
pixart-alpha_pixart-sigma-xl-2-512-ms,10333317,0.45620688796043396
pixart-alpha_pixart-sigma-xl-2-512-ms,10408552,1.2243492603302002
pixart-alpha_pixart-sigma-xl-2-512-ms,10444677,-1.2254539728164673
pixart-alpha_pixart-sigma-xl-2-512-ms,10453357,1.829806923866272
pixart-alpha_pixart-sigma-xl-2-512-ms,10548623,-0.7527449727058411
pixart-alpha_pixart-sigma-xl-2-512-ms,10572128,-1.4859672784805298
pixart-alpha_pixart-sigma-xl-2-512-ms,10794014,1.7862693071365356
pixart-alpha_pixart-sigma-xl-2-512-ms,10939743,1.1230043172836304
pixart-alpha_pixart-sigma-xl-2-512-ms,11039909,0.16949695348739624
pixart-alpha_pixart-sigma-xl-2-512-ms,11334088,0.4484098553657532
pixart-alpha_pixart-sigma-xl-2-512-ms,11417672,0.6502069234848022
pixart-alpha_pixart-sigma-xl-2-512-ms,11437577,0.01499276701360941
pixart-alpha_pixart-sigma-xl-2-512-ms,11460338,-1.0328989028930664
pixart-alpha_pixart-sigma-xl-2-512-ms,12345739,-0.7163236737251282
pixart-alpha_pixart-sigma-xl-2-512-ms,12402348,0.5270172357559204
pixart-alpha_pixart-sigma-xl-2-512-ms,13221529,0.15705451369285583
pixart-alpha_pixart-sigma-xl-2-512-ms,13290566,-1.0074058771133423
pixart-alpha_pixart-sigma-xl-2-512-ms,13389475,-1.2445576190948486
pixart-alpha_pixart-sigma-xl-2-512-ms,13390139,1.1122641563415527
pixart-alpha_pixart-sigma-xl-2-512-ms,13390405,1.497349739074707
pixart-alpha_pixart-sigma-xl-2-512-ms,13392786,0.7576558589935303
pixart-alpha_pixart-sigma-xl-2-512-ms,13649361,-1.4220553636550903
pixart-alpha_pixart-sigma-xl-2-512-ms,13716878,-0.3780796527862549
pixart-alpha_pixart-sigma-xl-2-512-ms,13884740,-0.6043472290039062
pixart-alpha_pixart-sigma-xl-2-512-ms,13915305,1.137259840965271
pixart-alpha_pixart-sigma-xl-2-512-ms,13931145,-0.3323086202144623
pixart-alpha_pixart-sigma-xl-2-512-ms,13984082,0.1768859624862671
pixart-alpha_pixart-sigma-xl-2-512-ms,14140678,-1.3302671909332275
pixart-alpha_pixart-sigma-xl-2-512-ms,14195315,0.3631027936935425
pixart-alpha_pixart-sigma-xl-2-512-ms,14294568,-1.2699788808822632
pixart-alpha_pixart-sigma-xl-2-512-ms,14320813,0.011002672836184502
pixart-alpha_pixart-sigma-xl-2-512-ms,14360436,0.4418777525424957
pixart-alpha_pixart-sigma-xl-2-512-ms,14488317,-0.22079186141490936
pixart-alpha_pixart-sigma-xl-2-512-ms,14533937,-0.994648814201355
pixart-alpha_pixart-sigma-xl-2-512-ms,14550987,0.38469362258911133
pixart-alpha_pixart-sigma-xl-2-512-ms,14579933,-2.171466588973999
pixart-alpha_pixart-sigma-xl-2-512-ms,14606290,-0.4305261969566345
pixart-alpha_pixart-sigma-xl-2-512-ms,14620257,-1.5189454555511475
pixart-alpha_pixart-sigma-xl-2-512-ms,14632648,-1.4763293266296387
pixart-alpha_pixart-sigma-xl-2-512-ms,14647235,-0.03896860405802727
pixart-alpha_pixart-sigma-xl-2-512-ms,14654954,0.20722024142742157
pixart-alpha_pixart-sigma-xl-2-512-ms,14686352,-0.07146215438842773
pixart-alpha_pixart-sigma-xl-2-512-ms,14702875,-0.41228610277175903
pixart-alpha_pixart-sigma-xl-2-512-ms,14703190,-0.5108658075332642
pixart-alpha_pixart-sigma-xl-2-512-ms,14807929,-0.2839513123035431
pixart-alpha_pixart-sigma-xl-2-512-ms,14809057,0.0424840934574604
pixart-alpha_pixart-sigma-xl-2-512-ms,14867690,-0.6532971858978271
pixart-alpha_pixart-sigma-xl-2-512-ms,14872875,-0.5124455690383911
pixart-alpha_pixart-sigma-xl-2-512-ms,14880557,-0.580312192440033
pixart-alpha_pixart-sigma-xl-2-512-ms,14894140,0.36183562874794006
pixart-alpha_pixart-sigma-xl-2-512-ms,15180934,0.5704813003540039
pixart-alpha_pixart-sigma-xl-2-512-ms,15970145,-2.2452821731567383
pixart-alpha_pixart-sigma-xl-2-512-ms,17002912,-1.2706491947174072
pixart-alpha_pixart-sigma-xl-2-512-ms,17012379,-1.7949861288070679
pixart-alpha_pixart-sigma-xl-2-512-ms,17282800,0.8589349985122681
pixart-alpha_pixart-sigma-xl-2-512-ms,17925539,-2.172912120819092
pixart-alpha_pixart-sigma-xl-2-512-ms,18367104,-0.31382399797439575
pixart-alpha_pixart-sigma-xl-2-512-ms,18758723,-1.4440128803253174
pixart-alpha_pixart-sigma-xl-2-512-ms,19143128,0.2503657937049866
pixart-alpha_pixart-sigma-xl-2-512-ms,19671124,-1.3532942533493042
pixart-alpha_pixart-sigma-xl-2-512-ms,19855707,-2.276538133621216
pixart-alpha_pixart-sigma-xl-2-512-ms,19893872,-0.3973291218280792
pixart-alpha_pixart-sigma-xl-2-512-ms,20017667,-1.7963076829910278
pixart-alpha_pixart-sigma-xl-2-512-ms,20128079,-2.199324607849121
pixart-alpha_pixart-sigma-xl-2-512-ms,20471134,0.24482513964176178
pixart-alpha_pixart-sigma-xl-2-512-ms,20495093,-2.1865134239196777
pixart-alpha_pixart-sigma-xl-2-512-ms,20782430,-0.8697567582130432
pixart-alpha_pixart-sigma-xl-2-512-ms,21377549,-0.7105969190597534
pixart-alpha_pixart-sigma-xl-2-512-ms,21564446,-0.9690727591514587
pixart-alpha_pixart-sigma-xl-2-512-ms,21620388,-0.37693285942077637
pixart-alpha_pixart-sigma-xl-2-512-ms,22149540,-2.249391555786133
pixart-alpha_pixart-sigma-xl-2-512-ms,22738759,-2.2418174743652344
pixart-alpha_pixart-sigma-xl-2-512-ms,22767176,-1.1287786960601807
pixart-alpha_pixart-sigma-xl-2-512-ms,23129661,-2.2800955772399902
pixart-alpha_pixart-sigma-xl-2-512-ms,23185551,0.2882080078125
pixart-alpha_pixart-sigma-xl-2-512-ms,23232427,0.45371562242507935
pixart-alpha_pixart-sigma-xl-2-512-ms,23257851,-0.5269649028778076
pixart-alpha_pixart-sigma-xl-2-512-ms,23620789,-0.23152151703834534
pixart-alpha_pixart-sigma-xl-2-512-ms,24808131,0.03850674629211426
pixart-alpha_pixart-sigma-xl-2-512-ms,24843217,-2.1977341175079346
pixart-alpha_pixart-sigma-xl-2-512-ms,24933378,1.8472243547439575
pixart-alpha_pixart-sigma-xl-2-512-ms,24942232,-0.40390557050704956
pixart-alpha_pixart-sigma-xl-2-512-ms,25290589,-0.5597034692764282
pixart-alpha_pixart-sigma-xl-2-512-ms,25579216,-0.6359326243400574
pixart-alpha_pixart-sigma-xl-2-512-ms,25685207,-2.238438367843628
pixart-alpha_pixart-sigma-xl-2-512-ms,25776594,1.731569766998291
pixart-alpha_pixart-sigma-xl-2-512-ms,26078214,-1.2206021547317505
pixart-alpha_pixart-sigma-xl-2-512-ms,26746434,-0.39538174867630005
pixart-alpha_pixart-sigma-xl-2-512-ms,26998039,-0.7538753151893616
pixart-alpha_pixart-sigma-xl-2-512-ms,27106238,-0.897198498249054
pixart-alpha_pixart-sigma-xl-2-512-ms,27246777,-2.162871837615967
pixart-alpha_pixart-sigma-xl-2-512-ms,27768637,0.42565208673477173
pixart-alpha_pixart-sigma-xl-2-512-ms,27871992,-0.2992323637008667
pixart-alpha_pixart-sigma-xl-2-512-ms,28190972,-2.0442700386047363
pixart-alpha_pixart-sigma-xl-2-512-ms,29094321,-0.04154074564576149
pixart-alpha_pixart-sigma-xl-2-512-ms,29148617,0.5811106562614441
pixart-alpha_pixart-sigma-xl-2-512-ms,29161294,-0.4187067151069641
pixart-alpha_pixart-sigma-xl-2-512-ms,29632917,0.1574578881263733
pixart-alpha_pixart-sigma-xl-2-512-ms,29703209,-0.8452579975128174
pixart-alpha_pixart-sigma-xl-2-512-ms,29779486,1.3187382221221924
pixart-alpha_pixart-sigma-xl-2-512-ms,30028757,-0.2969362139701843
pixart-alpha_pixart-sigma-xl-2-512-ms,30225071,0.532852292060852
pixart-alpha_pixart-sigma-xl-2-512-ms,30373565,-2.1084065437316895
pixart-alpha_pixart-sigma-xl-2-512-ms,30484086,-0.413872092962265
pixart-alpha_pixart-sigma-xl-2-512-ms,30883080,-0.46662575006484985
pixart-alpha_pixart-sigma-xl-2-512-ms,31114750,-2.2407429218292236
pixart-alpha_pixart-sigma-xl-2-512-ms,31196176,-0.16660571098327637
pixart-alpha_pixart-sigma-xl-2-512-ms,31391857,-0.34678488969802856
pixart-alpha_pixart-sigma-xl-2-512-ms,31595142,1.5119045972824097
pixart-alpha_pixart-sigma-xl-2-512-ms,32152786,-2.2119293212890625
pixart-alpha_pixart-sigma-xl-2-512-ms,32327818,-0.8257830142974854
pixart-alpha_pixart-sigma-xl-2-512-ms,32379732,1.1672271490097046
pixart-alpha_pixart-sigma-xl-2-512-ms,32473966,-0.2181973159313202
pixart-alpha_pixart-sigma-xl-2-512-ms,32902730,0.5807275772094727
pixart-alpha_pixart-sigma-xl-2-512-ms,32932491,-2.2063703536987305
pixart-alpha_pixart-sigma-xl-2-512-ms,33006578,-0.5001208186149597
pixart-alpha_pixart-sigma-xl-2-512-ms,33478721,0.5767500996589661
pixart-alpha_pixart-sigma-xl-2-512-ms,34475997,0.30393195152282715
pixart-alpha_pixart-sigma-xl-2-512-ms,34578737,-2.185953378677368
pixart-alpha_pixart-sigma-xl-2-512-ms,34773230,-0.1974995881319046
pixart-alpha_pixart-sigma-xl-2-512-ms,36507085,-0.21885761618614197
pixart-alpha_pixart-sigma-xl-2-512-ms,36678439,-0.6731873154640198
pixart-alpha_pixart-sigma-xl-2-512-ms,37287360,0.21954984962940216
pixart-alpha_pixart-sigma-xl-2-512-ms,37319253,0.6039790511131287
pixart-alpha_pixart-sigma-xl-2-512-ms,37547870,0.9934206604957581
pixart-alpha_pixart-sigma-xl-2-512-ms,37736408,0.9212007522583008
pixart-alpha_pixart-sigma-xl-2-512-ms,38014258,-0.20180396735668182
pixart-alpha_pixart-sigma-xl-2-512-ms,38297191,-0.217197448015213
pixart-alpha_pixart-sigma-xl-2-512-ms,38402744,1.6753524541854858
pixart-alpha_pixart-sigma-xl-2-512-ms,38954086,-0.3494931757450104
pixart-alpha_pixart-sigma-xl-2-512-ms,39139190,-2.273325204849243
pixart-alpha_pixart-sigma-xl-2-512-ms,39560404,-0.48545873165130615
pixart-alpha_pixart-sigma-xl-2-512-ms,39566065,1.7583938837051392
pixart-alpha_pixart-sigma-xl-2-512-ms,39595218,1.5630358457565308
pixart-alpha_pixart-sigma-xl-2-512-ms,40825299,-1.593268632888794
pixart-alpha_pixart-sigma-xl-2-512-ms,40945115,-1.6023850440979004
pixart-alpha_pixart-sigma-xl-2-512-ms,40995095,0.6685578227043152
pixart-alpha_pixart-sigma-xl-2-512-ms,41015844,-0.10795442014932632
pixart-alpha_pixart-sigma-xl-2-512-ms,41031648,1.176661729812622
pixart-alpha_pixart-sigma-xl-2-512-ms,41161074,-0.3023854196071625
pixart-alpha_pixart-sigma-xl-2-512-ms,41458919,0.7102064490318298
pixart-alpha_pixart-sigma-xl-2-512-ms,41565779,1.7387301921844482
pixart-alpha_pixart-sigma-xl-2-512-ms,41766391,0.5956458449363708
pixart-alpha_pixart-sigma-xl-2-512-ms,41982710,-0.18041810393333435
pixart-alpha_pixart-sigma-xl-2-512-ms,42048260,-2.204223155975342
pixart-alpha_pixart-sigma-xl-2-512-ms,42849420,-2.277129888534546
pixart-alpha_pixart-sigma-xl-2-512-ms,42931583,-0.030505318194627762
pixart-alpha_pixart-sigma-xl-2-512-ms,43060946,-0.4129146337509155
pixart-alpha_pixart-sigma-xl-2-512-ms,43153800,-0.238951176404953
pixart-alpha_pixart-sigma-xl-2-512-ms,43161384,0.021638838574290276
pixart-alpha_pixart-sigma-xl-2-512-ms,43301379,-0.4117545783519745
pixart-alpha_pixart-sigma-xl-2-512-ms,43304323,1.1540396213531494
pixart-alpha_pixart-sigma-xl-2-512-ms,43367797,-1.4076640605926514
pixart-alpha_pixart-sigma-xl-2-512-ms,43431032,0.8642831444740295
pixart-alpha_pixart-sigma-xl-2-512-ms,43631801,0.1767936646938324
pixart-alpha_pixart-sigma-xl-2-512-ms,43735560,-0.6552246809005737
pixart-alpha_pixart-sigma-xl-2-512-ms,43858443,-0.11798165738582611
pixart-alpha_pixart-sigma-xl-2-512-ms,43918624,-0.7875002026557922
pixart-alpha_pixart-sigma-xl-2-512-ms,44280552,-1.8288244009017944
pixart-alpha_pixart-sigma-xl-2-512-ms,44295589,-0.8225280046463013
pixart-alpha_pixart-sigma-xl-2-512-ms,44621915,-1.6253271102905273
pixart-alpha_pixart-sigma-xl-2-512-ms,44645737,0.6055142879486084
pixart-alpha_pixart-sigma-xl-2-512-ms,44838123,0.5000870227813721
pixart-alpha_pixart-sigma-xl-2-512-ms,45258070,0.6511606574058533
pixart-alpha_pixart-sigma-xl-2-512-ms,45297641,-0.40984615683555603
pixart-alpha_pixart-sigma-xl-2-512-ms,45418454,-0.09320864081382751
pixart-alpha_pixart-sigma-xl-2-512-ms,45564900,-2.2091517448425293
pixart-alpha_pixart-sigma-xl-2-512-ms,46150029,-0.12184633314609528
pixart-alpha_pixart-sigma-xl-2-512-ms,46394736,-2.1120026111602783
pixart-alpha_pixart-sigma-xl-2-512-ms,46673664,0.8292915225028992
pixart-alpha_pixart-sigma-xl-2-512-ms,46994920,-2.165165662765503
pixart-alpha_pixart-sigma-xl-2-512-ms,47009060,-2.019772529602051
pixart-alpha_pixart-sigma-xl-2-512-ms,47552953,1.5730957984924316
pixart-alpha_pixart-sigma-xl-2-512-ms,47595220,0.8482333421707153
pixart-alpha_pixart-sigma-xl-2-512-ms,47819321,-0.10031025111675262
pixart-alpha_pixart-sigma-xl-2-512-ms,48223384,0.4306873083114624
pixart-alpha_pixart-sigma-xl-2-512-ms,48351897,-0.7401033639907837
pixart-alpha_pixart-sigma-xl-2-512-ms,48754831,-0.31589266657829285
pixart-alpha_pixart-sigma-xl-2-512-ms,49054805,0.48433220386505127
pixart-alpha_pixart-sigma-xl-2-512-ms,49089576,-0.16081765294075012
pixart-alpha_pixart-sigma-xl-2-512-ms,49300740,-0.07989909499883652
pixart-alpha_pixart-sigma-xl-2-512-ms,49358811,1.5191766023635864
pixart-alpha_pixart-sigma-xl-2-512-ms,49462954,-0.8910545110702515
pixart-alpha_pixart-sigma-xl-2-512-ms,50262859,1.1079459190368652
pixart-alpha_pixart-sigma-xl-2-512-ms,50871471,0.3314402103424072
pixart-alpha_pixart-sigma-xl-2-512-ms,50952217,1.0825015306472778
pixart-alpha_pixart-sigma-xl-2-512-ms,51060824,0.19678829610347748
pixart-alpha_pixart-sigma-xl-2-512-ms,51314050,0.44950544834136963
pixart-alpha_pixart-sigma-xl-2-512-ms,51946990,-0.06389667093753815
pixart-alpha_pixart-sigma-xl-2-512-ms,52325745,-2.073622465133667
pixart-alpha_pixart-sigma-xl-2-512-ms,52474100,0.9041911363601685
pixart-alpha_pixart-sigma-xl-2-512-ms,52516409,-1.5635300874710083
pixart-alpha_pixart-sigma-xl-2-512-ms,52711595,-1.725619912147522
pixart-alpha_pixart-sigma-xl-2-512-ms,53022028,-2.126035451889038
pixart-alpha_pixart-sigma-xl-2-512-ms,53205877,-2.262005090713501
pixart-alpha_pixart-sigma-xl-2-512-ms,53288018,-2.215390682220459
pixart-alpha_pixart-sigma-xl-2-512-ms,53443611,1.5698360204696655
pixart-alpha_pixart-sigma-xl-2-512-ms,53815934,-0.1949772834777832
pixart-alpha_pixart-sigma-xl-2-512-ms,54495173,0.650570809841156
pixart-alpha_pixart-sigma-xl-2-512-ms,54931507,-1.6352916955947876
pixart-alpha_pixart-sigma-xl-2-512-ms,55191509,-0.01073360349982977
pixart-alpha_pixart-sigma-xl-2-512-ms,55255145,-0.605212926864624
pixart-alpha_pixart-sigma-xl-2-512-ms,55457672,-2.2121317386627197
pixart-alpha_pixart-sigma-xl-2-512-ms,55588327,-0.47471851110458374
pixart-alpha_pixart-sigma-xl-2-512-ms,55653646,-0.37486663460731506
pixart-alpha_pixart-sigma-xl-2-512-ms,55658809,-1.6443525552749634
pixart-alpha_pixart-sigma-xl-2-512-ms,55812974,0.10437840968370438
pixart-alpha_pixart-sigma-xl-2-512-ms,55819553,-0.1730300486087799
pixart-alpha_pixart-sigma-xl-2-512-ms,55826966,0.13534817099571228
pixart-alpha_pixart-sigma-xl-2-512-ms,55983905,-1.0739823579788208
pixart-alpha_pixart-sigma-xl-2-512-ms,56074056,-0.0623738169670105
pixart-alpha_pixart-sigma-xl-2-512-ms,56112588,0.06326746940612793
pixart-alpha_pixart-sigma-xl-2-512-ms,56121520,1.3941041231155396
pixart-alpha_pixart-sigma-xl-2-512-ms,56250900,-2.1239571571350098
pixart-alpha_pixart-sigma-xl-2-512-ms,56458800,0.6058288812637329
pixart-alpha_pixart-sigma-xl-2-512-ms,56792430,0.8924476504325867
pixart-alpha_pixart-sigma-xl-2-512-ms,56982260,-1.9280489683151245
pixart-alpha_pixart-sigma-xl-2-512-ms,57673976,-1.4966579675674438
pixart-alpha_pixart-sigma-xl-2-512-ms,57716963,-0.3064054846763611
pixart-alpha_pixart-sigma-xl-2-512-ms,57729980,-2.0851807594299316
pixart-alpha_pixart-sigma-xl-2-512-ms,57785005,0.12049143761396408
pixart-alpha_pixart-sigma-xl-2-512-ms,57873614,-0.4966149628162384
pixart-alpha_pixart-sigma-xl-2-512-ms,58727024,-1.2266477346420288
pixart-alpha_pixart-sigma-xl-2-512-ms,58761464,-1.1678842306137085
pixart-alpha_pixart-sigma-xl-2-512-ms,59399259,-0.5246914625167847
pixart-alpha_pixart-sigma-xl-2-512-ms,59976859,0.39837801456451416
pixart-alpha_pixart-sigma-xl-2-512-ms,60083345,0.8359639048576355
pixart-alpha_pixart-sigma-xl-2-512-ms,60214770,-0.25138530135154724
pixart-alpha_pixart-sigma-xl-2-512-ms,60215376,-1.9739508628845215
pixart-alpha_pixart-sigma-xl-2-512-ms,60375309,-1.0576785802841187
pixart-alpha_pixart-sigma-xl-2-512-ms,60606896,-0.7482507228851318
pixart-alpha_pixart-sigma-xl-2-512-ms,60668084,-0.1288304328918457
pixart-alpha_pixart-sigma-xl-2-512-ms,61035709,-2.2210147380828857
pixart-alpha_pixart-sigma-xl-2-512-ms,61388266,-1.1820170879364014
pixart-alpha_pixart-sigma-xl-2-512-ms,61627313,0.18727724254131317
pixart-alpha_pixart-sigma-xl-2-512-ms,61635816,0.6875998377799988
pixart-alpha_pixart-sigma-xl-2-512-ms,61853324,1.0289067029953003
pixart-alpha_pixart-sigma-xl-2-512-ms,62408818,0.5801301002502441
pixart-alpha_pixart-sigma-xl-2-512-ms,62841330,-0.814125657081604
pixart-alpha_pixart-sigma-xl-2-512-ms,63015570,0.7138033509254456
pixart-alpha_pixart-sigma-xl-2-512-ms,63336441,-0.6755266785621643
pixart-alpha_pixart-sigma-xl-2-512-ms,63633117,-2.0443484783172607
pixart-alpha_pixart-sigma-xl-2-512-ms,64576544,-1.9997342824935913
pixart-alpha_pixart-sigma-xl-2-512-ms,64687077,-0.7243884801864624
pixart-alpha_pixart-sigma-xl-2-512-ms,64693533,1.5432063341140747
pixart-alpha_pixart-sigma-xl-2-512-ms,64856142,0.8444932699203491
pixart-alpha_pixart-sigma-xl-2-512-ms,65411270,-0.2925928831100464
pixart-alpha_pixart-sigma-xl-2-512-ms,65557844,-0.43678009510040283
pixart-alpha_pixart-sigma-xl-2-512-ms,65824677,0.19147002696990967
pixart-alpha_pixart-sigma-xl-2-512-ms,65890875,-0.8793081641197205
pixart-alpha_pixart-sigma-xl-2-512-ms,65960228,-0.7912664413452148
pixart-alpha_pixart-sigma-xl-2-512-ms,66668538,0.3052804470062256
pixart-alpha_pixart-sigma-xl-2-512-ms,67344811,0.25381457805633545
pixart-alpha_pixart-sigma-xl-2-512-ms,67949798,0.7041245698928833
pixart-alpha_pixart-sigma-xl-2-512-ms,68246844,-2.1717312335968018
pixart-alpha_pixart-sigma-xl-2-512-ms,68280322,-2.214315176010132
pixart-alpha_pixart-sigma-xl-2-512-ms,68321683,-0.057343680411577225
pixart-alpha_pixart-sigma-xl-2-512-ms,68380669,0.4812454283237457
pixart-alpha_pixart-sigma-xl-2-512-ms,68575085,1.241087555885315
pixart-alpha_pixart-sigma-xl-2-512-ms,70380966,-0.5202019214630127
pixart-alpha_pixart-sigma-xl-2-512-ms,70494671,-2.0371973514556885
pixart-alpha_pixart-sigma-xl-2-512-ms,71055464,-2.25250506401062
pixart-alpha_pixart-sigma-xl-2-512-ms,71591839,-2.2694594860076904
pixart-alpha_pixart-sigma-xl-2-512-ms,71828875,-0.5539973378181458
pixart-alpha_pixart-sigma-xl-2-512-ms,71910823,0.6622447967529297
pixart-alpha_pixart-sigma-xl-2-512-ms,71959499,1.120782494544983
pixart-alpha_pixart-sigma-xl-2-512-ms,72432241,1.138474702835083
pixart-alpha_pixart-sigma-xl-2-512-ms,72553814,0.022690415382385254
pixart-alpha_pixart-sigma-xl-2-512-ms,73051579,0.46732744574546814
pixart-alpha_pixart-sigma-xl-2-512-ms,73600586,-0.3911944031715393
pixart-alpha_pixart-sigma-xl-2-512-ms,73616417,0.39403560757637024
pixart-alpha_pixart-sigma-xl-2-512-ms,73681289,0.9926021099090576
pixart-alpha_pixart-sigma-xl-2-512-ms,73962724,0.12211529165506363
pixart-alpha_pixart-sigma-xl-2-512-ms,74175857,0.044168610125780106
pixart-alpha_pixart-sigma-xl-2-512-ms,75051801,-2.190398931503296
pixart-alpha_pixart-sigma-xl-2-512-ms,75787772,-1.0578124523162842
pixart-alpha_pixart-sigma-xl-2-512-ms,75944980,-2.1054043769836426
pixart-alpha_pixart-sigma-xl-2-512-ms,75964288,-2.24051570892334
pixart-alpha_pixart-sigma-xl-2-512-ms,76066166,-1.1973369121551514
pixart-alpha_pixart-sigma-xl-2-512-ms,76100398,-0.6337482333183289
pixart-alpha_pixart-sigma-xl-2-512-ms,76425345,-2.2737762928009033
pixart-alpha_pixart-sigma-xl-2-512-ms,77106105,0.21602405607700348
pixart-alpha_pixart-sigma-xl-2-512-ms,77132310,-0.5530270338058472
pixart-alpha_pixart-sigma-xl-2-512-ms,77232534,-2.259207010269165
pixart-alpha_pixart-sigma-xl-2-512-ms,77312726,-2.280348062515259
pixart-alpha_pixart-sigma-xl-2-512-ms,77358840,0.10665339976549149
pixart-alpha_pixart-sigma-xl-2-512-ms,77490593,-0.8847874402999878
pixart-alpha_pixart-sigma-xl-2-512-ms,77726888,-0.09632597118616104
pixart-alpha_pixart-sigma-xl-2-512-ms,78735978,-1.351022720336914
pixart-alpha_pixart-sigma-xl-2-512-ms,79077085,-2.2591676712036133
pixart-alpha_pixart-sigma-xl-2-512-ms,79212243,-2.0721073150634766
pixart-alpha_pixart-sigma-xl-2-512-ms,79606917,-2.179189443588257
pixart-alpha_pixart-sigma-xl-2-512-ms,79918827,1.3027563095092773
pixart-alpha_pixart-sigma-xl-2-512-ms,80289373,-0.01824779622256756
pixart-alpha_pixart-sigma-xl-2-512-ms,80371125,0.5372963547706604
pixart-alpha_pixart-sigma-xl-2-512-ms,80540387,-0.7149443626403809
pixart-alpha_pixart-sigma-xl-2-512-ms,81135077,-0.7104151844978333
pixart-alpha_pixart-sigma-xl-2-512-ms,81303945,-2.1783127784729004
pixart-alpha_pixart-sigma-xl-2-512-ms,81435593,1.2463889122009277
pixart-alpha_pixart-sigma-xl-2-512-ms,82282590,0.4238370358943939
pixart-alpha_pixart-sigma-xl-2-512-ms,82696415,0.16201314330101013
pixart-alpha_pixart-sigma-xl-2-512-ms,82916016,-2.2771008014678955
pixart-alpha_pixart-sigma-xl-2-512-ms,83084473,1.6207538843154907
pixart-alpha_pixart-sigma-xl-2-512-ms,83418847,0.7157174348831177
pixart-alpha_pixart-sigma-xl-2-512-ms,84089324,-2.220848321914673
pixart-alpha_pixart-sigma-xl-2-512-ms,84306831,-2.1710219383239746
pixart-alpha_pixart-sigma-xl-2-512-ms,84510135,-0.4598856568336487
pixart-alpha_pixart-sigma-xl-2-512-ms,84788890,0.8486359715461731
pixart-alpha_pixart-sigma-xl-2-512-ms,84985982,0.5876679420471191
pixart-alpha_pixart-sigma-xl-2-512-ms,85191733,-2.264197587966919
pixart-alpha_pixart-sigma-xl-2-512-ms,86119145,-0.5127742886543274
pixart-alpha_pixart-sigma-xl-2-512-ms,86340862,1.320622205734253
pixart-alpha_pixart-sigma-xl-2-512-ms,86341828,-1.155502438545227
pixart-alpha_pixart-sigma-xl-2-512-ms,86537356,-0.0598558634519577
pixart-alpha_pixart-sigma-xl-2-512-ms,86701636,1.5962069034576416
pixart-alpha_pixart-sigma-xl-2-512-ms,86714939,-0.6786946654319763
pixart-alpha_pixart-sigma-xl-2-512-ms,87574583,0.7918224334716797
pixart-alpha_pixart-sigma-xl-2-512-ms,87699711,0.11169874668121338
pixart-alpha_pixart-sigma-xl-2-512-ms,88016571,1.073900580406189
pixart-alpha_pixart-sigma-xl-2-512-ms,88087492,-0.42505118250846863
pixart-alpha_pixart-sigma-xl-2-512-ms,89227603,0.49348199367523193
pixart-alpha_pixart-sigma-xl-2-512-ms,89539854,-1.878320336341858
pixart-alpha_pixart-sigma-xl-2-512-ms,89926787,0.7965855598449707
pixart-alpha_pixart-sigma-xl-2-512-ms,90244932,-1.306254506111145
pixart-alpha_pixart-sigma-xl-2-512-ms,90493027,-0.7980966567993164
pixart-alpha_pixart-sigma-xl-2-512-ms,90613035,0.1423047035932541
pixart-alpha_pixart-sigma-xl-2-512-ms,91368797,1.1140007972717285
pixart-alpha_pixart-sigma-xl-2-512-ms,91784299,1.0172313451766968
pixart-alpha_pixart-sigma-xl-2-512-ms,91790573,0.9740949869155884
pixart-alpha_pixart-sigma-xl-2-512-ms,91834546,-2.2558343410491943
pixart-alpha_pixart-sigma-xl-2-512-ms,92068094,-0.9902356863021851
pixart-alpha_pixart-sigma-xl-2-512-ms,92311656,0.6646670699119568
pixart-alpha_pixart-sigma-xl-2-512-ms,92709444,-0.2961725890636444
pixart-alpha_pixart-sigma-xl-2-512-ms,93114575,-1.2686485052108765
pixart-alpha_pixart-sigma-xl-2-512-ms,93256557,0.5942385196685791
pixart-alpha_pixart-sigma-xl-2-512-ms,93407716,-2.123739719390869
pixart-alpha_pixart-sigma-xl-2-512-ms,93436296,-0.7079039216041565
pixart-alpha_pixart-sigma-xl-2-512-ms,93512057,-2.168471336364746
pixart-alpha_pixart-sigma-xl-2-512-ms,94006560,-0.9193753004074097
pixart-alpha_pixart-sigma-xl-2-512-ms,94321535,-0.1662229746580124
pixart-alpha_pixart-sigma-xl-2-512-ms,94532154,0.5145624279975891
pixart-alpha_pixart-sigma-xl-2-512-ms,95171107,-2.125687599182129
pixart-alpha_pixart-sigma-xl-2-512-ms,95228839,-0.24399380385875702
pixart-alpha_pixart-sigma-xl-2-512-ms,95325441,-1.4534647464752197
pixart-alpha_pixart-sigma-xl-2-512-ms,95450946,-0.7642961740493774
pixart-alpha_pixart-sigma-xl-2-512-ms,95583911,1.17933988571167
pixart-alpha_pixart-sigma-xl-2-512-ms,95718306,1.0233211517333984
pixart-alpha_pixart-sigma-xl-2-512-ms,95737828,-0.4303005039691925
pixart-alpha_pixart-sigma-xl-2-512-ms,96448597,-1.2149635553359985
pixart-alpha_pixart-sigma-xl-2-512-ms,96482065,-0.44278112053871155
pixart-alpha_pixart-sigma-xl-2-512-ms,96521920,0.40837618708610535
pixart-alpha_pixart-sigma-xl-2-512-ms,96850153,1.6240342855453491
pixart-alpha_pixart-sigma-xl-2-512-ms,98113191,0.07247718423604965
pixart-alpha_pixart-sigma-xl-2-512-ms,98195317,-0.14602568745613098
pixart-alpha_pixart-sigma-xl-2-512-ms,98254655,0.9765862822532654
pixart-alpha_pixart-sigma-xl-2-512-ms,98319500,0.4148182272911072
pixart-alpha_pixart-sigma-xl-2-512-ms,98642787,-2.2299745082855225
pixart-alpha_pixart-sigma-xl-2-512-ms,98646702,-2.2773025035858154
pixart-alpha_pixart-sigma-xl-2-512-ms,98929226,-2.2643258571624756
pixart-alpha_pixart-sigma-xl-2-512-ms,99178779,1.3149232864379883
pixart-alpha_pixart-sigma-xl-2-512-ms,99185892,-0.8520862460136414
pixart-alpha_pixart-sigma-xl-2-512-ms,99211012,-1.5401508808135986
pixart-alpha_pixart-sigma-xl-2-512-ms,99410560,-0.984084963798523
pixart-alpha_pixart-sigma-xl-2-512-ms,99862294,0.34108567237854004
tencent-hunyuan_hunyuandit-v1.2-diffusers,138508,0.4617426097393036
tencent-hunyuan_hunyuandit-v1.2-diffusers,192051,-0.33314844965934753
tencent-hunyuan_hunyuandit-v1.2-diffusers,213186,-0.9705599546432495
tencent-hunyuan_hunyuandit-v1.2-diffusers,232386,-0.7370105981826782
tencent-hunyuan_hunyuandit-v1.2-diffusers,232765,1.317262887954712
tencent-hunyuan_hunyuandit-v1.2-diffusers,258857,0.41853153705596924
tencent-hunyuan_hunyuandit-v1.2-diffusers,283090,-0.1844193935394287
tencent-hunyuan_hunyuandit-v1.2-diffusers,285141,-1.0705190896987915
tencent-hunyuan_hunyuandit-v1.2-diffusers,399030,-0.8507209420204163
tencent-hunyuan_hunyuandit-v1.2-diffusers,440189,0.15866582095623016
tencent-hunyuan_hunyuandit-v1.2-diffusers,445169,-0.6208184957504272
tencent-hunyuan_hunyuandit-v1.2-diffusers,486490,-0.042055901139974594
tencent-hunyuan_hunyuandit-v1.2-diffusers,487072,-0.5414066910743713
tencent-hunyuan_hunyuandit-v1.2-diffusers,487326,-0.5023566484451294
tencent-hunyuan_hunyuandit-v1.2-diffusers,489837,-1.3787704706192017
tencent-hunyuan_hunyuandit-v1.2-diffusers,646833,0.575858473777771
tencent-hunyuan_hunyuandit-v1.2-diffusers,708860,-2.2682628631591797
tencent-hunyuan_hunyuandit-v1.2-diffusers,717208,-0.839302659034729
tencent-hunyuan_hunyuandit-v1.2-diffusers,717468,0.5143910050392151
tencent-hunyuan_hunyuandit-v1.2-diffusers,735254,-2.1301474571228027
tencent-hunyuan_hunyuandit-v1.2-diffusers,762478,-0.5569555163383484
tencent-hunyuan_hunyuandit-v1.2-diffusers,825443,1.1657419204711914
tencent-hunyuan_hunyuandit-v1.2-diffusers,831919,1.1649045944213867
tencent-hunyuan_hunyuandit-v1.2-diffusers,896677,0.2933959364891052
tencent-hunyuan_hunyuandit-v1.2-diffusers,936620,-0.01748882234096527
tencent-hunyuan_hunyuandit-v1.2-diffusers,974367,-0.8121822476387024
tencent-hunyuan_hunyuandit-v1.2-diffusers,993014,1.794926643371582
tencent-hunyuan_hunyuandit-v1.2-diffusers,995855,0.3802221417427063
tencent-hunyuan_hunyuandit-v1.2-diffusers,1113367,-0.8080812692642212
tencent-hunyuan_hunyuandit-v1.2-diffusers,1171644,0.3095957934856415
tencent-hunyuan_hunyuandit-v1.2-diffusers,1209135,-0.838888943195343
tencent-hunyuan_hunyuandit-v1.2-diffusers,1317294,0.8483129739761353
tencent-hunyuan_hunyuandit-v1.2-diffusers,1317533,-0.6301143169403076
tencent-hunyuan_hunyuandit-v1.2-diffusers,1321854,1.1122937202453613
tencent-hunyuan_hunyuandit-v1.2-diffusers,1377758,0.23918932676315308
tencent-hunyuan_hunyuandit-v1.2-diffusers,1474832,0.3073737323284149
tencent-hunyuan_hunyuandit-v1.2-diffusers,1516071,-0.9091487526893616
tencent-hunyuan_hunyuandit-v1.2-diffusers,1566705,-0.48338550329208374
tencent-hunyuan_hunyuandit-v1.2-diffusers,1640855,-0.38373371958732605
tencent-hunyuan_hunyuandit-v1.2-diffusers,1668603,-0.45363855361938477
tencent-hunyuan_hunyuandit-v1.2-diffusers,1678990,0.19339552521705627
tencent-hunyuan_hunyuandit-v1.2-diffusers,1699831,1.525151252746582
tencent-hunyuan_hunyuandit-v1.2-diffusers,1707698,0.28165850043296814
tencent-hunyuan_hunyuandit-v1.2-diffusers,1727942,-0.19235628843307495
tencent-hunyuan_hunyuandit-v1.2-diffusers,2045760,0.7898732423782349
tencent-hunyuan_hunyuandit-v1.2-diffusers,2075049,-1.2618293762207031
tencent-hunyuan_hunyuandit-v1.2-diffusers,2075764,-0.8899951577186584
tencent-hunyuan_hunyuandit-v1.2-diffusers,2241569,1.0191619396209717
tencent-hunyuan_hunyuandit-v1.2-diffusers,2720725,-0.09118439257144928
tencent-hunyuan_hunyuandit-v1.2-diffusers,2721160,-0.42068183422088623
tencent-hunyuan_hunyuandit-v1.2-diffusers,2730265,-0.16946828365325928
tencent-hunyuan_hunyuandit-v1.2-diffusers,2744395,-2.230710029602051
tencent-hunyuan_hunyuandit-v1.2-diffusers,2770078,1.177231788635254
tencent-hunyuan_hunyuandit-v1.2-diffusers,2793684,-2.2596824169158936
tencent-hunyuan_hunyuandit-v1.2-diffusers,2803666,1.0232535600662231
tencent-hunyuan_hunyuandit-v1.2-diffusers,2807731,0.6083921194076538
tencent-hunyuan_hunyuandit-v1.2-diffusers,2821943,0.45935285091400146
tencent-hunyuan_hunyuandit-v1.2-diffusers,2824319,-0.35113003849983215
tencent-hunyuan_hunyuandit-v1.2-diffusers,2825442,0.5711661577224731
tencent-hunyuan_hunyuandit-v1.2-diffusers,2852043,-0.2659952938556671
tencent-hunyuan_hunyuandit-v1.2-diffusers,2870293,0.4422125518321991
tencent-hunyuan_hunyuandit-v1.2-diffusers,2870880,0.7108874320983887
tencent-hunyuan_hunyuandit-v1.2-diffusers,2923535,-1.2243257761001587
tencent-hunyuan_hunyuandit-v1.2-diffusers,2933112,1.2584422826766968
tencent-hunyuan_hunyuandit-v1.2-diffusers,2963987,1.2302148342132568
tencent-hunyuan_hunyuandit-v1.2-diffusers,2991302,0.20366555452346802
tencent-hunyuan_hunyuandit-v1.2-diffusers,3024209,-0.8522821068763733
tencent-hunyuan_hunyuandit-v1.2-diffusers,3035832,-0.4153217077255249
tencent-hunyuan_hunyuandit-v1.2-diffusers,3049457,0.46055009961128235
tencent-hunyuan_hunyuandit-v1.2-diffusers,3107488,-0.415277898311615
tencent-hunyuan_hunyuandit-v1.2-diffusers,3131388,-0.3835545778274536
tencent-hunyuan_hunyuandit-v1.2-diffusers,3131669,-0.7619998455047607
tencent-hunyuan_hunyuandit-v1.2-diffusers,3152830,-1.2462884187698364
tencent-hunyuan_hunyuandit-v1.2-diffusers,3249569,0.11581891030073166
tencent-hunyuan_hunyuandit-v1.2-diffusers,3262349,0.6657100319862366
tencent-hunyuan_hunyuandit-v1.2-diffusers,3288500,0.2979392111301422
tencent-hunyuan_hunyuandit-v1.2-diffusers,3298716,1.581208348274231
tencent-hunyuan_hunyuandit-v1.2-diffusers,3308246,0.46631282567977905
tencent-hunyuan_hunyuandit-v1.2-diffusers,3309110,0.09080411493778229
tencent-hunyuan_hunyuandit-v1.2-diffusers,3347220,0.25861310958862305
tencent-hunyuan_hunyuandit-v1.2-diffusers,3353281,0.39270156621932983
tencent-hunyuan_hunyuandit-v1.2-diffusers,3366112,-0.6889145970344543
tencent-hunyuan_hunyuandit-v1.2-diffusers,3411927,0.6052308082580566
tencent-hunyuan_hunyuandit-v1.2-diffusers,3456665,0.5164014101028442
tencent-hunyuan_hunyuandit-v1.2-diffusers,3563208,-2.2351739406585693
tencent-hunyuan_hunyuandit-v1.2-diffusers,3580281,-0.5252757668495178
tencent-hunyuan_hunyuandit-v1.2-diffusers,3603442,0.29777228832244873
tencent-hunyuan_hunyuandit-v1.2-diffusers,3607029,1.906002402305603
tencent-hunyuan_hunyuandit-v1.2-diffusers,3628071,-0.7088624835014343
tencent-hunyuan_hunyuandit-v1.2-diffusers,3630383,1.515470027923584
tencent-hunyuan_hunyuandit-v1.2-diffusers,3676483,-0.3719656765460968
tencent-hunyuan_hunyuandit-v1.2-diffusers,3679712,0.5155594348907471
tencent-hunyuan_hunyuandit-v1.2-diffusers,3685307,0.027008386328816414
tencent-hunyuan_hunyuandit-v1.2-diffusers,3703463,-2.1245596408843994
tencent-hunyuan_hunyuandit-v1.2-diffusers,3714235,1.3048319816589355
tencent-hunyuan_hunyuandit-v1.2-diffusers,3728318,-0.8648737668991089
tencent-hunyuan_hunyuandit-v1.2-diffusers,3748162,0.1079467386007309
tencent-hunyuan_hunyuandit-v1.2-diffusers,3764276,1.5396069288253784
tencent-hunyuan_hunyuandit-v1.2-diffusers,3818090,0.14738693833351135
tencent-hunyuan_hunyuandit-v1.2-diffusers,3842156,0.8539140820503235
tencent-hunyuan_hunyuandit-v1.2-diffusers,3880032,-1.3996707201004028
tencent-hunyuan_hunyuandit-v1.2-diffusers,3889343,-0.4317910373210907
tencent-hunyuan_hunyuandit-v1.2-diffusers,3907654,-0.16403888165950775
tencent-hunyuan_hunyuandit-v1.2-diffusers,3940713,-0.9738487005233765
tencent-hunyuan_hunyuandit-v1.2-diffusers,3975232,-0.7948477864265442
tencent-hunyuan_hunyuandit-v1.2-diffusers,3982060,0.1436871588230133
tencent-hunyuan_hunyuandit-v1.2-diffusers,3990474,1.4065152406692505
tencent-hunyuan_hunyuandit-v1.2-diffusers,4010305,-1.1326435804367065
tencent-hunyuan_hunyuandit-v1.2-diffusers,4025130,0.4184180796146393
tencent-hunyuan_hunyuandit-v1.2-diffusers,4062807,1.3512775897979736
tencent-hunyuan_hunyuandit-v1.2-diffusers,4123448,0.28245070576667786
tencent-hunyuan_hunyuandit-v1.2-diffusers,4125853,0.7615578174591064
tencent-hunyuan_hunyuandit-v1.2-diffusers,4140340,1.2789080142974854
tencent-hunyuan_hunyuandit-v1.2-diffusers,4145056,-0.355640709400177
tencent-hunyuan_hunyuandit-v1.2-diffusers,4192521,-2.262977123260498
tencent-hunyuan_hunyuandit-v1.2-diffusers,4259202,-2.217252254486084
tencent-hunyuan_hunyuandit-v1.2-diffusers,4285773,-0.5453602075576782
tencent-hunyuan_hunyuandit-v1.2-diffusers,4345028,1.449669599533081
tencent-hunyuan_hunyuandit-v1.2-diffusers,4387201,1.137750506401062
tencent-hunyuan_hunyuandit-v1.2-diffusers,4416901,-1.0418981313705444
tencent-hunyuan_hunyuandit-v1.2-diffusers,4455579,-1.1250532865524292
tencent-hunyuan_hunyuandit-v1.2-diffusers,4497570,-0.7153139114379883
tencent-hunyuan_hunyuandit-v1.2-diffusers,4534520,-1.077212929725647
tencent-hunyuan_hunyuandit-v1.2-diffusers,4539203,1.0846139192581177
tencent-hunyuan_hunyuandit-v1.2-diffusers,4552551,0.47764885425567627
tencent-hunyuan_hunyuandit-v1.2-diffusers,4596797,-2.1830008029937744
tencent-hunyuan_hunyuandit-v1.2-diffusers,4832208,-1.4429861307144165
tencent-hunyuan_hunyuandit-v1.2-diffusers,4930139,0.8490615487098694
tencent-hunyuan_hunyuandit-v1.2-diffusers,5008085,-0.8686788082122803
tencent-hunyuan_hunyuandit-v1.2-diffusers,5219923,-2.0656442642211914
tencent-hunyuan_hunyuandit-v1.2-diffusers,5316083,-0.1071014255285263
tencent-hunyuan_hunyuandit-v1.2-diffusers,5350912,-1.306666612625122
tencent-hunyuan_hunyuandit-v1.2-diffusers,5374860,1.3886141777038574
tencent-hunyuan_hunyuandit-v1.2-diffusers,5410315,-0.7452506422996521
tencent-hunyuan_hunyuandit-v1.2-diffusers,5522784,-0.38057971000671387
tencent-hunyuan_hunyuandit-v1.2-diffusers,5728577,-0.12171570211648941
tencent-hunyuan_hunyuandit-v1.2-diffusers,5752544,0.25316643714904785
tencent-hunyuan_hunyuandit-v1.2-diffusers,5794797,1.2519519329071045
tencent-hunyuan_hunyuandit-v1.2-diffusers,5895919,1.3933078050613403
tencent-hunyuan_hunyuandit-v1.2-diffusers,5958517,-0.22902005910873413
tencent-hunyuan_hunyuandit-v1.2-diffusers,6189776,-0.1028694361448288
tencent-hunyuan_hunyuandit-v1.2-diffusers,6528587,-1.3375401496887207
tencent-hunyuan_hunyuandit-v1.2-diffusers,6584891,-0.6953864693641663
tencent-hunyuan_hunyuandit-v1.2-diffusers,6586355,-0.8197661638259888
tencent-hunyuan_hunyuandit-v1.2-diffusers,6607809,0.26289063692092896
tencent-hunyuan_hunyuandit-v1.2-diffusers,6615026,-0.7679944634437561
tencent-hunyuan_hunyuandit-v1.2-diffusers,6615458,-1.372867465019226
tencent-hunyuan_hunyuandit-v1.2-diffusers,6615818,0.5112817287445068
tencent-hunyuan_hunyuandit-v1.2-diffusers,6616314,-0.2693856358528137
tencent-hunyuan_hunyuandit-v1.2-diffusers,6617011,0.7364016771316528
tencent-hunyuan_hunyuandit-v1.2-diffusers,6617413,0.02708624303340912
tencent-hunyuan_hunyuandit-v1.2-diffusers,6729499,-0.571573793888092
tencent-hunyuan_hunyuandit-v1.2-diffusers,6880664,0.2705202102661133
tencent-hunyuan_hunyuandit-v1.2-diffusers,6883725,1.4678603410720825
tencent-hunyuan_hunyuandit-v1.2-diffusers,6946774,-2.2206904888153076
tencent-hunyuan_hunyuandit-v1.2-diffusers,7025268,0.9395228624343872
tencent-hunyuan_hunyuandit-v1.2-diffusers,7109847,-0.6079704761505127
tencent-hunyuan_hunyuandit-v1.2-diffusers,7116261,1.0487630367279053
tencent-hunyuan_hunyuandit-v1.2-diffusers,7150023,-0.06012195721268654
tencent-hunyuan_hunyuandit-v1.2-diffusers,7163803,-0.5313101410865784
tencent-hunyuan_hunyuandit-v1.2-diffusers,7507098,-0.3698655366897583
tencent-hunyuan_hunyuandit-v1.2-diffusers,7596684,-0.4301398992538452
tencent-hunyuan_hunyuandit-v1.2-diffusers,7597365,-0.012204987928271294
tencent-hunyuan_hunyuandit-v1.2-diffusers,7601809,-0.25207898020744324
tencent-hunyuan_hunyuandit-v1.2-diffusers,7605282,-1.7192765474319458
tencent-hunyuan_hunyuandit-v1.2-diffusers,7606419,-2.202510356903076
tencent-hunyuan_hunyuandit-v1.2-diffusers,7607707,0.5868618488311768
tencent-hunyuan_hunyuandit-v1.2-diffusers,7608721,0.058052320033311844
tencent-hunyuan_hunyuandit-v1.2-diffusers,7625977,0.9694899320602417
tencent-hunyuan_hunyuandit-v1.2-diffusers,7626721,0.7510603070259094
tencent-hunyuan_hunyuandit-v1.2-diffusers,7626833,1.2473381757736206
tencent-hunyuan_hunyuandit-v1.2-diffusers,7627310,-0.7661241292953491
tencent-hunyuan_hunyuandit-v1.2-diffusers,7651454,-0.41806718707084656
tencent-hunyuan_hunyuandit-v1.2-diffusers,7654438,1.0834264755249023
tencent-hunyuan_hunyuandit-v1.2-diffusers,7664468,-0.10786373913288116
tencent-hunyuan_hunyuandit-v1.2-diffusers,7698915,-2.1368823051452637
tencent-hunyuan_hunyuandit-v1.2-diffusers,7700167,-0.0387413389980793
tencent-hunyuan_hunyuandit-v1.2-diffusers,7700868,0.404912531375885
tencent-hunyuan_hunyuandit-v1.2-diffusers,7701244,-0.8102989196777344
tencent-hunyuan_hunyuandit-v1.2-diffusers,7702193,0.08436829596757889
tencent-hunyuan_hunyuandit-v1.2-diffusers,7710616,0.6531367301940918
tencent-hunyuan_hunyuandit-v1.2-diffusers,7834065,0.16782845556735992
tencent-hunyuan_hunyuandit-v1.2-diffusers,7854266,-0.603233277797699
tencent-hunyuan_hunyuandit-v1.2-diffusers,7854455,0.5029589533805847
tencent-hunyuan_hunyuandit-v1.2-diffusers,7871940,1.6435104608535767
tencent-hunyuan_hunyuandit-v1.2-diffusers,7891189,1.4016567468643188
tencent-hunyuan_hunyuandit-v1.2-diffusers,7897116,-0.20470097661018372
tencent-hunyuan_hunyuandit-v1.2-diffusers,7914271,0.7458215951919556
tencent-hunyuan_hunyuandit-v1.2-diffusers,7922764,0.024277914315462112
tencent-hunyuan_hunyuandit-v1.2-diffusers,7929519,0.6333609819412231
tencent-hunyuan_hunyuandit-v1.2-diffusers,7933274,0.9785224199295044
tencent-hunyuan_hunyuandit-v1.2-diffusers,7933530,1.168829321861267
tencent-hunyuan_hunyuandit-v1.2-diffusers,8089797,1.2809423208236694
tencent-hunyuan_hunyuandit-v1.2-diffusers,8095160,0.023224620148539543
tencent-hunyuan_hunyuandit-v1.2-diffusers,8124208,-2.043954372406006
tencent-hunyuan_hunyuandit-v1.2-diffusers,8339939,0.21674257516860962
tencent-hunyuan_hunyuandit-v1.2-diffusers,8876291,-0.10178004205226898
tencent-hunyuan_hunyuandit-v1.2-diffusers,9020389,1.7201865911483765
tencent-hunyuan_hunyuandit-v1.2-diffusers,9044146,-0.48983028531074524
tencent-hunyuan_hunyuandit-v1.2-diffusers,9057052,-2.2709975242614746
tencent-hunyuan_hunyuandit-v1.2-diffusers,9427682,0.9958688616752625
tencent-hunyuan_hunyuandit-v1.2-diffusers,9580065,1.5359832048416138
tencent-hunyuan_hunyuandit-v1.2-diffusers,9719434,0.8299885392189026
tencent-hunyuan_hunyuandit-v1.2-diffusers,9793248,1.3176223039627075
tencent-hunyuan_hunyuandit-v1.2-diffusers,9794211,0.5313256978988647
tencent-hunyuan_hunyuandit-v1.2-diffusers,9862621,0.35173195600509644
tencent-hunyuan_hunyuandit-v1.2-diffusers,9875188,-1.41162109375
tencent-hunyuan_hunyuandit-v1.2-diffusers,9984659,-0.6139814257621765
tencent-hunyuan_hunyuandit-v1.2-diffusers,10012874,-0.9516252279281616
tencent-hunyuan_hunyuandit-v1.2-diffusers,10024569,-0.5012152194976807
tencent-hunyuan_hunyuandit-v1.2-diffusers,10080493,-1.6855131387710571
tencent-hunyuan_hunyuandit-v1.2-diffusers,10106452,-1.4337437152862549
tencent-hunyuan_hunyuandit-v1.2-diffusers,10198409,-0.6597322821617126
tencent-hunyuan_hunyuandit-v1.2-diffusers,10333317,0.039427634328603745
tencent-hunyuan_hunyuandit-v1.2-diffusers,10408552,1.6287569999694824
tencent-hunyuan_hunyuandit-v1.2-diffusers,10444677,-0.9157863259315491
tencent-hunyuan_hunyuandit-v1.2-diffusers,10453357,1.0880029201507568
tencent-hunyuan_hunyuandit-v1.2-diffusers,10548623,-0.1140967383980751
tencent-hunyuan_hunyuandit-v1.2-diffusers,10572128,-1.6393543481826782
tencent-hunyuan_hunyuandit-v1.2-diffusers,10794014,0.09236451983451843
tencent-hunyuan_hunyuandit-v1.2-diffusers,10939743,1.2088422775268555
tencent-hunyuan_hunyuandit-v1.2-diffusers,11039909,1.3610061407089233
tencent-hunyuan_hunyuandit-v1.2-diffusers,11334088,0.4145655333995819
tencent-hunyuan_hunyuandit-v1.2-diffusers,11417672,0.4633587896823883
tencent-hunyuan_hunyuandit-v1.2-diffusers,11437577,0.3620777130126953
tencent-hunyuan_hunyuandit-v1.2-diffusers,11460338,-0.4946909546852112
tencent-hunyuan_hunyuandit-v1.2-diffusers,12345739,-0.7276904582977295
tencent-hunyuan_hunyuandit-v1.2-diffusers,12402348,-0.60699063539505
tencent-hunyuan_hunyuandit-v1.2-diffusers,13221529,-0.10662046819925308
tencent-hunyuan_hunyuandit-v1.2-diffusers,13290566,0.8711521029472351
tencent-hunyuan_hunyuandit-v1.2-diffusers,13389475,-1.0535521507263184
tencent-hunyuan_hunyuandit-v1.2-diffusers,13390139,-0.21110257506370544
tencent-hunyuan_hunyuandit-v1.2-diffusers,13390405,-0.3129117786884308
tencent-hunyuan_hunyuandit-v1.2-diffusers,13392786,0.08564513921737671
tencent-hunyuan_hunyuandit-v1.2-diffusers,13649361,-2.0564632415771484
tencent-hunyuan_hunyuandit-v1.2-diffusers,13716878,1.1605877876281738
tencent-hunyuan_hunyuandit-v1.2-diffusers,13884740,-0.5561882257461548
tencent-hunyuan_hunyuandit-v1.2-diffusers,13915305,0.9329297542572021
tencent-hunyuan_hunyuandit-v1.2-diffusers,13931145,-0.2721037268638611
tencent-hunyuan_hunyuandit-v1.2-diffusers,13984082,-0.014096568338572979
tencent-hunyuan_hunyuandit-v1.2-diffusers,14140678,-1.7278625965118408
tencent-hunyuan_hunyuandit-v1.2-diffusers,14195315,-1.2988911867141724
tencent-hunyuan_hunyuandit-v1.2-diffusers,14294568,-0.9208572506904602
tencent-hunyuan_hunyuandit-v1.2-diffusers,14320813,-0.2880468964576721
tencent-hunyuan_hunyuandit-v1.2-diffusers,14360436,1.458290457725525
tencent-hunyuan_hunyuandit-v1.2-diffusers,14488317,-0.5487369894981384
tencent-hunyuan_hunyuandit-v1.2-diffusers,14533937,-1.0584954023361206
tencent-hunyuan_hunyuandit-v1.2-diffusers,14550987,0.7068551182746887
tencent-hunyuan_hunyuandit-v1.2-diffusers,14579933,-1.7526098489761353
tencent-hunyuan_hunyuandit-v1.2-diffusers,14606290,0.01242766808718443
tencent-hunyuan_hunyuandit-v1.2-diffusers,14620257,-0.36489543318748474
tencent-hunyuan_hunyuandit-v1.2-diffusers,14632648,-0.8635856509208679
tencent-hunyuan_hunyuandit-v1.2-diffusers,14647235,-1.6212787628173828
tencent-hunyuan_hunyuandit-v1.2-diffusers,14654954,-0.9439302086830139
tencent-hunyuan_hunyuandit-v1.2-diffusers,14686352,-0.541232705116272
tencent-hunyuan_hunyuandit-v1.2-diffusers,14702875,-1.1657098531723022
tencent-hunyuan_hunyuandit-v1.2-diffusers,14703190,1.5206226110458374
tencent-hunyuan_hunyuandit-v1.2-diffusers,14807929,-0.44141682982444763
tencent-hunyuan_hunyuandit-v1.2-diffusers,14809057,0.06092267110943794
tencent-hunyuan_hunyuandit-v1.2-diffusers,14867690,-1.145017385482788
tencent-hunyuan_hunyuandit-v1.2-diffusers,14872875,-0.528276264667511
tencent-hunyuan_hunyuandit-v1.2-diffusers,14880557,-0.458801805973053
tencent-hunyuan_hunyuandit-v1.2-diffusers,14894140,-1.5996029376983643
tencent-hunyuan_hunyuandit-v1.2-diffusers,15180934,0.6650686860084534
tencent-hunyuan_hunyuandit-v1.2-diffusers,15970145,-2.247084617614746
tencent-hunyuan_hunyuandit-v1.2-diffusers,17002912,-1.3147648572921753
tencent-hunyuan_hunyuandit-v1.2-diffusers,17012379,-1.7046886682510376
tencent-hunyuan_hunyuandit-v1.2-diffusers,17282800,0.4106980264186859
tencent-hunyuan_hunyuandit-v1.2-diffusers,17925539,-2.116842746734619
tencent-hunyuan_hunyuandit-v1.2-diffusers,18367104,0.1336035579442978
tencent-hunyuan_hunyuandit-v1.2-diffusers,18758723,-0.43124768137931824
tencent-hunyuan_hunyuandit-v1.2-diffusers,19143128,0.6880430579185486
tencent-hunyuan_hunyuandit-v1.2-diffusers,19671124,-1.2702748775482178
tencent-hunyuan_hunyuandit-v1.2-diffusers,19855707,-2.27512788772583
tencent-hunyuan_hunyuandit-v1.2-diffusers,19893872,-0.284565269947052
tencent-hunyuan_hunyuandit-v1.2-diffusers,20017667,-1.9089529514312744
tencent-hunyuan_hunyuandit-v1.2-diffusers,20128079,-2.2567861080169678
tencent-hunyuan_hunyuandit-v1.2-diffusers,20471134,0.2814300060272217
tencent-hunyuan_hunyuandit-v1.2-diffusers,20495093,-2.1689374446868896
tencent-hunyuan_hunyuandit-v1.2-diffusers,20782430,-0.8393773436546326
tencent-hunyuan_hunyuandit-v1.2-diffusers,21377549,-0.19226545095443726
tencent-hunyuan_hunyuandit-v1.2-diffusers,21564446,-1.8463091850280762
tencent-hunyuan_hunyuandit-v1.2-diffusers,21620388,-0.7061723470687866
tencent-hunyuan_hunyuandit-v1.2-diffusers,22149540,-2.2177860736846924
tencent-hunyuan_hunyuandit-v1.2-diffusers,22738759,-2.232316493988037
tencent-hunyuan_hunyuandit-v1.2-diffusers,22767176,-1.311202049255371
tencent-hunyuan_hunyuandit-v1.2-diffusers,23129661,-2.2705729007720947
tencent-hunyuan_hunyuandit-v1.2-diffusers,23185551,0.2940807044506073
tencent-hunyuan_hunyuandit-v1.2-diffusers,23232427,0.10874435305595398
tencent-hunyuan_hunyuandit-v1.2-diffusers,23257851,-0.4759886562824249
tencent-hunyuan_hunyuandit-v1.2-diffusers,23620789,-0.626708984375
tencent-hunyuan_hunyuandit-v1.2-diffusers,24808131,0.6653186678886414
tencent-hunyuan_hunyuandit-v1.2-diffusers,24843217,-2.147911548614502
tencent-hunyuan_hunyuandit-v1.2-diffusers,24933378,-0.6554831266403198
tencent-hunyuan_hunyuandit-v1.2-diffusers,24942232,-1.027951717376709
tencent-hunyuan_hunyuandit-v1.2-diffusers,25290589,-0.3908763527870178
tencent-hunyuan_hunyuandit-v1.2-diffusers,25579216,0.14287835359573364
tencent-hunyuan_hunyuandit-v1.2-diffusers,25685207,-2.2540879249572754
tencent-hunyuan_hunyuandit-v1.2-diffusers,25776594,0.5231989026069641
tencent-hunyuan_hunyuandit-v1.2-diffusers,26078214,-1.7335314750671387
tencent-hunyuan_hunyuandit-v1.2-diffusers,26746434,0.0464312843978405
tencent-hunyuan_hunyuandit-v1.2-diffusers,26998039,0.02825569361448288
tencent-hunyuan_hunyuandit-v1.2-diffusers,27106238,-0.7430117726325989
tencent-hunyuan_hunyuandit-v1.2-diffusers,27246777,-2.086824417114258
tencent-hunyuan_hunyuandit-v1.2-diffusers,27768637,-1.9898982048034668
tencent-hunyuan_hunyuandit-v1.2-diffusers,27871992,-1.396713376045227
tencent-hunyuan_hunyuandit-v1.2-diffusers,28190972,-1.4395363330841064
tencent-hunyuan_hunyuandit-v1.2-diffusers,29094321,-0.37818270921707153
tencent-hunyuan_hunyuandit-v1.2-diffusers,29148617,0.45565149188041687
tencent-hunyuan_hunyuandit-v1.2-diffusers,29161294,-0.2145983725786209
tencent-hunyuan_hunyuandit-v1.2-diffusers,29632917,-0.05280664935708046
tencent-hunyuan_hunyuandit-v1.2-diffusers,29703209,-1.0625388622283936
tencent-hunyuan_hunyuandit-v1.2-diffusers,29779486,-0.18707765638828278
tencent-hunyuan_hunyuandit-v1.2-diffusers,30028757,-0.8910869359970093
tencent-hunyuan_hunyuandit-v1.2-diffusers,30225071,0.13573433458805084
tencent-hunyuan_hunyuandit-v1.2-diffusers,30373565,-0.40460148453712463
tencent-hunyuan_hunyuandit-v1.2-diffusers,30484086,-0.9396888613700867
tencent-hunyuan_hunyuandit-v1.2-diffusers,30883080,0.36083677411079407
tencent-hunyuan_hunyuandit-v1.2-diffusers,31114750,-2.2731263637542725
tencent-hunyuan_hunyuandit-v1.2-diffusers,31196176,0.2109978049993515
tencent-hunyuan_hunyuandit-v1.2-diffusers,31391857,-1.188020944595337
tencent-hunyuan_hunyuandit-v1.2-diffusers,31595142,0.6262068152427673
tencent-hunyuan_hunyuandit-v1.2-diffusers,32152786,-2.249288320541382
tencent-hunyuan_hunyuandit-v1.2-diffusers,32327818,-0.7132812738418579
tencent-hunyuan_hunyuandit-v1.2-diffusers,32379732,1.4559673070907593
tencent-hunyuan_hunyuandit-v1.2-diffusers,32473966,-0.6063482761383057
tencent-hunyuan_hunyuandit-v1.2-diffusers,32902730,0.8627088665962219
tencent-hunyuan_hunyuandit-v1.2-diffusers,32932491,-2.0384607315063477
tencent-hunyuan_hunyuandit-v1.2-diffusers,33006578,0.18926376104354858
tencent-hunyuan_hunyuandit-v1.2-diffusers,33478721,-0.25293979048728943
tencent-hunyuan_hunyuandit-v1.2-diffusers,34475997,0.0688924640417099
tencent-hunyuan_hunyuandit-v1.2-diffusers,34578737,-2.219879150390625
tencent-hunyuan_hunyuandit-v1.2-diffusers,34773230,-0.5917715430259705
tencent-hunyuan_hunyuandit-v1.2-diffusers,36507085,1.2403713464736938
tencent-hunyuan_hunyuandit-v1.2-diffusers,36678439,-0.40647515654563904
tencent-hunyuan_hunyuandit-v1.2-diffusers,37287360,0.05453002452850342
tencent-hunyuan_hunyuandit-v1.2-diffusers,37319253,1.18861985206604
tencent-hunyuan_hunyuandit-v1.2-diffusers,37547870,0.41904300451278687
tencent-hunyuan_hunyuandit-v1.2-diffusers,37736408,0.6653246283531189
tencent-hunyuan_hunyuandit-v1.2-diffusers,38014258,0.24081645905971527
tencent-hunyuan_hunyuandit-v1.2-diffusers,38297191,0.4583863317966461
tencent-hunyuan_hunyuandit-v1.2-diffusers,38402744,1.882482647895813
tencent-hunyuan_hunyuandit-v1.2-diffusers,38954086,-0.37827226519584656
tencent-hunyuan_hunyuandit-v1.2-diffusers,39139190,-2.2595906257629395
tencent-hunyuan_hunyuandit-v1.2-diffusers,39560404,0.06557226926088333
tencent-hunyuan_hunyuandit-v1.2-diffusers,39566065,1.6815779209136963
tencent-hunyuan_hunyuandit-v1.2-diffusers,39595218,1.9222155809402466
tencent-hunyuan_hunyuandit-v1.2-diffusers,40825299,1.2947558164596558
tencent-hunyuan_hunyuandit-v1.2-diffusers,40945115,-1.5548734664916992
tencent-hunyuan_hunyuandit-v1.2-diffusers,40995095,-0.6262564063072205
tencent-hunyuan_hunyuandit-v1.2-diffusers,41015844,1.03067946434021
tencent-hunyuan_hunyuandit-v1.2-diffusers,41031648,0.7244156002998352
tencent-hunyuan_hunyuandit-v1.2-diffusers,41161074,-0.11388903856277466
tencent-hunyuan_hunyuandit-v1.2-diffusers,41458919,1.7791438102722168
tencent-hunyuan_hunyuandit-v1.2-diffusers,41565779,0.8497365117073059
tencent-hunyuan_hunyuandit-v1.2-diffusers,41766391,1.1612706184387207
tencent-hunyuan_hunyuandit-v1.2-diffusers,41982710,0.04340808093547821
tencent-hunyuan_hunyuandit-v1.2-diffusers,42048260,-2.1839327812194824
tencent-hunyuan_hunyuandit-v1.2-diffusers,42849420,-2.277616024017334
tencent-hunyuan_hunyuandit-v1.2-diffusers,42931583,-0.6696695685386658
tencent-hunyuan_hunyuandit-v1.2-diffusers,43060946,-0.8280565142631531
tencent-hunyuan_hunyuandit-v1.2-diffusers,43153800,-0.263363778591156
tencent-hunyuan_hunyuandit-v1.2-diffusers,43161384,0.3681561052799225
tencent-hunyuan_hunyuandit-v1.2-diffusers,43301379,-0.2173885703086853
tencent-hunyuan_hunyuandit-v1.2-diffusers,43304323,-0.6258419752120972
tencent-hunyuan_hunyuandit-v1.2-diffusers,43367797,-1.626423954963684
tencent-hunyuan_hunyuandit-v1.2-diffusers,43431032,1.0058470964431763
tencent-hunyuan_hunyuandit-v1.2-diffusers,43631801,-0.32453712821006775
tencent-hunyuan_hunyuandit-v1.2-diffusers,43735560,-0.7861994504928589
tencent-hunyuan_hunyuandit-v1.2-diffusers,43858443,0.4927326440811157
tencent-hunyuan_hunyuandit-v1.2-diffusers,43918624,-1.1332165002822876
tencent-hunyuan_hunyuandit-v1.2-diffusers,44280552,-1.518601655960083
tencent-hunyuan_hunyuandit-v1.2-diffusers,44295589,-0.22162264585494995
tencent-hunyuan_hunyuandit-v1.2-diffusers,44621915,-0.4080449342727661
tencent-hunyuan_hunyuandit-v1.2-diffusers,44645737,0.9419347643852234
tencent-hunyuan_hunyuandit-v1.2-diffusers,44838123,-1.256820797920227
tencent-hunyuan_hunyuandit-v1.2-diffusers,45258070,-0.21199503540992737
tencent-hunyuan_hunyuandit-v1.2-diffusers,45297641,0.23862047493457794
tencent-hunyuan_hunyuandit-v1.2-diffusers,45418454,-0.25825372338294983
tencent-hunyuan_hunyuandit-v1.2-diffusers,45564900,-2.257080554962158
tencent-hunyuan_hunyuandit-v1.2-diffusers,46150029,-0.8978903889656067
tencent-hunyuan_hunyuandit-v1.2-diffusers,46394736,-1.430824637413025
tencent-hunyuan_hunyuandit-v1.2-diffusers,46673664,0.08969132602214813
tencent-hunyuan_hunyuandit-v1.2-diffusers,46994920,-2.115060806274414
tencent-hunyuan_hunyuandit-v1.2-diffusers,47009060,-2.168267250061035
tencent-hunyuan_hunyuandit-v1.2-diffusers,47552953,0.9250286221504211
tencent-hunyuan_hunyuandit-v1.2-diffusers,47595220,0.16022077202796936
tencent-hunyuan_hunyuandit-v1.2-diffusers,47819321,0.9046943783760071
tencent-hunyuan_hunyuandit-v1.2-diffusers,48223384,0.4642716944217682
tencent-hunyuan_hunyuandit-v1.2-diffusers,48351897,-0.06558804214000702
tencent-hunyuan_hunyuandit-v1.2-diffusers,48754831,-0.3689447045326233
tencent-hunyuan_hunyuandit-v1.2-diffusers,49054805,1.1663553714752197
tencent-hunyuan_hunyuandit-v1.2-diffusers,49089576,-1.0427939891815186
tencent-hunyuan_hunyuandit-v1.2-diffusers,49300740,0.1314171701669693
tencent-hunyuan_hunyuandit-v1.2-diffusers,49358811,0.22113655507564545
tencent-hunyuan_hunyuandit-v1.2-diffusers,49462954,-0.951332688331604
tencent-hunyuan_hunyuandit-v1.2-diffusers,50262859,1.1984323263168335
tencent-hunyuan_hunyuandit-v1.2-diffusers,50871471,0.12206395715475082
tencent-hunyuan_hunyuandit-v1.2-diffusers,50952217,0.831081748008728
tencent-hunyuan_hunyuandit-v1.2-diffusers,51060824,-0.21313081681728363
tencent-hunyuan_hunyuandit-v1.2-diffusers,51314050,0.3727119565010071
tencent-hunyuan_hunyuandit-v1.2-diffusers,51946990,-0.5376982688903809
tencent-hunyuan_hunyuandit-v1.2-diffusers,52325745,-2.0781779289245605
tencent-hunyuan_hunyuandit-v1.2-diffusers,52474100,1.438354253768921
tencent-hunyuan_hunyuandit-v1.2-diffusers,52516409,0.2023058831691742
tencent-hunyuan_hunyuandit-v1.2-diffusers,52711595,-1.2294951677322388
tencent-hunyuan_hunyuandit-v1.2-diffusers,53022028,-2.2165732383728027
tencent-hunyuan_hunyuandit-v1.2-diffusers,53205877,-2.1883208751678467
tencent-hunyuan_hunyuandit-v1.2-diffusers,53288018,-2.253052234649658
tencent-hunyuan_hunyuandit-v1.2-diffusers,53443611,1.1161441802978516
tencent-hunyuan_hunyuandit-v1.2-diffusers,53815934,-1.0339746475219727
tencent-hunyuan_hunyuandit-v1.2-diffusers,54495173,1.1213202476501465
tencent-hunyuan_hunyuandit-v1.2-diffusers,54931507,-1.3841769695281982
tencent-hunyuan_hunyuandit-v1.2-diffusers,55191509,-0.09030964225530624
tencent-hunyuan_hunyuandit-v1.2-diffusers,55255145,-0.2388138473033905
tencent-hunyuan_hunyuandit-v1.2-diffusers,55457672,-2.234769582748413
tencent-hunyuan_hunyuandit-v1.2-diffusers,55588327,-0.5332515835762024
tencent-hunyuan_hunyuandit-v1.2-diffusers,55653646,0.16700130701065063
tencent-hunyuan_hunyuandit-v1.2-diffusers,55658809,-1.7931101322174072
tencent-hunyuan_hunyuandit-v1.2-diffusers,55812974,-0.789974570274353
tencent-hunyuan_hunyuandit-v1.2-diffusers,55819553,-0.2224106639623642
tencent-hunyuan_hunyuandit-v1.2-diffusers,55826966,-0.26457980275154114
tencent-hunyuan_hunyuandit-v1.2-diffusers,55983905,0.32159748673439026
tencent-hunyuan_hunyuandit-v1.2-diffusers,56074056,0.19799937307834625
tencent-hunyuan_hunyuandit-v1.2-diffusers,56112588,-0.2986960709095001
tencent-hunyuan_hunyuandit-v1.2-diffusers,56121520,0.1575944423675537
tencent-hunyuan_hunyuandit-v1.2-diffusers,56250900,-2.060298442840576
tencent-hunyuan_hunyuandit-v1.2-diffusers,56458800,1.0076477527618408
tencent-hunyuan_hunyuandit-v1.2-diffusers,56792430,0.5482329726219177
tencent-hunyuan_hunyuandit-v1.2-diffusers,56982260,-1.288415551185608
tencent-hunyuan_hunyuandit-v1.2-diffusers,57673976,-1.8653911352157593
tencent-hunyuan_hunyuandit-v1.2-diffusers,57716963,-0.27552253007888794
tencent-hunyuan_hunyuandit-v1.2-diffusers,57729980,-1.7252670526504517
tencent-hunyuan_hunyuandit-v1.2-diffusers,57785005,-0.0078728711232543
tencent-hunyuan_hunyuandit-v1.2-diffusers,57873614,-0.39871352910995483
tencent-hunyuan_hunyuandit-v1.2-diffusers,58727024,-1.3941959142684937
tencent-hunyuan_hunyuandit-v1.2-diffusers,58761464,-0.46466323733329773
tencent-hunyuan_hunyuandit-v1.2-diffusers,59399259,-0.32521775364875793
tencent-hunyuan_hunyuandit-v1.2-diffusers,59976859,0.9492794871330261
tencent-hunyuan_hunyuandit-v1.2-diffusers,60083345,-0.19979563355445862
tencent-hunyuan_hunyuandit-v1.2-diffusers,60214770,-0.32087022066116333
tencent-hunyuan_hunyuandit-v1.2-diffusers,60215376,-1.5571832656860352
tencent-hunyuan_hunyuandit-v1.2-diffusers,60375309,-0.3047533333301544
tencent-hunyuan_hunyuandit-v1.2-diffusers,60606896,-1.0821808576583862
tencent-hunyuan_hunyuandit-v1.2-diffusers,60668084,-0.2596464157104492
tencent-hunyuan_hunyuandit-v1.2-diffusers,61035709,-2.202361583709717
tencent-hunyuan_hunyuandit-v1.2-diffusers,61388266,-0.6753824949264526
tencent-hunyuan_hunyuandit-v1.2-diffusers,61627313,0.2960231900215149
tencent-hunyuan_hunyuandit-v1.2-diffusers,61635816,-0.6077686548233032
tencent-hunyuan_hunyuandit-v1.2-diffusers,61853324,1.6728543043136597
tencent-hunyuan_hunyuandit-v1.2-diffusers,62408818,0.7256789207458496
tencent-hunyuan_hunyuandit-v1.2-diffusers,62841330,-0.8612515926361084
tencent-hunyuan_hunyuandit-v1.2-diffusers,63015570,0.9612057209014893
tencent-hunyuan_hunyuandit-v1.2-diffusers,63336441,0.2078435719013214
tencent-hunyuan_hunyuandit-v1.2-diffusers,63633117,-1.6711992025375366
tencent-hunyuan_hunyuandit-v1.2-diffusers,64576544,-2.085155963897705
tencent-hunyuan_hunyuandit-v1.2-diffusers,64687077,-0.727897584438324
tencent-hunyuan_hunyuandit-v1.2-diffusers,64693533,1.4868412017822266
tencent-hunyuan_hunyuandit-v1.2-diffusers,64856142,-0.349159300327301
tencent-hunyuan_hunyuandit-v1.2-diffusers,65411270,-1.0857964754104614
tencent-hunyuan_hunyuandit-v1.2-diffusers,65557844,0.053724270313978195
tencent-hunyuan_hunyuandit-v1.2-diffusers,65824677,0.47190621495246887
tencent-hunyuan_hunyuandit-v1.2-diffusers,65890875,-1.2977858781814575
tencent-hunyuan_hunyuandit-v1.2-diffusers,65960228,-0.8701940178871155
tencent-hunyuan_hunyuandit-v1.2-diffusers,66668538,0.48981955647468567
tencent-hunyuan_hunyuandit-v1.2-diffusers,67344811,-0.2640931308269501
tencent-hunyuan_hunyuandit-v1.2-diffusers,67949798,0.5099970102310181
tencent-hunyuan_hunyuandit-v1.2-diffusers,68246844,-1.861878514289856
tencent-hunyuan_hunyuandit-v1.2-diffusers,68280322,-2.23777174949646
tencent-hunyuan_hunyuandit-v1.2-diffusers,68321683,0.18170836567878723
tencent-hunyuan_hunyuandit-v1.2-diffusers,68380669,0.2605247497558594
tencent-hunyuan_hunyuandit-v1.2-diffusers,68575085,-0.40722575783729553
tencent-hunyuan_hunyuandit-v1.2-diffusers,70380966,-1.025291919708252
tencent-hunyuan_hunyuandit-v1.2-diffusers,70494671,-2.124539852142334
tencent-hunyuan_hunyuandit-v1.2-diffusers,71055464,-2.2365081310272217
tencent-hunyuan_hunyuandit-v1.2-diffusers,71591839,-2.262660503387451
tencent-hunyuan_hunyuandit-v1.2-diffusers,71828875,-0.5342128276824951
tencent-hunyuan_hunyuandit-v1.2-diffusers,71910823,0.7415995001792908
tencent-hunyuan_hunyuandit-v1.2-diffusers,71959499,1.3275787830352783
tencent-hunyuan_hunyuandit-v1.2-diffusers,72432241,1.0658468008041382
tencent-hunyuan_hunyuandit-v1.2-diffusers,72553814,-0.4464927315711975
tencent-hunyuan_hunyuandit-v1.2-diffusers,73051579,-0.10821343958377838
tencent-hunyuan_hunyuandit-v1.2-diffusers,73600586,0.00643315352499485
tencent-hunyuan_hunyuandit-v1.2-diffusers,73616417,0.10143841058015823
tencent-hunyuan_hunyuandit-v1.2-diffusers,73681289,0.6436782479286194
tencent-hunyuan_hunyuandit-v1.2-diffusers,73962724,0.30555814504623413
tencent-hunyuan_hunyuandit-v1.2-diffusers,74175857,0.06960976123809814
tencent-hunyuan_hunyuandit-v1.2-diffusers,75051801,-2.239311456680298
tencent-hunyuan_hunyuandit-v1.2-diffusers,75787772,-1.3653382062911987
tencent-hunyuan_hunyuandit-v1.2-diffusers,75944980,-2.1585378646850586
tencent-hunyuan_hunyuandit-v1.2-diffusers,75964288,-2.091688632965088
tencent-hunyuan_hunyuandit-v1.2-diffusers,76066166,-0.1637185961008072
tencent-hunyuan_hunyuandit-v1.2-diffusers,76100398,-1.619653344154358
tencent-hunyuan_hunyuandit-v1.2-diffusers,76425345,-2.278994560241699
tencent-hunyuan_hunyuandit-v1.2-diffusers,77106105,0.3484264612197876
tencent-hunyuan_hunyuandit-v1.2-diffusers,77132310,-1.0265024900436401
tencent-hunyuan_hunyuandit-v1.2-diffusers,77232534,-2.216320514678955
tencent-hunyuan_hunyuandit-v1.2-diffusers,77312726,-2.2811732292175293
tencent-hunyuan_hunyuandit-v1.2-diffusers,77358840,-0.03315814957022667
tencent-hunyuan_hunyuandit-v1.2-diffusers,77490593,-0.699859082698822
tencent-hunyuan_hunyuandit-v1.2-diffusers,77726888,-0.5340524315834045
tencent-hunyuan_hunyuandit-v1.2-diffusers,78735978,-0.014138445258140564
tencent-hunyuan_hunyuandit-v1.2-diffusers,79077085,-2.268561601638794
tencent-hunyuan_hunyuandit-v1.2-diffusers,79212243,-2.1061201095581055
tencent-hunyuan_hunyuandit-v1.2-diffusers,79606917,-2.169309139251709
tencent-hunyuan_hunyuandit-v1.2-diffusers,79918827,1.433610200881958
tencent-hunyuan_hunyuandit-v1.2-diffusers,80289373,-0.175388902425766
tencent-hunyuan_hunyuandit-v1.2-diffusers,80371125,0.3482211232185364
tencent-hunyuan_hunyuandit-v1.2-diffusers,80540387,-0.9222936034202576
tencent-hunyuan_hunyuandit-v1.2-diffusers,81135077,-0.7268290519714355
tencent-hunyuan_hunyuandit-v1.2-diffusers,81303945,-2.160472869873047
tencent-hunyuan_hunyuandit-v1.2-diffusers,81435593,1.1988197565078735
tencent-hunyuan_hunyuandit-v1.2-diffusers,82282590,0.4212696850299835
tencent-hunyuan_hunyuandit-v1.2-diffusers,82696415,0.3015176057815552
tencent-hunyuan_hunyuandit-v1.2-diffusers,82916016,-2.2239041328430176
tencent-hunyuan_hunyuandit-v1.2-diffusers,83084473,1.5252636671066284
tencent-hunyuan_hunyuandit-v1.2-diffusers,83418847,0.6912815570831299
tencent-hunyuan_hunyuandit-v1.2-diffusers,84089324,-2.2661120891571045
tencent-hunyuan_hunyuandit-v1.2-diffusers,84306831,-2.1069400310516357
tencent-hunyuan_hunyuandit-v1.2-diffusers,84510135,-0.7270012497901917
tencent-hunyuan_hunyuandit-v1.2-diffusers,84788890,0.7690972089767456
tencent-hunyuan_hunyuandit-v1.2-diffusers,84985982,0.6095764636993408
tencent-hunyuan_hunyuandit-v1.2-diffusers,85191733,-2.268969774246216
tencent-hunyuan_hunyuandit-v1.2-diffusers,86119145,-0.6266427636146545
tencent-hunyuan_hunyuandit-v1.2-diffusers,86340862,-0.41716352105140686
tencent-hunyuan_hunyuandit-v1.2-diffusers,86341828,-0.8965176939964294
tencent-hunyuan_hunyuandit-v1.2-diffusers,86537356,0.1398772895336151
tencent-hunyuan_hunyuandit-v1.2-diffusers,86701636,1.5188225507736206
tencent-hunyuan_hunyuandit-v1.2-diffusers,86714939,-0.4733889400959015
tencent-hunyuan_hunyuandit-v1.2-diffusers,87574583,0.5460836291313171
tencent-hunyuan_hunyuandit-v1.2-diffusers,87699711,0.24433042109012604
tencent-hunyuan_hunyuandit-v1.2-diffusers,88016571,0.22966113686561584
tencent-hunyuan_hunyuandit-v1.2-diffusers,88087492,-0.008477200753986835
tencent-hunyuan_hunyuandit-v1.2-diffusers,89227603,0.3824561536312103
tencent-hunyuan_hunyuandit-v1.2-diffusers,89539854,-2.2121498584747314
tencent-hunyuan_hunyuandit-v1.2-diffusers,89926787,0.3157207667827606
tencent-hunyuan_hunyuandit-v1.2-diffusers,90244932,-1.4286611080169678
tencent-hunyuan_hunyuandit-v1.2-diffusers,90493027,-0.880432665348053
tencent-hunyuan_hunyuandit-v1.2-diffusers,90613035,0.10319238901138306
tencent-hunyuan_hunyuandit-v1.2-diffusers,91368797,1.325321912765503
tencent-hunyuan_hunyuandit-v1.2-diffusers,91784299,0.028802745044231415
tencent-hunyuan_hunyuandit-v1.2-diffusers,91790573,0.6011267304420471
tencent-hunyuan_hunyuandit-v1.2-diffusers,91834546,-2.2710442543029785
tencent-hunyuan_hunyuandit-v1.2-diffusers,92068094,-1.6172280311584473
tencent-hunyuan_hunyuandit-v1.2-diffusers,92311656,-0.6530360579490662
tencent-hunyuan_hunyuandit-v1.2-diffusers,92709444,-0.4213727116584778
tencent-hunyuan_hunyuandit-v1.2-diffusers,93114575,-0.044755399227142334
tencent-hunyuan_hunyuandit-v1.2-diffusers,93256557,0.42649972438812256
tencent-hunyuan_hunyuandit-v1.2-diffusers,93407716,-2.2807438373565674
tencent-hunyuan_hunyuandit-v1.2-diffusers,93436296,0.14301332831382751
tencent-hunyuan_hunyuandit-v1.2-diffusers,93512057,-1.9918369054794312
tencent-hunyuan_hunyuandit-v1.2-diffusers,94006560,-1.0344862937927246
tencent-hunyuan_hunyuandit-v1.2-diffusers,94321535,-0.6533740162849426
tencent-hunyuan_hunyuandit-v1.2-diffusers,94532154,0.3305990397930145
tencent-hunyuan_hunyuandit-v1.2-diffusers,95171107,-2.1640331745147705
tencent-hunyuan_hunyuandit-v1.2-diffusers,95228839,-0.46879470348358154
tencent-hunyuan_hunyuandit-v1.2-diffusers,95325441,-0.05559558793902397
tencent-hunyuan_hunyuandit-v1.2-diffusers,95450946,-0.5583785176277161
tencent-hunyuan_hunyuandit-v1.2-diffusers,95583911,0.6314258575439453
tencent-hunyuan_hunyuandit-v1.2-diffusers,95718306,0.1795176863670349
tencent-hunyuan_hunyuandit-v1.2-diffusers,95737828,-0.6057488322257996
tencent-hunyuan_hunyuandit-v1.2-diffusers,96448597,1.409378170967102
tencent-hunyuan_hunyuandit-v1.2-diffusers,96482065,-0.6350994110107422
tencent-hunyuan_hunyuandit-v1.2-diffusers,96521920,-0.8421036005020142
tencent-hunyuan_hunyuandit-v1.2-diffusers,96850153,1.3768017292022705
tencent-hunyuan_hunyuandit-v1.2-diffusers,98113191,0.09970426559448242
tencent-hunyuan_hunyuandit-v1.2-diffusers,98195317,-1.5141894817352295
tencent-hunyuan_hunyuandit-v1.2-diffusers,98254655,0.8950520753860474
tencent-hunyuan_hunyuandit-v1.2-diffusers,98319500,0.40801936388015747
tencent-hunyuan_hunyuandit-v1.2-diffusers,98642787,-2.2194337844848633
tencent-hunyuan_hunyuandit-v1.2-diffusers,98646702,-2.276244640350342
tencent-hunyuan_hunyuandit-v1.2-diffusers,98929226,-2.266230821609497
tencent-hunyuan_hunyuandit-v1.2-diffusers,99178779,0.576696515083313
tencent-hunyuan_hunyuandit-v1.2-diffusers,99185892,-0.7466798424720764
tencent-hunyuan_hunyuandit-v1.2-diffusers,99211012,-1.8971823453903198
tencent-hunyuan_hunyuandit-v1.2-diffusers,99410560,0.5738682746887207
tencent-hunyuan_hunyuandit-v1.2-diffusers,99862294,-0.47980740666389465
black-forest-labs_flux.1-dev,138508,-0.4273190498352051
black-forest-labs_flux.1-dev,192051,0.8990584015846252
black-forest-labs_flux.1-dev,213186,0.8312897086143494
black-forest-labs_flux.1-dev,232386,-0.3046885132789612
black-forest-labs_flux.1-dev,232765,0.05919564142823219
black-forest-labs_flux.1-dev,258857,-0.1946624517440796
black-forest-labs_flux.1-dev,283090,0.3169001340866089
black-forest-labs_flux.1-dev,285141,1.2276713848114014
black-forest-labs_flux.1-dev,399030,0.35241612792015076
black-forest-labs_flux.1-dev,440189,-0.1606522500514984
black-forest-labs_flux.1-dev,445169,-0.5495391488075256
black-forest-labs_flux.1-dev,486490,1.2429981231689453
black-forest-labs_flux.1-dev,487072,1.7169554233551025
black-forest-labs_flux.1-dev,487326,-0.008000217378139496
black-forest-labs_flux.1-dev,489837,-1.4261261224746704
black-forest-labs_flux.1-dev,646833,0.21253173053264618
black-forest-labs_flux.1-dev,708860,-2.258347749710083
black-forest-labs_flux.1-dev,717208,0.7616108655929565
black-forest-labs_flux.1-dev,717468,1.5009340047836304
black-forest-labs_flux.1-dev,735254,-2.0814547538757324
black-forest-labs_flux.1-dev,762478,-0.9707623720169067
black-forest-labs_flux.1-dev,825443,1.670183777809143
black-forest-labs_flux.1-dev,831919,1.0447824001312256
black-forest-labs_flux.1-dev,896677,0.09660174697637558
black-forest-labs_flux.1-dev,936620,0.24797053635120392
black-forest-labs_flux.1-dev,974367,-0.6366968750953674
black-forest-labs_flux.1-dev,993014,0.8493497371673584
black-forest-labs_flux.1-dev,995855,0.5057622194290161
black-forest-labs_flux.1-dev,1113367,-0.5015358924865723
black-forest-labs_flux.1-dev,1171644,0.8522660136222839
black-forest-labs_flux.1-dev,1209135,-0.3526826500892639
black-forest-labs_flux.1-dev,1317294,1.4874422550201416
black-forest-labs_flux.1-dev,1317533,1.1198114156723022
black-forest-labs_flux.1-dev,1321854,1.8264931440353394
black-forest-labs_flux.1-dev,1377758,0.4415265917778015
black-forest-labs_flux.1-dev,1474832,0.6183452606201172
black-forest-labs_flux.1-dev,1516071,0.3249071538448334
black-forest-labs_flux.1-dev,1566705,-0.08986076712608337
black-forest-labs_flux.1-dev,1640855,-0.7918684482574463
black-forest-labs_flux.1-dev,1668603,1.4035316705703735
black-forest-labs_flux.1-dev,1678990,0.192090705037117
black-forest-labs_flux.1-dev,1699831,1.5804415941238403
black-forest-labs_flux.1-dev,1707698,1.5325204133987427
black-forest-labs_flux.1-dev,1727942,-0.7653217315673828
black-forest-labs_flux.1-dev,2045760,-0.2029542177915573
black-forest-labs_flux.1-dev,2075049,1.0371423959732056
black-forest-labs_flux.1-dev,2075764,0.18547146022319794
black-forest-labs_flux.1-dev,2241569,1.2974121570587158
black-forest-labs_flux.1-dev,2720725,0.057584408670663834
black-forest-labs_flux.1-dev,2721160,-0.5187919735908508
black-forest-labs_flux.1-dev,2730265,-0.47928160429000854
black-forest-labs_flux.1-dev,2744395,-1.8135745525360107
black-forest-labs_flux.1-dev,2770078,-0.1514800637960434
black-forest-labs_flux.1-dev,2793684,0.04526307433843613
black-forest-labs_flux.1-dev,2803666,1.3421880006790161
black-forest-labs_flux.1-dev,2807731,0.5544321537017822
black-forest-labs_flux.1-dev,2821943,0.4615485668182373
black-forest-labs_flux.1-dev,2824319,-0.4043078124523163
black-forest-labs_flux.1-dev,2825442,0.7201577425003052
black-forest-labs_flux.1-dev,2852043,0.3446129560470581
black-forest-labs_flux.1-dev,2870293,-1.926940679550171
black-forest-labs_flux.1-dev,2870880,1.0348087549209595
black-forest-labs_flux.1-dev,2923535,-0.11849465221166611
black-forest-labs_flux.1-dev,2933112,0.9983976483345032
black-forest-labs_flux.1-dev,2963987,1.0768684148788452
black-forest-labs_flux.1-dev,2991302,0.2609981298446655
black-forest-labs_flux.1-dev,3024209,-0.7802397608757019
black-forest-labs_flux.1-dev,3035832,-0.23568914830684662
black-forest-labs_flux.1-dev,3049457,1.442736268043518
black-forest-labs_flux.1-dev,3107488,0.7730213403701782
black-forest-labs_flux.1-dev,3131388,-2.009094715118408
black-forest-labs_flux.1-dev,3131669,1.0008512735366821
black-forest-labs_flux.1-dev,3152830,-0.18516939878463745
black-forest-labs_flux.1-dev,3249569,1.510848045349121
black-forest-labs_flux.1-dev,3262349,0.907403826713562
black-forest-labs_flux.1-dev,3288500,-0.5759096145629883
black-forest-labs_flux.1-dev,3298716,0.7627632021903992
black-forest-labs_flux.1-dev,3308246,1.461358666419983
black-forest-labs_flux.1-dev,3309110,0.2127540409564972
black-forest-labs_flux.1-dev,3347220,-0.46749839186668396
black-forest-labs_flux.1-dev,3353281,-0.5219451785087585
black-forest-labs_flux.1-dev,3366112,-0.4439767003059387
black-forest-labs_flux.1-dev,3411927,0.17919869720935822
black-forest-labs_flux.1-dev,3456665,1.313327670097351
black-forest-labs_flux.1-dev,3563208,-1.8105216026306152
black-forest-labs_flux.1-dev,3580281,-0.5672378540039062
black-forest-labs_flux.1-dev,3603442,0.35205307602882385
black-forest-labs_flux.1-dev,3607029,1.7247283458709717
black-forest-labs_flux.1-dev,3628071,0.21460509300231934
black-forest-labs_flux.1-dev,3630383,1.6159157752990723
black-forest-labs_flux.1-dev,3676483,0.6475379467010498
black-forest-labs_flux.1-dev,3679712,-0.18714554607868195
black-forest-labs_flux.1-dev,3685307,0.7164756059646606
black-forest-labs_flux.1-dev,3703463,-0.8805986046791077
black-forest-labs_flux.1-dev,3714235,1.7190638780593872
black-forest-labs_flux.1-dev,3728318,1.287196397781372
black-forest-labs_flux.1-dev,3748162,-0.5701845288276672
black-forest-labs_flux.1-dev,3764276,1.3170809745788574
black-forest-labs_flux.1-dev,3818090,0.23670515418052673
black-forest-labs_flux.1-dev,3842156,0.7188533544540405
black-forest-labs_flux.1-dev,3880032,-1.3229330778121948
black-forest-labs_flux.1-dev,3889343,0.40222346782684326
black-forest-labs_flux.1-dev,3907654,0.1965068131685257
black-forest-labs_flux.1-dev,3940713,0.9328497052192688
black-forest-labs_flux.1-dev,3975232,-1.4953014850616455
black-forest-labs_flux.1-dev,3982060,0.6794804930686951
black-forest-labs_flux.1-dev,3990474,1.4107940196990967
black-forest-labs_flux.1-dev,4010305,-2.2492728233337402
black-forest-labs_flux.1-dev,4025130,1.875679612159729
black-forest-labs_flux.1-dev,4062807,1.5002397298812866
black-forest-labs_flux.1-dev,4123448,0.6644320487976074
black-forest-labs_flux.1-dev,4125853,-0.06446795165538788
black-forest-labs_flux.1-dev,4140340,1.6631286144256592
black-forest-labs_flux.1-dev,4145056,0.8636548519134521
black-forest-labs_flux.1-dev,4192521,0.9312025308609009
black-forest-labs_flux.1-dev,4259202,0.19589178264141083
black-forest-labs_flux.1-dev,4285773,0.9957188963890076
black-forest-labs_flux.1-dev,4345028,0.3250102698802948
black-forest-labs_flux.1-dev,4387201,-0.3166303336620331
black-forest-labs_flux.1-dev,4416901,-0.6748544573783875
black-forest-labs_flux.1-dev,4455579,0.0348045714199543
black-forest-labs_flux.1-dev,4497570,0.8720962405204773
black-forest-labs_flux.1-dev,4534520,0.3509901762008667
black-forest-labs_flux.1-dev,4539203,-0.33897334337234497
black-forest-labs_flux.1-dev,4552551,0.9078478217124939
black-forest-labs_flux.1-dev,4596797,-2.2011210918426514
black-forest-labs_flux.1-dev,4832208,-1.8862696886062622
black-forest-labs_flux.1-dev,4930139,1.383878469467163
black-forest-labs_flux.1-dev,5008085,-0.6049155592918396
black-forest-labs_flux.1-dev,5219923,0.9260631203651428
black-forest-labs_flux.1-dev,5316083,0.6771463751792908
black-forest-labs_flux.1-dev,5350912,-0.5077880024909973
black-forest-labs_flux.1-dev,5374860,-0.795208215713501
black-forest-labs_flux.1-dev,5410315,-0.05303527042269707
black-forest-labs_flux.1-dev,5522784,0.4523962736129761
black-forest-labs_flux.1-dev,5728577,-0.6274753212928772
black-forest-labs_flux.1-dev,5752544,-0.3312839865684509
black-forest-labs_flux.1-dev,5794797,0.8329715132713318
black-forest-labs_flux.1-dev,5895919,1.5809723138809204
black-forest-labs_flux.1-dev,5958517,-0.3613811731338501
black-forest-labs_flux.1-dev,6189776,0.7238867878913879
black-forest-labs_flux.1-dev,6528587,-2.028444528579712
black-forest-labs_flux.1-dev,6584891,-0.520378589630127
black-forest-labs_flux.1-dev,6586355,0.4889068007469177
black-forest-labs_flux.1-dev,6607809,0.9937376379966736
black-forest-labs_flux.1-dev,6615026,-0.6031007170677185
black-forest-labs_flux.1-dev,6615458,-1.7100646495819092
black-forest-labs_flux.1-dev,6615818,0.1790073961019516
black-forest-labs_flux.1-dev,6616314,-0.9906232953071594
black-forest-labs_flux.1-dev,6617011,-0.4952845573425293
black-forest-labs_flux.1-dev,6617413,-1.641305685043335
black-forest-labs_flux.1-dev,6729499,-1.6465520858764648
black-forest-labs_flux.1-dev,6880664,0.6092633008956909
black-forest-labs_flux.1-dev,6883725,1.110647439956665
black-forest-labs_flux.1-dev,6946774,-2.2000136375427246
black-forest-labs_flux.1-dev,7025268,1.1293742656707764
black-forest-labs_flux.1-dev,7109847,0.19828322529792786
black-forest-labs_flux.1-dev,7116261,1.3081164360046387
black-forest-labs_flux.1-dev,7150023,1.08514404296875
black-forest-labs_flux.1-dev,7163803,0.18575593829154968
black-forest-labs_flux.1-dev,7507098,1.0058478116989136
black-forest-labs_flux.1-dev,7596684,0.4755805730819702
black-forest-labs_flux.1-dev,7597365,0.290801078081131
black-forest-labs_flux.1-dev,7601809,0.18952229619026184
black-forest-labs_flux.1-dev,7605282,0.022119758650660515
black-forest-labs_flux.1-dev,7606419,-1.702555537223816
black-forest-labs_flux.1-dev,7607707,1.1937588453292847
black-forest-labs_flux.1-dev,7608721,0.5869603753089905
black-forest-labs_flux.1-dev,7625977,1.4273329973220825
black-forest-labs_flux.1-dev,7626721,0.22532372176647186
black-forest-labs_flux.1-dev,7626833,0.41176602244377136
black-forest-labs_flux.1-dev,7627310,1.2341487407684326
black-forest-labs_flux.1-dev,7651454,0.4161764681339264
black-forest-labs_flux.1-dev,7654438,-0.8510351777076721
black-forest-labs_flux.1-dev,7664468,-0.6505693793296814
black-forest-labs_flux.1-dev,7698915,0.7085065245628357
black-forest-labs_flux.1-dev,7700167,1.4056079387664795
black-forest-labs_flux.1-dev,7700868,1.222094178199768
black-forest-labs_flux.1-dev,7701244,-0.5682792067527771
black-forest-labs_flux.1-dev,7702193,0.04592495784163475
black-forest-labs_flux.1-dev,7710616,0.9462599754333496
black-forest-labs_flux.1-dev,7834065,-1.5275877714157104
black-forest-labs_flux.1-dev,7854266,0.1726721227169037
black-forest-labs_flux.1-dev,7854455,0.3300158679485321
black-forest-labs_flux.1-dev,7871940,0.673792839050293
black-forest-labs_flux.1-dev,7891189,1.334654450416565
black-forest-labs_flux.1-dev,7897116,0.18551532924175262
black-forest-labs_flux.1-dev,7914271,1.0624375343322754
black-forest-labs_flux.1-dev,7922764,0.18602855503559113
black-forest-labs_flux.1-dev,7929519,0.46845585107803345
black-forest-labs_flux.1-dev,7933274,1.0749913454055786
black-forest-labs_flux.1-dev,7933530,1.26773202419281
black-forest-labs_flux.1-dev,8089797,1.208601951599121
black-forest-labs_flux.1-dev,8095160,-0.49709251523017883
black-forest-labs_flux.1-dev,8124208,-1.0366119146347046
black-forest-labs_flux.1-dev,8339939,0.659599781036377
black-forest-labs_flux.1-dev,8876291,-2.120638370513916
black-forest-labs_flux.1-dev,9020389,1.8918572664260864
black-forest-labs_flux.1-dev,9044146,0.024964166805148125
black-forest-labs_flux.1-dev,9057052,-2.193805456161499
black-forest-labs_flux.1-dev,9427682,-1.1231762170791626
black-forest-labs_flux.1-dev,9580065,0.9629042148590088
black-forest-labs_flux.1-dev,9719434,-2.2413265705108643
black-forest-labs_flux.1-dev,9793248,0.19637563824653625
black-forest-labs_flux.1-dev,9794211,1.5383234024047852
black-forest-labs_flux.1-dev,9862621,1.0580922365188599
black-forest-labs_flux.1-dev,9875188,-0.02120746672153473
black-forest-labs_flux.1-dev,9984659,0.9229403138160706
black-forest-labs_flux.1-dev,10012874,-0.5161729454994202
black-forest-labs_flux.1-dev,10024569,-0.05383804067969322
black-forest-labs_flux.1-dev,10080493,-1.1295042037963867
black-forest-labs_flux.1-dev,10106452,1.3259159326553345
black-forest-labs_flux.1-dev,10198409,-1.2775379419326782
black-forest-labs_flux.1-dev,10333317,0.10485287010669708
black-forest-labs_flux.1-dev,10408552,1.3862074613571167
black-forest-labs_flux.1-dev,10444677,-1.1646755933761597
black-forest-labs_flux.1-dev,10453357,1.5425972938537598
black-forest-labs_flux.1-dev,10548623,-0.5635138750076294
black-forest-labs_flux.1-dev,10572128,-0.2985953390598297
black-forest-labs_flux.1-dev,10794014,0.6209555864334106
black-forest-labs_flux.1-dev,10939743,1.2077419757843018
black-forest-labs_flux.1-dev,11039909,1.2061399221420288
black-forest-labs_flux.1-dev,11334088,0.7721005082130432
black-forest-labs_flux.1-dev,11417672,1.162183165550232
black-forest-labs_flux.1-dev,11437577,-0.7929106950759888
black-forest-labs_flux.1-dev,11460338,0.5759841799736023
black-forest-labs_flux.1-dev,12345739,-0.24735087156295776
black-forest-labs_flux.1-dev,12402348,0.9407498836517334
black-forest-labs_flux.1-dev,13221529,-0.02948533371090889
black-forest-labs_flux.1-dev,13290566,-0.30901622772216797
black-forest-labs_flux.1-dev,13389475,-0.448609322309494
black-forest-labs_flux.1-dev,13390139,-2.0271191596984863
black-forest-labs_flux.1-dev,13390405,0.8837321996688843
black-forest-labs_flux.1-dev,13392786,0.86054927110672
black-forest-labs_flux.1-dev,13649361,-1.4501326084136963
black-forest-labs_flux.1-dev,13716878,1.0100196599960327
black-forest-labs_flux.1-dev,13884740,-0.5852220058441162
black-forest-labs_flux.1-dev,13915305,1.1648285388946533
black-forest-labs_flux.1-dev,13931145,-1.0474913120269775
black-forest-labs_flux.1-dev,13984082,-0.0667233094573021
black-forest-labs_flux.1-dev,14140678,0.021106235682964325
black-forest-labs_flux.1-dev,14195315,0.07352790981531143
black-forest-labs_flux.1-dev,14294568,-1.0500718355178833
black-forest-labs_flux.1-dev,14320813,0.2150147557258606
black-forest-labs_flux.1-dev,14360436,1.2125753164291382
black-forest-labs_flux.1-dev,14488317,0.2380540668964386
black-forest-labs_flux.1-dev,14533937,-0.617610514163971
black-forest-labs_flux.1-dev,14550987,0.5139744281768799
black-forest-labs_flux.1-dev,14579933,-1.039040207862854
black-forest-labs_flux.1-dev,14606290,0.28035131096839905
black-forest-labs_flux.1-dev,14620257,0.6113147139549255
black-forest-labs_flux.1-dev,14632648,-0.729442298412323
black-forest-labs_flux.1-dev,14647235,-0.44600430130958557
black-forest-labs_flux.1-dev,14654954,1.1339781284332275
black-forest-labs_flux.1-dev,14686352,0.19581128656864166
black-forest-labs_flux.1-dev,14702875,-0.11964580416679382
black-forest-labs_flux.1-dev,14703190,1.2392090559005737
black-forest-labs_flux.1-dev,14807929,-0.2351142317056656
black-forest-labs_flux.1-dev,14809057,0.3887542486190796
black-forest-labs_flux.1-dev,14867690,-0.06998026371002197
black-forest-labs_flux.1-dev,14872875,-0.5566428899765015
black-forest-labs_flux.1-dev,14880557,0.802970826625824
black-forest-labs_flux.1-dev,14894140,1.0136430263519287
black-forest-labs_flux.1-dev,15180934,0.04916572570800781
black-forest-labs_flux.1-dev,15970145,-2.2650516033172607
black-forest-labs_flux.1-dev,17002912,-1.1852505207061768
black-forest-labs_flux.1-dev,17012379,-1.8768446445465088
black-forest-labs_flux.1-dev,17282800,1.1099191904067993
black-forest-labs_flux.1-dev,17925539,-2.2706358432769775
black-forest-labs_flux.1-dev,18367104,0.20318368077278137
black-forest-labs_flux.1-dev,18758723,-1.132356882095337
black-forest-labs_flux.1-dev,19143128,0.7218159437179565
black-forest-labs_flux.1-dev,19671124,0.3762431740760803
black-forest-labs_flux.1-dev,19855707,-2.248936414718628
black-forest-labs_flux.1-dev,19893872,0.038232166320085526
black-forest-labs_flux.1-dev,20017667,-1.790846824645996
black-forest-labs_flux.1-dev,20128079,-2.2737479209899902
black-forest-labs_flux.1-dev,20471134,0.3531060516834259
black-forest-labs_flux.1-dev,20495093,-2.2679686546325684
black-forest-labs_flux.1-dev,20782430,-1.4207801818847656
black-forest-labs_flux.1-dev,21377549,-1.1944948434829712
black-forest-labs_flux.1-dev,21564446,-0.9666796922683716
black-forest-labs_flux.1-dev,21620388,-0.1776057630777359
black-forest-labs_flux.1-dev,22149540,-2.2612674236297607
black-forest-labs_flux.1-dev,22738759,-2.172300100326538
black-forest-labs_flux.1-dev,22767176,-2.0576863288879395
black-forest-labs_flux.1-dev,23129661,-2.0023372173309326
black-forest-labs_flux.1-dev,23185551,0.46008482575416565
black-forest-labs_flux.1-dev,23232427,0.16112394630908966
black-forest-labs_flux.1-dev,23257851,-0.8083869814872742
black-forest-labs_flux.1-dev,23620789,-0.4566764235496521
black-forest-labs_flux.1-dev,24808131,-1.3387649059295654
black-forest-labs_flux.1-dev,24843217,-1.9000778198242188
black-forest-labs_flux.1-dev,24933378,1.3828673362731934
black-forest-labs_flux.1-dev,24942232,0.4810675382614136
black-forest-labs_flux.1-dev,25290589,-0.7482844591140747
black-forest-labs_flux.1-dev,25579216,-0.5073078274726868
black-forest-labs_flux.1-dev,25685207,-2.264238119125366
black-forest-labs_flux.1-dev,25776594,0.6577224135398865
black-forest-labs_flux.1-dev,26078214,-0.9626402258872986
black-forest-labs_flux.1-dev,26746434,0.4103733003139496
black-forest-labs_flux.1-dev,26998039,-0.8194812536239624
black-forest-labs_flux.1-dev,27106238,-1.225451946258545
black-forest-labs_flux.1-dev,27246777,-2.1486499309539795
black-forest-labs_flux.1-dev,27768637,-0.3591090142726898
black-forest-labs_flux.1-dev,27871992,-0.354560911655426
black-forest-labs_flux.1-dev,28190972,-2.2017712593078613
black-forest-labs_flux.1-dev,29094321,-0.8624743819236755
black-forest-labs_flux.1-dev,29148617,0.6583914160728455
black-forest-labs_flux.1-dev,29161294,-0.21600712835788727
black-forest-labs_flux.1-dev,29632917,0.7974182963371277
black-forest-labs_flux.1-dev,29703209,-0.7513699531555176
black-forest-labs_flux.1-dev,29779486,0.673218846321106
black-forest-labs_flux.1-dev,30028757,0.3707793354988098
black-forest-labs_flux.1-dev,30225071,0.6000490784645081
black-forest-labs_flux.1-dev,30373565,0.5843802690505981
black-forest-labs_flux.1-dev,30484086,-1.0138014554977417
black-forest-labs_flux.1-dev,30883080,-0.5338935852050781
black-forest-labs_flux.1-dev,31114750,-2.2694127559661865
black-forest-labs_flux.1-dev,31196176,0.19074872136116028
black-forest-labs_flux.1-dev,31391857,-0.15474039316177368
black-forest-labs_flux.1-dev,31595142,1.5965914726257324
black-forest-labs_flux.1-dev,32152786,-2.217033624649048
black-forest-labs_flux.1-dev,32327818,-0.8098077774047852
black-forest-labs_flux.1-dev,32379732,0.7819281816482544
black-forest-labs_flux.1-dev,32473966,0.29583874344825745
black-forest-labs_flux.1-dev,32902730,1.6978013515472412
black-forest-labs_flux.1-dev,32932491,-1.9325000047683716
black-forest-labs_flux.1-dev,33006578,-0.5503079295158386
black-forest-labs_flux.1-dev,33478721,0.4214807450771332
black-forest-labs_flux.1-dev,34475997,0.17873626947402954
black-forest-labs_flux.1-dev,34578737,-2.2543671131134033
black-forest-labs_flux.1-dev,34773230,-1.527405023574829
black-forest-labs_flux.1-dev,36507085,0.11078931391239166
black-forest-labs_flux.1-dev,36678439,-0.611432671546936
black-forest-labs_flux.1-dev,37287360,0.03452619910240173
black-forest-labs_flux.1-dev,37319253,0.1481153666973114
black-forest-labs_flux.1-dev,37547870,0.15434861183166504
black-forest-labs_flux.1-dev,37736408,0.7306349873542786
black-forest-labs_flux.1-dev,38014258,-0.9888212084770203
black-forest-labs_flux.1-dev,38297191,-0.23948872089385986
black-forest-labs_flux.1-dev,38402744,1.3828684091567993
black-forest-labs_flux.1-dev,38954086,-0.34714004397392273
black-forest-labs_flux.1-dev,39139190,-2.2765913009643555
black-forest-labs_flux.1-dev,39560404,-0.547050416469574
black-forest-labs_flux.1-dev,39566065,1.807155966758728
black-forest-labs_flux.1-dev,39595218,1.7904260158538818
black-forest-labs_flux.1-dev,40825299,1.0845633745193481
black-forest-labs_flux.1-dev,40945115,-1.62839937210083
black-forest-labs_flux.1-dev,40995095,1.2708457708358765
black-forest-labs_flux.1-dev,41015844,0.7262900471687317
black-forest-labs_flux.1-dev,41031648,0.7523645758628845
black-forest-labs_flux.1-dev,41161074,1.1418555974960327
black-forest-labs_flux.1-dev,41458919,-0.423900306224823
black-forest-labs_flux.1-dev,41565779,1.6093719005584717
black-forest-labs_flux.1-dev,41766391,1.192072868347168
black-forest-labs_flux.1-dev,41982710,-0.4609588086605072
black-forest-labs_flux.1-dev,42048260,-2.17868709564209
black-forest-labs_flux.1-dev,42849420,-2.231907606124878
black-forest-labs_flux.1-dev,42931583,0.005659629125148058
black-forest-labs_flux.1-dev,43060946,1.3031949996948242
black-forest-labs_flux.1-dev,43153800,0.020320381969213486
black-forest-labs_flux.1-dev,43161384,0.582619309425354
black-forest-labs_flux.1-dev,43301379,-0.28792011737823486
black-forest-labs_flux.1-dev,43304323,1.139668345451355
black-forest-labs_flux.1-dev,43367797,-0.9035679697990417
black-forest-labs_flux.1-dev,43431032,0.8758859038352966
black-forest-labs_flux.1-dev,43631801,0.9052176475524902
black-forest-labs_flux.1-dev,43735560,0.05926011502742767
black-forest-labs_flux.1-dev,43858443,-0.031159138306975365
black-forest-labs_flux.1-dev,43918624,-0.3483370542526245
black-forest-labs_flux.1-dev,44280552,-1.7448551654815674
black-forest-labs_flux.1-dev,44295589,-0.008483286015689373
black-forest-labs_flux.1-dev,44621915,-0.22425685822963715
black-forest-labs_flux.1-dev,44645737,1.0181246995925903
black-forest-labs_flux.1-dev,44838123,0.526963472366333
black-forest-labs_flux.1-dev,45258070,-0.6119698882102966
black-forest-labs_flux.1-dev,45297641,-0.7444435358047485
black-forest-labs_flux.1-dev,45418454,0.6354754567146301
black-forest-labs_flux.1-dev,45564900,-2.123682737350464
black-forest-labs_flux.1-dev,46150029,-0.24720871448516846
black-forest-labs_flux.1-dev,46394736,-1.2983039617538452
black-forest-labs_flux.1-dev,46673664,0.6729224324226379
black-forest-labs_flux.1-dev,46994920,-2.2619266510009766
black-forest-labs_flux.1-dev,47009060,-1.7408241033554077
black-forest-labs_flux.1-dev,47552953,0.3104240894317627
black-forest-labs_flux.1-dev,47595220,-1.050765037536621
black-forest-labs_flux.1-dev,47819321,0.20590096712112427
black-forest-labs_flux.1-dev,48223384,0.5031245946884155
black-forest-labs_flux.1-dev,48351897,-0.24144423007965088
black-forest-labs_flux.1-dev,48754831,-0.05434273183345795
black-forest-labs_flux.1-dev,49054805,0.38780122995376587
black-forest-labs_flux.1-dev,49089576,-0.1533195823431015
black-forest-labs_flux.1-dev,49300740,-0.06502150744199753
black-forest-labs_flux.1-dev,49358811,0.4343074560165405
black-forest-labs_flux.1-dev,49462954,-0.3965112864971161
black-forest-labs_flux.1-dev,50262859,-1.2471002340316772
black-forest-labs_flux.1-dev,50871471,0.5719824433326721
black-forest-labs_flux.1-dev,50952217,1.2843382358551025
black-forest-labs_flux.1-dev,51060824,0.19317397475242615
black-forest-labs_flux.1-dev,51314050,0.42370206117630005
black-forest-labs_flux.1-dev,51946990,-0.6817402243614197
black-forest-labs_flux.1-dev,52325745,-1.2787891626358032
black-forest-labs_flux.1-dev,52474100,1.1759592294692993
black-forest-labs_flux.1-dev,52516409,0.0021232874132692814
black-forest-labs_flux.1-dev,52711595,-1.011614203453064
black-forest-labs_flux.1-dev,53022028,-2.2032790184020996
black-forest-labs_flux.1-dev,53205877,-2.2674715518951416
black-forest-labs_flux.1-dev,53288018,-2.271122932434082
black-forest-labs_flux.1-dev,53443611,1.4700605869293213
black-forest-labs_flux.1-dev,53815934,0.5630776882171631
black-forest-labs_flux.1-dev,54495173,-0.11218740791082382
black-forest-labs_flux.1-dev,54931507,-0.8995344042778015
black-forest-labs_flux.1-dev,55191509,0.6841275095939636
black-forest-labs_flux.1-dev,55255145,-0.237356036901474
black-forest-labs_flux.1-dev,55457672,-2.1461238861083984
black-forest-labs_flux.1-dev,55588327,1.391937494277954
black-forest-labs_flux.1-dev,55653646,-0.27833107113838196
black-forest-labs_flux.1-dev,55658809,-2.1999475955963135
black-forest-labs_flux.1-dev,55812974,-1.4447500705718994
black-forest-labs_flux.1-dev,55819553,0.40742143988609314
black-forest-labs_flux.1-dev,55826966,-0.17448341846466064
black-forest-labs_flux.1-dev,55983905,-0.7564308643341064
black-forest-labs_flux.1-dev,56074056,-0.37262681126594543
black-forest-labs_flux.1-dev,56112588,-0.9837469458580017
black-forest-labs_flux.1-dev,56121520,1.8119758367538452
black-forest-labs_flux.1-dev,56250900,-2.0074450969696045
black-forest-labs_flux.1-dev,56458800,0.45291662216186523
black-forest-labs_flux.1-dev,56792430,1.2787829637527466
black-forest-labs_flux.1-dev,56982260,-1.8401623964309692
black-forest-labs_flux.1-dev,57673976,1.3711527585983276
black-forest-labs_flux.1-dev,57716963,-1.066415548324585
black-forest-labs_flux.1-dev,57729980,-0.7390384674072266
black-forest-labs_flux.1-dev,57785005,-0.09856205433607101
black-forest-labs_flux.1-dev,57873614,0.10277719795703888
black-forest-labs_flux.1-dev,58727024,-1.1551016569137573
black-forest-labs_flux.1-dev,58761464,-0.28359657526016235
black-forest-labs_flux.1-dev,59399259,-0.3533458411693573
black-forest-labs_flux.1-dev,59976859,0.5189852118492126
black-forest-labs_flux.1-dev,60083345,-0.683132529258728
black-forest-labs_flux.1-dev,60214770,-0.22056633234024048
black-forest-labs_flux.1-dev,60215376,-0.6557567715644836
black-forest-labs_flux.1-dev,60375309,-0.4113301932811737
black-forest-labs_flux.1-dev,60606896,-0.774968147277832
black-forest-labs_flux.1-dev,60668084,-0.08788778632879257
black-forest-labs_flux.1-dev,61035709,-2.222086191177368
black-forest-labs_flux.1-dev,61388266,0.5194581747055054
black-forest-labs_flux.1-dev,61627313,-1.7843841314315796
black-forest-labs_flux.1-dev,61635816,0.43776988983154297
black-forest-labs_flux.1-dev,61853324,1.476208209991455
black-forest-labs_flux.1-dev,62408818,-0.0746021568775177
black-forest-labs_flux.1-dev,62841330,-1.25513756275177
black-forest-labs_flux.1-dev,63015570,-0.014088334515690804
black-forest-labs_flux.1-dev,63336441,0.4026091694831848
black-forest-labs_flux.1-dev,63633117,-2.0162928104400635
black-forest-labs_flux.1-dev,64576544,-2.0574951171875
black-forest-labs_flux.1-dev,64687077,0.009638735093176365
black-forest-labs_flux.1-dev,64693533,0.7542324662208557
black-forest-labs_flux.1-dev,64856142,1.3974158763885498
black-forest-labs_flux.1-dev,65411270,0.8317742347717285
black-forest-labs_flux.1-dev,65557844,-0.9347438812255859
black-forest-labs_flux.1-dev,65824677,-0.9729287028312683
black-forest-labs_flux.1-dev,65890875,-2.162060499191284
black-forest-labs_flux.1-dev,65960228,-0.6159499287605286
black-forest-labs_flux.1-dev,66668538,0.9696633219718933
black-forest-labs_flux.1-dev,67344811,0.7872898578643799
black-forest-labs_flux.1-dev,67949798,-1.594648838043213
black-forest-labs_flux.1-dev,68246844,-2.0133864879608154
black-forest-labs_flux.1-dev,68280322,-2.2383596897125244
black-forest-labs_flux.1-dev,68321683,0.21045051515102386
black-forest-labs_flux.1-dev,68380669,-1.229135274887085
black-forest-labs_flux.1-dev,68575085,1.3131239414215088
black-forest-labs_flux.1-dev,70380966,-0.3337101638317108
black-forest-labs_flux.1-dev,70494671,-2.1848556995391846
black-forest-labs_flux.1-dev,71055464,-2.255707025527954
black-forest-labs_flux.1-dev,71591839,-1.8777942657470703
black-forest-labs_flux.1-dev,71828875,0.5913822650909424
black-forest-labs_flux.1-dev,71910823,0.22841839492321014
black-forest-labs_flux.1-dev,71959499,0.1747753918170929
black-forest-labs_flux.1-dev,72432241,-0.4266776442527771
black-forest-labs_flux.1-dev,72553814,-0.11565359681844711
black-forest-labs_flux.1-dev,73051579,-0.35180336236953735
black-forest-labs_flux.1-dev,73600586,-0.616661548614502
black-forest-labs_flux.1-dev,73616417,1.1647313833236694
black-forest-labs_flux.1-dev,73681289,0.8962269425392151
black-forest-labs_flux.1-dev,73962724,0.1334408074617386
black-forest-labs_flux.1-dev,74175857,0.45483729243278503
black-forest-labs_flux.1-dev,75051801,-2.2763071060180664
black-forest-labs_flux.1-dev,75787772,-1.3037490844726562
black-forest-labs_flux.1-dev,75944980,-2.0939579010009766
black-forest-labs_flux.1-dev,75964288,-0.9540969133377075
black-forest-labs_flux.1-dev,76066166,-0.4801994860172272
black-forest-labs_flux.1-dev,76100398,-1.9109755754470825
black-forest-labs_flux.1-dev,76425345,-2.2772839069366455
black-forest-labs_flux.1-dev,77106105,0.48582956194877625
black-forest-labs_flux.1-dev,77132310,0.10756537318229675
black-forest-labs_flux.1-dev,77232534,-2.2728958129882812
black-forest-labs_flux.1-dev,77312726,-2.242293357849121
black-forest-labs_flux.1-dev,77358840,0.9563016295433044
black-forest-labs_flux.1-dev,77490593,-1.1258965730667114
black-forest-labs_flux.1-dev,77726888,0.10973235219717026
black-forest-labs_flux.1-dev,78735978,-0.14846844971179962
black-forest-labs_flux.1-dev,79077085,-2.263218879699707
black-forest-labs_flux.1-dev,79212243,-2.2385425567626953
black-forest-labs_flux.1-dev,79606917,-2.1099295616149902
black-forest-labs_flux.1-dev,79918827,0.12383099645376205
black-forest-labs_flux.1-dev,80289373,-0.46928128600120544
black-forest-labs_flux.1-dev,80371125,0.865243673324585
black-forest-labs_flux.1-dev,80540387,0.04498489201068878
black-forest-labs_flux.1-dev,81135077,-0.8224533796310425
black-forest-labs_flux.1-dev,81303945,-2.137505054473877
black-forest-labs_flux.1-dev,81435593,1.3213480710983276
black-forest-labs_flux.1-dev,82282590,0.7555833458900452
black-forest-labs_flux.1-dev,82696415,-0.3383066654205322
black-forest-labs_flux.1-dev,82916016,-2.2751386165618896
black-forest-labs_flux.1-dev,83084473,1.5689082145690918
black-forest-labs_flux.1-dev,83418847,0.8372393846511841
black-forest-labs_flux.1-dev,84089324,-2.253685235977173
black-forest-labs_flux.1-dev,84306831,-2.0116896629333496
black-forest-labs_flux.1-dev,84510135,-0.4020777642726898
black-forest-labs_flux.1-dev,84788890,0.7369184494018555
black-forest-labs_flux.1-dev,84985982,0.6674708724021912
black-forest-labs_flux.1-dev,85191733,-2.245795965194702
black-forest-labs_flux.1-dev,86119145,-0.46360722184181213
black-forest-labs_flux.1-dev,86340862,0.7910847663879395
black-forest-labs_flux.1-dev,86341828,-0.2702273726463318
black-forest-labs_flux.1-dev,86537356,1.1809252500534058
black-forest-labs_flux.1-dev,86701636,1.142134189605713
black-forest-labs_flux.1-dev,86714939,0.2581785023212433
black-forest-labs_flux.1-dev,87574583,-0.2523985803127289
black-forest-labs_flux.1-dev,87699711,0.09389250725507736
black-forest-labs_flux.1-dev,88016571,1.2478723526000977
black-forest-labs_flux.1-dev,88087492,-0.4939321279525757
black-forest-labs_flux.1-dev,89227603,-0.2367047816514969
black-forest-labs_flux.1-dev,89539854,1.5344165563583374
black-forest-labs_flux.1-dev,89926787,1.530930995941162
black-forest-labs_flux.1-dev,90244932,-1.5752888917922974
black-forest-labs_flux.1-dev,90493027,-0.7987918257713318
black-forest-labs_flux.1-dev,90613035,-0.08455157279968262
black-forest-labs_flux.1-dev,91368797,0.7077020406723022
black-forest-labs_flux.1-dev,91784299,-0.10518882423639297
black-forest-labs_flux.1-dev,91790573,1.6693141460418701
black-forest-labs_flux.1-dev,91834546,-2.1793181896209717
black-forest-labs_flux.1-dev,92068094,-1.1886895895004272
black-forest-labs_flux.1-dev,92311656,-0.07877422869205475
black-forest-labs_flux.1-dev,92709444,-0.20048199594020844
black-forest-labs_flux.1-dev,93114575,-0.28602105379104614
black-forest-labs_flux.1-dev,93256557,0.7045902609825134
black-forest-labs_flux.1-dev,93407716,-2.1627745628356934
black-forest-labs_flux.1-dev,93436296,-0.6747682094573975
black-forest-labs_flux.1-dev,93512057,-1.3117636442184448
black-forest-labs_flux.1-dev,94006560,-1.2600802183151245
black-forest-labs_flux.1-dev,94321535,-0.834606409072876
black-forest-labs_flux.1-dev,94532154,1.2492090463638306
black-forest-labs_flux.1-dev,95171107,-2.2491214275360107
black-forest-labs_flux.1-dev,95228839,-0.25338858366012573
black-forest-labs_flux.1-dev,95325441,-2.235231876373291
black-forest-labs_flux.1-dev,95450946,0.18812307715415955
black-forest-labs_flux.1-dev,95583911,1.0982446670532227
black-forest-labs_flux.1-dev,95718306,0.5074493288993835
black-forest-labs_flux.1-dev,95737828,-0.9804437756538391
black-forest-labs_flux.1-dev,96448597,1.3807826042175293
black-forest-labs_flux.1-dev,96482065,-0.5222905278205872
black-forest-labs_flux.1-dev,96521920,-0.3416478633880615
black-forest-labs_flux.1-dev,96850153,1.5700901746749878
black-forest-labs_flux.1-dev,98113191,0.6758617758750916
black-forest-labs_flux.1-dev,98195317,0.3978874087333679
black-forest-labs_flux.1-dev,98254655,1.2438693046569824
black-forest-labs_flux.1-dev,98319500,0.959279477596283
black-forest-labs_flux.1-dev,98642787,-2.261444091796875
black-forest-labs_flux.1-dev,98646702,-2.250635862350464
black-forest-labs_flux.1-dev,98929226,-2.2123219966888428
black-forest-labs_flux.1-dev,99178779,1.3513075113296509
black-forest-labs_flux.1-dev,99185892,-0.10778260231018066
black-forest-labs_flux.1-dev,99211012,-1.6191717386245728
black-forest-labs_flux.1-dev,99410560,0.8644446134567261
black-forest-labs_flux.1-dev,99862294,0.3788079023361206
kandinsky-community_kandinsky-3,138508,0.29179826378822327
kandinsky-community_kandinsky-3,192051,0.6589991450309753
kandinsky-community_kandinsky-3,213186,-0.23986878991127014
kandinsky-community_kandinsky-3,232386,0.168988898396492
kandinsky-community_kandinsky-3,232765,0.9214162826538086
kandinsky-community_kandinsky-3,258857,0.6477627158164978
kandinsky-community_kandinsky-3,283090,-0.931670606136322
kandinsky-community_kandinsky-3,285141,1.1184020042419434
kandinsky-community_kandinsky-3,399030,-0.9635756611824036
kandinsky-community_kandinsky-3,440189,0.30189481377601624
kandinsky-community_kandinsky-3,445169,-1.3078242540359497
kandinsky-community_kandinsky-3,486490,-1.0880775451660156
kandinsky-community_kandinsky-3,487072,-1.701672911643982
kandinsky-community_kandinsky-3,487326,-0.3842466473579407
kandinsky-community_kandinsky-3,489837,-0.7084500193595886
kandinsky-community_kandinsky-3,646833,0.8833453059196472
kandinsky-community_kandinsky-3,708860,-2.27239990234375
kandinsky-community_kandinsky-3,717208,-0.4940766990184784
kandinsky-community_kandinsky-3,717468,1.2368993759155273
kandinsky-community_kandinsky-3,735254,-1.9366182088851929
kandinsky-community_kandinsky-3,762478,-0.6238713264465332
kandinsky-community_kandinsky-3,825443,1.382455587387085
kandinsky-community_kandinsky-3,831919,0.8102182149887085
kandinsky-community_kandinsky-3,896677,0.9639977216720581
kandinsky-community_kandinsky-3,936620,-0.34488537907600403
kandinsky-community_kandinsky-3,974367,-0.11380276829004288
kandinsky-community_kandinsky-3,993014,-0.6835283041000366
kandinsky-community_kandinsky-3,995855,0.42210474610328674
kandinsky-community_kandinsky-3,1113367,0.5174230933189392
kandinsky-community_kandinsky-3,1171644,1.1084842681884766
kandinsky-community_kandinsky-3,1209135,0.5101069211959839
kandinsky-community_kandinsky-3,1317294,0.26935720443725586
kandinsky-community_kandinsky-3,1317533,-1.2635886669158936
kandinsky-community_kandinsky-3,1321854,1.196705937385559
kandinsky-community_kandinsky-3,1377758,-0.3934776782989502
kandinsky-community_kandinsky-3,1474832,-0.563179075717926
kandinsky-community_kandinsky-3,1516071,-1.1550933122634888
kandinsky-community_kandinsky-3,1566705,0.31035497784614563
kandinsky-community_kandinsky-3,1640855,0.24565620720386505
kandinsky-community_kandinsky-3,1668603,0.6704986691474915
kandinsky-community_kandinsky-3,1678990,0.29143866896629333
kandinsky-community_kandinsky-3,1699831,1.1295950412750244
kandinsky-community_kandinsky-3,1707698,1.2300652265548706
kandinsky-community_kandinsky-3,1727942,0.16384455561637878
kandinsky-community_kandinsky-3,2045760,0.6656126976013184
kandinsky-community_kandinsky-3,2075049,-0.8603588342666626
kandinsky-community_kandinsky-3,2075764,0.2529165744781494
kandinsky-community_kandinsky-3,2241569,1.539892554283142
kandinsky-community_kandinsky-3,2720725,0.10796784609556198
kandinsky-community_kandinsky-3,2721160,-0.6983034014701843
kandinsky-community_kandinsky-3,2730265,-0.7925117611885071
kandinsky-community_kandinsky-3,2744395,-2.277575731277466
kandinsky-community_kandinsky-3,2770078,0.06211569905281067
kandinsky-community_kandinsky-3,2793684,-2.2724571228027344
kandinsky-community_kandinsky-3,2803666,1.1089630126953125
kandinsky-community_kandinsky-3,2807731,0.5577647686004639
kandinsky-community_kandinsky-3,2821943,0.5902890563011169
kandinsky-community_kandinsky-3,2824319,0.18094494938850403
kandinsky-community_kandinsky-3,2825442,0.9313508868217468
kandinsky-community_kandinsky-3,2852043,0.18763673305511475
kandinsky-community_kandinsky-3,2870293,-0.05332343280315399
kandinsky-community_kandinsky-3,2870880,1.045559048652649
kandinsky-community_kandinsky-3,2923535,-1.5339406728744507
kandinsky-community_kandinsky-3,2933112,1.2316572666168213
kandinsky-community_kandinsky-3,2963987,1.050372838973999
kandinsky-community_kandinsky-3,2991302,0.7687347531318665
kandinsky-community_kandinsky-3,3024209,-0.9550442099571228
kandinsky-community_kandinsky-3,3035832,-0.5316082239151001
kandinsky-community_kandinsky-3,3049457,1.1092724800109863
kandinsky-community_kandinsky-3,3107488,-1.7146137952804565
kandinsky-community_kandinsky-3,3131388,-0.7367727160453796
kandinsky-community_kandinsky-3,3131669,-1.7689805030822754
kandinsky-community_kandinsky-3,3152830,-1.570683479309082
kandinsky-community_kandinsky-3,3249569,0.8476099371910095
kandinsky-community_kandinsky-3,3262349,0.156328484416008
kandinsky-community_kandinsky-3,3288500,0.0037747109308838844
kandinsky-community_kandinsky-3,3298716,1.3554435968399048
kandinsky-community_kandinsky-3,3308246,0.933813214302063
kandinsky-community_kandinsky-3,3309110,0.36296728253364563
kandinsky-community_kandinsky-3,3347220,0.3811250925064087
kandinsky-community_kandinsky-3,3353281,-0.1811177134513855
kandinsky-community_kandinsky-3,3366112,-1.3660818338394165
kandinsky-community_kandinsky-3,3411927,0.8864157795906067
kandinsky-community_kandinsky-3,3456665,1.15687894821167
kandinsky-community_kandinsky-3,3563208,-1.9965215921401978
kandinsky-community_kandinsky-3,3580281,-0.4661436378955841
kandinsky-community_kandinsky-3,3603442,0.11281168460845947
kandinsky-community_kandinsky-3,3607029,1.7974724769592285
kandinsky-community_kandinsky-3,3628071,-0.5258812308311462
kandinsky-community_kandinsky-3,3630383,1.2569012641906738
kandinsky-community_kandinsky-3,3676483,0.6250389814376831
kandinsky-community_kandinsky-3,3679712,0.7948191165924072
kandinsky-community_kandinsky-3,3685307,0.2991766035556793
kandinsky-community_kandinsky-3,3703463,-2.217371702194214
kandinsky-community_kandinsky-3,3714235,1.9017752408981323
kandinsky-community_kandinsky-3,3728318,-0.5194603800773621
kandinsky-community_kandinsky-3,3748162,0.6977483630180359
kandinsky-community_kandinsky-3,3764276,1.4258474111557007
kandinsky-community_kandinsky-3,3818090,0.4285663366317749
kandinsky-community_kandinsky-3,3842156,0.6674187183380127
kandinsky-community_kandinsky-3,3880032,-2.0555880069732666
kandinsky-community_kandinsky-3,3889343,0.7226634621620178
kandinsky-community_kandinsky-3,3907654,0.1700458824634552
kandinsky-community_kandinsky-3,3940713,0.4581942558288574
kandinsky-community_kandinsky-3,3975232,-1.317274570465088
kandinsky-community_kandinsky-3,3982060,0.8240246176719666
kandinsky-community_kandinsky-3,3990474,1.662722110748291
kandinsky-community_kandinsky-3,4010305,-2.0375542640686035
kandinsky-community_kandinsky-3,4025130,1.4492096900939941
kandinsky-community_kandinsky-3,4062807,1.0449222326278687
kandinsky-community_kandinsky-3,4123448,-1.2792139053344727
kandinsky-community_kandinsky-3,4125853,-0.19229288399219513
kandinsky-community_kandinsky-3,4140340,1.497381567955017
kandinsky-community_kandinsky-3,4145056,0.10644038021564484
kandinsky-community_kandinsky-3,4192521,-2.1303861141204834
kandinsky-community_kandinsky-3,4259202,-2.2689154148101807
kandinsky-community_kandinsky-3,4285773,-0.7253299355506897
kandinsky-community_kandinsky-3,4345028,1.3633922338485718
kandinsky-community_kandinsky-3,4387201,1.7201826572418213
kandinsky-community_kandinsky-3,4416901,-0.21324743330478668
kandinsky-community_kandinsky-3,4455579,-1.066087007522583
kandinsky-community_kandinsky-3,4497570,0.3170435130596161
kandinsky-community_kandinsky-3,4534520,-0.26501473784446716
kandinsky-community_kandinsky-3,4539203,0.946230411529541
kandinsky-community_kandinsky-3,4552551,1.094499111175537
kandinsky-community_kandinsky-3,4596797,-2.175990104675293
kandinsky-community_kandinsky-3,4832208,-1.6698983907699585
kandinsky-community_kandinsky-3,4930139,0.8907251954078674
kandinsky-community_kandinsky-3,5008085,0.10161929577589035
kandinsky-community_kandinsky-3,5219923,-2.2421560287475586
kandinsky-community_kandinsky-3,5316083,-1.3007160425186157
kandinsky-community_kandinsky-3,5350912,-1.2051832675933838
kandinsky-community_kandinsky-3,5374860,0.25258779525756836
kandinsky-community_kandinsky-3,5410315,0.163763165473938
kandinsky-community_kandinsky-3,5522784,-1.5765680074691772
kandinsky-community_kandinsky-3,5728577,0.012876098975539207
kandinsky-community_kandinsky-3,5752544,0.5044668912887573
kandinsky-community_kandinsky-3,5794797,0.9947848916053772
kandinsky-community_kandinsky-3,5895919,0.8473871350288391
kandinsky-community_kandinsky-3,5958517,-0.5762518048286438
kandinsky-community_kandinsky-3,6189776,-0.32521143555641174
kandinsky-community_kandinsky-3,6528587,-0.16782216727733612
kandinsky-community_kandinsky-3,6584891,-1.147679090499878
kandinsky-community_kandinsky-3,6586355,-0.42346030473709106
kandinsky-community_kandinsky-3,6607809,0.4304531216621399
kandinsky-community_kandinsky-3,6615026,-0.550214946269989
kandinsky-community_kandinsky-3,6615458,-1.5432939529418945
kandinsky-community_kandinsky-3,6615818,1.441957950592041
kandinsky-community_kandinsky-3,6616314,-1.7298972606658936
kandinsky-community_kandinsky-3,6617011,-0.5827857255935669
kandinsky-community_kandinsky-3,6617413,1.4294782876968384
kandinsky-community_kandinsky-3,6729499,-0.003524401690810919
kandinsky-community_kandinsky-3,6880664,0.7969829440116882
kandinsky-community_kandinsky-3,6883725,0.8010584712028503
kandinsky-community_kandinsky-3,6946774,-2.0994069576263428
kandinsky-community_kandinsky-3,7025268,1.0391695499420166
kandinsky-community_kandinsky-3,7109847,0.8924222588539124
kandinsky-community_kandinsky-3,7116261,0.9986915588378906
kandinsky-community_kandinsky-3,7150023,0.2791009843349457
kandinsky-community_kandinsky-3,7163803,-0.7544470429420471
kandinsky-community_kandinsky-3,7507098,-0.9310239553451538
kandinsky-community_kandinsky-3,7596684,0.2272038459777832
kandinsky-community_kandinsky-3,7597365,0.4357115924358368
kandinsky-community_kandinsky-3,7601809,0.18586380779743195
kandinsky-community_kandinsky-3,7605282,-1.9316694736480713
kandinsky-community_kandinsky-3,7606419,-2.173950672149658
kandinsky-community_kandinsky-3,7607707,0.260238379240036
kandinsky-community_kandinsky-3,7608721,-0.3974686563014984
kandinsky-community_kandinsky-3,7625977,0.28979435563087463
kandinsky-community_kandinsky-3,7626721,1.3402730226516724
kandinsky-community_kandinsky-3,7626833,0.5382159948348999
kandinsky-community_kandinsky-3,7627310,-0.2905970513820648
kandinsky-community_kandinsky-3,7651454,-0.10509169846773148
kandinsky-community_kandinsky-3,7654438,1.1396676301956177
kandinsky-community_kandinsky-3,7664468,0.16422000527381897
kandinsky-community_kandinsky-3,7698915,0.040150612592697144
kandinsky-community_kandinsky-3,7700167,1.5707309246063232
kandinsky-community_kandinsky-3,7700868,0.5164903402328491
kandinsky-community_kandinsky-3,7701244,0.6143785119056702
kandinsky-community_kandinsky-3,7702193,1.2694952487945557
kandinsky-community_kandinsky-3,7710616,0.20309793949127197
kandinsky-community_kandinsky-3,7834065,-0.2536850869655609
kandinsky-community_kandinsky-3,7854266,0.029714806005358696
kandinsky-community_kandinsky-3,7854455,0.8889729380607605
kandinsky-community_kandinsky-3,7871940,1.452520728111267
kandinsky-community_kandinsky-3,7891189,1.178770661354065
kandinsky-community_kandinsky-3,7897116,-0.47883501648902893
kandinsky-community_kandinsky-3,7914271,0.9307141900062561
kandinsky-community_kandinsky-3,7922764,0.9432868361473083
kandinsky-community_kandinsky-3,7929519,-1.2008830308914185
kandinsky-community_kandinsky-3,7933274,1.3074681758880615
kandinsky-community_kandinsky-3,7933530,1.1641556024551392
kandinsky-community_kandinsky-3,8089797,1.0842187404632568
kandinsky-community_kandinsky-3,8095160,0.4583768844604492
kandinsky-community_kandinsky-3,8124208,-2.08162784576416
kandinsky-community_kandinsky-3,8339939,0.7690241932868958
kandinsky-community_kandinsky-3,8876291,0.12448101490736008
kandinsky-community_kandinsky-3,9020389,1.6404258012771606
kandinsky-community_kandinsky-3,9044146,-0.5246933698654175
kandinsky-community_kandinsky-3,9057052,-2.2206461429595947
kandinsky-community_kandinsky-3,9427682,-1.0424634218215942
kandinsky-community_kandinsky-3,9580065,0.5812670588493347
kandinsky-community_kandinsky-3,9719434,0.4468883275985718
kandinsky-community_kandinsky-3,9793248,1.3430975675582886
kandinsky-community_kandinsky-3,9794211,-0.8084700107574463
kandinsky-community_kandinsky-3,9862621,1.5821890830993652
kandinsky-community_kandinsky-3,9875188,-1.2231248617172241
kandinsky-community_kandinsky-3,9984659,0.5174856781959534
kandinsky-community_kandinsky-3,10012874,-0.3850530982017517
kandinsky-community_kandinsky-3,10024569,-0.3259653151035309
kandinsky-community_kandinsky-3,10080493,-1.3038992881774902
kandinsky-community_kandinsky-3,10106452,-1.1229695081710815
kandinsky-community_kandinsky-3,10198409,-2.086367130279541
kandinsky-community_kandinsky-3,10333317,0.28312796354293823
kandinsky-community_kandinsky-3,10408552,1.3336412906646729
kandinsky-community_kandinsky-3,10444677,-0.6709557175636292
kandinsky-community_kandinsky-3,10453357,1.4309765100479126
kandinsky-community_kandinsky-3,10548623,-0.24568058550357819
kandinsky-community_kandinsky-3,10572128,-0.9948964715003967
kandinsky-community_kandinsky-3,10794014,1.472256064414978
kandinsky-community_kandinsky-3,10939743,0.18953962624073029
kandinsky-community_kandinsky-3,11039909,0.8385877013206482
kandinsky-community_kandinsky-3,11334088,0.7758504152297974
kandinsky-community_kandinsky-3,11417672,0.4478510320186615
kandinsky-community_kandinsky-3,11437577,-0.2009967714548111
kandinsky-community_kandinsky-3,11460338,-1.0648069381713867
kandinsky-community_kandinsky-3,12345739,-0.5347752571105957
kandinsky-community_kandinsky-3,12402348,-0.3409990668296814
kandinsky-community_kandinsky-3,13221529,-0.769339919090271
kandinsky-community_kandinsky-3,13290566,0.15145176649093628
kandinsky-community_kandinsky-3,13389475,-1.285001277923584
kandinsky-community_kandinsky-3,13390139,1.356462001800537
kandinsky-community_kandinsky-3,13390405,1.5838868618011475
kandinsky-community_kandinsky-3,13392786,0.8429499268531799
kandinsky-community_kandinsky-3,13649361,-2.0388031005859375
kandinsky-community_kandinsky-3,13716878,-0.09336543083190918
kandinsky-community_kandinsky-3,13884740,-0.787177562713623
kandinsky-community_kandinsky-3,13915305,0.7738882899284363
kandinsky-community_kandinsky-3,13931145,0.017336586490273476
kandinsky-community_kandinsky-3,13984082,-0.11251229792833328
kandinsky-community_kandinsky-3,14140678,-1.0541242361068726
kandinsky-community_kandinsky-3,14195315,0.3779543936252594
kandinsky-community_kandinsky-3,14294568,-0.4181818664073944
kandinsky-community_kandinsky-3,14320813,-0.5477223992347717
kandinsky-community_kandinsky-3,14360436,-0.7601003050804138
kandinsky-community_kandinsky-3,14488317,0.25472205877304077
kandinsky-community_kandinsky-3,14533937,-0.1840772181749344
kandinsky-community_kandinsky-3,14550987,0.21243852376937866
kandinsky-community_kandinsky-3,14579933,-2.0431880950927734
kandinsky-community_kandinsky-3,14606290,-0.1383078247308731
kandinsky-community_kandinsky-3,14620257,-0.9395272135734558
kandinsky-community_kandinsky-3,14632648,0.20236779749393463
kandinsky-community_kandinsky-3,14647235,0.2129187136888504
kandinsky-community_kandinsky-3,14654954,-0.5180703997612
kandinsky-community_kandinsky-3,14686352,0.4432018995285034
kandinsky-community_kandinsky-3,14702875,-1.388161063194275
kandinsky-community_kandinsky-3,14703190,-1.499634027481079
kandinsky-community_kandinsky-3,14807929,0.7595948576927185
kandinsky-community_kandinsky-3,14809057,-0.187748983502388
kandinsky-community_kandinsky-3,14867690,-0.15824797749519348
kandinsky-community_kandinsky-3,14872875,-0.46310555934906006
kandinsky-community_kandinsky-3,14880557,1.7106106281280518
kandinsky-community_kandinsky-3,14894140,-0.17363692820072174
kandinsky-community_kandinsky-3,15180934,0.5661561489105225
kandinsky-community_kandinsky-3,15970145,-2.2468276023864746
kandinsky-community_kandinsky-3,17002912,0.13201448321342468
kandinsky-community_kandinsky-3,17012379,-1.7533808946609497
kandinsky-community_kandinsky-3,17282800,0.9391299486160278
kandinsky-community_kandinsky-3,17925539,-2.171893358230591
kandinsky-community_kandinsky-3,18367104,-0.7326735854148865
kandinsky-community_kandinsky-3,18758723,-1.255462408065796
kandinsky-community_kandinsky-3,19143128,1.2381411790847778
kandinsky-community_kandinsky-3,19671124,-1.4973798990249634
kandinsky-community_kandinsky-3,19855707,-2.274778127670288
kandinsky-community_kandinsky-3,19893872,-0.2812241017818451
kandinsky-community_kandinsky-3,20017667,-1.528865933418274
kandinsky-community_kandinsky-3,20128079,-2.1999549865722656
kandinsky-community_kandinsky-3,20471134,-0.09748944640159607
kandinsky-community_kandinsky-3,20495093,-2.0445773601531982
kandinsky-community_kandinsky-3,20782430,-1.5224729776382446
kandinsky-community_kandinsky-3,21377549,-0.9718403220176697
kandinsky-community_kandinsky-3,21564446,-0.6827244162559509
kandinsky-community_kandinsky-3,21620388,-0.47368013858795166
kandinsky-community_kandinsky-3,22149540,-2.265780448913574
kandinsky-community_kandinsky-3,22738759,-2.2417211532592773
kandinsky-community_kandinsky-3,22767176,0.03730229660868645
kandinsky-community_kandinsky-3,23129661,-2.274393081665039
kandinsky-community_kandinsky-3,23185551,0.5652102828025818
kandinsky-community_kandinsky-3,23232427,-0.31965991854667664
kandinsky-community_kandinsky-3,23257851,-1.1094022989273071
kandinsky-community_kandinsky-3,23620789,-0.3275447487831116
kandinsky-community_kandinsky-3,24808131,0.024107709527015686
kandinsky-community_kandinsky-3,24843217,-2.1766932010650635
kandinsky-community_kandinsky-3,24933378,1.4753987789154053
kandinsky-community_kandinsky-3,24942232,0.4469681978225708
kandinsky-community_kandinsky-3,25290589,0.06169358268380165
kandinsky-community_kandinsky-3,25579216,-0.426768958568573
kandinsky-community_kandinsky-3,25685207,-2.164524555206299
kandinsky-community_kandinsky-3,25776594,0.7714859843254089
kandinsky-community_kandinsky-3,26078214,-0.9427584409713745
kandinsky-community_kandinsky-3,26746434,0.1662423312664032
kandinsky-community_kandinsky-3,26998039,0.17367275059223175
kandinsky-community_kandinsky-3,27106238,-1.0318410396575928
kandinsky-community_kandinsky-3,27246777,-2.1094272136688232
kandinsky-community_kandinsky-3,27768637,-0.15124167501926422
kandinsky-community_kandinsky-3,27871992,-1.9974982738494873
kandinsky-community_kandinsky-3,28190972,-1.2900724411010742
kandinsky-community_kandinsky-3,29094321,-0.11220798641443253
kandinsky-community_kandinsky-3,29148617,0.4434596002101898
kandinsky-community_kandinsky-3,29161294,-0.3130926489830017
kandinsky-community_kandinsky-3,29632917,-0.31153517961502075
kandinsky-community_kandinsky-3,29703209,-0.7361181974411011
kandinsky-community_kandinsky-3,29779486,0.4114060699939728
kandinsky-community_kandinsky-3,30028757,0.1314527541399002
kandinsky-community_kandinsky-3,30225071,0.3134250342845917
kandinsky-community_kandinsky-3,30373565,-0.6954430341720581
kandinsky-community_kandinsky-3,30484086,-0.8168337345123291
kandinsky-community_kandinsky-3,30883080,0.13238292932510376
kandinsky-community_kandinsky-3,31114750,-2.2088592052459717
kandinsky-community_kandinsky-3,31196176,-1.4525656700134277
kandinsky-community_kandinsky-3,31391857,-0.39932745695114136
kandinsky-community_kandinsky-3,31595142,1.3574684858322144
kandinsky-community_kandinsky-3,32152786,-2.1855130195617676
kandinsky-community_kandinsky-3,32327818,-0.8827381134033203
kandinsky-community_kandinsky-3,32379732,1.2852625846862793
kandinsky-community_kandinsky-3,32473966,-0.8161960244178772
kandinsky-community_kandinsky-3,32902730,1.3940997123718262
kandinsky-community_kandinsky-3,32932491,-2.278973340988159
kandinsky-community_kandinsky-3,33006578,-0.1914823055267334
kandinsky-community_kandinsky-3,33478721,-1.5438741445541382
kandinsky-community_kandinsky-3,34475997,-1.0570313930511475
kandinsky-community_kandinsky-3,34578737,-2.1316840648651123
kandinsky-community_kandinsky-3,34773230,-2.197953701019287
kandinsky-community_kandinsky-3,36507085,1.3512051105499268
kandinsky-community_kandinsky-3,36678439,-1.475951075553894
kandinsky-community_kandinsky-3,37287360,0.349126935005188
kandinsky-community_kandinsky-3,37319253,1.0279585123062134
kandinsky-community_kandinsky-3,37547870,0.9421188831329346
kandinsky-community_kandinsky-3,37736408,1.1164207458496094
kandinsky-community_kandinsky-3,38014258,0.10936587303876877
kandinsky-community_kandinsky-3,38297191,-0.15438587963581085
kandinsky-community_kandinsky-3,38402744,1.2638397216796875
kandinsky-community_kandinsky-3,38954086,-0.5349618792533875
kandinsky-community_kandinsky-3,39139190,-2.2706007957458496
kandinsky-community_kandinsky-3,39560404,-1.0034582614898682
kandinsky-community_kandinsky-3,39566065,1.7951314449310303
kandinsky-community_kandinsky-3,39595218,1.7133983373641968
kandinsky-community_kandinsky-3,40825299,-0.0615047924220562
kandinsky-community_kandinsky-3,40945115,-0.6895467042922974
kandinsky-community_kandinsky-3,40995095,-0.20227974653244019
kandinsky-community_kandinsky-3,41015844,0.36459651589393616
kandinsky-community_kandinsky-3,41031648,1.5504677295684814
kandinsky-community_kandinsky-3,41161074,1.3839997053146362
kandinsky-community_kandinsky-3,41458919,0.1796417534351349
kandinsky-community_kandinsky-3,41565779,1.517793893814087
kandinsky-community_kandinsky-3,41766391,0.9458340406417847
kandinsky-community_kandinsky-3,41982710,-0.4854256212711334
kandinsky-community_kandinsky-3,42048260,-2.1448822021484375
kandinsky-community_kandinsky-3,42849420,-2.242929220199585
kandinsky-community_kandinsky-3,42931583,-0.5122666358947754
kandinsky-community_kandinsky-3,43060946,0.128067746758461
kandinsky-community_kandinsky-3,43153800,-0.32610446214675903
kandinsky-community_kandinsky-3,43161384,-0.45388931035995483
kandinsky-community_kandinsky-3,43301379,-0.6787911057472229
kandinsky-community_kandinsky-3,43304323,1.5096766948699951
kandinsky-community_kandinsky-3,43367797,-0.739044725894928
kandinsky-community_kandinsky-3,43431032,0.47689518332481384
kandinsky-community_kandinsky-3,43631801,0.4523935616016388
kandinsky-community_kandinsky-3,43735560,-0.3122681975364685
kandinsky-community_kandinsky-3,43858443,0.17976491153240204
kandinsky-community_kandinsky-3,43918624,-1.9500457048416138
kandinsky-community_kandinsky-3,44280552,-1.156949520111084
kandinsky-community_kandinsky-3,44295589,-0.35590171813964844
kandinsky-community_kandinsky-3,44621915,-1.6171014308929443
kandinsky-community_kandinsky-3,44645737,0.46324899792671204
kandinsky-community_kandinsky-3,44838123,1.267723560333252
kandinsky-community_kandinsky-3,45258070,-1.5797317028045654
kandinsky-community_kandinsky-3,45297641,0.14947457611560822
kandinsky-community_kandinsky-3,45418454,0.49771004915237427
kandinsky-community_kandinsky-3,45564900,-2.2745208740234375
kandinsky-community_kandinsky-3,46150029,-0.20769144594669342
kandinsky-community_kandinsky-3,46394736,-2.0318334102630615
kandinsky-community_kandinsky-3,46673664,0.9988675117492676
kandinsky-community_kandinsky-3,46994920,-2.162783145904541
kandinsky-community_kandinsky-3,47009060,-2.131708860397339
kandinsky-community_kandinsky-3,47552953,1.42081880569458
kandinsky-community_kandinsky-3,47595220,-0.03156270831823349
kandinsky-community_kandinsky-3,47819321,1.2087743282318115
kandinsky-community_kandinsky-3,48223384,-0.5002630949020386
kandinsky-community_kandinsky-3,48351897,-0.12935234606266022
kandinsky-community_kandinsky-3,48754831,0.11858001351356506
kandinsky-community_kandinsky-3,49054805,1.23183012008667
kandinsky-community_kandinsky-3,49089576,-1.3723021745681763
kandinsky-community_kandinsky-3,49300740,-0.11373245716094971
kandinsky-community_kandinsky-3,49358811,1.5816296339035034
kandinsky-community_kandinsky-3,49462954,-0.636568546295166
kandinsky-community_kandinsky-3,50262859,0.7817068696022034
kandinsky-community_kandinsky-3,50871471,1.0738686323165894
kandinsky-community_kandinsky-3,50952217,0.9272459149360657
kandinsky-community_kandinsky-3,51060824,0.3313734829425812
kandinsky-community_kandinsky-3,51314050,0.7428554892539978
kandinsky-community_kandinsky-3,51946990,-0.8257374167442322
kandinsky-community_kandinsky-3,52325745,-1.6068925857543945
kandinsky-community_kandinsky-3,52474100,-1.6757991313934326
kandinsky-community_kandinsky-3,52516409,0.06577348709106445
kandinsky-community_kandinsky-3,52711595,-0.1204405352473259
kandinsky-community_kandinsky-3,53022028,-2.0826449394226074
kandinsky-community_kandinsky-3,53205877,-2.27191162109375
kandinsky-community_kandinsky-3,53288018,-2.2131471633911133
kandinsky-community_kandinsky-3,53443611,1.3592511415481567
kandinsky-community_kandinsky-3,53815934,0.11025117337703705
kandinsky-community_kandinsky-3,54495173,0.7703778147697449
kandinsky-community_kandinsky-3,54931507,-1.362062692642212
kandinsky-community_kandinsky-3,55191509,1.0496971607208252
kandinsky-community_kandinsky-3,55255145,0.0713488757610321
kandinsky-community_kandinsky-3,55457672,-2.220745325088501
kandinsky-community_kandinsky-3,55588327,0.4449092745780945
kandinsky-community_kandinsky-3,55653646,-0.2758937180042267
kandinsky-community_kandinsky-3,55658809,-1.6181997060775757
kandinsky-community_kandinsky-3,55812974,-0.552757978439331
kandinsky-community_kandinsky-3,55819553,-0.013065192848443985
kandinsky-community_kandinsky-3,55826966,-0.1897200644016266
kandinsky-community_kandinsky-3,55983905,0.355935662984848
kandinsky-community_kandinsky-3,56074056,0.31326499581336975
kandinsky-community_kandinsky-3,56112588,0.2355070859193802
kandinsky-community_kandinsky-3,56121520,1.0161529779434204
kandinsky-community_kandinsky-3,56250900,-1.8985145092010498
kandinsky-community_kandinsky-3,56458800,1.0409241914749146
kandinsky-community_kandinsky-3,56792430,-0.30912038683891296
kandinsky-community_kandinsky-3,56982260,-1.8912441730499268
kandinsky-community_kandinsky-3,57673976,-1.693184494972229
kandinsky-community_kandinsky-3,57716963,-0.24262778460979462
kandinsky-community_kandinsky-3,57729980,-2.167529344558716
kandinsky-community_kandinsky-3,57785005,0.7389011383056641
kandinsky-community_kandinsky-3,57873614,-1.4106855392456055
kandinsky-community_kandinsky-3,58727024,-1.1951642036437988
kandinsky-community_kandinsky-3,58761464,-1.757302165031433
kandinsky-community_kandinsky-3,59399259,-0.4909719228744507
kandinsky-community_kandinsky-3,59976859,0.8597087264060974
kandinsky-community_kandinsky-3,60083345,0.19405269622802734
kandinsky-community_kandinsky-3,60214770,-0.39079275727272034
kandinsky-community_kandinsky-3,60215376,-1.540926456451416
kandinsky-community_kandinsky-3,60375309,0.44274666905403137
kandinsky-community_kandinsky-3,60606896,-0.7729015350341797
kandinsky-community_kandinsky-3,60668084,-0.16960026323795319
kandinsky-community_kandinsky-3,61035709,-2.2063324451446533
kandinsky-community_kandinsky-3,61388266,-1.8275721073150635
kandinsky-community_kandinsky-3,61627313,-0.8784523606300354
kandinsky-community_kandinsky-3,61635816,1.164044976234436
kandinsky-community_kandinsky-3,61853324,1.670554280281067
kandinsky-community_kandinsky-3,62408818,0.05316869542002678
kandinsky-community_kandinsky-3,62841330,-1.0243381261825562
kandinsky-community_kandinsky-3,63015570,0.3246901333332062
kandinsky-community_kandinsky-3,63336441,-0.45870381593704224
kandinsky-community_kandinsky-3,63633117,-1.6737916469573975
kandinsky-community_kandinsky-3,64576544,-1.8099421262741089
kandinsky-community_kandinsky-3,64687077,-1.1972978115081787
kandinsky-community_kandinsky-3,64693533,1.8144752979278564
kandinsky-community_kandinsky-3,64856142,0.8129218220710754
kandinsky-community_kandinsky-3,65411270,-0.23875850439071655
kandinsky-community_kandinsky-3,65557844,0.05859258025884628
kandinsky-community_kandinsky-3,65824677,-1.9472906589508057
kandinsky-community_kandinsky-3,65890875,-0.8186967968940735
kandinsky-community_kandinsky-3,65960228,-0.9512282013893127
kandinsky-community_kandinsky-3,66668538,0.258104145526886
kandinsky-community_kandinsky-3,67344811,1.3023172616958618
kandinsky-community_kandinsky-3,67949798,0.6572525501251221
kandinsky-community_kandinsky-3,68246844,-2.015125036239624
kandinsky-community_kandinsky-3,68280322,-2.190354108810425
kandinsky-community_kandinsky-3,68321683,-0.2630780041217804
kandinsky-community_kandinsky-3,68380669,0.5334821939468384
kandinsky-community_kandinsky-3,68575085,1.5862317085266113
kandinsky-community_kandinsky-3,70380966,-1.0237560272216797
kandinsky-community_kandinsky-3,70494671,-2.019943952560425
kandinsky-community_kandinsky-3,71055464,-2.240750312805176
kandinsky-community_kandinsky-3,71591839,-2.2328848838806152
kandinsky-community_kandinsky-3,71828875,-0.8409348726272583
kandinsky-community_kandinsky-3,71910823,0.07369380444288254
kandinsky-community_kandinsky-3,71959499,0.8024901151657104
kandinsky-community_kandinsky-3,72432241,0.6912887096405029
kandinsky-community_kandinsky-3,72553814,-1.72832190990448
kandinsky-community_kandinsky-3,73051579,0.3705185651779175
kandinsky-community_kandinsky-3,73600586,-0.42944464087486267
kandinsky-community_kandinsky-3,73616417,0.9884092807769775
kandinsky-community_kandinsky-3,73681289,0.8156166076660156
kandinsky-community_kandinsky-3,73962724,-0.17857132852077484
kandinsky-community_kandinsky-3,74175857,-0.14159312844276428
kandinsky-community_kandinsky-3,75051801,-2.1992101669311523
kandinsky-community_kandinsky-3,75787772,-1.1089097261428833
kandinsky-community_kandinsky-3,75944980,-1.6941226720809937
kandinsky-community_kandinsky-3,75964288,-0.7071795463562012
kandinsky-community_kandinsky-3,76066166,-0.027253851294517517
kandinsky-community_kandinsky-3,76100398,-1.646854281425476
kandinsky-community_kandinsky-3,76425345,-2.2777678966522217
kandinsky-community_kandinsky-3,77106105,-0.03961952403187752
kandinsky-community_kandinsky-3,77132310,-0.23341594636440277
kandinsky-community_kandinsky-3,77232534,-2.1957693099975586
kandinsky-community_kandinsky-3,77312726,-2.2633843421936035
kandinsky-community_kandinsky-3,77358840,0.8444894552230835
kandinsky-community_kandinsky-3,77490593,-0.3115795850753784
kandinsky-community_kandinsky-3,77726888,-0.2065884917974472
kandinsky-community_kandinsky-3,78735978,-0.153506338596344
kandinsky-community_kandinsky-3,79077085,-2.236203193664551
kandinsky-community_kandinsky-3,79212243,-1.8697423934936523
kandinsky-community_kandinsky-3,79606917,-2.174581527709961
kandinsky-community_kandinsky-3,79918827,0.587749183177948
kandinsky-community_kandinsky-3,80289373,0.03769006207585335
kandinsky-community_kandinsky-3,80371125,0.5315587520599365
kandinsky-community_kandinsky-3,80540387,-1.640375018119812
kandinsky-community_kandinsky-3,81135077,-0.022952333092689514
kandinsky-community_kandinsky-3,81303945,-2.0225703716278076
kandinsky-community_kandinsky-3,81435593,0.9990429878234863
kandinsky-community_kandinsky-3,82282590,0.14992138743400574
kandinsky-community_kandinsky-3,82696415,-0.808743417263031
kandinsky-community_kandinsky-3,82916016,-2.2694664001464844
kandinsky-community_kandinsky-3,83084473,1.495917797088623
kandinsky-community_kandinsky-3,83418847,0.11877339333295822
kandinsky-community_kandinsky-3,84089324,-2.2756218910217285
kandinsky-community_kandinsky-3,84306831,-2.1656994819641113
kandinsky-community_kandinsky-3,84510135,-1.1083652973175049
kandinsky-community_kandinsky-3,84788890,0.43267741799354553
kandinsky-community_kandinsky-3,84985982,0.5744518637657166
kandinsky-community_kandinsky-3,85191733,-2.269627094268799
kandinsky-community_kandinsky-3,86119145,0.11679814755916595
kandinsky-community_kandinsky-3,86340862,1.2863701581954956
kandinsky-community_kandinsky-3,86341828,-0.737933337688446
kandinsky-community_kandinsky-3,86537356,0.21254049241542816
kandinsky-community_kandinsky-3,86701636,1.029965877532959
kandinsky-community_kandinsky-3,86714939,-0.11194983869791031
kandinsky-community_kandinsky-3,87574583,-1.0535223484039307
kandinsky-community_kandinsky-3,87699711,-0.6999320983886719
kandinsky-community_kandinsky-3,88016571,1.1455827951431274
kandinsky-community_kandinsky-3,88087492,0.06229096278548241
kandinsky-community_kandinsky-3,89227603,0.3023841679096222
kandinsky-community_kandinsky-3,89539854,-2.2592267990112305
kandinsky-community_kandinsky-3,89926787,1.8149465322494507
kandinsky-community_kandinsky-3,90244932,-1.4950428009033203
kandinsky-community_kandinsky-3,90493027,-0.05855191498994827
kandinsky-community_kandinsky-3,90613035,0.1274629533290863
kandinsky-community_kandinsky-3,91368797,1.1084682941436768
kandinsky-community_kandinsky-3,91784299,0.732994019985199
kandinsky-community_kandinsky-3,91790573,1.1724904775619507
kandinsky-community_kandinsky-3,91834546,-2.275691032409668
kandinsky-community_kandinsky-3,92068094,-1.5196269750595093
kandinsky-community_kandinsky-3,92311656,0.3895414173603058
kandinsky-community_kandinsky-3,92709444,-0.04703785851597786
kandinsky-community_kandinsky-3,93114575,-0.4219011068344116
kandinsky-community_kandinsky-3,93256557,0.5954418182373047
kandinsky-community_kandinsky-3,93407716,-2.278575897216797
kandinsky-community_kandinsky-3,93436296,-0.18074649572372437
kandinsky-community_kandinsky-3,93512057,-2.0601656436920166
kandinsky-community_kandinsky-3,94006560,0.1390039622783661
kandinsky-community_kandinsky-3,94321535,-0.6602132320404053
kandinsky-community_kandinsky-3,94532154,-0.20280075073242188
kandinsky-community_kandinsky-3,95171107,-2.1051135063171387
kandinsky-community_kandinsky-3,95228839,-0.4268694221973419
kandinsky-community_kandinsky-3,95325441,-1.7143017053604126
kandinsky-community_kandinsky-3,95450946,-0.9063687324523926
kandinsky-community_kandinsky-3,95583911,0.05590856820344925
kandinsky-community_kandinsky-3,95718306,0.6548380851745605
kandinsky-community_kandinsky-3,95737828,-0.4761944115161896
kandinsky-community_kandinsky-3,96448597,-1.0943001508712769
kandinsky-community_kandinsky-3,96482065,-0.09925775229930878
kandinsky-community_kandinsky-3,96521920,-0.2913399338722229
kandinsky-community_kandinsky-3,96850153,1.5693209171295166
kandinsky-community_kandinsky-3,98113191,1.5173704624176025
kandinsky-community_kandinsky-3,98195317,-1.2670719623565674
kandinsky-community_kandinsky-3,98254655,0.4587768316268921
kandinsky-community_kandinsky-3,98319500,0.8985997438430786
kandinsky-community_kandinsky-3,98642787,-2.2485575675964355
kandinsky-community_kandinsky-3,98646702,-2.2741260528564453
kandinsky-community_kandinsky-3,98929226,-2.201810598373413
kandinsky-community_kandinsky-3,99178779,1.6480677127838135
kandinsky-community_kandinsky-3,99185892,-1.407312035560608
kandinsky-community_kandinsky-3,99211012,-1.8798857927322388
kandinsky-community_kandinsky-3,99410560,-0.6868000626564026
kandinsky-community_kandinsky-3,99862294,0.9740848541259766
playgroundai_playground-v2.5-1024px-aesthetic,138508,0.7124247550964355
playgroundai_playground-v2.5-1024px-aesthetic,192051,0.5191872715950012
playgroundai_playground-v2.5-1024px-aesthetic,213186,0.3829115033149719
playgroundai_playground-v2.5-1024px-aesthetic,232386,-0.2460881918668747
playgroundai_playground-v2.5-1024px-aesthetic,232765,-0.47768181562423706
playgroundai_playground-v2.5-1024px-aesthetic,258857,0.5827105641365051
playgroundai_playground-v2.5-1024px-aesthetic,283090,1.0978434085845947
playgroundai_playground-v2.5-1024px-aesthetic,285141,0.5474622249603271
playgroundai_playground-v2.5-1024px-aesthetic,399030,-0.37353238463401794
playgroundai_playground-v2.5-1024px-aesthetic,440189,-0.36102059483528137
playgroundai_playground-v2.5-1024px-aesthetic,445169,-0.6369065642356873
playgroundai_playground-v2.5-1024px-aesthetic,486490,-0.43765753507614136
playgroundai_playground-v2.5-1024px-aesthetic,487072,1.6224356889724731
playgroundai_playground-v2.5-1024px-aesthetic,487326,-0.36205264925956726
playgroundai_playground-v2.5-1024px-aesthetic,489837,-0.5928299427032471
playgroundai_playground-v2.5-1024px-aesthetic,646833,0.9078710079193115
playgroundai_playground-v2.5-1024px-aesthetic,708860,-2.259326696395874
playgroundai_playground-v2.5-1024px-aesthetic,717208,1.596237063407898
playgroundai_playground-v2.5-1024px-aesthetic,717468,1.7482929229736328
playgroundai_playground-v2.5-1024px-aesthetic,735254,-1.9445961713790894
playgroundai_playground-v2.5-1024px-aesthetic,762478,-0.20685867965221405
playgroundai_playground-v2.5-1024px-aesthetic,825443,1.005957841873169
playgroundai_playground-v2.5-1024px-aesthetic,831919,-0.22333885729312897
playgroundai_playground-v2.5-1024px-aesthetic,896677,0.806598424911499
playgroundai_playground-v2.5-1024px-aesthetic,936620,0.9034819006919861
playgroundai_playground-v2.5-1024px-aesthetic,974367,-0.06759161502122879
playgroundai_playground-v2.5-1024px-aesthetic,993014,1.1156824827194214
playgroundai_playground-v2.5-1024px-aesthetic,995855,1.1478489637374878
playgroundai_playground-v2.5-1024px-aesthetic,1113367,0.9481059908866882
playgroundai_playground-v2.5-1024px-aesthetic,1171644,0.39753955602645874
playgroundai_playground-v2.5-1024px-aesthetic,1209135,-0.31212690472602844
playgroundai_playground-v2.5-1024px-aesthetic,1317294,0.5458714962005615
playgroundai_playground-v2.5-1024px-aesthetic,1317533,-1.5874179601669312
playgroundai_playground-v2.5-1024px-aesthetic,1321854,1.7382373809814453
playgroundai_playground-v2.5-1024px-aesthetic,1377758,-0.05010879039764404
playgroundai_playground-v2.5-1024px-aesthetic,1474832,0.31908291578292847
playgroundai_playground-v2.5-1024px-aesthetic,1516071,-1.0565077066421509
playgroundai_playground-v2.5-1024px-aesthetic,1566705,0.4293699562549591
playgroundai_playground-v2.5-1024px-aesthetic,1640855,1.3856825828552246
playgroundai_playground-v2.5-1024px-aesthetic,1668603,0.07604755461215973
playgroundai_playground-v2.5-1024px-aesthetic,1678990,-0.14307445287704468
playgroundai_playground-v2.5-1024px-aesthetic,1699831,1.4420627355575562
playgroundai_playground-v2.5-1024px-aesthetic,1707698,1.2589771747589111
playgroundai_playground-v2.5-1024px-aesthetic,1727942,0.4189643859863281
playgroundai_playground-v2.5-1024px-aesthetic,2045760,0.5410767793655396
playgroundai_playground-v2.5-1024px-aesthetic,2075049,-0.6963521838188171
playgroundai_playground-v2.5-1024px-aesthetic,2075764,0.07986979931592941
playgroundai_playground-v2.5-1024px-aesthetic,2241569,1.3273414373397827
playgroundai_playground-v2.5-1024px-aesthetic,2720725,0.2516839802265167
playgroundai_playground-v2.5-1024px-aesthetic,2721160,-0.5930783152580261
playgroundai_playground-v2.5-1024px-aesthetic,2730265,-0.4635278284549713
playgroundai_playground-v2.5-1024px-aesthetic,2744395,-2.21791672706604
playgroundai_playground-v2.5-1024px-aesthetic,2770078,1.1666966676712036
playgroundai_playground-v2.5-1024px-aesthetic,2793684,0.46058377623558044
playgroundai_playground-v2.5-1024px-aesthetic,2803666,1.6941622495651245
playgroundai_playground-v2.5-1024px-aesthetic,2807731,0.5248931050300598
playgroundai_playground-v2.5-1024px-aesthetic,2821943,0.43763989210128784
playgroundai_playground-v2.5-1024px-aesthetic,2824319,-0.8286364078521729
playgroundai_playground-v2.5-1024px-aesthetic,2825442,1.6614627838134766
playgroundai_playground-v2.5-1024px-aesthetic,2852043,0.112455815076828
playgroundai_playground-v2.5-1024px-aesthetic,2870293,0.3832743167877197
playgroundai_playground-v2.5-1024px-aesthetic,2870880,1.4355427026748657
playgroundai_playground-v2.5-1024px-aesthetic,2923535,-0.8332354426383972
playgroundai_playground-v2.5-1024px-aesthetic,2933112,1.5886074304580688
playgroundai_playground-v2.5-1024px-aesthetic,2963987,1.4784561395645142
playgroundai_playground-v2.5-1024px-aesthetic,2991302,0.8488476872444153
playgroundai_playground-v2.5-1024px-aesthetic,3024209,-1.3691482543945312
playgroundai_playground-v2.5-1024px-aesthetic,3035832,-0.2946433424949646
playgroundai_playground-v2.5-1024px-aesthetic,3049457,1.0356495380401611
playgroundai_playground-v2.5-1024px-aesthetic,3107488,-0.41428813338279724
playgroundai_playground-v2.5-1024px-aesthetic,3131388,-0.6939636468887329
playgroundai_playground-v2.5-1024px-aesthetic,3131669,-1.1940929889678955
playgroundai_playground-v2.5-1024px-aesthetic,3152830,-0.48233988881111145
playgroundai_playground-v2.5-1024px-aesthetic,3249569,1.7261849641799927
playgroundai_playground-v2.5-1024px-aesthetic,3262349,0.5055542588233948
playgroundai_playground-v2.5-1024px-aesthetic,3288500,0.3048551082611084
playgroundai_playground-v2.5-1024px-aesthetic,3298716,1.5978971719741821
playgroundai_playground-v2.5-1024px-aesthetic,3308246,1.6881535053253174
playgroundai_playground-v2.5-1024px-aesthetic,3309110,-0.9938902854919434
playgroundai_playground-v2.5-1024px-aesthetic,3347220,0.6272963285446167
playgroundai_playground-v2.5-1024px-aesthetic,3353281,0.4885609447956085
playgroundai_playground-v2.5-1024px-aesthetic,3366112,-0.4595251977443695
playgroundai_playground-v2.5-1024px-aesthetic,3411927,0.8647384643554688
playgroundai_playground-v2.5-1024px-aesthetic,3456665,1.6166092157363892
playgroundai_playground-v2.5-1024px-aesthetic,3563208,-0.7073417901992798
playgroundai_playground-v2.5-1024px-aesthetic,3580281,-1.0469707250595093
playgroundai_playground-v2.5-1024px-aesthetic,3603442,0.9348104000091553
playgroundai_playground-v2.5-1024px-aesthetic,3607029,1.8445099592208862
playgroundai_playground-v2.5-1024px-aesthetic,3628071,1.4350333213806152
playgroundai_playground-v2.5-1024px-aesthetic,3630383,1.4857091903686523
playgroundai_playground-v2.5-1024px-aesthetic,3676483,0.638233482837677
playgroundai_playground-v2.5-1024px-aesthetic,3679712,0.4809735119342804
playgroundai_playground-v2.5-1024px-aesthetic,3685307,0.2966748774051666
playgroundai_playground-v2.5-1024px-aesthetic,3703463,-0.19797155261039734
playgroundai_playground-v2.5-1024px-aesthetic,3714235,1.7878673076629639
playgroundai_playground-v2.5-1024px-aesthetic,3728318,-0.5768953561782837
playgroundai_playground-v2.5-1024px-aesthetic,3748162,0.48517364263534546
playgroundai_playground-v2.5-1024px-aesthetic,3764276,1.480796217918396
playgroundai_playground-v2.5-1024px-aesthetic,3818090,0.4580247402191162
playgroundai_playground-v2.5-1024px-aesthetic,3842156,0.869326114654541
playgroundai_playground-v2.5-1024px-aesthetic,3880032,-1.0800087451934814
playgroundai_playground-v2.5-1024px-aesthetic,3889343,1.5457189083099365
playgroundai_playground-v2.5-1024px-aesthetic,3907654,0.5366600155830383
playgroundai_playground-v2.5-1024px-aesthetic,3940713,-0.2677810490131378
playgroundai_playground-v2.5-1024px-aesthetic,3975232,-1.4576410055160522
playgroundai_playground-v2.5-1024px-aesthetic,3982060,0.29764798283576965
playgroundai_playground-v2.5-1024px-aesthetic,3990474,1.5184921026229858
playgroundai_playground-v2.5-1024px-aesthetic,4010305,-1.151574730873108
playgroundai_playground-v2.5-1024px-aesthetic,4025130,1.3455615043640137
playgroundai_playground-v2.5-1024px-aesthetic,4062807,1.5024925470352173
playgroundai_playground-v2.5-1024px-aesthetic,4123448,0.779257595539093
playgroundai_playground-v2.5-1024px-aesthetic,4125853,-0.38780632615089417
playgroundai_playground-v2.5-1024px-aesthetic,4140340,1.6867436170578003
playgroundai_playground-v2.5-1024px-aesthetic,4145056,0.2791759669780731
playgroundai_playground-v2.5-1024px-aesthetic,4192521,-2.213271141052246
playgroundai_playground-v2.5-1024px-aesthetic,4259202,-0.8193081021308899
playgroundai_playground-v2.5-1024px-aesthetic,4285773,0.04543989896774292
playgroundai_playground-v2.5-1024px-aesthetic,4345028,1.4254895448684692
playgroundai_playground-v2.5-1024px-aesthetic,4387201,1.4347341060638428
playgroundai_playground-v2.5-1024px-aesthetic,4416901,0.4187372326850891
playgroundai_playground-v2.5-1024px-aesthetic,4455579,-0.5776113867759705
playgroundai_playground-v2.5-1024px-aesthetic,4497570,1.3298959732055664
playgroundai_playground-v2.5-1024px-aesthetic,4534520,0.8576947450637817
playgroundai_playground-v2.5-1024px-aesthetic,4539203,1.0017883777618408
playgroundai_playground-v2.5-1024px-aesthetic,4552551,1.209068775177002
playgroundai_playground-v2.5-1024px-aesthetic,4596797,-2.171830415725708
playgroundai_playground-v2.5-1024px-aesthetic,4832208,-1.47688627243042
playgroundai_playground-v2.5-1024px-aesthetic,4930139,1.231284260749817
playgroundai_playground-v2.5-1024px-aesthetic,5008085,-0.4182168245315552
playgroundai_playground-v2.5-1024px-aesthetic,5219923,0.8840233683586121
playgroundai_playground-v2.5-1024px-aesthetic,5316083,0.4354741871356964
playgroundai_playground-v2.5-1024px-aesthetic,5350912,-0.4539562463760376
playgroundai_playground-v2.5-1024px-aesthetic,5374860,0.23303648829460144
playgroundai_playground-v2.5-1024px-aesthetic,5410315,0.0992458164691925
playgroundai_playground-v2.5-1024px-aesthetic,5522784,-0.08263766765594482
playgroundai_playground-v2.5-1024px-aesthetic,5728577,0.2834146320819855
playgroundai_playground-v2.5-1024px-aesthetic,5752544,0.8865705728530884
playgroundai_playground-v2.5-1024px-aesthetic,5794797,1.3092316389083862
playgroundai_playground-v2.5-1024px-aesthetic,5895919,0.623996913433075
playgroundai_playground-v2.5-1024px-aesthetic,5958517,0.042737025767564774
playgroundai_playground-v2.5-1024px-aesthetic,6189776,0.2951265275478363
playgroundai_playground-v2.5-1024px-aesthetic,6528587,-0.5543913245201111
playgroundai_playground-v2.5-1024px-aesthetic,6584891,-0.7625164985656738
playgroundai_playground-v2.5-1024px-aesthetic,6586355,0.6292163729667664
playgroundai_playground-v2.5-1024px-aesthetic,6607809,0.5254606604576111
playgroundai_playground-v2.5-1024px-aesthetic,6615026,-0.5225309729576111
playgroundai_playground-v2.5-1024px-aesthetic,6615458,-1.0892757177352905
playgroundai_playground-v2.5-1024px-aesthetic,6615818,1.132042407989502
playgroundai_playground-v2.5-1024px-aesthetic,6616314,1.5149399042129517
playgroundai_playground-v2.5-1024px-aesthetic,6617011,0.04691274091601372
playgroundai_playground-v2.5-1024px-aesthetic,6617413,-0.22271306812763214
playgroundai_playground-v2.5-1024px-aesthetic,6729499,0.2506503760814667
playgroundai_playground-v2.5-1024px-aesthetic,6880664,0.12028909474611282
playgroundai_playground-v2.5-1024px-aesthetic,6883725,1.2485108375549316
playgroundai_playground-v2.5-1024px-aesthetic,6946774,-2.0695409774780273
playgroundai_playground-v2.5-1024px-aesthetic,7025268,1.317873239517212
playgroundai_playground-v2.5-1024px-aesthetic,7109847,0.49030235409736633
playgroundai_playground-v2.5-1024px-aesthetic,7116261,1.3433564901351929
playgroundai_playground-v2.5-1024px-aesthetic,7150023,1.649620771408081
playgroundai_playground-v2.5-1024px-aesthetic,7163803,-0.11704801023006439
playgroundai_playground-v2.5-1024px-aesthetic,7507098,0.45661070942878723
playgroundai_playground-v2.5-1024px-aesthetic,7596684,1.1176198720932007
playgroundai_playground-v2.5-1024px-aesthetic,7597365,0.7564843893051147
playgroundai_playground-v2.5-1024px-aesthetic,7601809,0.6999781131744385
playgroundai_playground-v2.5-1024px-aesthetic,7605282,-1.427194356918335
playgroundai_playground-v2.5-1024px-aesthetic,7606419,-1.8328040838241577
playgroundai_playground-v2.5-1024px-aesthetic,7607707,0.09711973369121552
playgroundai_playground-v2.5-1024px-aesthetic,7608721,0.5847167372703552
playgroundai_playground-v2.5-1024px-aesthetic,7625977,1.3375884294509888
playgroundai_playground-v2.5-1024px-aesthetic,7626721,1.6951195001602173
playgroundai_playground-v2.5-1024px-aesthetic,7626833,1.5059292316436768
playgroundai_playground-v2.5-1024px-aesthetic,7627310,0.4265112578868866
playgroundai_playground-v2.5-1024px-aesthetic,7651454,0.6963226199150085
playgroundai_playground-v2.5-1024px-aesthetic,7654438,1.2675774097442627
playgroundai_playground-v2.5-1024px-aesthetic,7664468,-0.021721582859754562
playgroundai_playground-v2.5-1024px-aesthetic,7698915,0.7222797274589539
playgroundai_playground-v2.5-1024px-aesthetic,7700167,1.6089543104171753
playgroundai_playground-v2.5-1024px-aesthetic,7700868,1.047544002532959
playgroundai_playground-v2.5-1024px-aesthetic,7701244,1.2671630382537842
playgroundai_playground-v2.5-1024px-aesthetic,7702193,1.323403000831604
playgroundai_playground-v2.5-1024px-aesthetic,7710616,1.0928051471710205
playgroundai_playground-v2.5-1024px-aesthetic,7834065,0.0659431740641594
playgroundai_playground-v2.5-1024px-aesthetic,7854266,-0.05299060419201851
playgroundai_playground-v2.5-1024px-aesthetic,7854455,0.9864487648010254
playgroundai_playground-v2.5-1024px-aesthetic,7871940,1.639690637588501
playgroundai_playground-v2.5-1024px-aesthetic,7891189,1.4416497945785522
playgroundai_playground-v2.5-1024px-aesthetic,7897116,-0.13119523227214813
playgroundai_playground-v2.5-1024px-aesthetic,7914271,1.158403754234314
playgroundai_playground-v2.5-1024px-aesthetic,7922764,1.0211061239242554
playgroundai_playground-v2.5-1024px-aesthetic,7929519,1.0919924974441528
playgroundai_playground-v2.5-1024px-aesthetic,7933274,1.1437069177627563
playgroundai_playground-v2.5-1024px-aesthetic,7933530,1.1867258548736572
playgroundai_playground-v2.5-1024px-aesthetic,8089797,0.7020989060401917
playgroundai_playground-v2.5-1024px-aesthetic,8095160,-1.156021237373352
playgroundai_playground-v2.5-1024px-aesthetic,8124208,-2.2219955921173096
playgroundai_playground-v2.5-1024px-aesthetic,8339939,0.07790709286928177
playgroundai_playground-v2.5-1024px-aesthetic,8876291,0.3038920760154724
playgroundai_playground-v2.5-1024px-aesthetic,9020389,1.648430347442627
playgroundai_playground-v2.5-1024px-aesthetic,9044146,-0.4617067873477936
playgroundai_playground-v2.5-1024px-aesthetic,9057052,-2.1935067176818848
playgroundai_playground-v2.5-1024px-aesthetic,9427682,-0.657526969909668
playgroundai_playground-v2.5-1024px-aesthetic,9580065,1.4093562364578247
playgroundai_playground-v2.5-1024px-aesthetic,9719434,0.2716885805130005
playgroundai_playground-v2.5-1024px-aesthetic,9793248,1.1205201148986816
playgroundai_playground-v2.5-1024px-aesthetic,9794211,-0.5340356826782227
playgroundai_playground-v2.5-1024px-aesthetic,9862621,0.9420713186264038
playgroundai_playground-v2.5-1024px-aesthetic,9875188,-1.1335076093673706
playgroundai_playground-v2.5-1024px-aesthetic,9984659,1.359440803527832
playgroundai_playground-v2.5-1024px-aesthetic,10012874,-0.5649682879447937
playgroundai_playground-v2.5-1024px-aesthetic,10024569,-0.3486984968185425
playgroundai_playground-v2.5-1024px-aesthetic,10080493,-0.8697794675827026
playgroundai_playground-v2.5-1024px-aesthetic,10106452,-1.132786512374878
playgroundai_playground-v2.5-1024px-aesthetic,10198409,-0.5575058460235596
playgroundai_playground-v2.5-1024px-aesthetic,10333317,-0.30453410744667053
playgroundai_playground-v2.5-1024px-aesthetic,10408552,1.55483877658844
playgroundai_playground-v2.5-1024px-aesthetic,10444677,-1.2475440502166748
playgroundai_playground-v2.5-1024px-aesthetic,10453357,1.8493129014968872
playgroundai_playground-v2.5-1024px-aesthetic,10548623,0.10580014437437057
playgroundai_playground-v2.5-1024px-aesthetic,10572128,-1.0368499755859375
playgroundai_playground-v2.5-1024px-aesthetic,10794014,1.3370286226272583
playgroundai_playground-v2.5-1024px-aesthetic,10939743,1.4027388095855713
playgroundai_playground-v2.5-1024px-aesthetic,11039909,0.7340044379234314
playgroundai_playground-v2.5-1024px-aesthetic,11334088,0.5688801407814026
playgroundai_playground-v2.5-1024px-aesthetic,11417672,1.1364411115646362
playgroundai_playground-v2.5-1024px-aesthetic,11437577,0.5601302981376648
playgroundai_playground-v2.5-1024px-aesthetic,11460338,-0.3230358958244324
playgroundai_playground-v2.5-1024px-aesthetic,12345739,0.27265214920043945
playgroundai_playground-v2.5-1024px-aesthetic,12402348,0.6822003722190857
playgroundai_playground-v2.5-1024px-aesthetic,13221529,0.22588415443897247
playgroundai_playground-v2.5-1024px-aesthetic,13290566,1.1376584768295288
playgroundai_playground-v2.5-1024px-aesthetic,13389475,-0.2774658203125
playgroundai_playground-v2.5-1024px-aesthetic,13390139,1.0596034526824951
playgroundai_playground-v2.5-1024px-aesthetic,13390405,0.9017064571380615
playgroundai_playground-v2.5-1024px-aesthetic,13392786,1.1345847845077515
playgroundai_playground-v2.5-1024px-aesthetic,13649361,-1.8625757694244385
playgroundai_playground-v2.5-1024px-aesthetic,13716878,1.6721440553665161
playgroundai_playground-v2.5-1024px-aesthetic,13884740,0.14117610454559326
playgroundai_playground-v2.5-1024px-aesthetic,13915305,1.2039768695831299
playgroundai_playground-v2.5-1024px-aesthetic,13931145,0.6427783966064453
playgroundai_playground-v2.5-1024px-aesthetic,13984082,0.27591472864151
playgroundai_playground-v2.5-1024px-aesthetic,14140678,-0.1160999983549118
playgroundai_playground-v2.5-1024px-aesthetic,14195315,-0.25334468483924866
playgroundai_playground-v2.5-1024px-aesthetic,14294568,-0.5037329196929932
playgroundai_playground-v2.5-1024px-aesthetic,14320813,0.09703649580478668
playgroundai_playground-v2.5-1024px-aesthetic,14360436,1.4770328998565674
playgroundai_playground-v2.5-1024px-aesthetic,14488317,1.0686513185501099
playgroundai_playground-v2.5-1024px-aesthetic,14533937,-0.10242253541946411
playgroundai_playground-v2.5-1024px-aesthetic,14550987,1.1275393962860107
playgroundai_playground-v2.5-1024px-aesthetic,14579933,-1.0954762697219849
playgroundai_playground-v2.5-1024px-aesthetic,14606290,0.4063734710216522
playgroundai_playground-v2.5-1024px-aesthetic,14620257,-0.2797151207923889
playgroundai_playground-v2.5-1024px-aesthetic,14632648,-0.8145522475242615
playgroundai_playground-v2.5-1024px-aesthetic,14647235,-0.1256038099527359
playgroundai_playground-v2.5-1024px-aesthetic,14654954,0.3392925262451172
playgroundai_playground-v2.5-1024px-aesthetic,14686352,0.5927730798721313
playgroundai_playground-v2.5-1024px-aesthetic,14702875,-0.779471218585968
playgroundai_playground-v2.5-1024px-aesthetic,14703190,-0.07355848699808121
playgroundai_playground-v2.5-1024px-aesthetic,14807929,0.40012288093566895
playgroundai_playground-v2.5-1024px-aesthetic,14809057,0.2916516661643982
playgroundai_playground-v2.5-1024px-aesthetic,14867690,-0.27486974000930786
playgroundai_playground-v2.5-1024px-aesthetic,14872875,-0.43344488739967346
playgroundai_playground-v2.5-1024px-aesthetic,14880557,0.14587530493736267
playgroundai_playground-v2.5-1024px-aesthetic,14894140,0.8078786134719849
playgroundai_playground-v2.5-1024px-aesthetic,15180934,1.3228962421417236
playgroundai_playground-v2.5-1024px-aesthetic,15970145,-2.208950996398926
playgroundai_playground-v2.5-1024px-aesthetic,17002912,0.16301654279232025
playgroundai_playground-v2.5-1024px-aesthetic,17012379,-1.7481416463851929
playgroundai_playground-v2.5-1024px-aesthetic,17282800,1.1644624471664429
playgroundai_playground-v2.5-1024px-aesthetic,17925539,-2.1718761920928955
playgroundai_playground-v2.5-1024px-aesthetic,18367104,0.1058884859085083
playgroundai_playground-v2.5-1024px-aesthetic,18758723,-0.5137248039245605
playgroundai_playground-v2.5-1024px-aesthetic,19143128,1.3615919351577759
playgroundai_playground-v2.5-1024px-aesthetic,19671124,-1.266924500465393
playgroundai_playground-v2.5-1024px-aesthetic,19855707,-2.2735605239868164
playgroundai_playground-v2.5-1024px-aesthetic,19893872,-0.03485729172825813
playgroundai_playground-v2.5-1024px-aesthetic,20017667,-1.762921690940857
playgroundai_playground-v2.5-1024px-aesthetic,20128079,-2.2358381748199463
playgroundai_playground-v2.5-1024px-aesthetic,20471134,-0.0806228443980217
playgroundai_playground-v2.5-1024px-aesthetic,20495093,-2.108171224594116
playgroundai_playground-v2.5-1024px-aesthetic,20782430,-1.0350545644760132
playgroundai_playground-v2.5-1024px-aesthetic,21377549,-0.05520109087228775
playgroundai_playground-v2.5-1024px-aesthetic,21564446,-1.0251113176345825
playgroundai_playground-v2.5-1024px-aesthetic,21620388,-0.47228437662124634
playgroundai_playground-v2.5-1024px-aesthetic,22149540,-2.1680760383605957
playgroundai_playground-v2.5-1024px-aesthetic,22738759,-2.269252300262451
playgroundai_playground-v2.5-1024px-aesthetic,22767176,-1.635783314704895
playgroundai_playground-v2.5-1024px-aesthetic,23129661,-2.232278823852539
playgroundai_playground-v2.5-1024px-aesthetic,23185551,-0.04682192578911781
playgroundai_playground-v2.5-1024px-aesthetic,23232427,0.4285481870174408
playgroundai_playground-v2.5-1024px-aesthetic,23257851,0.2388007789850235
playgroundai_playground-v2.5-1024px-aesthetic,23620789,-0.22530792653560638
playgroundai_playground-v2.5-1024px-aesthetic,24808131,0.3098372519016266
playgroundai_playground-v2.5-1024px-aesthetic,24843217,-1.8460224866867065
playgroundai_playground-v2.5-1024px-aesthetic,24933378,1.8252389430999756
playgroundai_playground-v2.5-1024px-aesthetic,24942232,1.0691795349121094
playgroundai_playground-v2.5-1024px-aesthetic,25290589,-0.3609074056148529
playgroundai_playground-v2.5-1024px-aesthetic,25579216,-0.017121881246566772
playgroundai_playground-v2.5-1024px-aesthetic,25685207,-2.1713345050811768
playgroundai_playground-v2.5-1024px-aesthetic,25776594,-0.28728601336479187
playgroundai_playground-v2.5-1024px-aesthetic,26078214,-0.22511199116706848
playgroundai_playground-v2.5-1024px-aesthetic,26746434,-0.02346564270555973
playgroundai_playground-v2.5-1024px-aesthetic,26998039,0.15822874009609222
playgroundai_playground-v2.5-1024px-aesthetic,27106238,-0.6043065786361694
playgroundai_playground-v2.5-1024px-aesthetic,27246777,-2.0854990482330322
playgroundai_playground-v2.5-1024px-aesthetic,27768637,-0.4958808422088623
playgroundai_playground-v2.5-1024px-aesthetic,27871992,-1.0815998315811157
playgroundai_playground-v2.5-1024px-aesthetic,28190972,-1.4121761322021484
playgroundai_playground-v2.5-1024px-aesthetic,29094321,-0.4598890244960785
playgroundai_playground-v2.5-1024px-aesthetic,29148617,0.36551472544670105
playgroundai_playground-v2.5-1024px-aesthetic,29161294,-0.22728776931762695
playgroundai_playground-v2.5-1024px-aesthetic,29632917,0.3473091721534729
playgroundai_playground-v2.5-1024px-aesthetic,29703209,-1.096316933631897
playgroundai_playground-v2.5-1024px-aesthetic,29779486,0.48737627267837524
playgroundai_playground-v2.5-1024px-aesthetic,30028757,-0.8952801823616028
playgroundai_playground-v2.5-1024px-aesthetic,30225071,0.5840909481048584
playgroundai_playground-v2.5-1024px-aesthetic,30373565,-0.908431887626648
playgroundai_playground-v2.5-1024px-aesthetic,30484086,-0.6218886375427246
playgroundai_playground-v2.5-1024px-aesthetic,30883080,0.5635831952095032
playgroundai_playground-v2.5-1024px-aesthetic,31114750,-2.1264286041259766
playgroundai_playground-v2.5-1024px-aesthetic,31196176,0.5135050415992737
playgroundai_playground-v2.5-1024px-aesthetic,31391857,0.20424100756645203
playgroundai_playground-v2.5-1024px-aesthetic,31595142,1.209700107574463
playgroundai_playground-v2.5-1024px-aesthetic,32152786,-2.040069818496704
playgroundai_playground-v2.5-1024px-aesthetic,32327818,-0.6487793326377869
playgroundai_playground-v2.5-1024px-aesthetic,32379732,1.4732939004898071
playgroundai_playground-v2.5-1024px-aesthetic,32473966,-0.9004741311073303
playgroundai_playground-v2.5-1024px-aesthetic,32902730,1.4963737726211548
playgroundai_playground-v2.5-1024px-aesthetic,32932491,-1.7909152507781982
playgroundai_playground-v2.5-1024px-aesthetic,33006578,-0.20705915987491608
playgroundai_playground-v2.5-1024px-aesthetic,33478721,-0.4573158323764801
playgroundai_playground-v2.5-1024px-aesthetic,34475997,0.2352910339832306
playgroundai_playground-v2.5-1024px-aesthetic,34578737,-2.16133975982666
playgroundai_playground-v2.5-1024px-aesthetic,34773230,-0.07198616117238998
playgroundai_playground-v2.5-1024px-aesthetic,36507085,0.31335705518722534
playgroundai_playground-v2.5-1024px-aesthetic,36678439,-0.4097265899181366
playgroundai_playground-v2.5-1024px-aesthetic,37287360,0.05995197594165802
playgroundai_playground-v2.5-1024px-aesthetic,37319253,1.128692626953125
playgroundai_playground-v2.5-1024px-aesthetic,37547870,0.7321092486381531
playgroundai_playground-v2.5-1024px-aesthetic,37736408,1.230238437652588
playgroundai_playground-v2.5-1024px-aesthetic,38014258,-0.013495209626853466
playgroundai_playground-v2.5-1024px-aesthetic,38297191,-0.5133223533630371
playgroundai_playground-v2.5-1024px-aesthetic,38402744,1.6266299486160278
playgroundai_playground-v2.5-1024px-aesthetic,38954086,0.030099427327513695
playgroundai_playground-v2.5-1024px-aesthetic,39139190,-2.1135692596435547
playgroundai_playground-v2.5-1024px-aesthetic,39560404,-0.29454493522644043
playgroundai_playground-v2.5-1024px-aesthetic,39566065,1.7076847553253174
playgroundai_playground-v2.5-1024px-aesthetic,39595218,1.6981889009475708
playgroundai_playground-v2.5-1024px-aesthetic,40825299,1.515244722366333
playgroundai_playground-v2.5-1024px-aesthetic,40945115,-1.1109755039215088
playgroundai_playground-v2.5-1024px-aesthetic,40995095,0.6486783027648926
playgroundai_playground-v2.5-1024px-aesthetic,41015844,-0.20028342306613922
playgroundai_playground-v2.5-1024px-aesthetic,41031648,0.7268775105476379
playgroundai_playground-v2.5-1024px-aesthetic,41161074,1.6872903108596802
playgroundai_playground-v2.5-1024px-aesthetic,41458919,0.883890688419342
playgroundai_playground-v2.5-1024px-aesthetic,41565779,1.451862096786499
playgroundai_playground-v2.5-1024px-aesthetic,41766391,1.2981282472610474
playgroundai_playground-v2.5-1024px-aesthetic,41982710,0.23429420590400696
playgroundai_playground-v2.5-1024px-aesthetic,42048260,-2.1757895946502686
playgroundai_playground-v2.5-1024px-aesthetic,42849420,-2.1999619007110596
playgroundai_playground-v2.5-1024px-aesthetic,42931583,0.9335328340530396
playgroundai_playground-v2.5-1024px-aesthetic,43060946,0.9301851391792297
playgroundai_playground-v2.5-1024px-aesthetic,43153800,-0.17325136065483093
playgroundai_playground-v2.5-1024px-aesthetic,43161384,0.562614381313324
playgroundai_playground-v2.5-1024px-aesthetic,43301379,-0.7086110711097717
playgroundai_playground-v2.5-1024px-aesthetic,43304323,1.1568504571914673
playgroundai_playground-v2.5-1024px-aesthetic,43367797,-0.7729027271270752
playgroundai_playground-v2.5-1024px-aesthetic,43431032,0.7048161029815674
playgroundai_playground-v2.5-1024px-aesthetic,43631801,-0.5624908208847046
playgroundai_playground-v2.5-1024px-aesthetic,43735560,0.12060870230197906
playgroundai_playground-v2.5-1024px-aesthetic,43858443,0.5283584594726562
playgroundai_playground-v2.5-1024px-aesthetic,43918624,-0.46901261806488037
playgroundai_playground-v2.5-1024px-aesthetic,44280552,-1.573371171951294
playgroundai_playground-v2.5-1024px-aesthetic,44295589,-0.08240868896245956
playgroundai_playground-v2.5-1024px-aesthetic,44621915,0.09912998974323273
playgroundai_playground-v2.5-1024px-aesthetic,44645737,1.1463696956634521
playgroundai_playground-v2.5-1024px-aesthetic,44838123,-0.13830900192260742
playgroundai_playground-v2.5-1024px-aesthetic,45258070,0.6006425023078918
playgroundai_playground-v2.5-1024px-aesthetic,45297641,-0.36136406660079956
playgroundai_playground-v2.5-1024px-aesthetic,45418454,0.7309848070144653
playgroundai_playground-v2.5-1024px-aesthetic,45564900,-2.200759172439575
playgroundai_playground-v2.5-1024px-aesthetic,46150029,-0.5069667100906372
playgroundai_playground-v2.5-1024px-aesthetic,46394736,-0.9326264262199402
playgroundai_playground-v2.5-1024px-aesthetic,46673664,0.9637251496315002
playgroundai_playground-v2.5-1024px-aesthetic,46994920,-2.115386486053467
playgroundai_playground-v2.5-1024px-aesthetic,47009060,-1.71177077293396
playgroundai_playground-v2.5-1024px-aesthetic,47552953,0.5927188992500305
playgroundai_playground-v2.5-1024px-aesthetic,47595220,1.2180596590042114
playgroundai_playground-v2.5-1024px-aesthetic,47819321,0.5164943933486938
playgroundai_playground-v2.5-1024px-aesthetic,48223384,0.5139358639717102
playgroundai_playground-v2.5-1024px-aesthetic,48351897,-0.7933946847915649
playgroundai_playground-v2.5-1024px-aesthetic,48754831,0.14685393869876862
playgroundai_playground-v2.5-1024px-aesthetic,49054805,1.360282063484192
playgroundai_playground-v2.5-1024px-aesthetic,49089576,-0.376453161239624
playgroundai_playground-v2.5-1024px-aesthetic,49300740,0.12734586000442505
playgroundai_playground-v2.5-1024px-aesthetic,49358811,1.4818458557128906
playgroundai_playground-v2.5-1024px-aesthetic,49462954,-0.24466806650161743
playgroundai_playground-v2.5-1024px-aesthetic,50262859,1.3307069540023804
playgroundai_playground-v2.5-1024px-aesthetic,50871471,1.1856751441955566
playgroundai_playground-v2.5-1024px-aesthetic,50952217,1.1538276672363281
playgroundai_playground-v2.5-1024px-aesthetic,51060824,-0.4655427634716034
playgroundai_playground-v2.5-1024px-aesthetic,51314050,0.04807059466838837
playgroundai_playground-v2.5-1024px-aesthetic,51946990,-0.3985913097858429
playgroundai_playground-v2.5-1024px-aesthetic,52325745,-1.4848558902740479
playgroundai_playground-v2.5-1024px-aesthetic,52474100,1.4807735681533813
playgroundai_playground-v2.5-1024px-aesthetic,52516409,-0.4242517650127411
playgroundai_playground-v2.5-1024px-aesthetic,52711595,-1.3082778453826904
playgroundai_playground-v2.5-1024px-aesthetic,53022028,-1.6882814168930054
playgroundai_playground-v2.5-1024px-aesthetic,53205877,-2.270732879638672
playgroundai_playground-v2.5-1024px-aesthetic,53288018,-2.1981377601623535
playgroundai_playground-v2.5-1024px-aesthetic,53443611,1.5226788520812988
playgroundai_playground-v2.5-1024px-aesthetic,53815934,0.04527818784117699
playgroundai_playground-v2.5-1024px-aesthetic,54495173,1.2378147840499878
playgroundai_playground-v2.5-1024px-aesthetic,54931507,-1.1353812217712402
playgroundai_playground-v2.5-1024px-aesthetic,55191509,-0.048716094344854355
playgroundai_playground-v2.5-1024px-aesthetic,55255145,0.5292276740074158
playgroundai_playground-v2.5-1024px-aesthetic,55457672,-1.6953648328781128
playgroundai_playground-v2.5-1024px-aesthetic,55588327,-0.09734603017568588
playgroundai_playground-v2.5-1024px-aesthetic,55653646,-0.3430618941783905
playgroundai_playground-v2.5-1024px-aesthetic,55658809,-2.147538185119629
playgroundai_playground-v2.5-1024px-aesthetic,55812974,-0.8978122472763062
playgroundai_playground-v2.5-1024px-aesthetic,55819553,0.28188398480415344
playgroundai_playground-v2.5-1024px-aesthetic,55826966,0.08534977585077286
playgroundai_playground-v2.5-1024px-aesthetic,55983905,0.6060439348220825
playgroundai_playground-v2.5-1024px-aesthetic,56074056,0.32356420159339905
playgroundai_playground-v2.5-1024px-aesthetic,56112588,0.23013240098953247
playgroundai_playground-v2.5-1024px-aesthetic,56121520,1.3517731428146362
playgroundai_playground-v2.5-1024px-aesthetic,56250900,-1.942550778388977
playgroundai_playground-v2.5-1024px-aesthetic,56458800,1.3116083145141602
playgroundai_playground-v2.5-1024px-aesthetic,56792430,0.8251953125
playgroundai_playground-v2.5-1024px-aesthetic,56982260,-1.6015262603759766
playgroundai_playground-v2.5-1024px-aesthetic,57673976,-0.6775092482566833
playgroundai_playground-v2.5-1024px-aesthetic,57716963,-0.19120043516159058
playgroundai_playground-v2.5-1024px-aesthetic,57729980,-1.8582097291946411
playgroundai_playground-v2.5-1024px-aesthetic,57785005,-0.37723204493522644
playgroundai_playground-v2.5-1024px-aesthetic,57873614,-0.187112495303154
playgroundai_playground-v2.5-1024px-aesthetic,58727024,-1.2145415544509888
playgroundai_playground-v2.5-1024px-aesthetic,58761464,-1.1597371101379395
playgroundai_playground-v2.5-1024px-aesthetic,59399259,-0.20084023475646973
playgroundai_playground-v2.5-1024px-aesthetic,59976859,0.27171024680137634
playgroundai_playground-v2.5-1024px-aesthetic,60083345,0.920623242855072
playgroundai_playground-v2.5-1024px-aesthetic,60214770,0.11379962414503098
playgroundai_playground-v2.5-1024px-aesthetic,60215376,-1.2614909410476685
playgroundai_playground-v2.5-1024px-aesthetic,60375309,-0.05307359993457794
playgroundai_playground-v2.5-1024px-aesthetic,60606896,-0.6607679128646851
playgroundai_playground-v2.5-1024px-aesthetic,60668084,-0.5652517080307007
playgroundai_playground-v2.5-1024px-aesthetic,61035709,-2.1539204120635986
playgroundai_playground-v2.5-1024px-aesthetic,61388266,-0.5064522624015808
playgroundai_playground-v2.5-1024px-aesthetic,61627313,0.6868587732315063
playgroundai_playground-v2.5-1024px-aesthetic,61635816,0.8794333338737488
playgroundai_playground-v2.5-1024px-aesthetic,61853324,1.6009360551834106
playgroundai_playground-v2.5-1024px-aesthetic,62408818,0.43726032972335815
playgroundai_playground-v2.5-1024px-aesthetic,62841330,-0.06992228329181671
playgroundai_playground-v2.5-1024px-aesthetic,63015570,0.7276150584220886
playgroundai_playground-v2.5-1024px-aesthetic,63336441,0.6664310693740845
playgroundai_playground-v2.5-1024px-aesthetic,63633117,-1.6425316333770752
playgroundai_playground-v2.5-1024px-aesthetic,64576544,-1.6236166954040527
playgroundai_playground-v2.5-1024px-aesthetic,64687077,-0.8633401989936829
playgroundai_playground-v2.5-1024px-aesthetic,64693533,1.6615580320358276
playgroundai_playground-v2.5-1024px-aesthetic,64856142,1.7096532583236694
playgroundai_playground-v2.5-1024px-aesthetic,65411270,0.08523914217948914
playgroundai_playground-v2.5-1024px-aesthetic,65557844,0.25889068841934204
playgroundai_playground-v2.5-1024px-aesthetic,65824677,0.5429815053939819
playgroundai_playground-v2.5-1024px-aesthetic,65890875,-1.1406697034835815
playgroundai_playground-v2.5-1024px-aesthetic,65960228,-0.3615831732749939
playgroundai_playground-v2.5-1024px-aesthetic,66668538,1.0091402530670166
playgroundai_playground-v2.5-1024px-aesthetic,67344811,0.4717062711715698
playgroundai_playground-v2.5-1024px-aesthetic,67949798,0.6851726770401001
playgroundai_playground-v2.5-1024px-aesthetic,68246844,-1.0406347513198853
playgroundai_playground-v2.5-1024px-aesthetic,68280322,-2.0494234561920166
playgroundai_playground-v2.5-1024px-aesthetic,68321683,-0.040679898113012314
playgroundai_playground-v2.5-1024px-aesthetic,68380669,0.4331977665424347
playgroundai_playground-v2.5-1024px-aesthetic,68575085,1.5617784261703491
playgroundai_playground-v2.5-1024px-aesthetic,70380966,0.9523197412490845
playgroundai_playground-v2.5-1024px-aesthetic,70494671,-1.8093029260635376
playgroundai_playground-v2.5-1024px-aesthetic,71055464,-2.201524019241333
playgroundai_playground-v2.5-1024px-aesthetic,71591839,-2.2265820503234863
playgroundai_playground-v2.5-1024px-aesthetic,71828875,-0.6014429926872253
playgroundai_playground-v2.5-1024px-aesthetic,71910823,0.6845718026161194
playgroundai_playground-v2.5-1024px-aesthetic,71959499,1.3690321445465088
playgroundai_playground-v2.5-1024px-aesthetic,72432241,1.2090860605239868
playgroundai_playground-v2.5-1024px-aesthetic,72553814,-1.1578209400177002
playgroundai_playground-v2.5-1024px-aesthetic,73051579,0.6302369236946106
playgroundai_playground-v2.5-1024px-aesthetic,73600586,0.028155731037259102
playgroundai_playground-v2.5-1024px-aesthetic,73616417,1.0202676057815552
playgroundai_playground-v2.5-1024px-aesthetic,73681289,0.9689440131187439
playgroundai_playground-v2.5-1024px-aesthetic,73962724,-0.007877081632614136
playgroundai_playground-v2.5-1024px-aesthetic,74175857,-0.027375400066375732
playgroundai_playground-v2.5-1024px-aesthetic,75051801,-2.25372314453125
playgroundai_playground-v2.5-1024px-aesthetic,75787772,-0.750737190246582
playgroundai_playground-v2.5-1024px-aesthetic,75944980,-1.7943263053894043
playgroundai_playground-v2.5-1024px-aesthetic,75964288,-0.6977697610855103
playgroundai_playground-v2.5-1024px-aesthetic,76066166,0.7922835946083069
playgroundai_playground-v2.5-1024px-aesthetic,76100398,-1.8094247579574585
playgroundai_playground-v2.5-1024px-aesthetic,76425345,-2.2233903408050537
playgroundai_playground-v2.5-1024px-aesthetic,77106105,0.6237749457359314
playgroundai_playground-v2.5-1024px-aesthetic,77132310,-0.11115855723619461
playgroundai_playground-v2.5-1024px-aesthetic,77232534,-2.271839141845703
playgroundai_playground-v2.5-1024px-aesthetic,77312726,-2.2541568279266357
playgroundai_playground-v2.5-1024px-aesthetic,77358840,1.6958717107772827
playgroundai_playground-v2.5-1024px-aesthetic,77490593,-0.44219979643821716
playgroundai_playground-v2.5-1024px-aesthetic,77726888,0.040419090539216995
playgroundai_playground-v2.5-1024px-aesthetic,78735978,-0.41486138105392456
playgroundai_playground-v2.5-1024px-aesthetic,79077085,-2.2651925086975098
playgroundai_playground-v2.5-1024px-aesthetic,79212243,-1.8074243068695068
playgroundai_playground-v2.5-1024px-aesthetic,79606917,-2.0049078464508057
playgroundai_playground-v2.5-1024px-aesthetic,79918827,1.5431458950042725
playgroundai_playground-v2.5-1024px-aesthetic,80289373,0.29304733872413635
playgroundai_playground-v2.5-1024px-aesthetic,80371125,1.1610203981399536
playgroundai_playground-v2.5-1024px-aesthetic,80540387,-1.7413219213485718
playgroundai_playground-v2.5-1024px-aesthetic,81135077,-0.14806750416755676
playgroundai_playground-v2.5-1024px-aesthetic,81303945,-1.693166732788086
playgroundai_playground-v2.5-1024px-aesthetic,81435593,1.2644158601760864
playgroundai_playground-v2.5-1024px-aesthetic,82282590,1.1631054878234863
playgroundai_playground-v2.5-1024px-aesthetic,82696415,-0.08411242067813873
playgroundai_playground-v2.5-1024px-aesthetic,82916016,-2.1637141704559326
playgroundai_playground-v2.5-1024px-aesthetic,83084473,1.6579135656356812
playgroundai_playground-v2.5-1024px-aesthetic,83418847,1.3971834182739258
playgroundai_playground-v2.5-1024px-aesthetic,84089324,-2.2412943840026855
playgroundai_playground-v2.5-1024px-aesthetic,84306831,-2.02948260307312
playgroundai_playground-v2.5-1024px-aesthetic,84510135,-0.45455169677734375
playgroundai_playground-v2.5-1024px-aesthetic,84788890,0.6246427297592163
playgroundai_playground-v2.5-1024px-aesthetic,84985982,0.6541536450386047
playgroundai_playground-v2.5-1024px-aesthetic,85191733,-2.1857051849365234
playgroundai_playground-v2.5-1024px-aesthetic,86119145,-0.4441111981868744
playgroundai_playground-v2.5-1024px-aesthetic,86340862,-0.16274315118789673
playgroundai_playground-v2.5-1024px-aesthetic,86341828,-0.06581977009773254
playgroundai_playground-v2.5-1024px-aesthetic,86537356,0.9392338991165161
playgroundai_playground-v2.5-1024px-aesthetic,86701636,1.5603221654891968
playgroundai_playground-v2.5-1024px-aesthetic,86714939,-0.17182984948158264
playgroundai_playground-v2.5-1024px-aesthetic,87574583,0.6295101642608643
playgroundai_playground-v2.5-1024px-aesthetic,87699711,1.2357401847839355
playgroundai_playground-v2.5-1024px-aesthetic,88016571,0.9384106397628784
playgroundai_playground-v2.5-1024px-aesthetic,88087492,0.527590811252594
playgroundai_playground-v2.5-1024px-aesthetic,89227603,0.2360338270664215
playgroundai_playground-v2.5-1024px-aesthetic,89539854,-1.6533410549163818
playgroundai_playground-v2.5-1024px-aesthetic,89926787,1.4471015930175781
playgroundai_playground-v2.5-1024px-aesthetic,90244932,-1.4773839712142944
playgroundai_playground-v2.5-1024px-aesthetic,90493027,0.4713298976421356
playgroundai_playground-v2.5-1024px-aesthetic,90613035,-0.09769677370786667
playgroundai_playground-v2.5-1024px-aesthetic,91368797,1.3582193851470947
playgroundai_playground-v2.5-1024px-aesthetic,91784299,0.9013739824295044
playgroundai_playground-v2.5-1024px-aesthetic,91790573,0.9670888781547546
playgroundai_playground-v2.5-1024px-aesthetic,91834546,-2.278446674346924
playgroundai_playground-v2.5-1024px-aesthetic,92068094,-0.819325864315033
playgroundai_playground-v2.5-1024px-aesthetic,92311656,0.7023575901985168
playgroundai_playground-v2.5-1024px-aesthetic,92709444,-0.5861121416091919
playgroundai_playground-v2.5-1024px-aesthetic,93114575,-0.253439337015152
playgroundai_playground-v2.5-1024px-aesthetic,93256557,0.43496352434158325
playgroundai_playground-v2.5-1024px-aesthetic,93407716,-1.880971074104309
playgroundai_playground-v2.5-1024px-aesthetic,93436296,-0.40880662202835083
playgroundai_playground-v2.5-1024px-aesthetic,93512057,-2.143634080886841
playgroundai_playground-v2.5-1024px-aesthetic,94006560,-0.42372432351112366
playgroundai_playground-v2.5-1024px-aesthetic,94321535,0.48562154173851013
playgroundai_playground-v2.5-1024px-aesthetic,94532154,0.8727064728736877
playgroundai_playground-v2.5-1024px-aesthetic,95171107,-2.1847760677337646
playgroundai_playground-v2.5-1024px-aesthetic,95228839,0.8856788277626038
playgroundai_playground-v2.5-1024px-aesthetic,95325441,-1.3921998739242554
playgroundai_playground-v2.5-1024px-aesthetic,95450946,-0.653985321521759
playgroundai_playground-v2.5-1024px-aesthetic,95583911,1.3741836547851562
playgroundai_playground-v2.5-1024px-aesthetic,95718306,1.334294080734253
playgroundai_playground-v2.5-1024px-aesthetic,95737828,0.0614447183907032
playgroundai_playground-v2.5-1024px-aesthetic,96448597,1.4389997720718384
playgroundai_playground-v2.5-1024px-aesthetic,96482065,-0.33547836542129517
playgroundai_playground-v2.5-1024px-aesthetic,96521920,0.325406551361084
playgroundai_playground-v2.5-1024px-aesthetic,96850153,1.4704266786575317
playgroundai_playground-v2.5-1024px-aesthetic,98113191,0.14003245532512665
playgroundai_playground-v2.5-1024px-aesthetic,98195317,-0.7231007814407349
playgroundai_playground-v2.5-1024px-aesthetic,98254655,1.362472414970398
playgroundai_playground-v2.5-1024px-aesthetic,98319500,0.699614942073822
playgroundai_playground-v2.5-1024px-aesthetic,98642787,-2.222140312194824
playgroundai_playground-v2.5-1024px-aesthetic,98646702,-2.243269205093384
playgroundai_playground-v2.5-1024px-aesthetic,98929226,-2.247220754623413
playgroundai_playground-v2.5-1024px-aesthetic,99178779,0.7824831604957581
playgroundai_playground-v2.5-1024px-aesthetic,99185892,-0.18466486036777496
playgroundai_playground-v2.5-1024px-aesthetic,99211012,-1.5114874839782715
playgroundai_playground-v2.5-1024px-aesthetic,99410560,-0.18496179580688477
playgroundai_playground-v2.5-1024px-aesthetic,99862294,1.1164168119430542
prompthero_openjourney,138508,-0.018523860722780228
prompthero_openjourney,192051,-1.3337080478668213
prompthero_openjourney,213186,-1.6444016695022583
prompthero_openjourney,232386,-1.2740806341171265
prompthero_openjourney,232765,-0.9703913927078247
prompthero_openjourney,258857,-1.099514126777649
prompthero_openjourney,283090,-0.7648261189460754
prompthero_openjourney,285141,-0.34460243582725525
prompthero_openjourney,399030,-0.6427398324012756
prompthero_openjourney,440189,0.0859343484044075
prompthero_openjourney,445169,-1.1009750366210938
prompthero_openjourney,486490,-0.6913794875144958
prompthero_openjourney,487072,-1.6065787076950073
prompthero_openjourney,487326,-1.5964466333389282
prompthero_openjourney,489837,-1.3925751447677612
prompthero_openjourney,646833,-0.6559175848960876
prompthero_openjourney,708860,-2.1547958850860596
prompthero_openjourney,717208,-0.17514769732952118
prompthero_openjourney,717468,0.5728736519813538
prompthero_openjourney,735254,-2.0749704837799072
prompthero_openjourney,762478,-0.3237674832344055
prompthero_openjourney,825443,1.1020139455795288
prompthero_openjourney,831919,-0.4414166212081909
prompthero_openjourney,896677,-0.5541563630104065
prompthero_openjourney,936620,0.0290504302829504
prompthero_openjourney,974367,-1.4422029256820679
prompthero_openjourney,993014,-0.7228135466575623
prompthero_openjourney,995855,0.11118936538696289
prompthero_openjourney,1113367,-1.2510348558425903
prompthero_openjourney,1171644,-1.7296500205993652
prompthero_openjourney,1209135,-0.4404242932796478
prompthero_openjourney,1317294,0.02867751754820347
prompthero_openjourney,1317533,-1.336673378944397
prompthero_openjourney,1321854,1.1836180686950684
prompthero_openjourney,1377758,-0.36308562755584717
prompthero_openjourney,1474832,0.033363353461027145
prompthero_openjourney,1516071,-1.5514827966690063
prompthero_openjourney,1566705,-0.308054655790329
prompthero_openjourney,1640855,-0.3257371485233307
prompthero_openjourney,1668603,-0.13490134477615356
prompthero_openjourney,1678990,-0.5383912324905396
prompthero_openjourney,1699831,1.0906507968902588
prompthero_openjourney,1707698,0.7870831489562988
prompthero_openjourney,1727942,-1.0126773118972778
prompthero_openjourney,2045760,0.2031286507844925
prompthero_openjourney,2075049,-1.0124297142028809
prompthero_openjourney,2075764,-0.8592814207077026
prompthero_openjourney,2241569,1.2056145668029785
prompthero_openjourney,2720725,-1.113025188446045
prompthero_openjourney,2721160,-0.6263571381568909
prompthero_openjourney,2730265,-0.8353959918022156
prompthero_openjourney,2744395,-2.2705512046813965
prompthero_openjourney,2770078,1.08083176612854
prompthero_openjourney,2793684,-2.0046324729919434
prompthero_openjourney,2803666,1.1414040327072144
prompthero_openjourney,2807731,0.05846914276480675
prompthero_openjourney,2821943,0.7649766802787781
prompthero_openjourney,2824319,0.16733083128929138
prompthero_openjourney,2825442,0.04146483168005943
prompthero_openjourney,2852043,0.26489484310150146
prompthero_openjourney,2870293,-1.3509398698806763
prompthero_openjourney,2870880,0.7328643202781677
prompthero_openjourney,2923535,-1.3471593856811523
prompthero_openjourney,2933112,0.9603800773620605
prompthero_openjourney,2963987,0.30537137389183044
prompthero_openjourney,2991302,-0.031214728951454163
prompthero_openjourney,3024209,-0.747157633304596
prompthero_openjourney,3035832,-0.9546947479248047
prompthero_openjourney,3049457,0.5848031044006348
prompthero_openjourney,3107488,-1.1600372791290283
prompthero_openjourney,3131388,-2.260004758834839
prompthero_openjourney,3131669,-1.2552084922790527
prompthero_openjourney,3152830,-0.012880727648735046
prompthero_openjourney,3249569,1.3263803720474243
prompthero_openjourney,3262349,0.0979001373052597
prompthero_openjourney,3288500,-0.22372640669345856
prompthero_openjourney,3298716,1.2421555519104004
prompthero_openjourney,3308246,1.2820045948028564
prompthero_openjourney,3309110,-1.0534580945968628
prompthero_openjourney,3347220,-0.6550891399383545
prompthero_openjourney,3353281,-0.6139944791793823
prompthero_openjourney,3366112,-1.5417510271072388
prompthero_openjourney,3411927,0.41336125135421753
prompthero_openjourney,3456665,0.33929648995399475
prompthero_openjourney,3563208,-1.659280776977539
prompthero_openjourney,3580281,-1.0434664487838745
prompthero_openjourney,3603442,-0.32990318536758423
prompthero_openjourney,3607029,0.957820475101471
prompthero_openjourney,3628071,-0.5201805233955383
prompthero_openjourney,3630383,0.037824906408786774
prompthero_openjourney,3676483,-0.01090813335031271
prompthero_openjourney,3679712,0.0060283588245511055
prompthero_openjourney,3685307,-0.8868908286094666
prompthero_openjourney,3703463,-2.1087794303894043
prompthero_openjourney,3714235,-0.4466392993927002
prompthero_openjourney,3728318,-0.055785007774829865
prompthero_openjourney,3748162,0.5765166878700256
prompthero_openjourney,3764276,1.1592689752578735
prompthero_openjourney,3818090,-0.9552608132362366
prompthero_openjourney,3842156,0.5086373090744019
prompthero_openjourney,3880032,0.33119016885757446
prompthero_openjourney,3889343,0.13302916288375854
prompthero_openjourney,3907654,-0.16126468777656555
prompthero_openjourney,3940713,-1.1042726039886475
prompthero_openjourney,3975232,-0.9810397624969482
prompthero_openjourney,3982060,-0.22460322082042694
prompthero_openjourney,3990474,1.0301584005355835
prompthero_openjourney,4010305,-1.8962539434432983
prompthero_openjourney,4025130,0.6788171529769897
prompthero_openjourney,4062807,1.244886875152588
prompthero_openjourney,4123448,0.43792736530303955
prompthero_openjourney,4125853,-0.6691096425056458
prompthero_openjourney,4140340,1.8229868412017822
prompthero_openjourney,4145056,0.39913108944892883
prompthero_openjourney,4192521,-2.045186996459961
prompthero_openjourney,4259202,-0.559686005115509
prompthero_openjourney,4285773,-0.7935506105422974
prompthero_openjourney,4345028,1.462755560874939
prompthero_openjourney,4387201,0.7432320713996887
prompthero_openjourney,4416901,-0.35687196254730225
prompthero_openjourney,4455579,-0.33919721841812134
prompthero_openjourney,4497570,1.0188076496124268
prompthero_openjourney,4534520,-1.397804856300354
prompthero_openjourney,4539203,0.9419383406639099
prompthero_openjourney,4552551,0.9484347701072693
prompthero_openjourney,4596797,-2.2221155166625977
prompthero_openjourney,4832208,-1.9296208620071411
prompthero_openjourney,4930139,1.312198519706726
prompthero_openjourney,5008085,-1.398537516593933
prompthero_openjourney,5219923,-0.27196019887924194
prompthero_openjourney,5316083,-0.02562273107469082
prompthero_openjourney,5350912,-0.973761260509491
prompthero_openjourney,5374860,-0.7824135422706604
prompthero_openjourney,5410315,-0.24994993209838867
prompthero_openjourney,5522784,-0.9759825468063354
prompthero_openjourney,5728577,-0.9445083737373352
prompthero_openjourney,5752544,-0.47900205850601196
prompthero_openjourney,5794797,0.2120320349931717
prompthero_openjourney,5895919,0.16115134954452515
prompthero_openjourney,5958517,-0.40564990043640137
prompthero_openjourney,6189776,-0.10825280845165253
prompthero_openjourney,6528587,-1.423714518547058
prompthero_openjourney,6584891,-1.0168187618255615
prompthero_openjourney,6586355,-0.15564478933811188
prompthero_openjourney,6607809,-1.29914128780365
prompthero_openjourney,6615026,-0.33629360795021057
prompthero_openjourney,6615458,-1.0471810102462769
prompthero_openjourney,6615818,0.7664637565612793
prompthero_openjourney,6616314,-1.0981777906417847
prompthero_openjourney,6617011,-0.6615124344825745
prompthero_openjourney,6617413,-1.2133487462997437
prompthero_openjourney,6729499,-1.309136152267456
prompthero_openjourney,6880664,-0.2391258180141449
prompthero_openjourney,6883725,0.8450563549995422
prompthero_openjourney,6946774,-2.0944581031799316
prompthero_openjourney,7025268,1.0463579893112183
prompthero_openjourney,7109847,-0.2513141334056854
prompthero_openjourney,7116261,-0.2623434066772461
prompthero_openjourney,7150023,0.6999673247337341
prompthero_openjourney,7163803,-0.4921231269836426
prompthero_openjourney,7507098,-0.7437849640846252
prompthero_openjourney,7596684,-0.6546643376350403
prompthero_openjourney,7597365,0.6184800863265991
prompthero_openjourney,7601809,-0.06560273468494415
prompthero_openjourney,7605282,-1.6773377656936646
prompthero_openjourney,7606419,-2.0772104263305664
prompthero_openjourney,7607707,0.12880747020244598
prompthero_openjourney,7608721,0.6494342684745789
prompthero_openjourney,7625977,0.8844292163848877
prompthero_openjourney,7626721,1.3066941499710083
prompthero_openjourney,7626833,1.076507806777954
prompthero_openjourney,7627310,0.1265142560005188
prompthero_openjourney,7651454,0.8382520079612732
prompthero_openjourney,7654438,0.5481557250022888
prompthero_openjourney,7664468,-0.34398970007896423
prompthero_openjourney,7698915,-0.8141324520111084
prompthero_openjourney,7700167,0.44250163435935974
prompthero_openjourney,7700868,0.6855506300926208
prompthero_openjourney,7701244,-1.0811315774917603
prompthero_openjourney,7702193,0.8099807500839233
prompthero_openjourney,7710616,0.6166951656341553
prompthero_openjourney,7834065,-0.7181236743927002
prompthero_openjourney,7854266,0.23511730134487152
prompthero_openjourney,7854455,-0.0314248763024807
prompthero_openjourney,7871940,0.4940390884876251
prompthero_openjourney,7891189,0.28761574625968933
prompthero_openjourney,7897116,-0.28089824318885803
prompthero_openjourney,7914271,0.8587372899055481
prompthero_openjourney,7922764,-1.112444281578064
prompthero_openjourney,7929519,0.0847461074590683
prompthero_openjourney,7933274,0.16874346137046814
prompthero_openjourney,7933530,-0.4695896804332733
prompthero_openjourney,8089797,0.8867676258087158
prompthero_openjourney,8095160,-0.08704990148544312
prompthero_openjourney,8124208,-2.2461328506469727
prompthero_openjourney,8339939,0.880559504032135
prompthero_openjourney,8876291,-0.8208826780319214
prompthero_openjourney,9020389,1.1735615730285645
prompthero_openjourney,9044146,0.0001679254783084616
prompthero_openjourney,9057052,-2.240522861480713
prompthero_openjourney,9427682,-0.3704036772251129
prompthero_openjourney,9580065,0.9413503408432007
prompthero_openjourney,9719434,0.21218298375606537
prompthero_openjourney,9793248,0.6707316040992737
prompthero_openjourney,9794211,-1.0693994760513306
prompthero_openjourney,9862621,0.5588308572769165
prompthero_openjourney,9875188,-1.3694943189620972
prompthero_openjourney,9984659,-1.3638932704925537
prompthero_openjourney,10012874,-1.785617709159851
prompthero_openjourney,10024569,-0.705518364906311
prompthero_openjourney,10080493,-1.3445112705230713
prompthero_openjourney,10106452,-1.9301725625991821
prompthero_openjourney,10198409,-2.2145040035247803
prompthero_openjourney,10333317,-0.7522034645080566
prompthero_openjourney,10408552,0.8933292627334595
prompthero_openjourney,10444677,-1.3974072933197021
prompthero_openjourney,10453357,0.31224325299263
prompthero_openjourney,10548623,-0.8239291906356812
prompthero_openjourney,10572128,-0.6053145527839661
prompthero_openjourney,10794014,-0.4634013772010803
prompthero_openjourney,10939743,0.37152913212776184
prompthero_openjourney,11039909,0.20470912754535675
prompthero_openjourney,11334088,0.9770556688308716
prompthero_openjourney,11417672,0.7204646468162537
prompthero_openjourney,11437577,-0.534277617931366
prompthero_openjourney,11460338,-0.8090413212776184
prompthero_openjourney,12345739,-0.03701944276690483
prompthero_openjourney,12402348,-0.33650344610214233
prompthero_openjourney,13221529,-0.10375917702913284
prompthero_openjourney,13290566,-0.9184911847114563
prompthero_openjourney,13389475,-1.2571513652801514
prompthero_openjourney,13390139,0.49403053522109985
prompthero_openjourney,13390405,0.8272300958633423
prompthero_openjourney,13392786,0.8638929724693298
prompthero_openjourney,13649361,-1.6064413785934448
prompthero_openjourney,13716878,1.2672516107559204
prompthero_openjourney,13884740,-0.10257107019424438
prompthero_openjourney,13915305,-0.00538187799975276
prompthero_openjourney,13931145,0.08471211045980453
prompthero_openjourney,13984082,-0.037333112210035324
prompthero_openjourney,14140678,-0.7104140520095825
prompthero_openjourney,14195315,-0.8965930938720703
prompthero_openjourney,14294568,-0.7787376642227173
prompthero_openjourney,14320813,-0.030717022716999054
prompthero_openjourney,14360436,0.664723813533783
prompthero_openjourney,14488317,-0.45652782917022705
prompthero_openjourney,14533937,-1.4630945920944214
prompthero_openjourney,14550987,0.42684823274612427
prompthero_openjourney,14579933,-2.183035373687744
prompthero_openjourney,14606290,-1.8473411798477173
prompthero_openjourney,14620257,-0.5564780235290527
prompthero_openjourney,14632648,-1.754462480545044
prompthero_openjourney,14647235,-0.7849963307380676
prompthero_openjourney,14654954,0.6371130347251892
prompthero_openjourney,14686352,-0.6506717205047607
prompthero_openjourney,14702875,-1.9389517307281494
prompthero_openjourney,14703190,-0.6724206209182739
prompthero_openjourney,14807929,-0.22608265280723572
prompthero_openjourney,14809057,-0.9375473856925964
prompthero_openjourney,14867690,-0.8368313312530518
prompthero_openjourney,14872875,-0.47350990772247314
prompthero_openjourney,14880557,-0.6199758648872375
prompthero_openjourney,14894140,-1.870940089225769
prompthero_openjourney,15180934,-0.9079902768135071
prompthero_openjourney,15970145,-2.252593994140625
prompthero_openjourney,17002912,-0.330177903175354
prompthero_openjourney,17012379,-1.4266352653503418
prompthero_openjourney,17282800,-0.6172165274620056
prompthero_openjourney,17925539,-2.142333984375
prompthero_openjourney,18367104,-0.7994183301925659
prompthero_openjourney,18758723,-0.8417067527770996
prompthero_openjourney,19143128,0.36248281598091125
prompthero_openjourney,19671124,-2.2359323501586914
prompthero_openjourney,19855707,-2.2074100971221924
prompthero_openjourney,19893872,-1.1053715944290161
prompthero_openjourney,20017667,-2.0445079803466797
prompthero_openjourney,20128079,-2.2239737510681152
prompthero_openjourney,20471134,-1.3268152475357056
prompthero_openjourney,20495093,-2.2398712635040283
prompthero_openjourney,20782430,-1.4659461975097656
prompthero_openjourney,21377549,-1.1962521076202393
prompthero_openjourney,21564446,-1.6008645296096802
prompthero_openjourney,21620388,-0.8836342096328735
prompthero_openjourney,22149540,-2.2683393955230713
prompthero_openjourney,22738759,-2.255765914916992
prompthero_openjourney,22767176,-0.5306556820869446
prompthero_openjourney,23129661,-2.2794952392578125
prompthero_openjourney,23185551,-1.1617106199264526
prompthero_openjourney,23232427,0.069816954433918
prompthero_openjourney,23257851,-1.2146291732788086
prompthero_openjourney,23620789,-0.5939810872077942
prompthero_openjourney,24808131,-0.8779059052467346
prompthero_openjourney,24843217,-1.977160930633545
prompthero_openjourney,24933378,0.41853949427604675
prompthero_openjourney,24942232,-0.28385764360427856
prompthero_openjourney,25290589,-0.9887404441833496
prompthero_openjourney,25579216,-0.38824424147605896
prompthero_openjourney,25685207,-1.904167652130127
prompthero_openjourney,25776594,0.12649384140968323
prompthero_openjourney,26078214,-1.0834479331970215
prompthero_openjourney,26746434,-2.2678918838500977
prompthero_openjourney,26998039,-0.3522373139858246
prompthero_openjourney,27106238,-1.4720782041549683
prompthero_openjourney,27246777,-2.2140893936157227
prompthero_openjourney,27768637,-2.25698184967041
prompthero_openjourney,27871992,-1.527265191078186
prompthero_openjourney,28190972,-0.8345382213592529
prompthero_openjourney,29094321,-0.9777219295501709
prompthero_openjourney,29148617,0.0685405284166336
prompthero_openjourney,29161294,-0.8022119998931885
prompthero_openjourney,29632917,-0.32255133986473083
prompthero_openjourney,29703209,-1.2261277437210083
prompthero_openjourney,29779486,0.7303018569946289
prompthero_openjourney,30028757,-1.5235308408737183
prompthero_openjourney,30225071,0.052617792040109634
prompthero_openjourney,30373565,-1.368873953819275
prompthero_openjourney,30484086,-0.8993911147117615
prompthero_openjourney,30883080,0.34403687715530396
prompthero_openjourney,31114750,-2.280844211578369
prompthero_openjourney,31196176,-0.4537929594516754
prompthero_openjourney,31391857,0.6053987741470337
prompthero_openjourney,31595142,0.8538721799850464
prompthero_openjourney,32152786,-2.2366175651550293
prompthero_openjourney,32327818,-1.1075432300567627
prompthero_openjourney,32379732,-0.37453415989875793
prompthero_openjourney,32473966,0.5230168104171753
prompthero_openjourney,32902730,0.9483098387718201
prompthero_openjourney,32932491,-2.1496639251708984
prompthero_openjourney,33006578,-0.8342835307121277
prompthero_openjourney,33478721,-0.5537095665931702
prompthero_openjourney,34475997,-0.9097080826759338
prompthero_openjourney,34578737,-1.1023608446121216
prompthero_openjourney,34773230,-0.6610743999481201
prompthero_openjourney,36507085,-0.8657822608947754
prompthero_openjourney,36678439,-0.9108223915100098
prompthero_openjourney,37287360,0.02456836961209774
prompthero_openjourney,37319253,-0.559543251991272
prompthero_openjourney,37547870,0.24638360738754272
prompthero_openjourney,37736408,-0.06370143592357635
prompthero_openjourney,38014258,0.8304930329322815
prompthero_openjourney,38297191,-0.17214654386043549
prompthero_openjourney,38402744,-0.9358022809028625
prompthero_openjourney,38954086,-0.3487297594547272
prompthero_openjourney,39139190,-2.2785768508911133
prompthero_openjourney,39560404,-1.4070427417755127
prompthero_openjourney,39566065,1.8030564785003662
prompthero_openjourney,39595218,1.0758609771728516
prompthero_openjourney,40825299,0.7802272439002991
prompthero_openjourney,40945115,-1.4427673816680908
prompthero_openjourney,40995095,-2.0615408420562744
prompthero_openjourney,41015844,-0.6173237562179565
prompthero_openjourney,41031648,-0.7361805438995361
prompthero_openjourney,41161074,-0.8269309401512146
prompthero_openjourney,41458919,-0.6525984406471252
prompthero_openjourney,41565779,1.3331295251846313
prompthero_openjourney,41766391,-0.9330781102180481
prompthero_openjourney,41982710,-0.9156662821769714
prompthero_openjourney,42048260,-2.1920511722564697
prompthero_openjourney,42849420,-2.220906972885132
prompthero_openjourney,42931583,0.1820712387561798
prompthero_openjourney,43060946,-1.0422719717025757
prompthero_openjourney,43153800,-2.0507285594940186
prompthero_openjourney,43161384,0.6864922642707825
prompthero_openjourney,43301379,-1.087622046470642
prompthero_openjourney,43304323,-0.9094719290733337
prompthero_openjourney,43367797,-0.8162398338317871
prompthero_openjourney,43431032,-0.700954020023346
prompthero_openjourney,43631801,-1.3011972904205322
prompthero_openjourney,43735560,-0.7209912538528442
prompthero_openjourney,43858443,-0.2177508920431137
prompthero_openjourney,43918624,-0.5309200882911682
prompthero_openjourney,44280552,-1.3013815879821777
prompthero_openjourney,44295589,0.07164052873849869
prompthero_openjourney,44621915,-1.336992621421814
prompthero_openjourney,44645737,0.9428207278251648
prompthero_openjourney,44838123,1.4094196557998657
prompthero_openjourney,45258070,-1.2847115993499756
prompthero_openjourney,45297641,-0.1474703997373581
prompthero_openjourney,45418454,-0.03208889439702034
prompthero_openjourney,45564900,-2.2131423950195312
prompthero_openjourney,46150029,-1.2845021486282349
prompthero_openjourney,46394736,-0.5608928799629211
prompthero_openjourney,46673664,-0.07179345190525055
prompthero_openjourney,46994920,-2.246730089187622
prompthero_openjourney,47009060,-2.056609630584717
prompthero_openjourney,47552953,0.20092891156673431
prompthero_openjourney,47595220,-0.786695122718811
prompthero_openjourney,47819321,-1.408843755722046
prompthero_openjourney,48223384,-0.2552843987941742
prompthero_openjourney,48351897,-0.7718679308891296
prompthero_openjourney,48754831,-1.0252156257629395
prompthero_openjourney,49054805,0.22107188403606415
prompthero_openjourney,49089576,-1.8068337440490723
prompthero_openjourney,49300740,-1.3407657146453857
prompthero_openjourney,49358811,-0.21935008466243744
prompthero_openjourney,49462954,-0.5567281246185303
prompthero_openjourney,50262859,-0.042489636689424515
prompthero_openjourney,50871471,-0.8007681369781494
prompthero_openjourney,50952217,-0.5316745638847351
prompthero_openjourney,51060824,-0.8801921606063843
prompthero_openjourney,51314050,0.3249911367893219
prompthero_openjourney,51946990,-0.4857734739780426
prompthero_openjourney,52325745,-2.065293312072754
prompthero_openjourney,52474100,-1.4672244787216187
prompthero_openjourney,52516409,-0.6068093776702881
prompthero_openjourney,52711595,-1.0113556385040283
prompthero_openjourney,53022028,-1.428287148475647
prompthero_openjourney,53205877,-2.231637477874756
prompthero_openjourney,53288018,-2.2118093967437744
prompthero_openjourney,53443611,0.8012879490852356
prompthero_openjourney,53815934,-0.23403264582157135
prompthero_openjourney,54495173,0.5223787426948547
prompthero_openjourney,54931507,-1.5967848300933838
prompthero_openjourney,55191509,-0.31001654267311096
prompthero_openjourney,55255145,-1.2600624561309814
prompthero_openjourney,55457672,-2.266169548034668
prompthero_openjourney,55588327,-2.0917470455169678
prompthero_openjourney,55653646,-0.4834863245487213
prompthero_openjourney,55658809,-1.7740250825881958
prompthero_openjourney,55812974,-1.6741873025894165
prompthero_openjourney,55819553,-0.2624419331550598
prompthero_openjourney,55826966,-0.042436253279447556
prompthero_openjourney,55983905,-0.5688918828964233
prompthero_openjourney,56074056,-0.3661876618862152
prompthero_openjourney,56112588,-1.0475223064422607
prompthero_openjourney,56121520,-1.2947683334350586
prompthero_openjourney,56250900,-1.9719560146331787
prompthero_openjourney,56458800,0.024338897317647934
prompthero_openjourney,56792430,-1.2525277137756348
prompthero_openjourney,56982260,-1.278436303138733
prompthero_openjourney,57673976,-1.2626925706863403
prompthero_openjourney,57716963,-0.9599944353103638
prompthero_openjourney,57729980,-1.350663185119629
prompthero_openjourney,57785005,-0.29118016362190247
prompthero_openjourney,57873614,-1.4434860944747925
prompthero_openjourney,58727024,-1.2857292890548706
prompthero_openjourney,58761464,-0.8201948404312134
prompthero_openjourney,59399259,-0.43746811151504517
prompthero_openjourney,59976859,-1.1529737710952759
prompthero_openjourney,60083345,-0.5304539799690247
prompthero_openjourney,60214770,-0.27248242497444153
prompthero_openjourney,60215376,-2.121579170227051
prompthero_openjourney,60375309,-1.1570075750350952
prompthero_openjourney,60606896,-0.8708989024162292
prompthero_openjourney,60668084,-1.1109551191329956
prompthero_openjourney,61035709,-2.1937832832336426
prompthero_openjourney,61388266,-1.7223384380340576
prompthero_openjourney,61627313,-0.12753069400787354
prompthero_openjourney,61635816,-0.47359979152679443
prompthero_openjourney,61853324,1.3596649169921875
prompthero_openjourney,62408818,0.32085028290748596
prompthero_openjourney,62841330,-0.3518626093864441
prompthero_openjourney,63015570,0.014296767301857471
prompthero_openjourney,63336441,0.031042620539665222
prompthero_openjourney,63633117,-2.169678211212158
prompthero_openjourney,64576544,-2.1039040088653564
prompthero_openjourney,64687077,-1.8909646272659302
prompthero_openjourney,64693533,-1.0740723609924316
prompthero_openjourney,64856142,-0.03281622752547264
prompthero_openjourney,65411270,-0.3811803460121155
prompthero_openjourney,65557844,0.2788793444633484
prompthero_openjourney,65824677,-1.6336379051208496
prompthero_openjourney,65890875,-1.4516016244888306
prompthero_openjourney,65960228,-0.09481365978717804
prompthero_openjourney,66668538,0.6272136569023132
prompthero_openjourney,67344811,-0.21898120641708374
prompthero_openjourney,67949798,1.0456129312515259
prompthero_openjourney,68246844,-1.093344807624817
prompthero_openjourney,68280322,-2.2307417392730713
prompthero_openjourney,68321683,-0.6286703944206238
prompthero_openjourney,68380669,-1.1357874870300293
prompthero_openjourney,68575085,0.11664722114801407
prompthero_openjourney,70380966,-0.5214680433273315
prompthero_openjourney,70494671,-2.114959716796875
prompthero_openjourney,71055464,-2.2088725566864014
prompthero_openjourney,71591839,-2.255199432373047
prompthero_openjourney,71828875,-0.0644797831773758
prompthero_openjourney,71910823,0.9232609272003174
prompthero_openjourney,71959499,1.0892083644866943
prompthero_openjourney,72432241,-0.3173334002494812
prompthero_openjourney,72553814,-2.065582036972046
prompthero_openjourney,73051579,-0.2788594663143158
prompthero_openjourney,73600586,-0.2922248840332031
prompthero_openjourney,73616417,-0.024262484163045883
prompthero_openjourney,73681289,0.35945528745651245
prompthero_openjourney,73962724,-0.5975831747055054
prompthero_openjourney,74175857,0.29502999782562256
prompthero_openjourney,75051801,-2.274583101272583
prompthero_openjourney,75787772,-1.5824782848358154
prompthero_openjourney,75944980,-2.0969221591949463
prompthero_openjourney,75964288,-1.0884121656417847
prompthero_openjourney,76066166,-1.3056491613388062
prompthero_openjourney,76100398,-1.824135661125183
prompthero_openjourney,76425345,-2.2670156955718994
prompthero_openjourney,77106105,0.5953762531280518
prompthero_openjourney,77132310,-0.269165962934494
prompthero_openjourney,77232534,-2.237516403198242
prompthero_openjourney,77312726,-2.1887733936309814
prompthero_openjourney,77358840,0.7080882787704468
prompthero_openjourney,77490593,-0.8954386711120605
prompthero_openjourney,77726888,-1.7601146697998047
prompthero_openjourney,78735978,-0.6010185480117798
prompthero_openjourney,79077085,-2.2669179439544678
prompthero_openjourney,79212243,-1.6743425130844116
prompthero_openjourney,79606917,-2.1104583740234375
prompthero_openjourney,79918827,0.09275617450475693
prompthero_openjourney,80289373,-0.6509700417518616
prompthero_openjourney,80371125,0.22104088962078094
prompthero_openjourney,80540387,-1.5630899667739868
prompthero_openjourney,81135077,-0.36946800351142883
prompthero_openjourney,81303945,-2.158418893814087
prompthero_openjourney,81435593,-0.19330459833145142
prompthero_openjourney,82282590,0.21159353852272034
prompthero_openjourney,82696415,-0.48691344261169434
prompthero_openjourney,82916016,-2.208556652069092
prompthero_openjourney,83084473,1.2424123287200928
prompthero_openjourney,83418847,-0.08831006288528442
prompthero_openjourney,84089324,-2.25496244430542
prompthero_openjourney,84306831,-1.9171764850616455
prompthero_openjourney,84510135,-1.2458432912826538
prompthero_openjourney,84788890,0.32523685693740845
prompthero_openjourney,84985982,-1.7053756713867188
prompthero_openjourney,85191733,-2.2538623809814453
prompthero_openjourney,86119145,-0.6979609727859497
prompthero_openjourney,86340862,-0.9791864156723022
prompthero_openjourney,86341828,-0.726554274559021
prompthero_openjourney,86537356,-0.09041117131710052
prompthero_openjourney,86701636,1.236069679260254
prompthero_openjourney,86714939,-1.3939898014068604
prompthero_openjourney,87574583,0.8514098525047302
prompthero_openjourney,87699711,0.1501956582069397
prompthero_openjourney,88016571,-0.8545896410942078
prompthero_openjourney,88087492,0.43871039152145386
prompthero_openjourney,89227603,-1.1800928115844727
prompthero_openjourney,89539854,-1.9327399730682373
prompthero_openjourney,89926787,1.7762359380722046
prompthero_openjourney,90244932,-1.5389147996902466
prompthero_openjourney,90493027,-0.4825858175754547
prompthero_openjourney,90613035,-1.2604235410690308
prompthero_openjourney,91368797,0.5938940644264221
prompthero_openjourney,91784299,0.4810754954814911
prompthero_openjourney,91790573,-0.5772059559822083
prompthero_openjourney,91834546,-2.1669344902038574
prompthero_openjourney,92068094,-1.3164646625518799
prompthero_openjourney,92311656,0.2633342742919922
prompthero_openjourney,92709444,0.10050125420093536
prompthero_openjourney,93114575,-0.940021276473999
prompthero_openjourney,93256557,0.8582006096839905
prompthero_openjourney,93407716,-0.6312974691390991
prompthero_openjourney,93436296,-0.7314906716346741
prompthero_openjourney,93512057,-2.2551145553588867
prompthero_openjourney,94006560,-1.0348994731903076
prompthero_openjourney,94321535,0.09657492488622665
prompthero_openjourney,94532154,-0.15391415357589722
prompthero_openjourney,95171107,-2.234421491622925
prompthero_openjourney,95228839,0.3237779140472412
prompthero_openjourney,95325441,-1.0064542293548584
prompthero_openjourney,95450946,-0.7861537933349609
prompthero_openjourney,95583911,-0.6987935304641724
prompthero_openjourney,95718306,0.8652215003967285
prompthero_openjourney,95737828,-0.8125255703926086
prompthero_openjourney,96448597,0.6907666921615601
prompthero_openjourney,96482065,-0.8563836812973022
prompthero_openjourney,96521920,-0.18471701443195343
prompthero_openjourney,96850153,0.6497712135314941
prompthero_openjourney,98113191,0.2386234700679779
prompthero_openjourney,98195317,-1.137802243232727
prompthero_openjourney,98254655,0.33622315526008606
prompthero_openjourney,98319500,-0.12641124427318573
prompthero_openjourney,98642787,-2.2650668621063232
prompthero_openjourney,98646702,-2.250133752822876
prompthero_openjourney,98929226,-2.229599714279175
prompthero_openjourney,99178779,0.8699509501457214
prompthero_openjourney,99185892,-1.2787872552871704
prompthero_openjourney,99211012,-1.6485826969146729
prompthero_openjourney,99410560,1.1485395431518555
prompthero_openjourney,99862294,-0.5266514420509338
retrieval,138508,-0.23979564011096954
retrieval,192051,-0.05377894639968872
retrieval,213186,0.15532200038433075
retrieval,232386,-1.2420657873153687
retrieval,232765,-1.7364412546157837
retrieval,258857,-0.4801678955554962
retrieval,283090,-0.5213840007781982
retrieval,285141,-0.7285524606704712
retrieval,399030,-1.1074475049972534
retrieval,440189,-1.9957454204559326
retrieval,445169,-1.3264456987380981
retrieval,486490,-0.6210006475448608
retrieval,487072,-1.5146702527999878
retrieval,487326,-0.8658546209335327
retrieval,489837,-1.3024030923843384
retrieval,646833,-0.3185913860797882
retrieval,708860,-2.038679838180542
retrieval,717208,0.3525047302246094
retrieval,717468,0.624656081199646
retrieval,735254,-2.022566795349121
retrieval,762478,-0.3290877342224121
retrieval,825443,-0.1439543068408966
retrieval,831919,-1.9119460582733154
retrieval,936620,0.3679189682006836
retrieval,974367,-1.6619573831558228
retrieval,993014,0.2338043451309204
retrieval,1113367,-0.9026385545730591
retrieval,1171644,1.3597644567489624
retrieval,1209135,-0.34288063645362854
retrieval,1317294,-0.22751252353191376
retrieval,1317533,-1.864152431488037
retrieval,1321854,-0.6722264289855957
retrieval,1377758,-0.5272191166877747
retrieval,1474832,-0.6331666707992554
retrieval,1516071,-0.1412605345249176
retrieval,1566705,-0.21328337490558624
retrieval,1640855,0.1488872617483139
retrieval,1668603,-1.1903411149978638
retrieval,1678990,-0.23784194886684418
retrieval,1699831,0.21214866638183594
retrieval,1707698,-1.095429539680481
retrieval,1727942,-1.857706069946289
retrieval,2045760,-0.7359675765037537
retrieval,2075049,-2.018160343170166
retrieval,2075764,-1.1067495346069336
retrieval,2241569,-2.2154757976531982
retrieval,2720725,-1.5160255432128906
retrieval,2721160,-0.7212204337120056
retrieval,2730265,-1.3415931463241577
retrieval,2744395,-2.271347761154175
retrieval,2770078,-0.07363858819007874
retrieval,2793684,-1.7985377311706543
retrieval,2803666,0.29504817724227905
retrieval,2807731,-0.6699844598770142
retrieval,2821943,-0.03354384005069733
retrieval,2824319,0.6640001535415649
retrieval,2825442,-1.6258549690246582
retrieval,2852043,-0.8517071604728699
retrieval,2870293,0.1473148763179779
retrieval,2870880,0.5472955703735352
retrieval,2923535,-1.319632649421692
retrieval,2933112,-2.001124143600464
retrieval,2963987,-0.3871752917766571
retrieval,2991302,-0.914170503616333
retrieval,3024209,-1.529813528060913
retrieval,3035832,-0.5801394581794739
retrieval,3049457,0.5586628913879395
retrieval,3107488,-0.7762389183044434
retrieval,3131388,-2.1396915912628174
retrieval,3131669,0.025005048140883446
retrieval,3152830,0.28224462270736694
retrieval,3249569,0.1266966164112091
retrieval,3262349,0.9514681100845337
retrieval,3288500,-0.260180801153183
retrieval,3298716,-0.4590139091014862
retrieval,3308246,-0.26864781975746155
retrieval,3309110,-0.6348523497581482
retrieval,3347220,-0.320911705493927
retrieval,3353281,-1.8549491167068481
retrieval,3366112,0.35977494716644287
retrieval,3411927,0.12299026548862457
retrieval,3456665,0.6280771493911743
retrieval,3563208,-2.235429286956787
retrieval,3580281,-1.2733242511749268
retrieval,3603442,-0.024847952648997307
retrieval,3607029,0.37766167521476746
retrieval,3628071,1.8731709718704224
retrieval,3630383,-1.6218597888946533
retrieval,3676483,-1.2512609958648682
retrieval,3679712,-0.16254062950611115
retrieval,3685307,-0.4690644145011902
retrieval,3703463,-1.253105640411377
retrieval,3714235,1.1970216035842896
retrieval,3728318,0.17630983889102936
retrieval,3748162,-1.3567285537719727
retrieval,3764276,-0.37624967098236084
retrieval,3818090,-0.9790189266204834
retrieval,3842156,-1.6950900554656982
retrieval,3880032,-1.051337480545044
retrieval,3889343,-0.5293304920196533
retrieval,3907654,-1.6086831092834473
retrieval,3940713,-1.106008768081665
retrieval,3975232,0.3357331156730652
retrieval,3982060,1.0199542045593262
retrieval,3990474,-0.5722493529319763
retrieval,4010305,-2.2598700523376465
retrieval,4025130,0.06931634992361069
retrieval,4062807,-2.1918785572052
retrieval,4123448,0.16687151789665222
retrieval,4125853,0.060334548354148865
retrieval,4140340,-1.6125743389129639
retrieval,4145056,-1.8066331148147583
retrieval,4192521,-0.39493605494499207
retrieval,4259202,-2.163346290588379
retrieval,4285773,-1.222413420677185
retrieval,4345028,0.6955814361572266
retrieval,4387201,0.9219638705253601
retrieval,4416901,-0.24189677834510803
retrieval,4455579,-0.987640917301178
retrieval,4497570,0.16794157028198242
retrieval,4534520,-0.12604476511478424
retrieval,4539203,1.210411548614502
retrieval,4552551,-1.752946376800537
retrieval,4596797,-2.1861720085144043
retrieval,4832208,-2.0902020931243896
retrieval,4930139,-0.9215001463890076
retrieval,5008085,-1.1570982933044434
retrieval,5219923,-1.6895737648010254
retrieval,5316083,-0.33126839995384216
retrieval,5350912,-1.3676549196243286
retrieval,5374860,-0.2986697554588318
retrieval,5410315,-1.539735198020935
retrieval,5522784,-1.502243161201477
retrieval,5728577,-0.4116588830947876
retrieval,5752544,-0.013649622909724712
retrieval,5794797,-1.7950751781463623
retrieval,5895919,-1.7068626880645752
retrieval,5958517,-1.000025749206543
retrieval,6189776,-1.1141937971115112
retrieval,6528587,0.1432572305202484
retrieval,6584891,0.5783903002738953
retrieval,6586355,0.4221712350845337
retrieval,6607809,-0.5216141939163208
retrieval,6615026,-1.0299346446990967
retrieval,6615458,-2.116194248199463
retrieval,6615818,-0.8473185896873474
retrieval,6616314,-0.8379274606704712
retrieval,6617011,0.8439552187919617
retrieval,6617413,-1.3115301132202148
retrieval,6729499,-1.4632017612457275
retrieval,6880664,0.2905905246734619
retrieval,6883725,0.20079319179058075
retrieval,6946774,-2.022566795349121
retrieval,7025268,0.2972196638584137
retrieval,7109847,-0.5395627021789551
retrieval,7116261,0.3317747116088867
retrieval,7150023,0.6894533038139343
retrieval,7163803,-0.9955297112464905
retrieval,7507098,-1.25456702709198
retrieval,7596684,-0.7118394374847412
retrieval,7601809,-0.41353580355644226
retrieval,7605282,-0.9529167413711548
retrieval,7606419,-1.6791749000549316
retrieval,7607707,-0.6914681196212769
retrieval,7608721,-1.5124104022979736
retrieval,7625977,0.4663355350494385
retrieval,7626721,1.2541364431381226
retrieval,7626833,-2.246023654937744
retrieval,7627310,1.2413280010223389
retrieval,7651454,-1.3156414031982422
retrieval,7654438,0.23297396302223206
retrieval,7664468,-1.1658047437667847
retrieval,7698915,0.20232197642326355
retrieval,7700167,0.7297884821891785
retrieval,7700868,0.40243226289749146
retrieval,7701244,1.190338134765625
retrieval,7702193,0.027790836989879608
retrieval,7710616,0.08498664200305939
retrieval,7834065,0.022961419075727463
retrieval,7854266,-0.486802339553833
retrieval,7854455,-0.007391100283712149
retrieval,7871940,0.43982890248298645
retrieval,7891189,0.26874983310699463
retrieval,7897116,-1.3381088972091675
retrieval,7914271,-0.09010325372219086
retrieval,7922764,0.24501776695251465
retrieval,7929519,0.4087107479572296
retrieval,7933274,0.9429822564125061
retrieval,7933530,0.624468982219696
retrieval,8089797,-1.6107897758483887
retrieval,8095160,-1.316757082939148
retrieval,8124208,-1.0534828901290894
retrieval,8339939,-1.675335168838501
retrieval,8876291,-2.1120247840881348
retrieval,9020389,0.7699322700500488
retrieval,9044146,-0.41971442103385925
retrieval,9057052,-2.2315540313720703
retrieval,9427682,-1.0749720335006714
retrieval,9580065,0.3819373846054077
retrieval,9719434,-2.2602427005767822
retrieval,9793248,0.3213764429092407
retrieval,9794211,-2.1863300800323486
retrieval,9862621,1.1130355596542358
retrieval,9875188,-0.8289156556129456
retrieval,9984659,-0.6133494973182678
retrieval,10012874,-0.7436363697052002
retrieval,10024569,-1.9398305416107178
retrieval,10080493,-1.6145045757293701
retrieval,10106452,0.22937367856502533
retrieval,10198409,-1.2328310012817383
retrieval,10333317,-0.7139168977737427
retrieval,10408552,-0.6452590823173523
retrieval,10444677,-1.4573050737380981
retrieval,10453357,-1.5267250537872314
retrieval,10548623,-2.056603193283081
retrieval,10572128,-0.9973881840705872
retrieval,10794014,1.4716159105300903
retrieval,10939743,0.42037832736968994
retrieval,11039909,-0.4620296061038971
retrieval,11334088,0.010384528897702694
retrieval,11417672,0.5120337605476379
retrieval,11437577,-1.548970103263855
retrieval,11460338,-0.9954568147659302
retrieval,12345739,-0.4116588830947876
retrieval,12402348,0.8278005719184875
retrieval,13221529,-1.3865665197372437
retrieval,13290566,-1.9800046682357788
retrieval,13389475,-1.0541517734527588
retrieval,13390139,-1.231029987335205
retrieval,13390405,-0.32056954503059387
retrieval,13392786,0.8131814002990723
retrieval,13649361,-2.205181360244751
retrieval,13716878,-1.8625470399856567
retrieval,13884740,-0.0752364918589592
retrieval,13931145,-0.12283570319414139
retrieval,13984082,-1.416402816772461
retrieval,14140678,-1.2059656381607056
retrieval,14195315,-0.6272428035736084
retrieval,14294568,-0.5125951170921326
retrieval,14320813,-0.9782806038856506
retrieval,14360436,0.05416126549243927
retrieval,14488317,-1.2954401969909668
retrieval,14533937,-0.6328949332237244
retrieval,14550987,-0.5062979459762573
retrieval,14579933,-1.9912718534469604
retrieval,14606290,-1.2326053380966187
retrieval,14620257,-0.7216063141822815
retrieval,14632648,-0.8999244570732117
retrieval,14647235,-2.077866554260254
retrieval,14654954,-0.42514458298683167
retrieval,14686352,-0.8901783227920532
retrieval,14702875,-0.6140373945236206
retrieval,14703190,-0.9038914442062378
retrieval,14807929,-1.0464510917663574
retrieval,14809057,-0.16576552391052246
retrieval,14867690,-0.22107209265232086
retrieval,14872875,-0.4628440737724304
retrieval,14880557,-0.9822878837585449
retrieval,14894140,0.0454619899392128
retrieval,15180934,-0.9460105895996094
retrieval,15970145,-1.80532968044281
retrieval,17002912,-1.6946243047714233
retrieval,17012379,-1.7294840812683105
retrieval,17282800,0.2781013250350952
retrieval,17925539,-2.112788677215576
retrieval,18367104,-1.5227802991867065
retrieval,18758723,-1.0972634553909302
retrieval,19671124,-2.2230725288391113
retrieval,19855707,-2.2734427452087402
retrieval,19893872,-0.9929064512252808
retrieval,20017667,-1.7205884456634521
retrieval,20128079,-1.9664537906646729
retrieval,20471134,-0.9921960830688477
retrieval,20495093,-2.112788677215576
retrieval,20782430,-1.2432111501693726
retrieval,21377549,-1.4864678382873535
retrieval,21564446,-0.8018025755882263
retrieval,21620388,-1.103453278541565
retrieval,22149540,-2.276717185974121
retrieval,22738759,-2.1751675605773926
retrieval,22767176,-1.2339749336242676
retrieval,23129661,-2.271347761154175
retrieval,23185551,-0.07559170573949814
retrieval,23232427,0.6489488482475281
retrieval,23257851,-0.17426323890686035
retrieval,23620789,-0.9578951597213745
retrieval,24808131,-0.06229245662689209
retrieval,24843217,-2.022566795349121
retrieval,24933378,-1.5267250537872314
retrieval,24942232,-1.858767032623291
retrieval,25290589,-1.452285647392273
retrieval,25579216,-0.634818971157074
retrieval,25685207,-2.0977461338043213
retrieval,25776594,1.7080096006393433
retrieval,26078214,-0.4725135266780853
retrieval,26746434,-2.27679705619812
retrieval,26998039,-1.4701216220855713
retrieval,27106238,-0.82328861951828
retrieval,27246777,-2.2748799324035645
retrieval,27768637,-0.2265307903289795
retrieval,27871992,-0.7885329127311707
retrieval,28190972,-1.8542193174362183
retrieval,29094321,-0.734567403793335
retrieval,29148617,-2.1649527549743652
retrieval,29161294,-0.07559170573949814
retrieval,29632917,-0.7118394374847412
retrieval,29703209,-1.4673937559127808
retrieval,29779486,-1.4125282764434814
retrieval,30028757,-1.692121148109436
retrieval,30225071,0.19559070467948914
retrieval,30373565,-1.7409844398498535
retrieval,30484086,-0.6632795929908752
retrieval,30883080,0.17780464887619019
retrieval,31114750,-2.258305311203003
retrieval,31196176,-1.6834702491760254
retrieval,31391857,-1.9033820629119873
retrieval,31595142,0.97756028175354
retrieval,32152786,-2.2171614170074463
retrieval,32327818,-1.7076828479766846
retrieval,32379732,-0.8292945027351379
retrieval,32473966,-0.25971662998199463
retrieval,32902730,-0.6772937774658203
retrieval,32932491,-1.3667516708374023
retrieval,33006578,-0.5882787108421326
retrieval,33478721,-1.0846445560455322
retrieval,34475997,-1.3865665197372437
retrieval,34578737,-2.112788677215576
retrieval,34773230,-0.770648181438446
retrieval,36507085,-1.692121148109436
retrieval,36678439,-1.93061101436615
retrieval,37287360,0.7159950137138367
retrieval,37319253,-0.46006983518600464
retrieval,37547870,-1.2845728397369385
retrieval,37736408,-0.9708817005157471
retrieval,38014258,-0.7596577405929565
retrieval,38297191,-1.7178738117218018
retrieval,38402744,-0.8968442678451538
retrieval,38954086,0.052630163729190826
retrieval,39139190,-2.0364866256713867
retrieval,39566065,-0.16551275551319122
retrieval,39595218,1.3270114660263062
retrieval,40825299,0.05416126549243927
retrieval,40945115,-1.2952824831008911
retrieval,40995095,-0.27024805545806885
retrieval,41015844,-0.13349853456020355
retrieval,41031648,-1.3103810548782349
retrieval,41161074,-0.2123192697763443
retrieval,41458919,0.2338043451309204
retrieval,41565779,0.30919912457466125
retrieval,41766391,0.14280180633068085
retrieval,41982710,-0.045360248535871506
retrieval,42048260,-2.184054374694824
retrieval,42849420,-2.2815017700195312
retrieval,42931583,-0.8517974019050598
retrieval,43060946,0.12062272429466248
retrieval,43153800,-1.2488607168197632
retrieval,43161384,-0.024721946567296982
retrieval,43301379,-1.103453278541565
retrieval,43304323,-1.3030167818069458
retrieval,43367797,-1.3676549196243286
retrieval,43431032,-1.2284767627716064
retrieval,43631801,0.624656081199646
retrieval,43735560,-1.3437155485153198
retrieval,43858443,-0.05299864336848259
retrieval,43918624,-1.0432252883911133
retrieval,44280552,-1.6060459613800049
retrieval,44295589,-0.6258205771446228
retrieval,44621915,-2.1172924041748047
retrieval,44645737,-0.3463868796825409
retrieval,44838123,0.18605606257915497
retrieval,45258070,-0.5558521151542664
retrieval,45297641,-0.7819403409957886
retrieval,45418454,-1.0846445560455322
retrieval,45564900,-1.9754245281219482
retrieval,46150029,-1.3223179578781128
retrieval,46394736,-1.8428585529327393
retrieval,46673664,0.11572330445051193
retrieval,46994920,-2.168388843536377
retrieval,47552953,0.42500582337379456
retrieval,47595220,-0.26529935002326965
retrieval,47819321,-1.692121148109436
retrieval,48223384,-0.7196748852729797
retrieval,48351897,-1.325544834136963
retrieval,48754831,0.27383172512054443
retrieval,49089576,-0.9081763625144958
retrieval,49300740,-0.47658026218414307
retrieval,49358811,-1.3030167818069458
retrieval,49462954,-1.4589678049087524
retrieval,50262859,-0.3445718586444855
retrieval,50871471,-0.4836875796318054
retrieval,50952217,-1.3497051000595093
retrieval,51060824,-1.2413456439971924
retrieval,51314050,-1.3613288402557373
retrieval,51946990,-0.9595019221305847
retrieval,52325745,-2.281076192855835
retrieval,52474100,-1.0359268188476562
retrieval,52516409,-0.40126511454582214
retrieval,52711595,-0.8486602902412415
retrieval,53022028,-2.126387119293213
retrieval,53288018,-1.9664537906646729
retrieval,53443611,1.2982664108276367
retrieval,53815934,-0.6365554928779602
retrieval,54495173,-0.175627201795578
retrieval,54931507,-0.6252273917198181
retrieval,55191509,-0.5395627021789551
retrieval,55255145,-0.9142621159553528
retrieval,55457672,0.2709520757198334
retrieval,55588327,-2.0266218185424805
retrieval,55658809,-1.7715049982070923
retrieval,55812974,-1.5767890214920044
retrieval,55819553,-0.39728233218193054
retrieval,55826966,-1.1915700435638428
retrieval,55983905,-0.8280263543128967
retrieval,56074056,-0.3923499882221222
retrieval,56112588,-2.0442540645599365
retrieval,56121520,-1.3497051000595093
retrieval,56250900,-2.0661513805389404
retrieval,56458800,0.6558447480201721
retrieval,56792430,-1.5767890214920044
retrieval,56982260,-1.1991153955459595
retrieval,57673976,0.06849050521850586
retrieval,57716963,-1.0073431730270386
retrieval,57785005,-0.24904511868953705
retrieval,57873614,0.6048740148544312
retrieval,58727024,-0.47886091470718384
retrieval,58761464,0.1473148763179779
retrieval,59399259,-1.6139012575149536
retrieval,59976859,-0.4836875796318054
retrieval,60083345,0.5675243735313416
retrieval,60214770,-1.1071752309799194
retrieval,60215376,-1.4410614967346191
retrieval,60375309,-1.9398305416107178
retrieval,60606896,-1.5321102142333984
retrieval,60668084,-1.103453278541565
retrieval,61035709,-2.132617712020874
retrieval,61388266,-0.28368955850601196
retrieval,61627313,0.1473148763179779
retrieval,61635816,-0.24467679858207703
retrieval,61853324,0.36038708686828613
retrieval,62841330,-1.3676549196243286
retrieval,63336441,-0.20996035635471344
retrieval,63633117,-1.8204339742660522
retrieval,64576544,-0.3301442563533783
retrieval,64687077,-1.309860348701477
retrieval,64693533,-1.2406014204025269
retrieval,64856142,-0.26864781975746155
retrieval,65411270,-0.6365554928779602
retrieval,65557844,-0.47658026218414307
retrieval,65824677,-0.5558521151542664
retrieval,65890875,-2.2598700523376465
retrieval,65960228,-0.5730422735214233
retrieval,66668538,0.08498664200305939
retrieval,67344811,-0.24904511868953705
retrieval,67949798,-1.909584641456604
retrieval,68246844,-1.1275076866149902
retrieval,68280322,-2.2239131927490234
retrieval,68321683,-0.8120972514152527
retrieval,68380669,-2.0158984661102295
retrieval,68575085,-0.09806937724351883
retrieval,71055464,-2.2255523204803467
retrieval,71591839,-2.271347761154175
retrieval,71828875,-0.9281108379364014
retrieval,71910823,-0.5459079742431641
retrieval,71959499,-0.4221966862678528
retrieval,72432241,0.14280180633068085
retrieval,72553814,-1.4319450201583095e-05
retrieval,73051579,-0.3773132860660553
retrieval,73600586,-1.247819185256958
retrieval,73616417,-2.0148794651031494
retrieval,73681289,0.2781013250350952
retrieval,73962724,-0.47201788425445557
retrieval,74175857,0.17780464887619019
retrieval,75051801,-2.1896603107452393
retrieval,75787772,-1.0714997053146362
retrieval,75944980,-0.3301442563533783
retrieval,75964288,-2.2736523151397705
retrieval,76066166,-0.6897287964820862
retrieval,76100398,-1.9105029106140137
retrieval,76425345,-2.113793134689331
retrieval,77106105,-0.7196748852729797
retrieval,77132310,-1.4217427968978882
retrieval,77232534,-1.80532968044281
retrieval,77312726,-2.2138373851776123
retrieval,77358840,-1.318047046661377
retrieval,77490593,-1.2935960292816162
retrieval,77726888,-0.28879788517951965
retrieval,78735978,-1.3020267486572266
retrieval,79077085,-1.80532968044281
retrieval,79212243,-2.007303476333618
retrieval,79606917,-2.022566795349121
retrieval,79918827,-0.3445718586444855
retrieval,80289373,-0.045360248535871506
retrieval,80371125,-0.7051021456718445
retrieval,80540387,-1.8974571228027344
retrieval,81303945,-1.8812049627304077
retrieval,81435593,-0.395671010017395
retrieval,82282590,-0.08622021973133087
retrieval,82696415,-0.8340855240821838
retrieval,82916016,-2.193153142929077
retrieval,83084473,1.326436161994934
retrieval,83418847,-0.35523074865341187
retrieval,84089324,-2.270775318145752
retrieval,84306831,-2.126387119293213
retrieval,84510135,-1.309860348701477
retrieval,84788890,-0.5498719215393066
retrieval,84985982,-2.1649527549743652
retrieval,85191733,-2.262977123260498
retrieval,86340862,-1.1405543088912964
retrieval,86341828,-0.21854661405086517
retrieval,86537356,-0.2123192697763443
retrieval,86701636,-0.5722493529319763
retrieval,86714939,-0.6302872896194458
retrieval,87574583,-1.9342279434204102
retrieval,87699711,-0.2627533972263336
retrieval,88016571,-1.6397312879562378
retrieval,88087492,-0.320911705493927
retrieval,89227603,-0.9142621159553528
retrieval,89539854,-2.2271952629089355
retrieval,89926787,-0.8047159314155579
retrieval,90244932,-1.9641185998916626
retrieval,90493027,0.24982790648937225
retrieval,90613035,-0.7518984079360962
retrieval,91784299,-1.3567285537719727
retrieval,91790573,-0.5277605056762695
retrieval,91834546,-2.2734427452087402
retrieval,92068094,-1.6801164150238037
retrieval,92311656,-1.0378674268722534
retrieval,92709444,-0.10631024837493896
retrieval,93114575,-1.0505237579345703
retrieval,93256557,-2.277031898498535
retrieval,93407716,-1.722359299659729
retrieval,93512057,-2.2772903442382812
retrieval,94006560,-1.256730318069458
retrieval,94321535,-0.7647169232368469
retrieval,94532154,0.7020281553268433
retrieval,95171107,-2.2540764808654785
retrieval,95228839,-1.5463905334472656
retrieval,95325441,-2.111082077026367
retrieval,95450946,-1.103453278541565
retrieval,95583911,0.3317747116088867
retrieval,95718306,-0.4221966862678528
retrieval,95737828,-1.3397830724716187
retrieval,96448597,0.05416126549243927
retrieval,96482065,-1.9398305416107178
retrieval,96521920,-0.04489170014858246
retrieval,96850153,0.97756028175354
retrieval,98113191,-0.6948306560516357
retrieval,98195317,-0.31167250871658325
retrieval,98254655,-0.6772937774658203
retrieval,98319500,-0.09513935446739197
retrieval,98642787,-2.2059707641601562
retrieval,98646702,-2.278503656387329
retrieval,98929226,-2.2799084186553955
retrieval,99178779,-0.300290584564209
retrieval,99185892,-1.623110294342041
retrieval,99211012,-2.227959156036377
retrieval,99410560,0.6787143349647522
retrieval,99862294,-0.2185787409543991
runwayml_stable-diffusion-v1-5,138508,-0.019786307588219643
runwayml_stable-diffusion-v1-5,192051,-1.2971134185791016
runwayml_stable-diffusion-v1-5,213186,0.014433227479457855
runwayml_stable-diffusion-v1-5,232386,-1.3308112621307373
runwayml_stable-diffusion-v1-5,232765,-0.5818654894828796
runwayml_stable-diffusion-v1-5,258857,-1.4499056339263916
runwayml_stable-diffusion-v1-5,283090,-0.3921017646789551
runwayml_stable-diffusion-v1-5,285141,-0.2449960708618164
runwayml_stable-diffusion-v1-5,399030,-1.0942403078079224
runwayml_stable-diffusion-v1-5,440189,-1.6069010496139526
runwayml_stable-diffusion-v1-5,445169,-2.003023862838745
runwayml_stable-diffusion-v1-5,486490,-0.6524080038070679
runwayml_stable-diffusion-v1-5,487072,-0.7965620756149292
runwayml_stable-diffusion-v1-5,487326,-2.0820870399475098
runwayml_stable-diffusion-v1-5,489837,-0.7776201367378235
runwayml_stable-diffusion-v1-5,646833,-1.1160736083984375
runwayml_stable-diffusion-v1-5,708860,-2.2462174892425537
runwayml_stable-diffusion-v1-5,717208,-0.013869130052626133
runwayml_stable-diffusion-v1-5,717468,1.5594968795776367
runwayml_stable-diffusion-v1-5,735254,-2.252497911453247
runwayml_stable-diffusion-v1-5,762478,-1.0394877195358276
runwayml_stable-diffusion-v1-5,825443,0.3811233639717102
runwayml_stable-diffusion-v1-5,831919,-0.4400155246257782
runwayml_stable-diffusion-v1-5,896677,-1.4224923849105835
runwayml_stable-diffusion-v1-5,936620,-1.007572054862976
runwayml_stable-diffusion-v1-5,974367,-1.6403228044509888
runwayml_stable-diffusion-v1-5,993014,-0.7710341811180115
runwayml_stable-diffusion-v1-5,995855,-0.09982077777385712
runwayml_stable-diffusion-v1-5,1113367,-1.3875255584716797
runwayml_stable-diffusion-v1-5,1171644,-1.221528172492981
runwayml_stable-diffusion-v1-5,1209135,-1.1367801427841187
runwayml_stable-diffusion-v1-5,1317294,-0.7549253106117249
runwayml_stable-diffusion-v1-5,1317533,-1.6989226341247559
runwayml_stable-diffusion-v1-5,1321854,1.2462252378463745
runwayml_stable-diffusion-v1-5,1377758,-0.11534938961267471
runwayml_stable-diffusion-v1-5,1474832,-0.2225794792175293
runwayml_stable-diffusion-v1-5,1516071,-1.5742466449737549
runwayml_stable-diffusion-v1-5,1566705,-0.79608553647995
runwayml_stable-diffusion-v1-5,1640855,-1.2531516551971436
runwayml_stable-diffusion-v1-5,1668603,-1.2462986707687378
runwayml_stable-diffusion-v1-5,1678990,-0.33768078684806824
runwayml_stable-diffusion-v1-5,1699831,0.7137517929077148
runwayml_stable-diffusion-v1-5,1707698,0.5416254997253418
runwayml_stable-diffusion-v1-5,1727942,-1.570773959159851
runwayml_stable-diffusion-v1-5,2045760,-1.0118598937988281
runwayml_stable-diffusion-v1-5,2075049,-1.9113597869873047
runwayml_stable-diffusion-v1-5,2075764,-1.5310348272323608
runwayml_stable-diffusion-v1-5,2241569,1.0809048414230347
runwayml_stable-diffusion-v1-5,2720725,-1.3186336755752563
runwayml_stable-diffusion-v1-5,2721160,-0.07202153652906418
runwayml_stable-diffusion-v1-5,2730265,-0.7867241501808167
runwayml_stable-diffusion-v1-5,2744395,-2.256222724914551
runwayml_stable-diffusion-v1-5,2770078,0.9220073819160461
runwayml_stable-diffusion-v1-5,2793684,-0.7030792236328125
runwayml_stable-diffusion-v1-5,2803666,1.3485828638076782
runwayml_stable-diffusion-v1-5,2807731,0.20766645669937134
runwayml_stable-diffusion-v1-5,2821943,0.8028877973556519
runwayml_stable-diffusion-v1-5,2824319,0.4138607680797577
runwayml_stable-diffusion-v1-5,2825442,0.4445244073867798
runwayml_stable-diffusion-v1-5,2852043,0.282541424036026
runwayml_stable-diffusion-v1-5,2870293,-0.3545799255371094
runwayml_stable-diffusion-v1-5,2870880,0.6350437998771667
runwayml_stable-diffusion-v1-5,2923535,-0.9474765658378601
runwayml_stable-diffusion-v1-5,2933112,0.6612014770507812
runwayml_stable-diffusion-v1-5,2963987,0.9207965135574341
runwayml_stable-diffusion-v1-5,2991302,0.05167044699192047
runwayml_stable-diffusion-v1-5,3024209,-0.2872861623764038
runwayml_stable-diffusion-v1-5,3035832,-1.1414556503295898
runwayml_stable-diffusion-v1-5,3049457,0.9897525310516357
runwayml_stable-diffusion-v1-5,3107488,-1.0620304346084595
runwayml_stable-diffusion-v1-5,3131388,-2.2110719680786133
runwayml_stable-diffusion-v1-5,3131669,-1.4786313772201538
runwayml_stable-diffusion-v1-5,3152830,-0.7882024645805359
runwayml_stable-diffusion-v1-5,3249569,1.1592873334884644
runwayml_stable-diffusion-v1-5,3262349,-0.13406012952327728
runwayml_stable-diffusion-v1-5,3288500,-1.6452776193618774
runwayml_stable-diffusion-v1-5,3298716,0.8144024014472961
runwayml_stable-diffusion-v1-5,3308246,1.001733422279358
runwayml_stable-diffusion-v1-5,3309110,-1.0961766242980957
runwayml_stable-diffusion-v1-5,3347220,-0.3758702576160431
runwayml_stable-diffusion-v1-5,3353281,-0.6176446080207825
runwayml_stable-diffusion-v1-5,3366112,-1.7395042181015015
runwayml_stable-diffusion-v1-5,3411927,0.18174362182617188
runwayml_stable-diffusion-v1-5,3456665,-0.5298934578895569
runwayml_stable-diffusion-v1-5,3563208,-1.8521735668182373
runwayml_stable-diffusion-v1-5,3580281,-0.890420138835907
runwayml_stable-diffusion-v1-5,3603442,-0.7695586681365967
runwayml_stable-diffusion-v1-5,3607029,0.7737106084823608
runwayml_stable-diffusion-v1-5,3628071,0.11172106862068176
runwayml_stable-diffusion-v1-5,3630383,0.16986049711704254
runwayml_stable-diffusion-v1-5,3676483,-1.191655158996582
runwayml_stable-diffusion-v1-5,3679712,0.415412575006485
runwayml_stable-diffusion-v1-5,3685307,-0.0373382605612278
runwayml_stable-diffusion-v1-5,3703463,-2.070078134536743
runwayml_stable-diffusion-v1-5,3714235,1.8477587699890137
runwayml_stable-diffusion-v1-5,3728318,-1.1942297220230103
runwayml_stable-diffusion-v1-5,3748162,0.04003798961639404
runwayml_stable-diffusion-v1-5,3764276,1.0214847326278687
runwayml_stable-diffusion-v1-5,3818090,-0.7542625069618225
runwayml_stable-diffusion-v1-5,3842156,0.7837714552879333
runwayml_stable-diffusion-v1-5,3880032,-0.8406813740730286
runwayml_stable-diffusion-v1-5,3889343,0.3552092909812927
runwayml_stable-diffusion-v1-5,3907654,0.14832888543605804
runwayml_stable-diffusion-v1-5,3940713,-1.0323439836502075
runwayml_stable-diffusion-v1-5,3975232,-0.8286423683166504
runwayml_stable-diffusion-v1-5,3982060,-0.8319100141525269
runwayml_stable-diffusion-v1-5,3990474,0.6863144636154175
runwayml_stable-diffusion-v1-5,4010305,-0.8017598390579224
runwayml_stable-diffusion-v1-5,4025130,-0.5479686260223389
runwayml_stable-diffusion-v1-5,4062807,1.3489989042282104
runwayml_stable-diffusion-v1-5,4123448,0.2675647437572479
runwayml_stable-diffusion-v1-5,4125853,-0.24677053093910217
runwayml_stable-diffusion-v1-5,4140340,0.6908779144287109
runwayml_stable-diffusion-v1-5,4145056,-1.0004799365997314
runwayml_stable-diffusion-v1-5,4192521,-2.1979010105133057
runwayml_stable-diffusion-v1-5,4259202,-1.3125126361846924
runwayml_stable-diffusion-v1-5,4285773,-1.2912731170654297
runwayml_stable-diffusion-v1-5,4345028,0.001619107322767377
runwayml_stable-diffusion-v1-5,4387201,1.3831353187561035
runwayml_stable-diffusion-v1-5,4416901,-0.9120853543281555
runwayml_stable-diffusion-v1-5,4455579,-0.6420840620994568
runwayml_stable-diffusion-v1-5,4497570,0.17378614842891693
runwayml_stable-diffusion-v1-5,4534520,-1.1605093479156494
runwayml_stable-diffusion-v1-5,4539203,0.8726291656494141
runwayml_stable-diffusion-v1-5,4552551,0.5245224833488464
runwayml_stable-diffusion-v1-5,4596797,-2.2376186847686768
runwayml_stable-diffusion-v1-5,4832208,-2.1062099933624268
runwayml_stable-diffusion-v1-5,4930139,1.4752086400985718
runwayml_stable-diffusion-v1-5,5008085,-1.5227720737457275
runwayml_stable-diffusion-v1-5,5219923,-1.6699126958847046
runwayml_stable-diffusion-v1-5,5316083,-1.3502557277679443
runwayml_stable-diffusion-v1-5,5350912,-1.3129078149795532
runwayml_stable-diffusion-v1-5,5374860,-0.11482899636030197
runwayml_stable-diffusion-v1-5,5410315,-0.5029023289680481
runwayml_stable-diffusion-v1-5,5522784,-2.15978741645813
runwayml_stable-diffusion-v1-5,5728577,-0.7550018429756165
runwayml_stable-diffusion-v1-5,5752544,-1.1283408403396606
runwayml_stable-diffusion-v1-5,5794797,0.1965772956609726
runwayml_stable-diffusion-v1-5,5895919,-0.24573741853237152
runwayml_stable-diffusion-v1-5,5958517,-1.9389969110488892
runwayml_stable-diffusion-v1-5,6189776,0.1375972479581833
runwayml_stable-diffusion-v1-5,6528587,-0.6109997630119324
runwayml_stable-diffusion-v1-5,6584891,-0.13461148738861084
runwayml_stable-diffusion-v1-5,6586355,-0.013188430108129978
runwayml_stable-diffusion-v1-5,6607809,-0.5270901918411255
runwayml_stable-diffusion-v1-5,6615026,-1.4130346775054932
runwayml_stable-diffusion-v1-5,6615458,-0.7714366912841797
runwayml_stable-diffusion-v1-5,6615818,0.4851863384246826
runwayml_stable-diffusion-v1-5,6616314,-0.97109454870224
runwayml_stable-diffusion-v1-5,6617011,-1.432160496711731
runwayml_stable-diffusion-v1-5,6617413,-2.1273796558380127
runwayml_stable-diffusion-v1-5,6729499,-0.6552087664604187
runwayml_stable-diffusion-v1-5,6880664,-1.4414913654327393
runwayml_stable-diffusion-v1-5,6883725,0.5511369109153748
runwayml_stable-diffusion-v1-5,6946774,-2.1691153049468994
runwayml_stable-diffusion-v1-5,7025268,0.9507818222045898
runwayml_stable-diffusion-v1-5,7109847,-1.2630226612091064
runwayml_stable-diffusion-v1-5,7116261,0.21764010190963745
runwayml_stable-diffusion-v1-5,7150023,-0.9048405289649963
runwayml_stable-diffusion-v1-5,7163803,-0.4534192383289337
runwayml_stable-diffusion-v1-5,7507098,-0.6645053029060364
runwayml_stable-diffusion-v1-5,7596684,-0.11789942532777786
runwayml_stable-diffusion-v1-5,7597365,-0.8892767429351807
runwayml_stable-diffusion-v1-5,7601809,0.29695671796798706
runwayml_stable-diffusion-v1-5,7605282,-1.7784196138381958
runwayml_stable-diffusion-v1-5,7606419,-2.130636215209961
runwayml_stable-diffusion-v1-5,7607707,-0.5693850517272949
runwayml_stable-diffusion-v1-5,7608721,0.30387964844703674
runwayml_stable-diffusion-v1-5,7625977,0.9006968140602112
runwayml_stable-diffusion-v1-5,7626721,0.9974858164787292
runwayml_stable-diffusion-v1-5,7626833,1.2892221212387085
runwayml_stable-diffusion-v1-5,7627310,-0.95456862449646
runwayml_stable-diffusion-v1-5,7651454,0.21235182881355286
runwayml_stable-diffusion-v1-5,7654438,0.3542836606502533
runwayml_stable-diffusion-v1-5,7664468,-0.38140466809272766
runwayml_stable-diffusion-v1-5,7698915,-0.27722933888435364
runwayml_stable-diffusion-v1-5,7700167,0.8907822966575623
runwayml_stable-diffusion-v1-5,7700868,0.41291236877441406
runwayml_stable-diffusion-v1-5,7701244,0.3782694637775421
runwayml_stable-diffusion-v1-5,7702193,-0.6828997135162354
runwayml_stable-diffusion-v1-5,7710616,0.7101428508758545
runwayml_stable-diffusion-v1-5,7834065,-1.040619134902954
runwayml_stable-diffusion-v1-5,7854266,-0.7776944637298584
runwayml_stable-diffusion-v1-5,7854455,0.23403196036815643
runwayml_stable-diffusion-v1-5,7871940,0.5389477610588074
runwayml_stable-diffusion-v1-5,7891189,1.242058515548706
runwayml_stable-diffusion-v1-5,7897116,-1.5172237157821655
runwayml_stable-diffusion-v1-5,7914271,0.8422228097915649
runwayml_stable-diffusion-v1-5,7922764,0.31920763850212097
runwayml_stable-diffusion-v1-5,7929519,0.15440699458122253
runwayml_stable-diffusion-v1-5,7933274,-0.3387068808078766
runwayml_stable-diffusion-v1-5,7933530,0.05899152159690857
runwayml_stable-diffusion-v1-5,8089797,0.5526151061058044
runwayml_stable-diffusion-v1-5,8095160,-0.3684665262699127
runwayml_stable-diffusion-v1-5,8124208,-2.183708429336548
runwayml_stable-diffusion-v1-5,8339939,0.47082027792930603
runwayml_stable-diffusion-v1-5,8876291,-0.3168870508670807
runwayml_stable-diffusion-v1-5,9020389,1.0699317455291748
runwayml_stable-diffusion-v1-5,9044146,-1.153628945350647
runwayml_stable-diffusion-v1-5,9057052,-2.2713067531585693
runwayml_stable-diffusion-v1-5,9427682,-0.4702630639076233
runwayml_stable-diffusion-v1-5,9580065,0.29404696822166443
runwayml_stable-diffusion-v1-5,9719434,0.17325922846794128
runwayml_stable-diffusion-v1-5,9793248,-0.2172214537858963
runwayml_stable-diffusion-v1-5,9794211,-1.027845025062561
runwayml_stable-diffusion-v1-5,9862621,-1.1627140045166016
runwayml_stable-diffusion-v1-5,9875188,-1.5810495615005493
runwayml_stable-diffusion-v1-5,9984659,-1.7096344232559204
runwayml_stable-diffusion-v1-5,10012874,-1.4895702600479126
runwayml_stable-diffusion-v1-5,10024569,-0.7792520523071289
runwayml_stable-diffusion-v1-5,10080493,-1.383995532989502
runwayml_stable-diffusion-v1-5,10106452,-1.2975854873657227
runwayml_stable-diffusion-v1-5,10198409,-1.6791266202926636
runwayml_stable-diffusion-v1-5,10333317,-0.6412088871002197
runwayml_stable-diffusion-v1-5,10408552,1.0010498762130737
runwayml_stable-diffusion-v1-5,10444677,-0.4165087044239044
runwayml_stable-diffusion-v1-5,10453357,-1.3013057708740234
runwayml_stable-diffusion-v1-5,10548623,-0.845405101776123
runwayml_stable-diffusion-v1-5,10572128,-1.046425223350525
runwayml_stable-diffusion-v1-5,10794014,-0.2910659611225128
runwayml_stable-diffusion-v1-5,10939743,1.0031746625900269
runwayml_stable-diffusion-v1-5,11039909,-0.21560491621494293
runwayml_stable-diffusion-v1-5,11334088,0.8288694024085999
runwayml_stable-diffusion-v1-5,11417672,0.9411553740501404
runwayml_stable-diffusion-v1-5,11437577,-0.48584800958633423
runwayml_stable-diffusion-v1-5,11460338,-1.0741347074508667
runwayml_stable-diffusion-v1-5,12345739,-0.4823762774467468
runwayml_stable-diffusion-v1-5,12402348,0.2419295459985733
runwayml_stable-diffusion-v1-5,13221529,-0.02177816815674305
runwayml_stable-diffusion-v1-5,13290566,-1.358959436416626
runwayml_stable-diffusion-v1-5,13389475,0.2659685015678406
runwayml_stable-diffusion-v1-5,13390139,0.6368545889854431
runwayml_stable-diffusion-v1-5,13390405,0.5023752450942993
runwayml_stable-diffusion-v1-5,13392786,0.6401463747024536
runwayml_stable-diffusion-v1-5,13649361,-1.4461506605148315
runwayml_stable-diffusion-v1-5,13716878,0.9322110414505005
runwayml_stable-diffusion-v1-5,13884740,-0.6110257506370544
runwayml_stable-diffusion-v1-5,13915305,-0.4155731797218323
runwayml_stable-diffusion-v1-5,13931145,-1.3226654529571533
runwayml_stable-diffusion-v1-5,13984082,-1.2264537811279297
runwayml_stable-diffusion-v1-5,14140678,-1.249912142753601
runwayml_stable-diffusion-v1-5,14195315,-0.35534316301345825
runwayml_stable-diffusion-v1-5,14294568,-1.2214388847351074
runwayml_stable-diffusion-v1-5,14320813,-0.09874256700277328
runwayml_stable-diffusion-v1-5,14360436,-0.662898063659668
runwayml_stable-diffusion-v1-5,14488317,-0.7794117331504822
runwayml_stable-diffusion-v1-5,14533937,-2.2768359184265137
runwayml_stable-diffusion-v1-5,14550987,-0.7897831201553345
runwayml_stable-diffusion-v1-5,14579933,-1.7009081840515137
runwayml_stable-diffusion-v1-5,14606290,-0.4031757712364197
runwayml_stable-diffusion-v1-5,14620257,-1.1562941074371338
runwayml_stable-diffusion-v1-5,14632648,-1.6078646183013916
runwayml_stable-diffusion-v1-5,14647235,-1.183914303779602
runwayml_stable-diffusion-v1-5,14654954,0.19175425171852112
runwayml_stable-diffusion-v1-5,14686352,-0.6180208921432495
runwayml_stable-diffusion-v1-5,14702875,-1.044872760772705
runwayml_stable-diffusion-v1-5,14703190,-1.1077510118484497
runwayml_stable-diffusion-v1-5,14807929,-0.03821799159049988
runwayml_stable-diffusion-v1-5,14809057,-0.4510720670223236
runwayml_stable-diffusion-v1-5,14867690,-0.705556333065033
runwayml_stable-diffusion-v1-5,14872875,-1.109005331993103
runwayml_stable-diffusion-v1-5,14880557,-0.5608007907867432
runwayml_stable-diffusion-v1-5,14894140,-0.3965766131877899
runwayml_stable-diffusion-v1-5,15180934,-1.1621918678283691
runwayml_stable-diffusion-v1-5,15970145,-2.2562379837036133
runwayml_stable-diffusion-v1-5,17002912,-0.7512363791465759
runwayml_stable-diffusion-v1-5,17012379,-2.200683355331421
runwayml_stable-diffusion-v1-5,17282800,0.99270099401474
runwayml_stable-diffusion-v1-5,17925539,-2.180901050567627
runwayml_stable-diffusion-v1-5,18367104,-0.42589133977890015
runwayml_stable-diffusion-v1-5,18758723,-0.7340142726898193
runwayml_stable-diffusion-v1-5,19143128,0.3581292927265167
runwayml_stable-diffusion-v1-5,19671124,-1.3247480392456055
runwayml_stable-diffusion-v1-5,19855707,-2.2765426635742188
runwayml_stable-diffusion-v1-5,19893872,-0.20481151342391968
runwayml_stable-diffusion-v1-5,20017667,-1.9119126796722412
runwayml_stable-diffusion-v1-5,20128079,-2.199228286743164
runwayml_stable-diffusion-v1-5,20471134,-2.1435978412628174
runwayml_stable-diffusion-v1-5,20495093,-2.182788372039795
runwayml_stable-diffusion-v1-5,20782430,-1.6983559131622314
runwayml_stable-diffusion-v1-5,21377549,-1.1452594995498657
runwayml_stable-diffusion-v1-5,21564446,-1.7495367527008057
runwayml_stable-diffusion-v1-5,21620388,-0.9949417114257812
runwayml_stable-diffusion-v1-5,22149540,-2.2754902839660645
runwayml_stable-diffusion-v1-5,22738759,-2.273447275161743
runwayml_stable-diffusion-v1-5,22767176,-1.783705472946167
runwayml_stable-diffusion-v1-5,23129661,-2.2365081310272217
runwayml_stable-diffusion-v1-5,23185551,-1.2509651184082031
runwayml_stable-diffusion-v1-5,23232427,0.35196977853775024
runwayml_stable-diffusion-v1-5,23257851,-1.0880908966064453
runwayml_stable-diffusion-v1-5,23620789,-0.6769638657569885
runwayml_stable-diffusion-v1-5,24808131,-0.7919859886169434
runwayml_stable-diffusion-v1-5,24843217,-2.2288691997528076
runwayml_stable-diffusion-v1-5,24933378,-1.1607332229614258
runwayml_stable-diffusion-v1-5,24942232,-0.32530656456947327
runwayml_stable-diffusion-v1-5,25290589,-1.321560025215149
runwayml_stable-diffusion-v1-5,25579216,-0.8996696472167969
runwayml_stable-diffusion-v1-5,25685207,-2.2643229961395264
runwayml_stable-diffusion-v1-5,25776594,-0.612444281578064
runwayml_stable-diffusion-v1-5,26078214,-2.16349196434021
runwayml_stable-diffusion-v1-5,26746434,-1.8421876430511475
runwayml_stable-diffusion-v1-5,26998039,-1.423227310180664
runwayml_stable-diffusion-v1-5,27106238,-1.6225982904434204
runwayml_stable-diffusion-v1-5,27246777,-2.1965479850769043
runwayml_stable-diffusion-v1-5,27768637,-0.36477646231651306
runwayml_stable-diffusion-v1-5,27871992,-1.3671921491622925
runwayml_stable-diffusion-v1-5,28190972,-1.7908796072006226
runwayml_stable-diffusion-v1-5,29094321,-0.928966760635376
runwayml_stable-diffusion-v1-5,29148617,-1.7015336751937866
runwayml_stable-diffusion-v1-5,29161294,-1.30854332447052
runwayml_stable-diffusion-v1-5,29632917,-0.23304715752601624
runwayml_stable-diffusion-v1-5,29703209,-1.8527535200119019
runwayml_stable-diffusion-v1-5,29779486,-1.3279094696044922
runwayml_stable-diffusion-v1-5,30028757,-1.5222018957138062
runwayml_stable-diffusion-v1-5,30225071,-0.5434979200363159
runwayml_stable-diffusion-v1-5,30373565,-1.4756653308868408
runwayml_stable-diffusion-v1-5,30484086,-1.3268401622772217
runwayml_stable-diffusion-v1-5,30883080,-0.5278689861297607
runwayml_stable-diffusion-v1-5,31114750,-2.280153274536133
runwayml_stable-diffusion-v1-5,31196176,0.02298770658671856
runwayml_stable-diffusion-v1-5,31391857,-1.3299041986465454
runwayml_stable-diffusion-v1-5,31595142,0.8961456418037415
runwayml_stable-diffusion-v1-5,32152786,-2.2417991161346436
runwayml_stable-diffusion-v1-5,32327818,-0.7048521637916565
runwayml_stable-diffusion-v1-5,32379732,1.5483816862106323
runwayml_stable-diffusion-v1-5,32473966,-1.3543932437896729
runwayml_stable-diffusion-v1-5,32902730,0.6066240668296814
runwayml_stable-diffusion-v1-5,32932491,-2.0799143314361572
runwayml_stable-diffusion-v1-5,33006578,-0.7064771056175232
runwayml_stable-diffusion-v1-5,33478721,-1.6524875164031982
runwayml_stable-diffusion-v1-5,34475997,-0.1097889095544815
runwayml_stable-diffusion-v1-5,34578737,-2.2341649532318115
runwayml_stable-diffusion-v1-5,34773230,-1.1596310138702393
runwayml_stable-diffusion-v1-5,36507085,-1.7638764381408691
runwayml_stable-diffusion-v1-5,36678439,-1.7618780136108398
runwayml_stable-diffusion-v1-5,37287360,0.29188185930252075
runwayml_stable-diffusion-v1-5,37319253,-0.9416123032569885
runwayml_stable-diffusion-v1-5,37547870,0.4456040859222412
runwayml_stable-diffusion-v1-5,37736408,-0.6931165456771851
runwayml_stable-diffusion-v1-5,38014258,-0.15112563967704773
runwayml_stable-diffusion-v1-5,38297191,-0.17802821099758148
runwayml_stable-diffusion-v1-5,38402744,-0.22885394096374512
runwayml_stable-diffusion-v1-5,38954086,-0.6773133277893066
runwayml_stable-diffusion-v1-5,39139190,-2.2658350467681885
runwayml_stable-diffusion-v1-5,39560404,-1.437601923942566
runwayml_stable-diffusion-v1-5,39566065,1.6777830123901367
runwayml_stable-diffusion-v1-5,39595218,0.5343456268310547
runwayml_stable-diffusion-v1-5,40825299,-0.4674314856529236
runwayml_stable-diffusion-v1-5,40945115,-0.514990508556366
runwayml_stable-diffusion-v1-5,40995095,-0.563768744468689
runwayml_stable-diffusion-v1-5,41015844,-1.6095490455627441
runwayml_stable-diffusion-v1-5,41031648,-0.34279969334602356
runwayml_stable-diffusion-v1-5,41161074,-0.19572250545024872
runwayml_stable-diffusion-v1-5,41458919,-1.0854398012161255
runwayml_stable-diffusion-v1-5,41565779,1.3621150255203247
runwayml_stable-diffusion-v1-5,41766391,-0.26427197456359863
runwayml_stable-diffusion-v1-5,41982710,-0.6286664605140686
runwayml_stable-diffusion-v1-5,42048260,-2.241755723953247
runwayml_stable-diffusion-v1-5,42849420,-2.2613301277160645
runwayml_stable-diffusion-v1-5,42931583,-0.2256246656179428
runwayml_stable-diffusion-v1-5,43060946,-0.08257913589477539
runwayml_stable-diffusion-v1-5,43153800,-0.5307983160018921
runwayml_stable-diffusion-v1-5,43161384,0.14336085319519043
runwayml_stable-diffusion-v1-5,43301379,-1.413743257522583
runwayml_stable-diffusion-v1-5,43304323,-1.3688493967056274
runwayml_stable-diffusion-v1-5,43367797,-0.8007307052612305
runwayml_stable-diffusion-v1-5,43431032,-0.2090042233467102
runwayml_stable-diffusion-v1-5,43631801,1.0816501379013062
runwayml_stable-diffusion-v1-5,43735560,0.19103103876113892
runwayml_stable-diffusion-v1-5,43858443,-0.0867282897233963
runwayml_stable-diffusion-v1-5,43918624,-1.1041789054870605
runwayml_stable-diffusion-v1-5,44280552,-1.989772915840149
runwayml_stable-diffusion-v1-5,44295589,-0.9216834902763367
runwayml_stable-diffusion-v1-5,44621915,-1.7258477210998535
runwayml_stable-diffusion-v1-5,44645737,-0.07960894703865051
runwayml_stable-diffusion-v1-5,44838123,-0.5268406271934509
runwayml_stable-diffusion-v1-5,45258070,-1.4504306316375732
runwayml_stable-diffusion-v1-5,45297641,-1.2315163612365723
runwayml_stable-diffusion-v1-5,45418454,0.5974623560905457
runwayml_stable-diffusion-v1-5,45564900,-2.1613800525665283
runwayml_stable-diffusion-v1-5,46150029,-1.4356324672698975
runwayml_stable-diffusion-v1-5,46394736,-2.199418783187866
runwayml_stable-diffusion-v1-5,46673664,-0.23969155550003052
runwayml_stable-diffusion-v1-5,46994920,-2.258924961090088
runwayml_stable-diffusion-v1-5,47009060,-2.0746586322784424
runwayml_stable-diffusion-v1-5,47552953,0.06062650308012962
runwayml_stable-diffusion-v1-5,47595220,-1.2727000713348389
runwayml_stable-diffusion-v1-5,47819321,-1.341732144355774
runwayml_stable-diffusion-v1-5,48223384,-0.1191776767373085
runwayml_stable-diffusion-v1-5,48351897,-0.6778515577316284
runwayml_stable-diffusion-v1-5,48754831,-0.17488592863082886
runwayml_stable-diffusion-v1-5,49054805,0.4219074845314026
runwayml_stable-diffusion-v1-5,49089576,-1.242124080657959
runwayml_stable-diffusion-v1-5,49300740,-0.6903421878814697
runwayml_stable-diffusion-v1-5,49358811,-1.4823201894760132
runwayml_stable-diffusion-v1-5,49462954,-1.6560410261154175
runwayml_stable-diffusion-v1-5,50262859,0.5946222543716431
runwayml_stable-diffusion-v1-5,50871471,-0.9829067587852478
runwayml_stable-diffusion-v1-5,50952217,-1.717634677886963
runwayml_stable-diffusion-v1-5,51060824,-1.7950137853622437
runwayml_stable-diffusion-v1-5,51314050,-0.13107670843601227
runwayml_stable-diffusion-v1-5,51946990,-0.8703641295433044
runwayml_stable-diffusion-v1-5,52325745,-2.254868268966675
runwayml_stable-diffusion-v1-5,52474100,-1.3393853902816772
runwayml_stable-diffusion-v1-5,52516409,-1.0484386682510376
runwayml_stable-diffusion-v1-5,52711595,-1.2364319562911987
runwayml_stable-diffusion-v1-5,53022028,-2.2405412197113037
runwayml_stable-diffusion-v1-5,53205877,-2.261880397796631
runwayml_stable-diffusion-v1-5,53288018,-2.2085838317871094
runwayml_stable-diffusion-v1-5,53443611,-0.17233413457870483
runwayml_stable-diffusion-v1-5,53815934,-0.49303069710731506
runwayml_stable-diffusion-v1-5,54495173,-0.8918310403823853
runwayml_stable-diffusion-v1-5,54931507,-1.8237844705581665
runwayml_stable-diffusion-v1-5,55191509,-1.4355859756469727
runwayml_stable-diffusion-v1-5,55255145,-1.062638282775879
runwayml_stable-diffusion-v1-5,55457672,-1.9871363639831543
runwayml_stable-diffusion-v1-5,55588327,-2.0535686016082764
runwayml_stable-diffusion-v1-5,55653646,-0.36897632479667664
runwayml_stable-diffusion-v1-5,55658809,-1.5866246223449707
runwayml_stable-diffusion-v1-5,55812974,-1.5702831745147705
runwayml_stable-diffusion-v1-5,55819553,-0.28140729665756226
runwayml_stable-diffusion-v1-5,55826966,-0.5788436532020569
runwayml_stable-diffusion-v1-5,55983905,-1.0117617845535278
runwayml_stable-diffusion-v1-5,56074056,-1.2152738571166992
runwayml_stable-diffusion-v1-5,56112588,-0.6475006341934204
runwayml_stable-diffusion-v1-5,56121520,0.4093899428844452
runwayml_stable-diffusion-v1-5,56250900,-2.1984829902648926
runwayml_stable-diffusion-v1-5,56458800,-1.6021358966827393
runwayml_stable-diffusion-v1-5,56792430,-0.3458915948867798
runwayml_stable-diffusion-v1-5,56982260,-1.8730968236923218
runwayml_stable-diffusion-v1-5,57673976,-0.598953902721405
runwayml_stable-diffusion-v1-5,57716963,-0.40029093623161316
runwayml_stable-diffusion-v1-5,57729980,-2.2079415321350098
runwayml_stable-diffusion-v1-5,57785005,-1.0631802082061768
runwayml_stable-diffusion-v1-5,57873614,-0.8559618592262268
runwayml_stable-diffusion-v1-5,58727024,-1.5083304643630981
runwayml_stable-diffusion-v1-5,58761464,-0.9229627251625061
runwayml_stable-diffusion-v1-5,59399259,-0.5397365093231201
runwayml_stable-diffusion-v1-5,59976859,-1.5769370794296265
runwayml_stable-diffusion-v1-5,60083345,-0.8343759179115295
runwayml_stable-diffusion-v1-5,60214770,-0.9421559572219849
runwayml_stable-diffusion-v1-5,60215376,-1.8058258295059204
runwayml_stable-diffusion-v1-5,60375309,-1.4878920316696167
runwayml_stable-diffusion-v1-5,60606896,-0.6346827745437622
runwayml_stable-diffusion-v1-5,60668084,-0.7902359366416931
runwayml_stable-diffusion-v1-5,61035709,-2.272371768951416
runwayml_stable-diffusion-v1-5,61388266,-1.558113932609558
runwayml_stable-diffusion-v1-5,61627313,-1.1305584907531738
runwayml_stable-diffusion-v1-5,61635816,-0.517188549041748
runwayml_stable-diffusion-v1-5,61853324,-0.09176082909107208
runwayml_stable-diffusion-v1-5,62408818,-0.45301663875579834
runwayml_stable-diffusion-v1-5,62841330,-1.192918300628662
runwayml_stable-diffusion-v1-5,63015570,-0.12738190591335297
runwayml_stable-diffusion-v1-5,63336441,-1.407585859298706
runwayml_stable-diffusion-v1-5,63633117,-1.9131425619125366
runwayml_stable-diffusion-v1-5,64576544,-1.827191710472107
runwayml_stable-diffusion-v1-5,64687077,-1.8263986110687256
runwayml_stable-diffusion-v1-5,64693533,-0.8634436726570129
runwayml_stable-diffusion-v1-5,64856142,1.2708299160003662
runwayml_stable-diffusion-v1-5,65411270,-0.9528425931930542
runwayml_stable-diffusion-v1-5,65557844,-0.5209878087043762
runwayml_stable-diffusion-v1-5,65824677,-1.6399691104888916
runwayml_stable-diffusion-v1-5,65890875,-1.9844805002212524
runwayml_stable-diffusion-v1-5,65960228,-1.0625265836715698
runwayml_stable-diffusion-v1-5,66668538,0.36017468571662903
runwayml_stable-diffusion-v1-5,67344811,-1.1914401054382324
runwayml_stable-diffusion-v1-5,67949798,-2.0759027004241943
runwayml_stable-diffusion-v1-5,68246844,-1.8273265361785889
runwayml_stable-diffusion-v1-5,68280322,-2.1632063388824463
runwayml_stable-diffusion-v1-5,68321683,-0.656835675239563
runwayml_stable-diffusion-v1-5,68380669,-0.32500356435775757
runwayml_stable-diffusion-v1-5,68575085,-0.4401283860206604
runwayml_stable-diffusion-v1-5,70380966,-0.8800376057624817
runwayml_stable-diffusion-v1-5,70494671,-2.088402271270752
runwayml_stable-diffusion-v1-5,71055464,-2.2739388942718506
runwayml_stable-diffusion-v1-5,71591839,-2.2805795669555664
runwayml_stable-diffusion-v1-5,71828875,-1.0853865146636963
runwayml_stable-diffusion-v1-5,71910823,0.5749706625938416
runwayml_stable-diffusion-v1-5,71959499,0.18283763527870178
runwayml_stable-diffusion-v1-5,72432241,0.24752630293369293
runwayml_stable-diffusion-v1-5,72553814,-1.7041012048721313
runwayml_stable-diffusion-v1-5,73051579,0.14809688925743103
runwayml_stable-diffusion-v1-5,73600586,-0.42415177822113037
runwayml_stable-diffusion-v1-5,73616417,-0.5169837474822998
runwayml_stable-diffusion-v1-5,73681289,0.28328466415405273
runwayml_stable-diffusion-v1-5,73962724,-0.9274314045906067
runwayml_stable-diffusion-v1-5,74175857,-0.21637055277824402
runwayml_stable-diffusion-v1-5,75051801,-2.2553980350494385
runwayml_stable-diffusion-v1-5,75787772,-1.749650239944458
runwayml_stable-diffusion-v1-5,75944980,-2.1830496788024902
runwayml_stable-diffusion-v1-5,75964288,-1.1524475812911987
runwayml_stable-diffusion-v1-5,76066166,-0.9548202157020569
runwayml_stable-diffusion-v1-5,76100398,-2.079033613204956
runwayml_stable-diffusion-v1-5,76425345,-2.274118423461914
runwayml_stable-diffusion-v1-5,77106105,0.2102988213300705
runwayml_stable-diffusion-v1-5,77132310,-0.5169167518615723
runwayml_stable-diffusion-v1-5,77232534,-2.2369894981384277
runwayml_stable-diffusion-v1-5,77312726,-2.273474931716919
runwayml_stable-diffusion-v1-5,77358840,-1.5287021398544312
runwayml_stable-diffusion-v1-5,77490593,-0.5578123331069946
runwayml_stable-diffusion-v1-5,77726888,-1.0285733938217163
runwayml_stable-diffusion-v1-5,78735978,-1.590097427368164
runwayml_stable-diffusion-v1-5,79077085,-2.260110855102539
runwayml_stable-diffusion-v1-5,79212243,-0.5331683158874512
runwayml_stable-diffusion-v1-5,79606917,-2.213362216949463
runwayml_stable-diffusion-v1-5,79918827,-0.7394423484802246
runwayml_stable-diffusion-v1-5,80289373,-0.8093610405921936
runwayml_stable-diffusion-v1-5,80371125,-0.37597206234931946
runwayml_stable-diffusion-v1-5,80540387,-0.9765883684158325
runwayml_stable-diffusion-v1-5,81135077,-0.9125760197639465
runwayml_stable-diffusion-v1-5,81303945,-2.1928622722625732
runwayml_stable-diffusion-v1-5,81435593,0.5553807020187378
runwayml_stable-diffusion-v1-5,82282590,0.06513044238090515
runwayml_stable-diffusion-v1-5,82696415,-0.24615047872066498
runwayml_stable-diffusion-v1-5,82916016,-2.270829439163208
runwayml_stable-diffusion-v1-5,83084473,1.5510597229003906
runwayml_stable-diffusion-v1-5,83418847,0.1424596607685089
runwayml_stable-diffusion-v1-5,84089324,-2.277151346206665
runwayml_stable-diffusion-v1-5,84306831,-1.8153126239776611
runwayml_stable-diffusion-v1-5,84510135,-0.5822685956954956
runwayml_stable-diffusion-v1-5,84788890,0.1650369018316269
runwayml_stable-diffusion-v1-5,84985982,-0.5972183346748352
runwayml_stable-diffusion-v1-5,85191733,-2.2737090587615967
runwayml_stable-diffusion-v1-5,86119145,-0.44265812635421753
runwayml_stable-diffusion-v1-5,86340862,-0.047138966619968414
runwayml_stable-diffusion-v1-5,86341828,-0.6287569999694824
runwayml_stable-diffusion-v1-5,86537356,-0.5835610032081604
runwayml_stable-diffusion-v1-5,86701636,-0.48112753033638
runwayml_stable-diffusion-v1-5,86714939,-1.3606815338134766
runwayml_stable-diffusion-v1-5,87574583,-0.8543407917022705
runwayml_stable-diffusion-v1-5,87699711,-0.10254132747650146
runwayml_stable-diffusion-v1-5,88016571,-1.6097335815429688
runwayml_stable-diffusion-v1-5,88087492,-0.22425302863121033
runwayml_stable-diffusion-v1-5,89227603,0.0813107118010521
runwayml_stable-diffusion-v1-5,89539854,-1.9588788747787476
runwayml_stable-diffusion-v1-5,89926787,0.5339024662971497
runwayml_stable-diffusion-v1-5,90244932,-1.8246045112609863
runwayml_stable-diffusion-v1-5,90493027,-0.861960768699646
runwayml_stable-diffusion-v1-5,90613035,-1.348057508468628
runwayml_stable-diffusion-v1-5,91368797,-0.16364611685276031
runwayml_stable-diffusion-v1-5,91784299,0.197611466050148
runwayml_stable-diffusion-v1-5,91790573,-1.2884008884429932
runwayml_stable-diffusion-v1-5,91834546,-2.274217367172241
runwayml_stable-diffusion-v1-5,92068094,-1.40866219997406
runwayml_stable-diffusion-v1-5,92311656,-0.48968562483787537
runwayml_stable-diffusion-v1-5,92709444,-0.533545970916748
runwayml_stable-diffusion-v1-5,93114575,-0.37464380264282227
runwayml_stable-diffusion-v1-5,93256557,0.16311468183994293
runwayml_stable-diffusion-v1-5,93407716,-0.5334651470184326
runwayml_stable-diffusion-v1-5,93436296,-0.8756285309791565
runwayml_stable-diffusion-v1-5,93512057,-2.1196346282958984
runwayml_stable-diffusion-v1-5,94006560,-0.8328588008880615
runwayml_stable-diffusion-v1-5,94321535,-0.3431120216846466
runwayml_stable-diffusion-v1-5,94532154,-0.5738986730575562
runwayml_stable-diffusion-v1-5,95171107,-2.2352418899536133
runwayml_stable-diffusion-v1-5,95228839,-0.38331711292266846
runwayml_stable-diffusion-v1-5,95325441,-2.0304596424102783
runwayml_stable-diffusion-v1-5,95450946,-1.5587981939315796
runwayml_stable-diffusion-v1-5,95583911,-0.7939708232879639
runwayml_stable-diffusion-v1-5,95718306,0.43560343980789185
runwayml_stable-diffusion-v1-5,95737828,-0.36752066016197205
runwayml_stable-diffusion-v1-5,96448597,-0.7522679567337036
runwayml_stable-diffusion-v1-5,96482065,-0.6203214526176453
runwayml_stable-diffusion-v1-5,96521920,-0.7461210489273071
runwayml_stable-diffusion-v1-5,96850153,1.0908435583114624
runwayml_stable-diffusion-v1-5,98113191,-0.23191119730472565
runwayml_stable-diffusion-v1-5,98195317,-2.167426347732544
runwayml_stable-diffusion-v1-5,98254655,0.3374564051628113
runwayml_stable-diffusion-v1-5,98319500,-1.3479695320129395
runwayml_stable-diffusion-v1-5,98642787,-2.220907688140869
runwayml_stable-diffusion-v1-5,98646702,-2.2781827449798584
runwayml_stable-diffusion-v1-5,98929226,-2.2358107566833496
runwayml_stable-diffusion-v1-5,99178779,0.7943946719169617
runwayml_stable-diffusion-v1-5,99185892,-0.782721996307373
runwayml_stable-diffusion-v1-5,99211012,-1.6584829092025757
runwayml_stable-diffusion-v1-5,99410560,0.7640537023544312
runwayml_stable-diffusion-v1-5,99862294,-0.04075603932142258
stabilityai_sdxl-turbo,138508,-0.534459114074707
stabilityai_sdxl-turbo,192051,-0.12032809108495712
stabilityai_sdxl-turbo,213186,0.8431221842765808
stabilityai_sdxl-turbo,232386,-0.029754923656582832
stabilityai_sdxl-turbo,232765,-1.0196064710617065
stabilityai_sdxl-turbo,258857,0.11251819878816605
stabilityai_sdxl-turbo,283090,-0.5733951926231384
stabilityai_sdxl-turbo,285141,-0.06934170424938202
stabilityai_sdxl-turbo,399030,-0.33441227674484253
stabilityai_sdxl-turbo,440189,0.31078019738197327
stabilityai_sdxl-turbo,445169,-0.7829867005348206
stabilityai_sdxl-turbo,486490,-0.6404204964637756
stabilityai_sdxl-turbo,487072,-0.3658487796783447
stabilityai_sdxl-turbo,487326,0.5262690186500549
stabilityai_sdxl-turbo,489837,-0.6651420593261719
stabilityai_sdxl-turbo,646833,1.3652136325836182
stabilityai_sdxl-turbo,708860,-2.202436923980713
stabilityai_sdxl-turbo,717208,-0.5623464584350586
stabilityai_sdxl-turbo,717468,1.18351411819458
stabilityai_sdxl-turbo,735254,-2.2264134883880615
stabilityai_sdxl-turbo,762478,-0.0084514319896698
stabilityai_sdxl-turbo,825443,0.6489329934120178
stabilityai_sdxl-turbo,831919,-0.23398078978061676
stabilityai_sdxl-turbo,896677,-0.3107832968235016
stabilityai_sdxl-turbo,936620,-0.4405820369720459
stabilityai_sdxl-turbo,974367,-0.17887893319129944
stabilityai_sdxl-turbo,993014,0.13025490939617157
stabilityai_sdxl-turbo,995855,0.004897857550531626
stabilityai_sdxl-turbo,1113367,0.8308408856391907
stabilityai_sdxl-turbo,1171644,0.4403495490550995
stabilityai_sdxl-turbo,1209135,-0.8441211581230164
stabilityai_sdxl-turbo,1317294,0.26353996992111206
stabilityai_sdxl-turbo,1317533,-1.428026556968689
stabilityai_sdxl-turbo,1321854,-0.9270307421684265
stabilityai_sdxl-turbo,1377758,0.5997620224952698
stabilityai_sdxl-turbo,1474832,-0.013787453062832355
stabilityai_sdxl-turbo,1516071,-0.9148043394088745
stabilityai_sdxl-turbo,1566705,0.8427298069000244
stabilityai_sdxl-turbo,1640855,-0.5760670304298401
stabilityai_sdxl-turbo,1668603,-0.15315261483192444
stabilityai_sdxl-turbo,1678990,-0.5292702913284302
stabilityai_sdxl-turbo,1699831,1.3281241655349731
stabilityai_sdxl-turbo,1707698,0.4063471853733063
stabilityai_sdxl-turbo,1727942,-0.9902461767196655
stabilityai_sdxl-turbo,2045760,0.26641640067100525
stabilityai_sdxl-turbo,2075049,-0.10913588106632233
stabilityai_sdxl-turbo,2075764,-0.5780815482139587
stabilityai_sdxl-turbo,2241569,0.21124909818172455
stabilityai_sdxl-turbo,2720725,-0.29662883281707764
stabilityai_sdxl-turbo,2721160,-0.4734198749065399
stabilityai_sdxl-turbo,2730265,-1.1454704999923706
stabilityai_sdxl-turbo,2744395,-2.2796249389648438
stabilityai_sdxl-turbo,2770078,0.30474016070365906
stabilityai_sdxl-turbo,2793684,-1.805557131767273
stabilityai_sdxl-turbo,2803666,1.4837568998336792
stabilityai_sdxl-turbo,2807731,0.5191399455070496
stabilityai_sdxl-turbo,2821943,0.4716925621032715
stabilityai_sdxl-turbo,2824319,0.031867336481809616
stabilityai_sdxl-turbo,2825442,1.1347535848617554
stabilityai_sdxl-turbo,2852043,-0.2372683584690094
stabilityai_sdxl-turbo,2870293,0.3292817175388336
stabilityai_sdxl-turbo,2870880,1.2519198656082153
stabilityai_sdxl-turbo,2923535,-1.8470354080200195
stabilityai_sdxl-turbo,2933112,1.4341213703155518
stabilityai_sdxl-turbo,2963987,1.0423130989074707
stabilityai_sdxl-turbo,2991302,0.6693205237388611
stabilityai_sdxl-turbo,3024209,-1.0796960592269897
stabilityai_sdxl-turbo,3035832,-0.720546305179596
stabilityai_sdxl-turbo,3049457,0.8962487578392029
stabilityai_sdxl-turbo,3107488,-1.2468054294586182
stabilityai_sdxl-turbo,3131388,-2.101410388946533
stabilityai_sdxl-turbo,3131669,-1.3190984725952148
stabilityai_sdxl-turbo,3152830,-0.68327796459198
stabilityai_sdxl-turbo,3249569,1.5319406986236572
stabilityai_sdxl-turbo,3262349,0.35338106751441956
stabilityai_sdxl-turbo,3288500,-0.4726443588733673
stabilityai_sdxl-turbo,3298716,1.4813917875289917
stabilityai_sdxl-turbo,3308246,1.075819730758667
stabilityai_sdxl-turbo,3309110,0.03581570088863373
stabilityai_sdxl-turbo,3347220,0.5032848119735718
stabilityai_sdxl-turbo,3353281,0.10496609658002853
stabilityai_sdxl-turbo,3366112,-0.6932560205459595
stabilityai_sdxl-turbo,3411927,0.9187188744544983
stabilityai_sdxl-turbo,3456665,-0.2972991466522217
stabilityai_sdxl-turbo,3563208,-0.9229947328567505
stabilityai_sdxl-turbo,3580281,0.033538028597831726
stabilityai_sdxl-turbo,3603442,0.5456297397613525
stabilityai_sdxl-turbo,3607029,1.3121472597122192
stabilityai_sdxl-turbo,3628071,-1.155256748199463
stabilityai_sdxl-turbo,3630383,1.182486653327942
stabilityai_sdxl-turbo,3676483,0.3846592605113983
stabilityai_sdxl-turbo,3679712,0.5443018674850464
stabilityai_sdxl-turbo,3685307,-0.34859195351600647
stabilityai_sdxl-turbo,3703463,-2.232628107070923
stabilityai_sdxl-turbo,3714235,-0.023159222677350044
stabilityai_sdxl-turbo,3728318,-0.5327324867248535
stabilityai_sdxl-turbo,3748162,0.007754061371088028
stabilityai_sdxl-turbo,3764276,0.770669162273407
stabilityai_sdxl-turbo,3818090,-0.4882783591747284
stabilityai_sdxl-turbo,3842156,1.1320559978485107
stabilityai_sdxl-turbo,3880032,-1.4284682273864746
stabilityai_sdxl-turbo,3889343,-0.068179652094841
stabilityai_sdxl-turbo,3907654,0.3744237720966339
stabilityai_sdxl-turbo,3940713,0.09226524829864502
stabilityai_sdxl-turbo,3975232,-0.9257361888885498
stabilityai_sdxl-turbo,3982060,-0.757081151008606
stabilityai_sdxl-turbo,3990474,1.2774510383605957
stabilityai_sdxl-turbo,4010305,-1.3018995523452759
stabilityai_sdxl-turbo,4025130,1.3012441396713257
stabilityai_sdxl-turbo,4062807,1.1286211013793945
stabilityai_sdxl-turbo,4123448,-0.18673384189605713
stabilityai_sdxl-turbo,4125853,0.31452903151512146
stabilityai_sdxl-turbo,4140340,1.6677427291870117
stabilityai_sdxl-turbo,4145056,-0.9015916585922241
stabilityai_sdxl-turbo,4192521,-2.2123286724090576
stabilityai_sdxl-turbo,4259202,-0.563377857208252
stabilityai_sdxl-turbo,4285773,-0.9690862894058228
stabilityai_sdxl-turbo,4345028,0.6390547752380371
stabilityai_sdxl-turbo,4387201,1.2838095426559448
stabilityai_sdxl-turbo,4416901,0.6558361053466797
stabilityai_sdxl-turbo,4455579,-0.55488520860672
stabilityai_sdxl-turbo,4497570,0.021820275112986565
stabilityai_sdxl-turbo,4534520,-0.833769679069519
stabilityai_sdxl-turbo,4539203,0.4665950536727905
stabilityai_sdxl-turbo,4552551,1.0021538734436035
stabilityai_sdxl-turbo,4596797,-2.2409415245056152
stabilityai_sdxl-turbo,4832208,-1.8869224786758423
stabilityai_sdxl-turbo,4930139,1.2918683290481567
stabilityai_sdxl-turbo,5008085,-0.34373241662979126
stabilityai_sdxl-turbo,5219923,-1.0691126585006714
stabilityai_sdxl-turbo,5316083,-0.9071965217590332
stabilityai_sdxl-turbo,5350912,-1.6986854076385498
stabilityai_sdxl-turbo,5374860,0.04401937499642372
stabilityai_sdxl-turbo,5410315,-0.0230240598320961
stabilityai_sdxl-turbo,5522784,-0.172684445977211
stabilityai_sdxl-turbo,5728577,-0.26057320833206177
stabilityai_sdxl-turbo,5752544,0.4567864239215851
stabilityai_sdxl-turbo,5794797,0.6170684695243835
stabilityai_sdxl-turbo,5895919,-0.09401880204677582
stabilityai_sdxl-turbo,5958517,0.5263040661811829
stabilityai_sdxl-turbo,6189776,-0.550316333770752
stabilityai_sdxl-turbo,6528587,-0.48087090253829956
stabilityai_sdxl-turbo,6584891,0.001959096873179078
stabilityai_sdxl-turbo,6586355,0.20439369976520538
stabilityai_sdxl-turbo,6607809,-0.7515671253204346
stabilityai_sdxl-turbo,6615026,-0.9619607925415039
stabilityai_sdxl-turbo,6615458,-1.2577238082885742
stabilityai_sdxl-turbo,6615818,0.604712963104248
stabilityai_sdxl-turbo,6616314,-0.9943827390670776
stabilityai_sdxl-turbo,6617011,-0.12436683475971222
stabilityai_sdxl-turbo,6617413,-0.5728574991226196
stabilityai_sdxl-turbo,6729499,-0.41701796650886536
stabilityai_sdxl-turbo,6880664,-0.8449386954307556
stabilityai_sdxl-turbo,6883725,1.098138451576233
stabilityai_sdxl-turbo,6946774,-2.2214014530181885
stabilityai_sdxl-turbo,7025268,0.5251321196556091
stabilityai_sdxl-turbo,7109847,-0.8464085459709167
stabilityai_sdxl-turbo,7116261,-0.24963437020778656
stabilityai_sdxl-turbo,7150023,1.2806694507598877
stabilityai_sdxl-turbo,7163803,-0.4824303090572357
stabilityai_sdxl-turbo,7507098,0.024415772408246994
stabilityai_sdxl-turbo,7596684,-0.37211817502975464
stabilityai_sdxl-turbo,7597365,0.22681039571762085
stabilityai_sdxl-turbo,7601809,-0.9961546063423157
stabilityai_sdxl-turbo,7605282,-1.905981183052063
stabilityai_sdxl-turbo,7606419,-1.4941047430038452
stabilityai_sdxl-turbo,7607707,0.22191455960273743
stabilityai_sdxl-turbo,7608721,-0.14968571066856384
stabilityai_sdxl-turbo,7625977,0.8730382919311523
stabilityai_sdxl-turbo,7626721,1.2374039888381958
stabilityai_sdxl-turbo,7626833,0.8754767179489136
stabilityai_sdxl-turbo,7627310,-1.8492236137390137
stabilityai_sdxl-turbo,7651454,-0.3607015609741211
stabilityai_sdxl-turbo,7654438,0.24788612127304077
stabilityai_sdxl-turbo,7664468,-1.0597987174987793
stabilityai_sdxl-turbo,7698915,0.12074056267738342
stabilityai_sdxl-turbo,7700167,0.6703625321388245
stabilityai_sdxl-turbo,7700868,0.6602601408958435
stabilityai_sdxl-turbo,7701244,0.37141141295433044
stabilityai_sdxl-turbo,7702193,0.2247917801141739
stabilityai_sdxl-turbo,7710616,-0.38873928785324097
stabilityai_sdxl-turbo,7834065,-0.4035719037055969
stabilityai_sdxl-turbo,7854266,-0.1096571758389473
stabilityai_sdxl-turbo,7854455,0.5208163261413574
stabilityai_sdxl-turbo,7871940,0.5283809900283813
stabilityai_sdxl-turbo,7891189,1.2369940280914307
stabilityai_sdxl-turbo,7897116,0.6166612505912781
stabilityai_sdxl-turbo,7914271,0.42038074135780334
stabilityai_sdxl-turbo,7922764,-0.0195317305624485
stabilityai_sdxl-turbo,7929519,0.4989836513996124
stabilityai_sdxl-turbo,7933274,1.0155274868011475
stabilityai_sdxl-turbo,7933530,0.6998744606971741
stabilityai_sdxl-turbo,8089797,0.6878359913825989
stabilityai_sdxl-turbo,8095160,0.17425279319286346
stabilityai_sdxl-turbo,8124208,-1.753853440284729
stabilityai_sdxl-turbo,8339939,0.6685428023338318
stabilityai_sdxl-turbo,8876291,0.05055997520685196
stabilityai_sdxl-turbo,9020389,0.411969393491745
stabilityai_sdxl-turbo,9044146,-1.1117578744888306
stabilityai_sdxl-turbo,9057052,-2.261441230773926
stabilityai_sdxl-turbo,9427682,-0.9488137364387512
stabilityai_sdxl-turbo,9580065,0.9310792088508606
stabilityai_sdxl-turbo,9719434,0.3971622586250305
stabilityai_sdxl-turbo,9793248,0.9352731108665466
stabilityai_sdxl-turbo,9794211,-0.5932391285896301
stabilityai_sdxl-turbo,9862621,-0.16831538081169128
stabilityai_sdxl-turbo,9875188,-1.5133928060531616
stabilityai_sdxl-turbo,9984659,0.4443106949329376
stabilityai_sdxl-turbo,10012874,-0.8901026844978333
stabilityai_sdxl-turbo,10024569,-1.0553065538406372
stabilityai_sdxl-turbo,10080493,-1.3927264213562012
stabilityai_sdxl-turbo,10106452,-1.8432527780532837
stabilityai_sdxl-turbo,10198409,-0.8291946053504944
stabilityai_sdxl-turbo,10333317,0.23009100556373596
stabilityai_sdxl-turbo,10408552,1.6513978242874146
stabilityai_sdxl-turbo,10444677,-1.418723464012146
stabilityai_sdxl-turbo,10453357,0.7057985663414001
stabilityai_sdxl-turbo,10548623,0.35957711935043335
stabilityai_sdxl-turbo,10572128,-0.3854902684688568
stabilityai_sdxl-turbo,10794014,1.5443155765533447
stabilityai_sdxl-turbo,10939743,-0.007438312750309706
stabilityai_sdxl-turbo,11039909,0.6628109216690063
stabilityai_sdxl-turbo,11334088,-0.3244669735431671
stabilityai_sdxl-turbo,11417672,0.9856371879577637
stabilityai_sdxl-turbo,11437577,0.24937346577644348
stabilityai_sdxl-turbo,11460338,-0.8222748041152954
stabilityai_sdxl-turbo,12345739,0.3970205783843994
stabilityai_sdxl-turbo,12402348,0.046038515865802765
stabilityai_sdxl-turbo,13221529,-0.4833466410636902
stabilityai_sdxl-turbo,13290566,-1.5985743999481201
stabilityai_sdxl-turbo,13389475,-0.9426021575927734
stabilityai_sdxl-turbo,13390139,1.0671545267105103
stabilityai_sdxl-turbo,13390405,1.0517998933792114
stabilityai_sdxl-turbo,13392786,0.7402887344360352
stabilityai_sdxl-turbo,13649361,-2.182509660720825
stabilityai_sdxl-turbo,13716878,1.2999566793441772
stabilityai_sdxl-turbo,13884740,0.04612230136990547
stabilityai_sdxl-turbo,13915305,0.6277242302894592
stabilityai_sdxl-turbo,13931145,0.4827252924442291
stabilityai_sdxl-turbo,13984082,-0.3283688724040985
stabilityai_sdxl-turbo,14140678,-0.8059567809104919
stabilityai_sdxl-turbo,14195315,0.42444655299186707
stabilityai_sdxl-turbo,14294568,0.1415596306324005
stabilityai_sdxl-turbo,14320813,-0.05758203566074371
stabilityai_sdxl-turbo,14360436,-0.33093348145484924
stabilityai_sdxl-turbo,14488317,0.5562708377838135
stabilityai_sdxl-turbo,14533937,-0.676413893699646
stabilityai_sdxl-turbo,14550987,0.2544862627983093
stabilityai_sdxl-turbo,14579933,-2.179433584213257
stabilityai_sdxl-turbo,14606290,0.531093955039978
stabilityai_sdxl-turbo,14620257,-1.4161134958267212
stabilityai_sdxl-turbo,14632648,-1.7853392362594604
stabilityai_sdxl-turbo,14647235,-0.031416382640600204
stabilityai_sdxl-turbo,14654954,-0.47963210940361023
stabilityai_sdxl-turbo,14686352,-1.0386717319488525
stabilityai_sdxl-turbo,14702875,-0.858558714389801
stabilityai_sdxl-turbo,14703190,-1.308836817741394
stabilityai_sdxl-turbo,14807929,0.5245198607444763
stabilityai_sdxl-turbo,14809057,-0.3033778965473175
stabilityai_sdxl-turbo,14867690,-0.6748043894767761
stabilityai_sdxl-turbo,14872875,-0.7120445966720581
stabilityai_sdxl-turbo,14880557,-0.011748149991035461
stabilityai_sdxl-turbo,14894140,-0.3999951481819153
stabilityai_sdxl-turbo,15180934,-0.473903089761734
stabilityai_sdxl-turbo,15970145,-2.2549519538879395
stabilityai_sdxl-turbo,17002912,0.3123350441455841
stabilityai_sdxl-turbo,17012379,-1.976828932762146
stabilityai_sdxl-turbo,17282800,0.6155552268028259
stabilityai_sdxl-turbo,17925539,-2.1378791332244873
stabilityai_sdxl-turbo,18367104,-0.035527534782886505
stabilityai_sdxl-turbo,18758723,-0.7003605365753174
stabilityai_sdxl-turbo,19143128,0.8480132222175598
stabilityai_sdxl-turbo,19671124,-0.36095547676086426
stabilityai_sdxl-turbo,19855707,-2.2782161235809326
stabilityai_sdxl-turbo,19893872,-0.6113318800926208
stabilityai_sdxl-turbo,20017667,-2.1032674312591553
stabilityai_sdxl-turbo,20128079,-2.1940441131591797
stabilityai_sdxl-turbo,20471134,-0.4753056764602661
stabilityai_sdxl-turbo,20495093,-2.182663679122925
stabilityai_sdxl-turbo,20782430,-1.3266230821609497
stabilityai_sdxl-turbo,21377549,-0.26931655406951904
stabilityai_sdxl-turbo,21564446,-0.5676978230476379
stabilityai_sdxl-turbo,21620388,-1.1842460632324219
stabilityai_sdxl-turbo,22149540,-2.236851215362549
stabilityai_sdxl-turbo,22738759,-2.2770838737487793
stabilityai_sdxl-turbo,22767176,-1.6487598419189453
stabilityai_sdxl-turbo,23129661,-2.277590751647949
stabilityai_sdxl-turbo,23185551,0.33445101976394653
stabilityai_sdxl-turbo,23232427,0.13708634674549103
stabilityai_sdxl-turbo,23257851,-0.37540334463119507
stabilityai_sdxl-turbo,23620789,-0.21656882762908936
stabilityai_sdxl-turbo,24808131,0.6392219662666321
stabilityai_sdxl-turbo,24843217,-2.1444177627563477
stabilityai_sdxl-turbo,24933378,0.9896489381790161
stabilityai_sdxl-turbo,24942232,0.0915863960981369
stabilityai_sdxl-turbo,25290589,-1.3438087701797485
stabilityai_sdxl-turbo,25579216,-0.779280424118042
stabilityai_sdxl-turbo,25685207,-2.204068660736084
stabilityai_sdxl-turbo,25776594,0.11242735385894775
stabilityai_sdxl-turbo,26078214,-1.5858136415481567
stabilityai_sdxl-turbo,26746434,-0.6137686967849731
stabilityai_sdxl-turbo,26998039,-1.1848430633544922
stabilityai_sdxl-turbo,27106238,-1.5002444982528687
stabilityai_sdxl-turbo,27246777,-2.2221522331237793
stabilityai_sdxl-turbo,27768637,0.3074302673339844
stabilityai_sdxl-turbo,27871992,-1.6820777654647827
stabilityai_sdxl-turbo,28190972,-1.2075202465057373
stabilityai_sdxl-turbo,29094321,-0.5917230844497681
stabilityai_sdxl-turbo,29148617,0.48829174041748047
stabilityai_sdxl-turbo,29161294,-0.6625632047653198
stabilityai_sdxl-turbo,29632917,0.17500461637973785
stabilityai_sdxl-turbo,29703209,-0.6678611040115356
stabilityai_sdxl-turbo,29779486,-0.09261580556631088
stabilityai_sdxl-turbo,30028757,-1.3172708749771118
stabilityai_sdxl-turbo,30225071,0.2940053641796112
stabilityai_sdxl-turbo,30373565,-0.5901360511779785
stabilityai_sdxl-turbo,30484086,-1.3002265691757202
stabilityai_sdxl-turbo,30883080,-0.5175686478614807
stabilityai_sdxl-turbo,31114750,-2.175710678100586
stabilityai_sdxl-turbo,31196176,-0.0417456328868866
stabilityai_sdxl-turbo,31391857,0.17592792212963104
stabilityai_sdxl-turbo,31595142,0.5434894561767578
stabilityai_sdxl-turbo,32152786,-2.2221503257751465
stabilityai_sdxl-turbo,32327818,-1.4531782865524292
stabilityai_sdxl-turbo,32379732,0.9030799865722656
stabilityai_sdxl-turbo,32473966,-0.9111717939376831
stabilityai_sdxl-turbo,32902730,0.4839395582675934
stabilityai_sdxl-turbo,32932491,-2.2125041484832764
stabilityai_sdxl-turbo,33006578,-0.25284168124198914
stabilityai_sdxl-turbo,33478721,0.19714410603046417
stabilityai_sdxl-turbo,34475997,-0.5659481883049011
stabilityai_sdxl-turbo,34578737,-2.19956636428833
stabilityai_sdxl-turbo,34773230,0.08343572914600372
stabilityai_sdxl-turbo,36507085,-0.23338373005390167
stabilityai_sdxl-turbo,36678439,-0.4717704951763153
stabilityai_sdxl-turbo,37287360,0.1049116775393486
stabilityai_sdxl-turbo,37319253,0.09197533875703812
stabilityai_sdxl-turbo,37547870,-0.4959876239299774
stabilityai_sdxl-turbo,37736408,0.1205500140786171
stabilityai_sdxl-turbo,38014258,0.14085638523101807
stabilityai_sdxl-turbo,38297191,-0.21315810084342957
stabilityai_sdxl-turbo,38402744,1.1074663400650024
stabilityai_sdxl-turbo,38954086,-0.3831717371940613
stabilityai_sdxl-turbo,39139190,-2.2712836265563965
stabilityai_sdxl-turbo,39560404,-1.3681607246398926
stabilityai_sdxl-turbo,39566065,1.143353819847107
stabilityai_sdxl-turbo,39595218,1.6543591022491455
stabilityai_sdxl-turbo,40825299,-0.0837932825088501
stabilityai_sdxl-turbo,40945115,-1.531386137008667
stabilityai_sdxl-turbo,40995095,-1.2944622039794922
stabilityai_sdxl-turbo,41015844,-1.0491766929626465
stabilityai_sdxl-turbo,41031648,0.36670297384262085
stabilityai_sdxl-turbo,41161074,-0.8237317204475403
stabilityai_sdxl-turbo,41458919,0.2746867835521698
stabilityai_sdxl-turbo,41565779,1.3361893892288208
stabilityai_sdxl-turbo,41766391,0.646095871925354
stabilityai_sdxl-turbo,41982710,-0.10087161511182785
stabilityai_sdxl-turbo,42048260,-2.1981208324432373
stabilityai_sdxl-turbo,42849420,-2.21537446975708
stabilityai_sdxl-turbo,42931583,0.6648741364479065
stabilityai_sdxl-turbo,43060946,-0.06481257826089859
stabilityai_sdxl-turbo,43153800,-0.29030391573905945
stabilityai_sdxl-turbo,43161384,0.14386002719402313
stabilityai_sdxl-turbo,43301379,-0.7664598226547241
stabilityai_sdxl-turbo,43304323,0.943766713142395
stabilityai_sdxl-turbo,43367797,-1.3036116361618042
stabilityai_sdxl-turbo,43431032,0.28223010897636414
stabilityai_sdxl-turbo,43631801,-0.09397146105766296
stabilityai_sdxl-turbo,43735560,-0.09589903056621552
stabilityai_sdxl-turbo,43858443,0.148121178150177
stabilityai_sdxl-turbo,43918624,-0.37131860852241516
stabilityai_sdxl-turbo,44280552,-1.7520389556884766
stabilityai_sdxl-turbo,44295589,-0.1636323630809784
stabilityai_sdxl-turbo,44621915,-0.9566345810890198
stabilityai_sdxl-turbo,44645737,0.6242892742156982
stabilityai_sdxl-turbo,44838123,-0.41512587666511536
stabilityai_sdxl-turbo,45258070,-0.37888655066490173
stabilityai_sdxl-turbo,45297641,-0.004476046655327082
stabilityai_sdxl-turbo,45418454,-0.17960390448570251
stabilityai_sdxl-turbo,45564900,-2.2355797290802
stabilityai_sdxl-turbo,46150029,-0.6964758634567261
stabilityai_sdxl-turbo,46394736,-1.801377296447754
stabilityai_sdxl-turbo,46673664,0.6167168021202087
stabilityai_sdxl-turbo,46994920,-2.2242887020111084
stabilityai_sdxl-turbo,47009060,-2.175825595855713
stabilityai_sdxl-turbo,47552953,1.4136295318603516
stabilityai_sdxl-turbo,47595220,1.0646426677703857
stabilityai_sdxl-turbo,47819321,0.2875160574913025
stabilityai_sdxl-turbo,48223384,0.25630906224250793
stabilityai_sdxl-turbo,48351897,-0.7371621131896973
stabilityai_sdxl-turbo,48754831,-0.5860356688499451
stabilityai_sdxl-turbo,49054805,0.739650309085846
stabilityai_sdxl-turbo,49089576,0.3062751293182373
stabilityai_sdxl-turbo,49300740,-0.29730620980262756
stabilityai_sdxl-turbo,49358811,0.8567838072776794
stabilityai_sdxl-turbo,49462954,-0.8532275557518005
stabilityai_sdxl-turbo,50262859,0.15317831933498383
stabilityai_sdxl-turbo,50871471,1.1095852851867676
stabilityai_sdxl-turbo,50952217,0.4853350520133972
stabilityai_sdxl-turbo,51060824,-1.4219779968261719
stabilityai_sdxl-turbo,51314050,-0.6959506869316101
stabilityai_sdxl-turbo,51946990,-0.6426090598106384
stabilityai_sdxl-turbo,52325745,-2.1739799976348877
stabilityai_sdxl-turbo,52474100,0.24241866171360016
stabilityai_sdxl-turbo,52516409,-0.6414957046508789
stabilityai_sdxl-turbo,52711595,0.14305230975151062
stabilityai_sdxl-turbo,53022028,-2.2296528816223145
stabilityai_sdxl-turbo,53205877,-2.267453670501709
stabilityai_sdxl-turbo,53288018,-2.2142441272735596
stabilityai_sdxl-turbo,53443611,0.752261757850647
stabilityai_sdxl-turbo,53815934,0.08412282913923264
stabilityai_sdxl-turbo,54495173,0.6583895683288574
stabilityai_sdxl-turbo,54931507,-1.1344094276428223
stabilityai_sdxl-turbo,55191509,-0.9761265516281128
stabilityai_sdxl-turbo,55255145,-0.351004034280777
stabilityai_sdxl-turbo,55457672,-1.7932416200637817
stabilityai_sdxl-turbo,55588327,-1.4113880395889282
stabilityai_sdxl-turbo,55653646,-0.4195418953895569
stabilityai_sdxl-turbo,55658809,-1.942204475402832
stabilityai_sdxl-turbo,55812974,-1.3693159818649292
stabilityai_sdxl-turbo,55819553,-0.6362798810005188
stabilityai_sdxl-turbo,55826966,-0.1966315507888794
stabilityai_sdxl-turbo,55983905,-0.1940607726573944
stabilityai_sdxl-turbo,56074056,-1.4133086204528809
stabilityai_sdxl-turbo,56112588,-1.1685680150985718
stabilityai_sdxl-turbo,56121520,-0.08082981407642365
stabilityai_sdxl-turbo,56250900,-2.1392433643341064
stabilityai_sdxl-turbo,56458800,0.14013169705867767
stabilityai_sdxl-turbo,56792430,0.6871809959411621
stabilityai_sdxl-turbo,56982260,-1.4172433614730835
stabilityai_sdxl-turbo,57673976,-1.4102658033370972
stabilityai_sdxl-turbo,57716963,-0.35961824655532837
stabilityai_sdxl-turbo,57729980,-2.1984474658966064
stabilityai_sdxl-turbo,57785005,0.33081719279289246
stabilityai_sdxl-turbo,57873614,-0.7081139087677002
stabilityai_sdxl-turbo,58727024,-1.163979172706604
stabilityai_sdxl-turbo,58761464,0.04522307217121124
stabilityai_sdxl-turbo,59399259,-0.22798696160316467
stabilityai_sdxl-turbo,59976859,1.0150927305221558
stabilityai_sdxl-turbo,60083345,-0.1348588466644287
stabilityai_sdxl-turbo,60214770,-0.30122673511505127
stabilityai_sdxl-turbo,60215376,-1.7894010543823242
stabilityai_sdxl-turbo,60375309,-0.3776881992816925
stabilityai_sdxl-turbo,60606896,-0.40576863288879395
stabilityai_sdxl-turbo,60668084,-0.47135618329048157
stabilityai_sdxl-turbo,61035709,-2.237612009048462
stabilityai_sdxl-turbo,61388266,-1.153596043586731
stabilityai_sdxl-turbo,61627313,-0.021661607548594475
stabilityai_sdxl-turbo,61635816,0.30837589502334595
stabilityai_sdxl-turbo,61853324,1.2983152866363525
stabilityai_sdxl-turbo,62408818,0.059042032808065414
stabilityai_sdxl-turbo,62841330,-1.0282537937164307
stabilityai_sdxl-turbo,63015570,0.8716393709182739
stabilityai_sdxl-turbo,63336441,0.48154792189598083
stabilityai_sdxl-turbo,63633117,-1.8061027526855469
stabilityai_sdxl-turbo,64576544,-1.84642493724823
stabilityai_sdxl-turbo,64687077,-1.1652768850326538
stabilityai_sdxl-turbo,64693533,1.4320082664489746
stabilityai_sdxl-turbo,64856142,1.1304858922958374
stabilityai_sdxl-turbo,65411270,-0.5334603786468506
stabilityai_sdxl-turbo,65557844,-0.689898669719696
stabilityai_sdxl-turbo,65824677,0.2850753664970398
stabilityai_sdxl-turbo,65890875,-1.1991138458251953
stabilityai_sdxl-turbo,65960228,-0.6151421666145325
stabilityai_sdxl-turbo,66668538,-0.7036805748939514
stabilityai_sdxl-turbo,67344811,0.292903333902359
stabilityai_sdxl-turbo,67949798,-0.8685179352760315
stabilityai_sdxl-turbo,68246844,-1.6944117546081543
stabilityai_sdxl-turbo,68280322,-2.2529284954071045
stabilityai_sdxl-turbo,68321683,-0.6397082209587097
stabilityai_sdxl-turbo,68380669,-0.35266023874282837
stabilityai_sdxl-turbo,68575085,1.0919220447540283
stabilityai_sdxl-turbo,70380966,0.2857515513896942
stabilityai_sdxl-turbo,70494671,-2.1236555576324463
stabilityai_sdxl-turbo,71055464,-2.2410030364990234
stabilityai_sdxl-turbo,71591839,-2.2666513919830322
stabilityai_sdxl-turbo,71828875,-0.7100940346717834
stabilityai_sdxl-turbo,71910823,0.7239753603935242
stabilityai_sdxl-turbo,71959499,0.6499401926994324
stabilityai_sdxl-turbo,72432241,1.0392813682556152
stabilityai_sdxl-turbo,72553814,-1.7463464736938477
stabilityai_sdxl-turbo,73051579,-0.03441043198108673
stabilityai_sdxl-turbo,73600586,-0.2594720125198364
stabilityai_sdxl-turbo,73616417,0.7915824055671692
stabilityai_sdxl-turbo,73681289,0.7777628898620605
stabilityai_sdxl-turbo,73962724,-0.990318775177002
stabilityai_sdxl-turbo,74175857,-0.2885452210903168
stabilityai_sdxl-turbo,75051801,-2.195620536804199
stabilityai_sdxl-turbo,75787772,-1.3629339933395386
stabilityai_sdxl-turbo,75944980,-1.9334558248519897
stabilityai_sdxl-turbo,75964288,-0.6283947229385376
stabilityai_sdxl-turbo,76066166,-0.35532477498054504
stabilityai_sdxl-turbo,76100398,-1.6541094779968262
stabilityai_sdxl-turbo,76425345,-2.2468409538269043
stabilityai_sdxl-turbo,77106105,0.13610592484474182
stabilityai_sdxl-turbo,77132310,-0.3177785873413086
stabilityai_sdxl-turbo,77232534,-2.26169753074646
stabilityai_sdxl-turbo,77312726,-2.277815103530884
stabilityai_sdxl-turbo,77358840,0.40235331654548645
stabilityai_sdxl-turbo,77490593,-0.17653994262218475
stabilityai_sdxl-turbo,77726888,-0.33366718888282776
stabilityai_sdxl-turbo,78735978,-0.7633236646652222
stabilityai_sdxl-turbo,79077085,-2.2705461978912354
stabilityai_sdxl-turbo,79212243,-1.5070687532424927
stabilityai_sdxl-turbo,79606917,-2.1908771991729736
stabilityai_sdxl-turbo,79918827,0.7513681054115295
stabilityai_sdxl-turbo,80289373,-0.12816254794597626
stabilityai_sdxl-turbo,80371125,0.206751748919487
stabilityai_sdxl-turbo,80540387,-1.2337430715560913
stabilityai_sdxl-turbo,81135077,-0.05894964933395386
stabilityai_sdxl-turbo,81303945,-2.076136589050293
stabilityai_sdxl-turbo,81435593,-0.35328465700149536
stabilityai_sdxl-turbo,82282590,1.0550700426101685
stabilityai_sdxl-turbo,82696415,-1.138638973236084
stabilityai_sdxl-turbo,82916016,-2.2705910205841064
stabilityai_sdxl-turbo,83084473,1.4138096570968628
stabilityai_sdxl-turbo,83418847,1.2056694030761719
stabilityai_sdxl-turbo,84089324,-2.2765233516693115
stabilityai_sdxl-turbo,84306831,-2.1287496089935303
stabilityai_sdxl-turbo,84510135,-1.0589348077774048
stabilityai_sdxl-turbo,84788890,0.49673253297805786
stabilityai_sdxl-turbo,84985982,0.6199960708618164
stabilityai_sdxl-turbo,85191733,-2.226625680923462
stabilityai_sdxl-turbo,86119145,-0.8453828692436218
stabilityai_sdxl-turbo,86340862,-0.14603659510612488
stabilityai_sdxl-turbo,86341828,-0.4634668231010437
stabilityai_sdxl-turbo,86537356,-0.6833675503730774
stabilityai_sdxl-turbo,86701636,0.7157174944877625
stabilityai_sdxl-turbo,86714939,0.9628097414970398
stabilityai_sdxl-turbo,87574583,0.5087323188781738
stabilityai_sdxl-turbo,87699711,-0.0026519102975726128
stabilityai_sdxl-turbo,88016571,0.3784801661968231
stabilityai_sdxl-turbo,88087492,0.20322780311107635
stabilityai_sdxl-turbo,89227603,0.32398849725723267
stabilityai_sdxl-turbo,89539854,-2.2428791522979736
stabilityai_sdxl-turbo,89926787,1.0267539024353027
stabilityai_sdxl-turbo,90244932,-1.750722050666809
stabilityai_sdxl-turbo,90493027,-0.3217422664165497
stabilityai_sdxl-turbo,90613035,-0.2412211149930954
stabilityai_sdxl-turbo,91368797,0.532970130443573
stabilityai_sdxl-turbo,91784299,-0.15914736688137054
stabilityai_sdxl-turbo,91790573,-0.3268290162086487
stabilityai_sdxl-turbo,91834546,-2.273564100265503
stabilityai_sdxl-turbo,92068094,-1.2840596437454224
stabilityai_sdxl-turbo,92311656,-0.12720219790935516
stabilityai_sdxl-turbo,92709444,0.837268054485321
stabilityai_sdxl-turbo,93114575,-0.06499773263931274
stabilityai_sdxl-turbo,93256557,-0.1292853057384491
stabilityai_sdxl-turbo,93407716,-1.8599623441696167
stabilityai_sdxl-turbo,93436296,-0.4731045365333557
stabilityai_sdxl-turbo,93512057,-0.1343766301870346
stabilityai_sdxl-turbo,94006560,-1.167999029159546
stabilityai_sdxl-turbo,94321535,0.21135546267032623
stabilityai_sdxl-turbo,94532154,-0.38636812567710876
stabilityai_sdxl-turbo,95171107,-2.225470542907715
stabilityai_sdxl-turbo,95228839,0.2252688854932785
stabilityai_sdxl-turbo,95325441,-1.1139155626296997
stabilityai_sdxl-turbo,95450946,-0.7235043048858643
stabilityai_sdxl-turbo,95583911,0.4091460108757019
stabilityai_sdxl-turbo,95718306,0.7318775653839111
stabilityai_sdxl-turbo,95737828,-0.7760449647903442
stabilityai_sdxl-turbo,96448597,-0.1390283852815628
stabilityai_sdxl-turbo,96482065,-0.5148339867591858
stabilityai_sdxl-turbo,96521920,-0.15103793144226074
stabilityai_sdxl-turbo,96850153,-0.6509549021720886
stabilityai_sdxl-turbo,98113191,-0.12373398244380951
stabilityai_sdxl-turbo,98195317,-0.7936220765113831
stabilityai_sdxl-turbo,98254655,0.923786997795105
stabilityai_sdxl-turbo,98319500,0.6006397604942322
stabilityai_sdxl-turbo,98642787,-2.2059664726257324
stabilityai_sdxl-turbo,98646702,-2.2580394744873047
stabilityai_sdxl-turbo,98929226,-2.2294962406158447
stabilityai_sdxl-turbo,99178779,1.0559089183807373
stabilityai_sdxl-turbo,99185892,-0.38566410541534424
stabilityai_sdxl-turbo,99211012,-1.7349519729614258
stabilityai_sdxl-turbo,99410560,-1.0882731676101685
stabilityai_sdxl-turbo,99862294,0.7371354699134827
stabilityai_stable-diffusion-3-medium-diffusers,138508,-0.5602194666862488
stabilityai_stable-diffusion-3-medium-diffusers,192051,1.382826566696167
stabilityai_stable-diffusion-3-medium-diffusers,213186,0.18675649166107178
stabilityai_stable-diffusion-3-medium-diffusers,232386,0.439134418964386
stabilityai_stable-diffusion-3-medium-diffusers,232765,0.6428896188735962
stabilityai_stable-diffusion-3-medium-diffusers,258857,-0.6525177359580994
stabilityai_stable-diffusion-3-medium-diffusers,283090,0.29980263113975525
stabilityai_stable-diffusion-3-medium-diffusers,285141,-0.7776597142219543
stabilityai_stable-diffusion-3-medium-diffusers,399030,-0.9195538759231567
stabilityai_stable-diffusion-3-medium-diffusers,440189,0.6117687821388245
stabilityai_stable-diffusion-3-medium-diffusers,445169,-1.0969576835632324
stabilityai_stable-diffusion-3-medium-diffusers,486490,-1.1269313097000122
stabilityai_stable-diffusion-3-medium-diffusers,487072,-1.1037356853485107
stabilityai_stable-diffusion-3-medium-diffusers,487326,0.8982280492782593
stabilityai_stable-diffusion-3-medium-diffusers,489837,0.011203750967979431
stabilityai_stable-diffusion-3-medium-diffusers,646833,0.7405639886856079
stabilityai_stable-diffusion-3-medium-diffusers,708860,-2.2776706218719482
stabilityai_stable-diffusion-3-medium-diffusers,717208,0.17021875083446503
stabilityai_stable-diffusion-3-medium-diffusers,717468,1.6927086114883423
stabilityai_stable-diffusion-3-medium-diffusers,735254,-2.246232748031616
stabilityai_stable-diffusion-3-medium-diffusers,762478,-0.5436234474182129
stabilityai_stable-diffusion-3-medium-diffusers,825443,1.3403995037078857
stabilityai_stable-diffusion-3-medium-diffusers,831919,-0.09492628276348114
stabilityai_stable-diffusion-3-medium-diffusers,896677,0.04441287741065025
stabilityai_stable-diffusion-3-medium-diffusers,936620,0.20475579798221588
stabilityai_stable-diffusion-3-medium-diffusers,974367,0.013371395878493786
stabilityai_stable-diffusion-3-medium-diffusers,993014,-0.463061660528183
stabilityai_stable-diffusion-3-medium-diffusers,995855,-0.07828757166862488
stabilityai_stable-diffusion-3-medium-diffusers,1113367,-0.3425754904747009
stabilityai_stable-diffusion-3-medium-diffusers,1171644,-0.07449451833963394
stabilityai_stable-diffusion-3-medium-diffusers,1209135,-0.2625581622123718
stabilityai_stable-diffusion-3-medium-diffusers,1317294,0.5267925262451172
stabilityai_stable-diffusion-3-medium-diffusers,1317533,-0.8727161884307861
stabilityai_stable-diffusion-3-medium-diffusers,1321854,1.6682111024856567
stabilityai_stable-diffusion-3-medium-diffusers,1377758,-1.5498807430267334
stabilityai_stable-diffusion-3-medium-diffusers,1474832,-0.39773717522621155
stabilityai_stable-diffusion-3-medium-diffusers,1516071,-0.9566383361816406
stabilityai_stable-diffusion-3-medium-diffusers,1566705,0.6356146931648254
stabilityai_stable-diffusion-3-medium-diffusers,1640855,0.38505449891090393
stabilityai_stable-diffusion-3-medium-diffusers,1668603,-0.9345830082893372
stabilityai_stable-diffusion-3-medium-diffusers,1678990,-0.4860222637653351
stabilityai_stable-diffusion-3-medium-diffusers,1699831,1.4921975135803223
stabilityai_stable-diffusion-3-medium-diffusers,1707698,1.0000286102294922
stabilityai_stable-diffusion-3-medium-diffusers,1727942,-1.372708797454834
stabilityai_stable-diffusion-3-medium-diffusers,2045760,-1.7801822423934937
stabilityai_stable-diffusion-3-medium-diffusers,2075049,-0.9059513807296753
stabilityai_stable-diffusion-3-medium-diffusers,2075764,-1.2186269760131836
stabilityai_stable-diffusion-3-medium-diffusers,2241569,1.337448239326477
stabilityai_stable-diffusion-3-medium-diffusers,2720725,-0.3404848277568817
stabilityai_stable-diffusion-3-medium-diffusers,2721160,-0.46759068965911865
stabilityai_stable-diffusion-3-medium-diffusers,2730265,-0.6534093618392944
stabilityai_stable-diffusion-3-medium-diffusers,2744395,-2.2818071842193604
stabilityai_stable-diffusion-3-medium-diffusers,2770078,0.940064013004303
stabilityai_stable-diffusion-3-medium-diffusers,2793684,-2.2049221992492676
stabilityai_stable-diffusion-3-medium-diffusers,2803666,0.8574365377426147
stabilityai_stable-diffusion-3-medium-diffusers,2807731,0.13110576570034027
stabilityai_stable-diffusion-3-medium-diffusers,2821943,0.6683582067489624
stabilityai_stable-diffusion-3-medium-diffusers,2824319,-0.39279764890670776
stabilityai_stable-diffusion-3-medium-diffusers,2825442,0.7817209362983704
stabilityai_stable-diffusion-3-medium-diffusers,2852043,0.3597952723503113
stabilityai_stable-diffusion-3-medium-diffusers,2870293,0.0713680237531662
stabilityai_stable-diffusion-3-medium-diffusers,2870880,0.7466021180152893
stabilityai_stable-diffusion-3-medium-diffusers,2923535,-1.9093375205993652
stabilityai_stable-diffusion-3-medium-diffusers,2933112,1.025402545928955
stabilityai_stable-diffusion-3-medium-diffusers,2963987,0.3919655382633209
stabilityai_stable-diffusion-3-medium-diffusers,2991302,-0.0846526250243187
stabilityai_stable-diffusion-3-medium-diffusers,3024209,-0.7576898336410522
stabilityai_stable-diffusion-3-medium-diffusers,3035832,-0.6155676245689392
stabilityai_stable-diffusion-3-medium-diffusers,3049457,0.7001088261604309
stabilityai_stable-diffusion-3-medium-diffusers,3107488,-1.8014379739761353
stabilityai_stable-diffusion-3-medium-diffusers,3131388,-1.679032802581787
stabilityai_stable-diffusion-3-medium-diffusers,3131669,-2.2179715633392334
stabilityai_stable-diffusion-3-medium-diffusers,3152830,-0.837204098701477
stabilityai_stable-diffusion-3-medium-diffusers,3249569,1.2208064794540405
stabilityai_stable-diffusion-3-medium-diffusers,3262349,0.7417727708816528
stabilityai_stable-diffusion-3-medium-diffusers,3288500,-0.2933577001094818
stabilityai_stable-diffusion-3-medium-diffusers,3298716,1.2612890005111694
stabilityai_stable-diffusion-3-medium-diffusers,3308246,1.3891969919204712
stabilityai_stable-diffusion-3-medium-diffusers,3309110,0.07436368614435196
stabilityai_stable-diffusion-3-medium-diffusers,3347220,-0.01373060792684555
stabilityai_stable-diffusion-3-medium-diffusers,3353281,0.0055473376996815205
stabilityai_stable-diffusion-3-medium-diffusers,3366112,-0.7343171834945679
stabilityai_stable-diffusion-3-medium-diffusers,3411927,-0.08932158350944519
stabilityai_stable-diffusion-3-medium-diffusers,3456665,0.7202735543251038
stabilityai_stable-diffusion-3-medium-diffusers,3563208,-2.2375247478485107
stabilityai_stable-diffusion-3-medium-diffusers,3580281,-1.2499934434890747
stabilityai_stable-diffusion-3-medium-diffusers,3603442,0.6598822474479675
stabilityai_stable-diffusion-3-medium-diffusers,3607029,1.77798593044281
stabilityai_stable-diffusion-3-medium-diffusers,3628071,0.7290881276130676
stabilityai_stable-diffusion-3-medium-diffusers,3630383,1.788277506828308
stabilityai_stable-diffusion-3-medium-diffusers,3676483,-0.271701842546463
stabilityai_stable-diffusion-3-medium-diffusers,3679712,0.36385345458984375
stabilityai_stable-diffusion-3-medium-diffusers,3685307,-0.10575035959482193
stabilityai_stable-diffusion-3-medium-diffusers,3703463,-1.9992733001708984
stabilityai_stable-diffusion-3-medium-diffusers,3714235,0.4803866147994995
stabilityai_stable-diffusion-3-medium-diffusers,3728318,-0.7326176762580872
stabilityai_stable-diffusion-3-medium-diffusers,3748162,0.8868874907493591
stabilityai_stable-diffusion-3-medium-diffusers,3764276,1.2176790237426758
stabilityai_stable-diffusion-3-medium-diffusers,3818090,0.04241683706641197
stabilityai_stable-diffusion-3-medium-diffusers,3842156,0.7580680847167969
stabilityai_stable-diffusion-3-medium-diffusers,3880032,-1.6446692943572998
stabilityai_stable-diffusion-3-medium-diffusers,3889343,-1.4509456157684326
stabilityai_stable-diffusion-3-medium-diffusers,3907654,0.9218547344207764
stabilityai_stable-diffusion-3-medium-diffusers,3940713,0.20792795717716217
stabilityai_stable-diffusion-3-medium-diffusers,3975232,-1.7130405902862549
stabilityai_stable-diffusion-3-medium-diffusers,3982060,0.7158758044242859
stabilityai_stable-diffusion-3-medium-diffusers,3990474,1.5748471021652222
stabilityai_stable-diffusion-3-medium-diffusers,4010305,-0.7093647122383118
stabilityai_stable-diffusion-3-medium-diffusers,4025130,1.1589077711105347
stabilityai_stable-diffusion-3-medium-diffusers,4062807,1.1692883968353271
stabilityai_stable-diffusion-3-medium-diffusers,4123448,-0.305458128452301
stabilityai_stable-diffusion-3-medium-diffusers,4125853,0.09639940410852432
stabilityai_stable-diffusion-3-medium-diffusers,4140340,1.610543966293335
stabilityai_stable-diffusion-3-medium-diffusers,4145056,-0.2532356083393097
stabilityai_stable-diffusion-3-medium-diffusers,4192521,-2.2300820350646973
stabilityai_stable-diffusion-3-medium-diffusers,4259202,-0.958471953868866
stabilityai_stable-diffusion-3-medium-diffusers,4285773,-1.8898811340332031
stabilityai_stable-diffusion-3-medium-diffusers,4345028,0.7887907028198242
stabilityai_stable-diffusion-3-medium-diffusers,4387201,1.5661839246749878
stabilityai_stable-diffusion-3-medium-diffusers,4416901,-0.6321420073509216
stabilityai_stable-diffusion-3-medium-diffusers,4455579,-0.7398489713668823
stabilityai_stable-diffusion-3-medium-diffusers,4497570,-0.04910839721560478
stabilityai_stable-diffusion-3-medium-diffusers,4534520,0.8061924576759338
stabilityai_stable-diffusion-3-medium-diffusers,4539203,0.271351158618927
stabilityai_stable-diffusion-3-medium-diffusers,4552551,-0.748367965221405
stabilityai_stable-diffusion-3-medium-diffusers,4596797,-2.187250852584839
stabilityai_stable-diffusion-3-medium-diffusers,4832208,-2.1124520301818848
stabilityai_stable-diffusion-3-medium-diffusers,4930139,1.491744875907898
stabilityai_stable-diffusion-3-medium-diffusers,5008085,-0.023751843720674515
stabilityai_stable-diffusion-3-medium-diffusers,5219923,-1.4443707466125488
stabilityai_stable-diffusion-3-medium-diffusers,5316083,0.3072449862957001
stabilityai_stable-diffusion-3-medium-diffusers,5350912,-2.0156843662261963
stabilityai_stable-diffusion-3-medium-diffusers,5374860,-0.04916134104132652
stabilityai_stable-diffusion-3-medium-diffusers,5410315,-0.9265106916427612
stabilityai_stable-diffusion-3-medium-diffusers,5522784,-1.3301039934158325
stabilityai_stable-diffusion-3-medium-diffusers,5728577,-0.3570074439048767
stabilityai_stable-diffusion-3-medium-diffusers,5752544,-1.9061447381973267
stabilityai_stable-diffusion-3-medium-diffusers,5794797,0.5065721869468689
stabilityai_stable-diffusion-3-medium-diffusers,5895919,0.522981584072113
stabilityai_stable-diffusion-3-medium-diffusers,5958517,-1.2638450860977173
stabilityai_stable-diffusion-3-medium-diffusers,6189776,0.03303941339254379
stabilityai_stable-diffusion-3-medium-diffusers,6528587,-0.14605244994163513
stabilityai_stable-diffusion-3-medium-diffusers,6584891,-0.8268799185752869
stabilityai_stable-diffusion-3-medium-diffusers,6586355,0.3630096912384033
stabilityai_stable-diffusion-3-medium-diffusers,6607809,-1.5777292251586914
stabilityai_stable-diffusion-3-medium-diffusers,6615026,-1.2080405950546265
stabilityai_stable-diffusion-3-medium-diffusers,6615458,-2.118422508239746
stabilityai_stable-diffusion-3-medium-diffusers,6615818,0.8707267642021179
stabilityai_stable-diffusion-3-medium-diffusers,6616314,-0.6302964687347412
stabilityai_stable-diffusion-3-medium-diffusers,6617011,-1.4167507886886597
stabilityai_stable-diffusion-3-medium-diffusers,6617413,1.17097806930542
stabilityai_stable-diffusion-3-medium-diffusers,6729499,-0.8335167169570923
stabilityai_stable-diffusion-3-medium-diffusers,6880664,-1.2636662721633911
stabilityai_stable-diffusion-3-medium-diffusers,6883725,1.009419560432434
stabilityai_stable-diffusion-3-medium-diffusers,6946774,-2.2272326946258545
stabilityai_stable-diffusion-3-medium-diffusers,7025268,1.005911946296692
stabilityai_stable-diffusion-3-medium-diffusers,7109847,-1.059604525566101
stabilityai_stable-diffusion-3-medium-diffusers,7116261,0.9234611988067627
stabilityai_stable-diffusion-3-medium-diffusers,7150023,0.7000120878219604
stabilityai_stable-diffusion-3-medium-diffusers,7163803,-0.058665771037340164
stabilityai_stable-diffusion-3-medium-diffusers,7507098,-0.8100654482841492
stabilityai_stable-diffusion-3-medium-diffusers,7596684,-1.7767577171325684
stabilityai_stable-diffusion-3-medium-diffusers,7597365,0.678707480430603
stabilityai_stable-diffusion-3-medium-diffusers,7601809,0.3079627454280853
stabilityai_stable-diffusion-3-medium-diffusers,7605282,-1.7407928705215454
stabilityai_stable-diffusion-3-medium-diffusers,7606419,-2.1460797786712646
stabilityai_stable-diffusion-3-medium-diffusers,7607707,-0.21158292889595032
stabilityai_stable-diffusion-3-medium-diffusers,7608721,0.1420377492904663
stabilityai_stable-diffusion-3-medium-diffusers,7625977,0.8754005432128906
stabilityai_stable-diffusion-3-medium-diffusers,7626721,1.1961681842803955
stabilityai_stable-diffusion-3-medium-diffusers,7626833,1.4719280004501343
stabilityai_stable-diffusion-3-medium-diffusers,7627310,0.7970075011253357
stabilityai_stable-diffusion-3-medium-diffusers,7651454,0.18699777126312256
stabilityai_stable-diffusion-3-medium-diffusers,7654438,1.077197551727295
stabilityai_stable-diffusion-3-medium-diffusers,7664468,-0.2749612331390381
stabilityai_stable-diffusion-3-medium-diffusers,7698915,0.6989318132400513
stabilityai_stable-diffusion-3-medium-diffusers,7700167,1.4458377361297607
stabilityai_stable-diffusion-3-medium-diffusers,7700868,0.7028659582138062
stabilityai_stable-diffusion-3-medium-diffusers,7701244,0.8033773899078369
stabilityai_stable-diffusion-3-medium-diffusers,7702193,0.8588413596153259
stabilityai_stable-diffusion-3-medium-diffusers,7710616,0.623154878616333
stabilityai_stable-diffusion-3-medium-diffusers,7834065,-1.3087992668151855
stabilityai_stable-diffusion-3-medium-diffusers,7854266,-0.2484809309244156
stabilityai_stable-diffusion-3-medium-diffusers,7854455,0.6122340559959412
stabilityai_stable-diffusion-3-medium-diffusers,7871940,1.486653208732605
stabilityai_stable-diffusion-3-medium-diffusers,7891189,1.3175851106643677
stabilityai_stable-diffusion-3-medium-diffusers,7897116,-0.8593457341194153
stabilityai_stable-diffusion-3-medium-diffusers,7914271,0.29910674691200256
stabilityai_stable-diffusion-3-medium-diffusers,7922764,0.7114425301551819
stabilityai_stable-diffusion-3-medium-diffusers,7929519,-0.6992641091346741
stabilityai_stable-diffusion-3-medium-diffusers,7933274,0.6125805974006653
stabilityai_stable-diffusion-3-medium-diffusers,7933530,0.9619285464286804
stabilityai_stable-diffusion-3-medium-diffusers,8089797,0.5650925636291504
stabilityai_stable-diffusion-3-medium-diffusers,8095160,0.5607950687408447
stabilityai_stable-diffusion-3-medium-diffusers,8124208,-2.2762668132781982
stabilityai_stable-diffusion-3-medium-diffusers,8339939,1.0788664817810059
stabilityai_stable-diffusion-3-medium-diffusers,8876291,0.13757435977458954
stabilityai_stable-diffusion-3-medium-diffusers,9020389,1.609330654144287
stabilityai_stable-diffusion-3-medium-diffusers,9044146,-1.0485361814498901
stabilityai_stable-diffusion-3-medium-diffusers,9057052,-2.2470264434814453
stabilityai_stable-diffusion-3-medium-diffusers,9427682,0.377328097820282
stabilityai_stable-diffusion-3-medium-diffusers,9580065,1.447680950164795
stabilityai_stable-diffusion-3-medium-diffusers,9719434,0.031173860654234886
stabilityai_stable-diffusion-3-medium-diffusers,9793248,1.6018048524856567
stabilityai_stable-diffusion-3-medium-diffusers,9794211,1.8913116455078125
stabilityai_stable-diffusion-3-medium-diffusers,9862621,-0.531157910823822
stabilityai_stable-diffusion-3-medium-diffusers,9875188,-0.989794909954071
stabilityai_stable-diffusion-3-medium-diffusers,9984659,0.012457315810024738
stabilityai_stable-diffusion-3-medium-diffusers,10012874,-1.9438830614089966
stabilityai_stable-diffusion-3-medium-diffusers,10024569,-1.7998113632202148
stabilityai_stable-diffusion-3-medium-diffusers,10080493,-1.3426263332366943
stabilityai_stable-diffusion-3-medium-diffusers,10106452,-1.073880672454834
stabilityai_stable-diffusion-3-medium-diffusers,10198409,-1.2394447326660156
stabilityai_stable-diffusion-3-medium-diffusers,10333317,-0.41416266560554504
stabilityai_stable-diffusion-3-medium-diffusers,10408552,0.8940300941467285
stabilityai_stable-diffusion-3-medium-diffusers,10444677,-1.4326456785202026
stabilityai_stable-diffusion-3-medium-diffusers,10453357,0.9819906949996948
stabilityai_stable-diffusion-3-medium-diffusers,10548623,-0.9123480916023254
stabilityai_stable-diffusion-3-medium-diffusers,10572128,-2.0913264751434326
stabilityai_stable-diffusion-3-medium-diffusers,10794014,-0.08428558707237244
stabilityai_stable-diffusion-3-medium-diffusers,10939743,0.8248203992843628
stabilityai_stable-diffusion-3-medium-diffusers,11039909,0.8548023700714111
stabilityai_stable-diffusion-3-medium-diffusers,11334088,0.5243386626243591
stabilityai_stable-diffusion-3-medium-diffusers,11417672,0.23223483562469482
stabilityai_stable-diffusion-3-medium-diffusers,11437577,-0.315058171749115
stabilityai_stable-diffusion-3-medium-diffusers,11460338,-0.9523959755897522
stabilityai_stable-diffusion-3-medium-diffusers,12345739,-1.4186534881591797
stabilityai_stable-diffusion-3-medium-diffusers,12402348,0.07069926708936691
stabilityai_stable-diffusion-3-medium-diffusers,13221529,0.45698750019073486
stabilityai_stable-diffusion-3-medium-diffusers,13290566,1.2726744413375854
stabilityai_stable-diffusion-3-medium-diffusers,13389475,0.3543308675289154
stabilityai_stable-diffusion-3-medium-diffusers,13390139,1.2008179426193237
stabilityai_stable-diffusion-3-medium-diffusers,13390405,1.3896523714065552
stabilityai_stable-diffusion-3-medium-diffusers,13392786,1.3138951063156128
stabilityai_stable-diffusion-3-medium-diffusers,13649361,-2.2185544967651367
stabilityai_stable-diffusion-3-medium-diffusers,13716878,-0.7691301107406616
stabilityai_stable-diffusion-3-medium-diffusers,13884740,-0.4633341431617737
stabilityai_stable-diffusion-3-medium-diffusers,13915305,0.418540358543396
stabilityai_stable-diffusion-3-medium-diffusers,13931145,0.30144038796424866
stabilityai_stable-diffusion-3-medium-diffusers,13984082,-0.5979514122009277
stabilityai_stable-diffusion-3-medium-diffusers,14140678,-1.1051300764083862
stabilityai_stable-diffusion-3-medium-diffusers,14195315,0.032635971903800964
stabilityai_stable-diffusion-3-medium-diffusers,14294568,-0.4926370680332184
stabilityai_stable-diffusion-3-medium-diffusers,14320813,-0.05249070003628731
stabilityai_stable-diffusion-3-medium-diffusers,14360436,0.2176930159330368
stabilityai_stable-diffusion-3-medium-diffusers,14488317,-0.015951868146657944
stabilityai_stable-diffusion-3-medium-diffusers,14533937,0.11215806752443314
stabilityai_stable-diffusion-3-medium-diffusers,14550987,-0.2456447333097458
stabilityai_stable-diffusion-3-medium-diffusers,14579933,-2.012021541595459
stabilityai_stable-diffusion-3-medium-diffusers,14606290,0.49311017990112305
stabilityai_stable-diffusion-3-medium-diffusers,14620257,-0.9796979427337646
stabilityai_stable-diffusion-3-medium-diffusers,14632648,-0.29028424620628357
stabilityai_stable-diffusion-3-medium-diffusers,14647235,0.9325191378593445
stabilityai_stable-diffusion-3-medium-diffusers,14654954,-0.024521099403500557
stabilityai_stable-diffusion-3-medium-diffusers,14686352,-0.1595003753900528
stabilityai_stable-diffusion-3-medium-diffusers,14702875,-1.3181636333465576
stabilityai_stable-diffusion-3-medium-diffusers,14703190,-1.6216343641281128
stabilityai_stable-diffusion-3-medium-diffusers,14807929,-1.1961967945098877
stabilityai_stable-diffusion-3-medium-diffusers,14809057,-0.04089941456913948
stabilityai_stable-diffusion-3-medium-diffusers,14867690,-1.37042236328125
stabilityai_stable-diffusion-3-medium-diffusers,14872875,-1.6081522703170776
stabilityai_stable-diffusion-3-medium-diffusers,14880557,0.14421996474266052
stabilityai_stable-diffusion-3-medium-diffusers,14894140,-1.4032461643218994
stabilityai_stable-diffusion-3-medium-diffusers,15180934,-0.7478181719779968
stabilityai_stable-diffusion-3-medium-diffusers,15970145,-2.2677817344665527
stabilityai_stable-diffusion-3-medium-diffusers,17002912,-0.35198262333869934
stabilityai_stable-diffusion-3-medium-diffusers,17012379,-2.010077476501465
stabilityai_stable-diffusion-3-medium-diffusers,17282800,0.6849122643470764
stabilityai_stable-diffusion-3-medium-diffusers,17925539,-2.228029489517212
stabilityai_stable-diffusion-3-medium-diffusers,18367104,0.05072494223713875
stabilityai_stable-diffusion-3-medium-diffusers,18758723,-1.5662182569503784
stabilityai_stable-diffusion-3-medium-diffusers,19143128,-0.5002466440200806
stabilityai_stable-diffusion-3-medium-diffusers,19671124,-1.7357268333435059
stabilityai_stable-diffusion-3-medium-diffusers,19855707,-2.2792229652404785
stabilityai_stable-diffusion-3-medium-diffusers,19893872,-0.003997722174972296
stabilityai_stable-diffusion-3-medium-diffusers,20017667,-1.620620608329773
stabilityai_stable-diffusion-3-medium-diffusers,20128079,-2.212695837020874
stabilityai_stable-diffusion-3-medium-diffusers,20471134,-1.8779042959213257
stabilityai_stable-diffusion-3-medium-diffusers,20495093,-2.0303335189819336
stabilityai_stable-diffusion-3-medium-diffusers,20782430,-1.5492868423461914
stabilityai_stable-diffusion-3-medium-diffusers,21377549,-1.7855521440505981
stabilityai_stable-diffusion-3-medium-diffusers,21564446,-0.09667684137821198
stabilityai_stable-diffusion-3-medium-diffusers,21620388,-0.6148642301559448
stabilityai_stable-diffusion-3-medium-diffusers,22149540,-2.215708017349243
stabilityai_stable-diffusion-3-medium-diffusers,22738759,-2.279318332672119
stabilityai_stable-diffusion-3-medium-diffusers,22767176,-1.5312621593475342
stabilityai_stable-diffusion-3-medium-diffusers,23129661,-2.2826626300811768
stabilityai_stable-diffusion-3-medium-diffusers,23185551,-1.5436350107192993
stabilityai_stable-diffusion-3-medium-diffusers,23232427,0.23819835484027863
stabilityai_stable-diffusion-3-medium-diffusers,23257851,-1.4373433589935303
stabilityai_stable-diffusion-3-medium-diffusers,23620789,-0.47386547923088074
stabilityai_stable-diffusion-3-medium-diffusers,24808131,-0.2496221661567688
stabilityai_stable-diffusion-3-medium-diffusers,24843217,-2.0818207263946533
stabilityai_stable-diffusion-3-medium-diffusers,24933378,1.3966389894485474
stabilityai_stable-diffusion-3-medium-diffusers,24942232,-0.1230027824640274
stabilityai_stable-diffusion-3-medium-diffusers,25290589,-1.1637674570083618
stabilityai_stable-diffusion-3-medium-diffusers,25579216,-0.7114377021789551
stabilityai_stable-diffusion-3-medium-diffusers,25685207,-2.2537918090820312
stabilityai_stable-diffusion-3-medium-diffusers,25776594,-0.9062509536743164
stabilityai_stable-diffusion-3-medium-diffusers,26078214,-1.8677808046340942
stabilityai_stable-diffusion-3-medium-diffusers,26746434,0.2610277831554413
stabilityai_stable-diffusion-3-medium-diffusers,26998039,-1.426339030265808
stabilityai_stable-diffusion-3-medium-diffusers,27106238,-1.8803256750106812
stabilityai_stable-diffusion-3-medium-diffusers,27246777,-2.2294769287109375
stabilityai_stable-diffusion-3-medium-diffusers,27768637,-1.2553173303604126
stabilityai_stable-diffusion-3-medium-diffusers,27871992,-1.1233373880386353
stabilityai_stable-diffusion-3-medium-diffusers,28190972,-1.9943631887435913
stabilityai_stable-diffusion-3-medium-diffusers,29094321,-1.4237645864486694
stabilityai_stable-diffusion-3-medium-diffusers,29148617,-2.127293348312378
stabilityai_stable-diffusion-3-medium-diffusers,29161294,0.13473086059093475
stabilityai_stable-diffusion-3-medium-diffusers,29632917,-1.3642141819000244
stabilityai_stable-diffusion-3-medium-diffusers,29703209,-0.536909282207489
stabilityai_stable-diffusion-3-medium-diffusers,29779486,-0.15443909168243408
stabilityai_stable-diffusion-3-medium-diffusers,30028757,-1.552884578704834
stabilityai_stable-diffusion-3-medium-diffusers,30225071,0.2101479172706604
stabilityai_stable-diffusion-3-medium-diffusers,30373565,-0.8548155426979065
stabilityai_stable-diffusion-3-medium-diffusers,30484086,-1.1255041360855103
stabilityai_stable-diffusion-3-medium-diffusers,30883080,-0.4393330514431
stabilityai_stable-diffusion-3-medium-diffusers,31114750,-2.2106971740722656
stabilityai_stable-diffusion-3-medium-diffusers,31196176,-1.208175539970398
stabilityai_stable-diffusion-3-medium-diffusers,31391857,0.9625974297523499
stabilityai_stable-diffusion-3-medium-diffusers,31595142,0.5370276570320129
stabilityai_stable-diffusion-3-medium-diffusers,32152786,-2.20766282081604
stabilityai_stable-diffusion-3-medium-diffusers,32327818,-0.8746688365936279
stabilityai_stable-diffusion-3-medium-diffusers,32379732,1.1639056205749512
stabilityai_stable-diffusion-3-medium-diffusers,32473966,-1.3371212482452393
stabilityai_stable-diffusion-3-medium-diffusers,32902730,0.7187173366546631
stabilityai_stable-diffusion-3-medium-diffusers,32932491,-2.125058889389038
stabilityai_stable-diffusion-3-medium-diffusers,33006578,-1.0464473962783813
stabilityai_stable-diffusion-3-medium-diffusers,33478721,0.04245802015066147
stabilityai_stable-diffusion-3-medium-diffusers,34475997,0.19396869838237762
stabilityai_stable-diffusion-3-medium-diffusers,34578737,-2.184835433959961
stabilityai_stable-diffusion-3-medium-diffusers,34773230,-0.2903771996498108
stabilityai_stable-diffusion-3-medium-diffusers,36507085,-0.03397107124328613
stabilityai_stable-diffusion-3-medium-diffusers,36678439,-0.8811972141265869
stabilityai_stable-diffusion-3-medium-diffusers,37287360,0.42264890670776367
stabilityai_stable-diffusion-3-medium-diffusers,37319253,1.035679578781128
stabilityai_stable-diffusion-3-medium-diffusers,37547870,0.8065131902694702
stabilityai_stable-diffusion-3-medium-diffusers,37736408,0.028243420645594597
stabilityai_stable-diffusion-3-medium-diffusers,38014258,-0.5551683902740479
stabilityai_stable-diffusion-3-medium-diffusers,38297191,-0.30103299021720886
stabilityai_stable-diffusion-3-medium-diffusers,38402744,0.9421722888946533
stabilityai_stable-diffusion-3-medium-diffusers,38954086,0.13008584082126617
stabilityai_stable-diffusion-3-medium-diffusers,39139190,-2.2760486602783203
stabilityai_stable-diffusion-3-medium-diffusers,39560404,-1.0516283512115479
stabilityai_stable-diffusion-3-medium-diffusers,39566065,1.6004271507263184
stabilityai_stable-diffusion-3-medium-diffusers,39595218,1.581342101097107
stabilityai_stable-diffusion-3-medium-diffusers,40825299,-0.3891630470752716
stabilityai_stable-diffusion-3-medium-diffusers,40945115,-1.3643169403076172
stabilityai_stable-diffusion-3-medium-diffusers,40995095,-2.0540435314178467
stabilityai_stable-diffusion-3-medium-diffusers,41015844,0.9112143516540527
stabilityai_stable-diffusion-3-medium-diffusers,41031648,1.171457290649414
stabilityai_stable-diffusion-3-medium-diffusers,41161074,-0.6290655732154846
stabilityai_stable-diffusion-3-medium-diffusers,41458919,0.1402687430381775
stabilityai_stable-diffusion-3-medium-diffusers,41565779,0.5501761436462402
stabilityai_stable-diffusion-3-medium-diffusers,41766391,0.19513124227523804
stabilityai_stable-diffusion-3-medium-diffusers,41982710,-2.1283118724823
stabilityai_stable-diffusion-3-medium-diffusers,42048260,-2.228203773498535
stabilityai_stable-diffusion-3-medium-diffusers,42849420,-2.2724609375
stabilityai_stable-diffusion-3-medium-diffusers,42931583,-0.5277919173240662
stabilityai_stable-diffusion-3-medium-diffusers,43060946,0.03659973666071892
stabilityai_stable-diffusion-3-medium-diffusers,43153800,-0.9559522271156311
stabilityai_stable-diffusion-3-medium-diffusers,43161384,-0.010956469923257828
stabilityai_stable-diffusion-3-medium-diffusers,43301379,-0.5945572853088379
stabilityai_stable-diffusion-3-medium-diffusers,43304323,1.6355262994766235
stabilityai_stable-diffusion-3-medium-diffusers,43367797,-1.6244205236434937
stabilityai_stable-diffusion-3-medium-diffusers,43431032,0.31396540999412537
stabilityai_stable-diffusion-3-medium-diffusers,43631801,-1.0941975116729736
stabilityai_stable-diffusion-3-medium-diffusers,43735560,-0.9362468123435974
stabilityai_stable-diffusion-3-medium-diffusers,43858443,0.10670271515846252
stabilityai_stable-diffusion-3-medium-diffusers,43918624,-1.1111915111541748
stabilityai_stable-diffusion-3-medium-diffusers,44280552,-1.8603956699371338
stabilityai_stable-diffusion-3-medium-diffusers,44295589,-0.4830474257469177
stabilityai_stable-diffusion-3-medium-diffusers,44621915,-1.0031074285507202
stabilityai_stable-diffusion-3-medium-diffusers,44645737,0.4548766314983368
stabilityai_stable-diffusion-3-medium-diffusers,44838123,-2.064237356185913
stabilityai_stable-diffusion-3-medium-diffusers,45258070,-0.8900285959243774
stabilityai_stable-diffusion-3-medium-diffusers,45297641,-0.5652915239334106
stabilityai_stable-diffusion-3-medium-diffusers,45418454,0.32987910509109497
stabilityai_stable-diffusion-3-medium-diffusers,45564900,-2.221525192260742
stabilityai_stable-diffusion-3-medium-diffusers,46150029,-1.020237684249878
stabilityai_stable-diffusion-3-medium-diffusers,46394736,-2.1187326908111572
stabilityai_stable-diffusion-3-medium-diffusers,46673664,-0.3019239604473114
stabilityai_stable-diffusion-3-medium-diffusers,46994920,-2.2206835746765137
stabilityai_stable-diffusion-3-medium-diffusers,47009060,-1.9243491888046265
stabilityai_stable-diffusion-3-medium-diffusers,47552953,0.6718127727508545
stabilityai_stable-diffusion-3-medium-diffusers,47595220,-1.509833574295044
stabilityai_stable-diffusion-3-medium-diffusers,47819321,-0.39904946088790894
stabilityai_stable-diffusion-3-medium-diffusers,48223384,0.23346062004566193
stabilityai_stable-diffusion-3-medium-diffusers,48351897,-0.8938560485839844
stabilityai_stable-diffusion-3-medium-diffusers,48754831,-0.7929660081863403
stabilityai_stable-diffusion-3-medium-diffusers,49054805,0.07363760471343994
stabilityai_stable-diffusion-3-medium-diffusers,49089576,-0.2834762930870056
stabilityai_stable-diffusion-3-medium-diffusers,49300740,-0.19701838493347168
stabilityai_stable-diffusion-3-medium-diffusers,49358811,0.3400278389453888
stabilityai_stable-diffusion-3-medium-diffusers,49462954,-1.1694525480270386
stabilityai_stable-diffusion-3-medium-diffusers,50262859,0.29449462890625
stabilityai_stable-diffusion-3-medium-diffusers,50871471,0.5754628777503967
stabilityai_stable-diffusion-3-medium-diffusers,50952217,1.4323238134384155
stabilityai_stable-diffusion-3-medium-diffusers,51060824,-1.0795772075653076
stabilityai_stable-diffusion-3-medium-diffusers,51314050,0.4326953589916229
stabilityai_stable-diffusion-3-medium-diffusers,51946990,-0.9121322631835938
stabilityai_stable-diffusion-3-medium-diffusers,52325745,-2.238628387451172
stabilityai_stable-diffusion-3-medium-diffusers,52474100,0.5003148317337036
stabilityai_stable-diffusion-3-medium-diffusers,52516409,-1.0058763027191162
stabilityai_stable-diffusion-3-medium-diffusers,52711595,0.3286316394805908
stabilityai_stable-diffusion-3-medium-diffusers,53022028,-2.1974287033081055
stabilityai_stable-diffusion-3-medium-diffusers,53205877,-2.274571418762207
stabilityai_stable-diffusion-3-medium-diffusers,53288018,-2.232422351837158
stabilityai_stable-diffusion-3-medium-diffusers,53443611,1.590612769126892
stabilityai_stable-diffusion-3-medium-diffusers,53815934,-0.02227659337222576
stabilityai_stable-diffusion-3-medium-diffusers,54495173,0.26715952157974243
stabilityai_stable-diffusion-3-medium-diffusers,54931507,-1.5285496711730957
stabilityai_stable-diffusion-3-medium-diffusers,55191509,-2.0569980144500732
stabilityai_stable-diffusion-3-medium-diffusers,55255145,0.3732461929321289
stabilityai_stable-diffusion-3-medium-diffusers,55457672,-2.227268934249878
stabilityai_stable-diffusion-3-medium-diffusers,55588327,0.8549693822860718
stabilityai_stable-diffusion-3-medium-diffusers,55653646,-0.4566364884376526
stabilityai_stable-diffusion-3-medium-diffusers,55658809,-0.7030487060546875
stabilityai_stable-diffusion-3-medium-diffusers,55812974,-2.088932991027832
stabilityai_stable-diffusion-3-medium-diffusers,55819553,-0.4745883345603943
stabilityai_stable-diffusion-3-medium-diffusers,55826966,-0.0807269886136055
stabilityai_stable-diffusion-3-medium-diffusers,55983905,0.20888948440551758
stabilityai_stable-diffusion-3-medium-diffusers,56074056,0.0986834242939949
stabilityai_stable-diffusion-3-medium-diffusers,56112588,-1.2864556312561035
stabilityai_stable-diffusion-3-medium-diffusers,56121520,1.16398024559021
stabilityai_stable-diffusion-3-medium-diffusers,56250900,-2.119262933731079
stabilityai_stable-diffusion-3-medium-diffusers,56458800,0.42382434010505676
stabilityai_stable-diffusion-3-medium-diffusers,56792430,0.25977540016174316
stabilityai_stable-diffusion-3-medium-diffusers,56982260,-1.9448975324630737
stabilityai_stable-diffusion-3-medium-diffusers,57673976,-0.270973801612854
stabilityai_stable-diffusion-3-medium-diffusers,57716963,-0.2509205639362335
stabilityai_stable-diffusion-3-medium-diffusers,57729980,-1.9777926206588745
stabilityai_stable-diffusion-3-medium-diffusers,57785005,0.11564275622367859
stabilityai_stable-diffusion-3-medium-diffusers,57873614,-1.4104505777359009
stabilityai_stable-diffusion-3-medium-diffusers,58727024,-1.2705261707305908
stabilityai_stable-diffusion-3-medium-diffusers,58761464,-0.08936093002557755
stabilityai_stable-diffusion-3-medium-diffusers,59399259,-1.0324959754943848
stabilityai_stable-diffusion-3-medium-diffusers,59976859,0.3940368890762329
stabilityai_stable-diffusion-3-medium-diffusers,60083345,0.31498944759368896
stabilityai_stable-diffusion-3-medium-diffusers,60214770,-0.8039754629135132
stabilityai_stable-diffusion-3-medium-diffusers,60215376,-1.9418249130249023
stabilityai_stable-diffusion-3-medium-diffusers,60375309,-1.953199028968811
stabilityai_stable-diffusion-3-medium-diffusers,60606896,-0.012793166562914848
stabilityai_stable-diffusion-3-medium-diffusers,60668084,-0.07806886732578278
stabilityai_stable-diffusion-3-medium-diffusers,61035709,-2.2186365127563477
stabilityai_stable-diffusion-3-medium-diffusers,61388266,-2.266193389892578
stabilityai_stable-diffusion-3-medium-diffusers,61627313,0.065164715051651
stabilityai_stable-diffusion-3-medium-diffusers,61635816,0.772098183631897
stabilityai_stable-diffusion-3-medium-diffusers,61853324,1.27793288230896
stabilityai_stable-diffusion-3-medium-diffusers,62408818,0.12523184716701508
stabilityai_stable-diffusion-3-medium-diffusers,62841330,-0.9218034148216248
stabilityai_stable-diffusion-3-medium-diffusers,63015570,0.29784509539604187
stabilityai_stable-diffusion-3-medium-diffusers,63336441,0.30481815338134766
stabilityai_stable-diffusion-3-medium-diffusers,63633117,-2.0735936164855957
stabilityai_stable-diffusion-3-medium-diffusers,64576544,-1.9066154956817627
stabilityai_stable-diffusion-3-medium-diffusers,64687077,-1.1832636594772339
stabilityai_stable-diffusion-3-medium-diffusers,64693533,1.515331506729126
stabilityai_stable-diffusion-3-medium-diffusers,64856142,1.2759672403335571
stabilityai_stable-diffusion-3-medium-diffusers,65411270,-1.5958495140075684
stabilityai_stable-diffusion-3-medium-diffusers,65557844,-0.4618809223175049
stabilityai_stable-diffusion-3-medium-diffusers,65824677,0.24247325956821442
stabilityai_stable-diffusion-3-medium-diffusers,65890875,-1.4054921865463257
stabilityai_stable-diffusion-3-medium-diffusers,65960228,-1.2286297082901
stabilityai_stable-diffusion-3-medium-diffusers,66668538,0.6859846115112305
stabilityai_stable-diffusion-3-medium-diffusers,67344811,0.3684328496456146
stabilityai_stable-diffusion-3-medium-diffusers,67949798,0.26451659202575684
stabilityai_stable-diffusion-3-medium-diffusers,68246844,-2.1905322074890137
stabilityai_stable-diffusion-3-medium-diffusers,68280322,-2.2686266899108887
stabilityai_stable-diffusion-3-medium-diffusers,68321683,-0.825448751449585
stabilityai_stable-diffusion-3-medium-diffusers,68380669,-1.9800258874893188
stabilityai_stable-diffusion-3-medium-diffusers,68575085,1.1343101263046265
stabilityai_stable-diffusion-3-medium-diffusers,70380966,-0.004149684216827154
stabilityai_stable-diffusion-3-medium-diffusers,70494671,-2.1229419708251953
stabilityai_stable-diffusion-3-medium-diffusers,71055464,-2.2475719451904297
stabilityai_stable-diffusion-3-medium-diffusers,71591839,-2.2764699459075928
stabilityai_stable-diffusion-3-medium-diffusers,71828875,-0.8633217215538025
stabilityai_stable-diffusion-3-medium-diffusers,71910823,0.7134165167808533
stabilityai_stable-diffusion-3-medium-diffusers,71959499,0.6152356863021851
stabilityai_stable-diffusion-3-medium-diffusers,72432241,1.0586979389190674
stabilityai_stable-diffusion-3-medium-diffusers,72553814,-0.39586111903190613
stabilityai_stable-diffusion-3-medium-diffusers,73051579,1.1280053853988647
stabilityai_stable-diffusion-3-medium-diffusers,73600586,-1.0600961446762085
stabilityai_stable-diffusion-3-medium-diffusers,73616417,0.276608943939209
stabilityai_stable-diffusion-3-medium-diffusers,73681289,0.8046666979789734
stabilityai_stable-diffusion-3-medium-diffusers,73962724,-0.7717391848564148
stabilityai_stable-diffusion-3-medium-diffusers,74175857,-0.7440711855888367
stabilityai_stable-diffusion-3-medium-diffusers,75051801,-2.2328133583068848
stabilityai_stable-diffusion-3-medium-diffusers,75787772,-1.8022080659866333
stabilityai_stable-diffusion-3-medium-diffusers,75944980,-2.1579067707061768
stabilityai_stable-diffusion-3-medium-diffusers,75964288,-0.4212462604045868
stabilityai_stable-diffusion-3-medium-diffusers,76066166,0.160664901137352
stabilityai_stable-diffusion-3-medium-diffusers,76100398,-1.6173866987228394
stabilityai_stable-diffusion-3-medium-diffusers,76425345,-2.271939277648926
stabilityai_stable-diffusion-3-medium-diffusers,77106105,0.507097065448761
stabilityai_stable-diffusion-3-medium-diffusers,77132310,-0.011561088263988495
stabilityai_stable-diffusion-3-medium-diffusers,77232534,-2.2639498710632324
stabilityai_stable-diffusion-3-medium-diffusers,77312726,-2.2686898708343506
stabilityai_stable-diffusion-3-medium-diffusers,77358840,-0.21161778271198273
stabilityai_stable-diffusion-3-medium-diffusers,77490593,-2.0284268856048584
stabilityai_stable-diffusion-3-medium-diffusers,77726888,-0.6194136738777161
stabilityai_stable-diffusion-3-medium-diffusers,78735978,-1.4963866472244263
stabilityai_stable-diffusion-3-medium-diffusers,79077085,-2.2552661895751953
stabilityai_stable-diffusion-3-medium-diffusers,79212243,-2.249595880508423
stabilityai_stable-diffusion-3-medium-diffusers,79606917,-2.20818829536438
stabilityai_stable-diffusion-3-medium-diffusers,79918827,0.15683354437351227
stabilityai_stable-diffusion-3-medium-diffusers,80289373,-0.40980765223503113
stabilityai_stable-diffusion-3-medium-diffusers,80371125,0.8669921159744263
stabilityai_stable-diffusion-3-medium-diffusers,80540387,-1.6715912818908691
stabilityai_stable-diffusion-3-medium-diffusers,81135077,-0.8450776934623718
stabilityai_stable-diffusion-3-medium-diffusers,81303945,-2.1628565788269043
stabilityai_stable-diffusion-3-medium-diffusers,81435593,0.18620724976062775
stabilityai_stable-diffusion-3-medium-diffusers,82282590,0.7255770564079285
stabilityai_stable-diffusion-3-medium-diffusers,82696415,-0.028513126075267792
stabilityai_stable-diffusion-3-medium-diffusers,82916016,-2.2781102657318115
stabilityai_stable-diffusion-3-medium-diffusers,83084473,1.603253960609436
stabilityai_stable-diffusion-3-medium-diffusers,83418847,1.3261851072311401
stabilityai_stable-diffusion-3-medium-diffusers,84089324,-2.277263641357422
stabilityai_stable-diffusion-3-medium-diffusers,84306831,-2.193209171295166
stabilityai_stable-diffusion-3-medium-diffusers,84510135,-0.6699877381324768
stabilityai_stable-diffusion-3-medium-diffusers,84788890,0.6695460081100464
stabilityai_stable-diffusion-3-medium-diffusers,84985982,0.46007040143013
stabilityai_stable-diffusion-3-medium-diffusers,85191733,-2.2756216526031494
stabilityai_stable-diffusion-3-medium-diffusers,86119145,-0.8448701500892639
stabilityai_stable-diffusion-3-medium-diffusers,86340862,-1.5187684297561646
stabilityai_stable-diffusion-3-medium-diffusers,86341828,-0.16317738592624664
stabilityai_stable-diffusion-3-medium-diffusers,86537356,-0.5184508562088013
stabilityai_stable-diffusion-3-medium-diffusers,86701636,1.4371275901794434
stabilityai_stable-diffusion-3-medium-diffusers,86714939,-0.4615243375301361
stabilityai_stable-diffusion-3-medium-diffusers,87574583,0.8512659072875977
stabilityai_stable-diffusion-3-medium-diffusers,87699711,-0.499189168214798
stabilityai_stable-diffusion-3-medium-diffusers,88016571,1.513006329536438
stabilityai_stable-diffusion-3-medium-diffusers,88087492,-0.5972180366516113
stabilityai_stable-diffusion-3-medium-diffusers,89227603,-0.0003963012422900647
stabilityai_stable-diffusion-3-medium-diffusers,89539854,-2.2789783477783203
stabilityai_stable-diffusion-3-medium-diffusers,89926787,1.7102808952331543
stabilityai_stable-diffusion-3-medium-diffusers,90244932,-1.484464406967163
stabilityai_stable-diffusion-3-medium-diffusers,90493027,-0.3685595393180847
stabilityai_stable-diffusion-3-medium-diffusers,90613035,-1.7093112468719482
stabilityai_stable-diffusion-3-medium-diffusers,91368797,0.23503366112709045
stabilityai_stable-diffusion-3-medium-diffusers,91784299,1.1461782455444336
stabilityai_stable-diffusion-3-medium-diffusers,91790573,0.054777421057224274
stabilityai_stable-diffusion-3-medium-diffusers,91834546,-2.263381242752075
stabilityai_stable-diffusion-3-medium-diffusers,92068094,-0.9489483833312988
stabilityai_stable-diffusion-3-medium-diffusers,92311656,1.1080328226089478
stabilityai_stable-diffusion-3-medium-diffusers,92709444,0.31841766834259033
stabilityai_stable-diffusion-3-medium-diffusers,93114575,-0.45538440346717834
stabilityai_stable-diffusion-3-medium-diffusers,93256557,0.30432602763175964
stabilityai_stable-diffusion-3-medium-diffusers,93407716,-2.2752108573913574
stabilityai_stable-diffusion-3-medium-diffusers,93436296,-0.2129480540752411
stabilityai_stable-diffusion-3-medium-diffusers,93512057,-2.0318801403045654
stabilityai_stable-diffusion-3-medium-diffusers,94006560,-1.7943202257156372
stabilityai_stable-diffusion-3-medium-diffusers,94321535,-0.7607681155204773
stabilityai_stable-diffusion-3-medium-diffusers,94532154,-0.7725639939308167
stabilityai_stable-diffusion-3-medium-diffusers,95171107,-2.187943696975708
stabilityai_stable-diffusion-3-medium-diffusers,95228839,-0.5043336153030396
stabilityai_stable-diffusion-3-medium-diffusers,95325441,-1.6823824644088745
stabilityai_stable-diffusion-3-medium-diffusers,95450946,-0.4352114498615265
stabilityai_stable-diffusion-3-medium-diffusers,95583911,1.3379595279693604
stabilityai_stable-diffusion-3-medium-diffusers,95718306,0.44548094272613525
stabilityai_stable-diffusion-3-medium-diffusers,95737828,-1.2152044773101807
stabilityai_stable-diffusion-3-medium-diffusers,96448597,0.5032788515090942
stabilityai_stable-diffusion-3-medium-diffusers,96482065,-1.7422747611999512
stabilityai_stable-diffusion-3-medium-diffusers,96521920,0.9442274570465088
stabilityai_stable-diffusion-3-medium-diffusers,96850153,1.5710835456848145
stabilityai_stable-diffusion-3-medium-diffusers,98113191,-0.3169589638710022
stabilityai_stable-diffusion-3-medium-diffusers,98195317,0.8763532042503357
stabilityai_stable-diffusion-3-medium-diffusers,98254655,0.9884129762649536
stabilityai_stable-diffusion-3-medium-diffusers,98319500,-1.8307875394821167
stabilityai_stable-diffusion-3-medium-diffusers,98642787,-2.2025864124298096
stabilityai_stable-diffusion-3-medium-diffusers,98646702,-2.276679754257202
stabilityai_stable-diffusion-3-medium-diffusers,98929226,-2.217123031616211
stabilityai_stable-diffusion-3-medium-diffusers,99178779,1.1787792444229126
stabilityai_stable-diffusion-3-medium-diffusers,99185892,-1.4879167079925537
stabilityai_stable-diffusion-3-medium-diffusers,99211012,-1.9065757989883423
stabilityai_stable-diffusion-3-medium-diffusers,99410560,1.2264968156814575
stabilityai_stable-diffusion-3-medium-diffusers,99862294,1.6514467000961304
stabilityai_stable-diffusion-xl-base-1.0,138508,-1.6973925828933716
stabilityai_stable-diffusion-xl-base-1.0,192051,-0.5792789459228516
stabilityai_stable-diffusion-xl-base-1.0,213186,0.6978836059570312
stabilityai_stable-diffusion-xl-base-1.0,232386,-0.8655898571014404
stabilityai_stable-diffusion-xl-base-1.0,232765,1.0936799049377441
stabilityai_stable-diffusion-xl-base-1.0,258857,0.31281206011772156
stabilityai_stable-diffusion-xl-base-1.0,283090,0.2936316430568695
stabilityai_stable-diffusion-xl-base-1.0,285141,-0.908972442150116
stabilityai_stable-diffusion-xl-base-1.0,399030,-0.2573769688606262
stabilityai_stable-diffusion-xl-base-1.0,440189,-0.100936159491539
stabilityai_stable-diffusion-xl-base-1.0,445169,-0.895207405090332
stabilityai_stable-diffusion-xl-base-1.0,486490,-0.8798405528068542
stabilityai_stable-diffusion-xl-base-1.0,487072,-1.063170313835144
stabilityai_stable-diffusion-xl-base-1.0,487326,-1.3050391674041748
stabilityai_stable-diffusion-xl-base-1.0,489837,-0.9026651382446289
stabilityai_stable-diffusion-xl-base-1.0,646833,0.4168664515018463
stabilityai_stable-diffusion-xl-base-1.0,708860,-2.254803419113159
stabilityai_stable-diffusion-xl-base-1.0,717208,1.174655795097351
stabilityai_stable-diffusion-xl-base-1.0,717468,1.5713188648223877
stabilityai_stable-diffusion-xl-base-1.0,735254,-2.2217061519622803
stabilityai_stable-diffusion-xl-base-1.0,762478,-0.25834640860557556
stabilityai_stable-diffusion-xl-base-1.0,825443,0.5057721734046936
stabilityai_stable-diffusion-xl-base-1.0,831919,-0.476068913936615
stabilityai_stable-diffusion-xl-base-1.0,896677,-1.0335886478424072
stabilityai_stable-diffusion-xl-base-1.0,936620,-0.39565759897232056
stabilityai_stable-diffusion-xl-base-1.0,974367,-0.0907069593667984
stabilityai_stable-diffusion-xl-base-1.0,993014,0.30568668246269226
stabilityai_stable-diffusion-xl-base-1.0,995855,-0.5714962482452393
stabilityai_stable-diffusion-xl-base-1.0,1113367,-0.2747766077518463
stabilityai_stable-diffusion-xl-base-1.0,1171644,1.116666555404663
stabilityai_stable-diffusion-xl-base-1.0,1209135,-0.9453972578048706
stabilityai_stable-diffusion-xl-base-1.0,1317294,0.7904211282730103
stabilityai_stable-diffusion-xl-base-1.0,1317533,-1.1800041198730469
stabilityai_stable-diffusion-xl-base-1.0,1321854,1.5930931568145752
stabilityai_stable-diffusion-xl-base-1.0,1377758,-1.9710328578948975
stabilityai_stable-diffusion-xl-base-1.0,1474832,-0.3295435309410095
stabilityai_stable-diffusion-xl-base-1.0,1516071,-1.3708456754684448
stabilityai_stable-diffusion-xl-base-1.0,1566705,-1.046321153640747
stabilityai_stable-diffusion-xl-base-1.0,1640855,0.4085696339607239
stabilityai_stable-diffusion-xl-base-1.0,1668603,-0.011136581189930439
stabilityai_stable-diffusion-xl-base-1.0,1678990,0.2292332798242569
stabilityai_stable-diffusion-xl-base-1.0,1699831,1.387756586074829
stabilityai_stable-diffusion-xl-base-1.0,1707698,0.8245804309844971
stabilityai_stable-diffusion-xl-base-1.0,1727942,-0.5947710871696472
stabilityai_stable-diffusion-xl-base-1.0,2045760,0.24220390617847443
stabilityai_stable-diffusion-xl-base-1.0,2075049,-1.2189737558364868
stabilityai_stable-diffusion-xl-base-1.0,2075764,-0.9756431579589844
stabilityai_stable-diffusion-xl-base-1.0,2241569,-0.48865947127342224
stabilityai_stable-diffusion-xl-base-1.0,2720725,-0.8869124054908752
stabilityai_stable-diffusion-xl-base-1.0,2721160,-1.193661093711853
stabilityai_stable-diffusion-xl-base-1.0,2730265,-0.5781337022781372
stabilityai_stable-diffusion-xl-base-1.0,2744395,-2.2652719020843506
stabilityai_stable-diffusion-xl-base-1.0,2770078,0.8231368064880371
stabilityai_stable-diffusion-xl-base-1.0,2793684,-2.1465132236480713
stabilityai_stable-diffusion-xl-base-1.0,2803666,0.7601173520088196
stabilityai_stable-diffusion-xl-base-1.0,2807731,0.27338969707489014
stabilityai_stable-diffusion-xl-base-1.0,2821943,0.7491453289985657
stabilityai_stable-diffusion-xl-base-1.0,2824319,0.2693302631378174
stabilityai_stable-diffusion-xl-base-1.0,2825442,1.1013301610946655
stabilityai_stable-diffusion-xl-base-1.0,2852043,0.1931815892457962
stabilityai_stable-diffusion-xl-base-1.0,2870293,0.15524505078792572
stabilityai_stable-diffusion-xl-base-1.0,2870880,0.5945640802383423
stabilityai_stable-diffusion-xl-base-1.0,2923535,-0.7225434184074402
stabilityai_stable-diffusion-xl-base-1.0,2933112,0.9020828008651733
stabilityai_stable-diffusion-xl-base-1.0,2963987,-0.27531754970550537
stabilityai_stable-diffusion-xl-base-1.0,2991302,0.517964243888855
stabilityai_stable-diffusion-xl-base-1.0,3024209,-1.1096440553665161
stabilityai_stable-diffusion-xl-base-1.0,3035832,-0.13891640305519104
stabilityai_stable-diffusion-xl-base-1.0,3049457,1.0192158222198486
stabilityai_stable-diffusion-xl-base-1.0,3107488,-1.5283595323562622
stabilityai_stable-diffusion-xl-base-1.0,3131388,-1.1516567468643188
stabilityai_stable-diffusion-xl-base-1.0,3131669,-0.4957055151462555
stabilityai_stable-diffusion-xl-base-1.0,3152830,-0.5369402170181274
stabilityai_stable-diffusion-xl-base-1.0,3249569,-0.07316792756319046
stabilityai_stable-diffusion-xl-base-1.0,3262349,0.3317902684211731
stabilityai_stable-diffusion-xl-base-1.0,3288500,-0.025061864405870438
stabilityai_stable-diffusion-xl-base-1.0,3298716,1.4208956956863403
stabilityai_stable-diffusion-xl-base-1.0,3308246,1.11339271068573
stabilityai_stable-diffusion-xl-base-1.0,3309110,-0.8569638133049011
stabilityai_stable-diffusion-xl-base-1.0,3347220,-0.15795746445655823
stabilityai_stable-diffusion-xl-base-1.0,3353281,-0.2919841408729553
stabilityai_stable-diffusion-xl-base-1.0,3366112,-1.333547592163086
stabilityai_stable-diffusion-xl-base-1.0,3411927,0.025024501606822014
stabilityai_stable-diffusion-xl-base-1.0,3456665,-0.3516146242618561
stabilityai_stable-diffusion-xl-base-1.0,3563208,-0.7950949668884277
stabilityai_stable-diffusion-xl-base-1.0,3580281,-0.547126829624176
stabilityai_stable-diffusion-xl-base-1.0,3603442,0.6011191606521606
stabilityai_stable-diffusion-xl-base-1.0,3607029,1.7540981769561768
stabilityai_stable-diffusion-xl-base-1.0,3628071,1.5059657096862793
stabilityai_stable-diffusion-xl-base-1.0,3630383,0.7739771008491516
stabilityai_stable-diffusion-xl-base-1.0,3676483,0.18033894896507263
stabilityai_stable-diffusion-xl-base-1.0,3679712,0.5122108459472656
stabilityai_stable-diffusion-xl-base-1.0,3685307,-0.4802578091621399
stabilityai_stable-diffusion-xl-base-1.0,3703463,-2.1671202182769775
stabilityai_stable-diffusion-xl-base-1.0,3714235,-0.21803294122219086
stabilityai_stable-diffusion-xl-base-1.0,3728318,-0.14382317662239075
stabilityai_stable-diffusion-xl-base-1.0,3748162,0.5161750912666321
stabilityai_stable-diffusion-xl-base-1.0,3764276,1.2188403606414795
stabilityai_stable-diffusion-xl-base-1.0,3818090,-0.07277931272983551
stabilityai_stable-diffusion-xl-base-1.0,3842156,0.5079176425933838
stabilityai_stable-diffusion-xl-base-1.0,3880032,-0.5552703142166138
stabilityai_stable-diffusion-xl-base-1.0,3889343,-1.1480625867843628
stabilityai_stable-diffusion-xl-base-1.0,3907654,-0.09311968088150024
stabilityai_stable-diffusion-xl-base-1.0,3940713,-0.255062460899353
stabilityai_stable-diffusion-xl-base-1.0,3975232,-0.9593391418457031
stabilityai_stable-diffusion-xl-base-1.0,3982060,-0.1753644198179245
stabilityai_stable-diffusion-xl-base-1.0,3990474,1.181044578552246
stabilityai_stable-diffusion-xl-base-1.0,4010305,-1.0319546461105347
stabilityai_stable-diffusion-xl-base-1.0,4025130,0.07517474889755249
stabilityai_stable-diffusion-xl-base-1.0,4062807,1.3127225637435913
stabilityai_stable-diffusion-xl-base-1.0,4123448,-0.36568766832351685
stabilityai_stable-diffusion-xl-base-1.0,4125853,0.16914953291416168
stabilityai_stable-diffusion-xl-base-1.0,4140340,1.3757532835006714
stabilityai_stable-diffusion-xl-base-1.0,4145056,-0.4677346646785736
stabilityai_stable-diffusion-xl-base-1.0,4192521,-2.0715272426605225
stabilityai_stable-diffusion-xl-base-1.0,4259202,-1.963382363319397
stabilityai_stable-diffusion-xl-base-1.0,4285773,-0.43598321080207825
stabilityai_stable-diffusion-xl-base-1.0,4345028,0.9675926566123962
stabilityai_stable-diffusion-xl-base-1.0,4387201,1.6693875789642334
stabilityai_stable-diffusion-xl-base-1.0,4416901,-0.20512767136096954
stabilityai_stable-diffusion-xl-base-1.0,4455579,-0.6974959373474121
stabilityai_stable-diffusion-xl-base-1.0,4497570,-0.7653848528862
stabilityai_stable-diffusion-xl-base-1.0,4534520,0.2160467803478241
stabilityai_stable-diffusion-xl-base-1.0,4539203,1.2209264039993286
stabilityai_stable-diffusion-xl-base-1.0,4552551,0.8968511819839478
stabilityai_stable-diffusion-xl-base-1.0,4596797,-2.2078421115875244
stabilityai_stable-diffusion-xl-base-1.0,4832208,-1.7689905166625977
stabilityai_stable-diffusion-xl-base-1.0,4930139,1.2699494361877441
stabilityai_stable-diffusion-xl-base-1.0,5008085,-0.41964760422706604
stabilityai_stable-diffusion-xl-base-1.0,5219923,-2.182530164718628
stabilityai_stable-diffusion-xl-base-1.0,5316083,-0.8125444054603577
stabilityai_stable-diffusion-xl-base-1.0,5350912,-1.6795125007629395
stabilityai_stable-diffusion-xl-base-1.0,5374860,0.34445929527282715
stabilityai_stable-diffusion-xl-base-1.0,5410315,-0.45172062516212463
stabilityai_stable-diffusion-xl-base-1.0,5522784,-0.9241823554039001
stabilityai_stable-diffusion-xl-base-1.0,5728577,-0.9682309627532959
stabilityai_stable-diffusion-xl-base-1.0,5752544,-0.32432281970977783
stabilityai_stable-diffusion-xl-base-1.0,5794797,0.19504845142364502
stabilityai_stable-diffusion-xl-base-1.0,5895919,0.5983548164367676
stabilityai_stable-diffusion-xl-base-1.0,5958517,0.10717668384313583
stabilityai_stable-diffusion-xl-base-1.0,6189776,0.09068477153778076
stabilityai_stable-diffusion-xl-base-1.0,6528587,-0.004297983832657337
stabilityai_stable-diffusion-xl-base-1.0,6584891,-0.8059773445129395
stabilityai_stable-diffusion-xl-base-1.0,6586355,-1.0926917791366577
stabilityai_stable-diffusion-xl-base-1.0,6607809,-0.46967387199401855
stabilityai_stable-diffusion-xl-base-1.0,6615026,-1.040351152420044
stabilityai_stable-diffusion-xl-base-1.0,6615458,-0.62203449010849
stabilityai_stable-diffusion-xl-base-1.0,6615818,0.7307305932044983
stabilityai_stable-diffusion-xl-base-1.0,6616314,-1.5127664804458618
stabilityai_stable-diffusion-xl-base-1.0,6617011,-0.052124083042144775
stabilityai_stable-diffusion-xl-base-1.0,6617413,-2.25002121925354
stabilityai_stable-diffusion-xl-base-1.0,6729499,-1.1469510793685913
stabilityai_stable-diffusion-xl-base-1.0,6880664,-0.026556724682450294
stabilityai_stable-diffusion-xl-base-1.0,6883725,1.4186829328536987
stabilityai_stable-diffusion-xl-base-1.0,6946774,-2.176021099090576
stabilityai_stable-diffusion-xl-base-1.0,7025268,0.9571824073791504
stabilityai_stable-diffusion-xl-base-1.0,7109847,-0.1117672398686409
stabilityai_stable-diffusion-xl-base-1.0,7116261,1.2582446336746216
stabilityai_stable-diffusion-xl-base-1.0,7150023,1.6288433074951172
stabilityai_stable-diffusion-xl-base-1.0,7163803,-0.4534324109554291
stabilityai_stable-diffusion-xl-base-1.0,7507098,0.08018863201141357
stabilityai_stable-diffusion-xl-base-1.0,7596684,-0.8366881012916565
stabilityai_stable-diffusion-xl-base-1.0,7597365,0.3924916088581085
stabilityai_stable-diffusion-xl-base-1.0,7601809,-0.03725355491042137
stabilityai_stable-diffusion-xl-base-1.0,7605282,-1.895598292350769
stabilityai_stable-diffusion-xl-base-1.0,7606419,-1.3757970333099365
stabilityai_stable-diffusion-xl-base-1.0,7607707,0.33653342723846436
stabilityai_stable-diffusion-xl-base-1.0,7608721,0.19104869663715363
stabilityai_stable-diffusion-xl-base-1.0,7625977,0.9344707727432251
stabilityai_stable-diffusion-xl-base-1.0,7626721,0.572472333908081
stabilityai_stable-diffusion-xl-base-1.0,7626833,1.0408909320831299
stabilityai_stable-diffusion-xl-base-1.0,7627310,1.2684144973754883
stabilityai_stable-diffusion-xl-base-1.0,7651454,0.5885518193244934
stabilityai_stable-diffusion-xl-base-1.0,7654438,0.5630766749382019
stabilityai_stable-diffusion-xl-base-1.0,7664468,-0.5508260130882263
stabilityai_stable-diffusion-xl-base-1.0,7698915,-0.06071150675415993
stabilityai_stable-diffusion-xl-base-1.0,7700167,1.1448734998703003
stabilityai_stable-diffusion-xl-base-1.0,7700868,0.08732372522354126
stabilityai_stable-diffusion-xl-base-1.0,7701244,0.7813532948493958
stabilityai_stable-diffusion-xl-base-1.0,7702193,0.6437734961509705
stabilityai_stable-diffusion-xl-base-1.0,7710616,0.5910056233406067
stabilityai_stable-diffusion-xl-base-1.0,7834065,-1.3405206203460693
stabilityai_stable-diffusion-xl-base-1.0,7854266,0.14022545516490936
stabilityai_stable-diffusion-xl-base-1.0,7854455,0.517186164855957
stabilityai_stable-diffusion-xl-base-1.0,7871940,0.9658151865005493
stabilityai_stable-diffusion-xl-base-1.0,7891189,1.4387741088867188
stabilityai_stable-diffusion-xl-base-1.0,7897116,-1.168237328529358
stabilityai_stable-diffusion-xl-base-1.0,7914271,1.2746784687042236
stabilityai_stable-diffusion-xl-base-1.0,7922764,0.05969318747520447
stabilityai_stable-diffusion-xl-base-1.0,7929519,-0.7182344794273376
stabilityai_stable-diffusion-xl-base-1.0,7933274,-1.6998261213302612
stabilityai_stable-diffusion-xl-base-1.0,7933530,1.3037477731704712
stabilityai_stable-diffusion-xl-base-1.0,8089797,0.32847297191619873
stabilityai_stable-diffusion-xl-base-1.0,8095160,0.49802637100219727
stabilityai_stable-diffusion-xl-base-1.0,8124208,-2.2071783542633057
stabilityai_stable-diffusion-xl-base-1.0,8339939,0.9787605404853821
stabilityai_stable-diffusion-xl-base-1.0,8876291,-0.031086675822734833
stabilityai_stable-diffusion-xl-base-1.0,9020389,1.6253063678741455
stabilityai_stable-diffusion-xl-base-1.0,9044146,-1.0798556804656982
stabilityai_stable-diffusion-xl-base-1.0,9057052,-2.2508645057678223
stabilityai_stable-diffusion-xl-base-1.0,9427682,-0.7070183157920837
stabilityai_stable-diffusion-xl-base-1.0,9580065,1.2020819187164307
stabilityai_stable-diffusion-xl-base-1.0,9719434,0.3786539137363434
stabilityai_stable-diffusion-xl-base-1.0,9793248,0.8260630965232849
stabilityai_stable-diffusion-xl-base-1.0,9794211,0.9869583249092102
stabilityai_stable-diffusion-xl-base-1.0,9862621,0.7972907423973083
stabilityai_stable-diffusion-xl-base-1.0,9875188,-1.7489312887191772
stabilityai_stable-diffusion-xl-base-1.0,9984659,0.4107067584991455
stabilityai_stable-diffusion-xl-base-1.0,10012874,-1.110510230064392
stabilityai_stable-diffusion-xl-base-1.0,10024569,-0.86496502161026
stabilityai_stable-diffusion-xl-base-1.0,10080493,-1.2757261991500854
stabilityai_stable-diffusion-xl-base-1.0,10106452,-1.0277690887451172
stabilityai_stable-diffusion-xl-base-1.0,10198409,-0.8247684240341187
stabilityai_stable-diffusion-xl-base-1.0,10333317,-0.16123925149440765
stabilityai_stable-diffusion-xl-base-1.0,10408552,1.0949493646621704
stabilityai_stable-diffusion-xl-base-1.0,10444677,-1.3669935464859009
stabilityai_stable-diffusion-xl-base-1.0,10453357,1.2439966201782227
stabilityai_stable-diffusion-xl-base-1.0,10548623,0.19231370091438293
stabilityai_stable-diffusion-xl-base-1.0,10572128,-1.299882411956787
stabilityai_stable-diffusion-xl-base-1.0,10794014,1.8170777559280396
stabilityai_stable-diffusion-xl-base-1.0,10939743,0.3064406216144562
stabilityai_stable-diffusion-xl-base-1.0,11039909,-0.7873780131340027
stabilityai_stable-diffusion-xl-base-1.0,11334088,0.014409231953322887
stabilityai_stable-diffusion-xl-base-1.0,11417672,0.4413818120956421
stabilityai_stable-diffusion-xl-base-1.0,11437577,0.2898503243923187
stabilityai_stable-diffusion-xl-base-1.0,11460338,-0.7750002145767212
stabilityai_stable-diffusion-xl-base-1.0,12345739,-1.0853761434555054
stabilityai_stable-diffusion-xl-base-1.0,12402348,1.09535551071167
stabilityai_stable-diffusion-xl-base-1.0,13221529,0.09268727898597717
stabilityai_stable-diffusion-xl-base-1.0,13290566,-0.1745980829000473
stabilityai_stable-diffusion-xl-base-1.0,13389475,1.178931474685669
stabilityai_stable-diffusion-xl-base-1.0,13390139,1.446729302406311
stabilityai_stable-diffusion-xl-base-1.0,13390405,0.9020708203315735
stabilityai_stable-diffusion-xl-base-1.0,13392786,1.1990350484848022
stabilityai_stable-diffusion-xl-base-1.0,13649361,-2.251725435256958
stabilityai_stable-diffusion-xl-base-1.0,13716878,0.6868239641189575
stabilityai_stable-diffusion-xl-base-1.0,13884740,-0.04477395862340927
stabilityai_stable-diffusion-xl-base-1.0,13915305,0.5328521132469177
stabilityai_stable-diffusion-xl-base-1.0,13931145,-0.9405089020729065
stabilityai_stable-diffusion-xl-base-1.0,13984082,-1.0777816772460938
stabilityai_stable-diffusion-xl-base-1.0,14140678,-1.8695683479309082
stabilityai_stable-diffusion-xl-base-1.0,14195315,0.26623427867889404
stabilityai_stable-diffusion-xl-base-1.0,14294568,0.2789532542228699
stabilityai_stable-diffusion-xl-base-1.0,14320813,-0.10693304240703583
stabilityai_stable-diffusion-xl-base-1.0,14360436,0.05980301275849342
stabilityai_stable-diffusion-xl-base-1.0,14488317,0.8316372036933899
stabilityai_stable-diffusion-xl-base-1.0,14533937,-1.827878713607788
stabilityai_stable-diffusion-xl-base-1.0,14550987,-0.1702655553817749
stabilityai_stable-diffusion-xl-base-1.0,14579933,-1.1635662317276
stabilityai_stable-diffusion-xl-base-1.0,14606290,0.05163690447807312
stabilityai_stable-diffusion-xl-base-1.0,14620257,-1.5121722221374512
stabilityai_stable-diffusion-xl-base-1.0,14632648,-0.7272747755050659
stabilityai_stable-diffusion-xl-base-1.0,14647235,0.04856446385383606
stabilityai_stable-diffusion-xl-base-1.0,14654954,-0.030330268666148186
stabilityai_stable-diffusion-xl-base-1.0,14686352,-0.3254929482936859
stabilityai_stable-diffusion-xl-base-1.0,14702875,-1.3874311447143555
stabilityai_stable-diffusion-xl-base-1.0,14703190,1.1203960180282593
stabilityai_stable-diffusion-xl-base-1.0,14807929,0.0030079353600740433
stabilityai_stable-diffusion-xl-base-1.0,14809057,-0.17508375644683838
stabilityai_stable-diffusion-xl-base-1.0,14867690,-1.1517328023910522
stabilityai_stable-diffusion-xl-base-1.0,14872875,-0.9987636804580688
stabilityai_stable-diffusion-xl-base-1.0,14880557,-0.2792438566684723
stabilityai_stable-diffusion-xl-base-1.0,14894140,-0.3104543685913086
stabilityai_stable-diffusion-xl-base-1.0,15180934,-0.16420505940914154
stabilityai_stable-diffusion-xl-base-1.0,15970145,-2.2285056114196777
stabilityai_stable-diffusion-xl-base-1.0,17002912,0.2347985804080963
stabilityai_stable-diffusion-xl-base-1.0,17012379,-2.091273546218872
stabilityai_stable-diffusion-xl-base-1.0,17282800,-0.17577295005321503
stabilityai_stable-diffusion-xl-base-1.0,17925539,-2.233936071395874
stabilityai_stable-diffusion-xl-base-1.0,18367104,-0.6156675219535828
stabilityai_stable-diffusion-xl-base-1.0,18758723,-1.0118128061294556
stabilityai_stable-diffusion-xl-base-1.0,19143128,0.31995153427124023
stabilityai_stable-diffusion-xl-base-1.0,19671124,-2.194183588027954
stabilityai_stable-diffusion-xl-base-1.0,19855707,-2.268373727798462
stabilityai_stable-diffusion-xl-base-1.0,19893872,-1.2659790515899658
stabilityai_stable-diffusion-xl-base-1.0,20017667,-1.9511070251464844
stabilityai_stable-diffusion-xl-base-1.0,20128079,-2.2585880756378174
stabilityai_stable-diffusion-xl-base-1.0,20471134,-0.3734169900417328
stabilityai_stable-diffusion-xl-base-1.0,20495093,-2.2471632957458496
stabilityai_stable-diffusion-xl-base-1.0,20782430,-1.317083477973938
stabilityai_stable-diffusion-xl-base-1.0,21377549,-0.5981743931770325
stabilityai_stable-diffusion-xl-base-1.0,21564446,-0.6956622004508972
stabilityai_stable-diffusion-xl-base-1.0,21620388,-0.5812914371490479
stabilityai_stable-diffusion-xl-base-1.0,22149540,-2.2622601985931396
stabilityai_stable-diffusion-xl-base-1.0,22738759,-2.1814465522766113
stabilityai_stable-diffusion-xl-base-1.0,22767176,-0.9416332840919495
stabilityai_stable-diffusion-xl-base-1.0,23129661,-2.2587904930114746
stabilityai_stable-diffusion-xl-base-1.0,23185551,-0.29816174507141113
stabilityai_stable-diffusion-xl-base-1.0,23232427,-0.01767571084201336
stabilityai_stable-diffusion-xl-base-1.0,23257851,-0.8456689119338989
stabilityai_stable-diffusion-xl-base-1.0,23620789,-0.7946819067001343
stabilityai_stable-diffusion-xl-base-1.0,24808131,-0.26708659529685974
stabilityai_stable-diffusion-xl-base-1.0,24843217,-1.9883400201797485
stabilityai_stable-diffusion-xl-base-1.0,24933378,0.3628218173980713
stabilityai_stable-diffusion-xl-base-1.0,24942232,0.7058316469192505
stabilityai_stable-diffusion-xl-base-1.0,25290589,-0.7836233973503113
stabilityai_stable-diffusion-xl-base-1.0,25579216,-0.5521988272666931
stabilityai_stable-diffusion-xl-base-1.0,25685207,-2.194361686706543
stabilityai_stable-diffusion-xl-base-1.0,25776594,1.1019001007080078
stabilityai_stable-diffusion-xl-base-1.0,26078214,-1.185089349746704
stabilityai_stable-diffusion-xl-base-1.0,26746434,-1.0013357400894165
stabilityai_stable-diffusion-xl-base-1.0,26998039,-0.9439677000045776
stabilityai_stable-diffusion-xl-base-1.0,27106238,-1.1082723140716553
stabilityai_stable-diffusion-xl-base-1.0,27246777,-2.257864475250244
stabilityai_stable-diffusion-xl-base-1.0,27768637,-0.15117932856082916
stabilityai_stable-diffusion-xl-base-1.0,27871992,0.43302294611930847
stabilityai_stable-diffusion-xl-base-1.0,28190972,-1.4800341129302979
stabilityai_stable-diffusion-xl-base-1.0,29094321,-0.6856974363327026
stabilityai_stable-diffusion-xl-base-1.0,29148617,0.5472525358200073
stabilityai_stable-diffusion-xl-base-1.0,29161294,-0.7205593585968018
stabilityai_stable-diffusion-xl-base-1.0,29632917,-0.3835708200931549
stabilityai_stable-diffusion-xl-base-1.0,29703209,-1.3780380487442017
stabilityai_stable-diffusion-xl-base-1.0,29779486,-0.25667130947113037
stabilityai_stable-diffusion-xl-base-1.0,30028757,-0.8547190427780151
stabilityai_stable-diffusion-xl-base-1.0,30225071,0.3078240752220154
stabilityai_stable-diffusion-xl-base-1.0,30373565,-0.743854284286499
stabilityai_stable-diffusion-xl-base-1.0,30484086,-1.2759811878204346
stabilityai_stable-diffusion-xl-base-1.0,30883080,-0.4286547005176544
stabilityai_stable-diffusion-xl-base-1.0,31114750,-2.2796027660369873
stabilityai_stable-diffusion-xl-base-1.0,31196176,-1.6916013956069946
stabilityai_stable-diffusion-xl-base-1.0,31391857,-0.2182755023241043
stabilityai_stable-diffusion-xl-base-1.0,31595142,1.477532148361206
stabilityai_stable-diffusion-xl-base-1.0,32152786,-2.0818424224853516
stabilityai_stable-diffusion-xl-base-1.0,32327818,-1.4743765592575073
stabilityai_stable-diffusion-xl-base-1.0,32379732,0.6868836283683777
stabilityai_stable-diffusion-xl-base-1.0,32473966,-1.2232415676116943
stabilityai_stable-diffusion-xl-base-1.0,32902730,0.7286275029182434
stabilityai_stable-diffusion-xl-base-1.0,32932491,-2.071861743927002
stabilityai_stable-diffusion-xl-base-1.0,33006578,-0.9729787707328796
stabilityai_stable-diffusion-xl-base-1.0,33478721,0.051992107182741165
stabilityai_stable-diffusion-xl-base-1.0,34475997,-0.21896475553512573
stabilityai_stable-diffusion-xl-base-1.0,34578737,-2.269005537033081
stabilityai_stable-diffusion-xl-base-1.0,34773230,0.36712244153022766
stabilityai_stable-diffusion-xl-base-1.0,36507085,0.7056830525398254
stabilityai_stable-diffusion-xl-base-1.0,36678439,-0.3155829608440399
stabilityai_stable-diffusion-xl-base-1.0,37287360,0.014143304899334908
stabilityai_stable-diffusion-xl-base-1.0,37319253,1.2065762281417847
stabilityai_stable-diffusion-xl-base-1.0,37547870,0.2746587097644806
stabilityai_stable-diffusion-xl-base-1.0,37736408,0.34600433707237244
stabilityai_stable-diffusion-xl-base-1.0,38014258,0.5248810052871704
stabilityai_stable-diffusion-xl-base-1.0,38297191,-0.23277831077575684
stabilityai_stable-diffusion-xl-base-1.0,38402744,0.6428102254867554
stabilityai_stable-diffusion-xl-base-1.0,38954086,0.26562613248825073
stabilityai_stable-diffusion-xl-base-1.0,39139190,-2.27363920211792
stabilityai_stable-diffusion-xl-base-1.0,39560404,-1.0346742868423462
stabilityai_stable-diffusion-xl-base-1.0,39566065,1.1568920612335205
stabilityai_stable-diffusion-xl-base-1.0,39595218,-0.6595988273620605
stabilityai_stable-diffusion-xl-base-1.0,40825299,-0.23151089251041412
stabilityai_stable-diffusion-xl-base-1.0,40945115,-1.6118555068969727
stabilityai_stable-diffusion-xl-base-1.0,40995095,-0.47647321224212646
stabilityai_stable-diffusion-xl-base-1.0,41015844,-0.5354921817779541
stabilityai_stable-diffusion-xl-base-1.0,41031648,-0.5605025887489319
stabilityai_stable-diffusion-xl-base-1.0,41161074,-0.2326202094554901
stabilityai_stable-diffusion-xl-base-1.0,41458919,0.8869868516921997
stabilityai_stable-diffusion-xl-base-1.0,41565779,0.8192709684371948
stabilityai_stable-diffusion-xl-base-1.0,41766391,1.0863101482391357
stabilityai_stable-diffusion-xl-base-1.0,41982710,-0.7704854607582092
stabilityai_stable-diffusion-xl-base-1.0,42048260,-2.1842334270477295
stabilityai_stable-diffusion-xl-base-1.0,42849420,-2.2651517391204834
stabilityai_stable-diffusion-xl-base-1.0,42931583,0.6600978970527649
stabilityai_stable-diffusion-xl-base-1.0,43060946,-0.13723333179950714
stabilityai_stable-diffusion-xl-base-1.0,43153800,-1.2920711040496826
stabilityai_stable-diffusion-xl-base-1.0,43161384,-0.5137038230895996
stabilityai_stable-diffusion-xl-base-1.0,43301379,-0.894219160079956
stabilityai_stable-diffusion-xl-base-1.0,43304323,1.3278446197509766
stabilityai_stable-diffusion-xl-base-1.0,43367797,-1.0583611726760864
stabilityai_stable-diffusion-xl-base-1.0,43431032,0.250710129737854
stabilityai_stable-diffusion-xl-base-1.0,43631801,0.23922944068908691
stabilityai_stable-diffusion-xl-base-1.0,43735560,-0.4321204423904419
stabilityai_stable-diffusion-xl-base-1.0,43858443,0.48884889483451843
stabilityai_stable-diffusion-xl-base-1.0,43918624,-0.9547465443611145
stabilityai_stable-diffusion-xl-base-1.0,44280552,-2.216308832168579
stabilityai_stable-diffusion-xl-base-1.0,44295589,-1.029646873474121
stabilityai_stable-diffusion-xl-base-1.0,44621915,-1.124154806137085
stabilityai_stable-diffusion-xl-base-1.0,44645737,0.3217386305332184
stabilityai_stable-diffusion-xl-base-1.0,44838123,-1.1698994636535645
stabilityai_stable-diffusion-xl-base-1.0,45258070,0.5857236385345459
stabilityai_stable-diffusion-xl-base-1.0,45297641,0.09188798069953918
stabilityai_stable-diffusion-xl-base-1.0,45418454,-0.17601536214351654
stabilityai_stable-diffusion-xl-base-1.0,45564900,-2.271475076675415
stabilityai_stable-diffusion-xl-base-1.0,46150029,-1.0697823762893677
stabilityai_stable-diffusion-xl-base-1.0,46394736,-0.6458665728569031
stabilityai_stable-diffusion-xl-base-1.0,46673664,0.16195225715637207
stabilityai_stable-diffusion-xl-base-1.0,46994920,-2.2021796703338623
stabilityai_stable-diffusion-xl-base-1.0,47009060,-2.0022592544555664
stabilityai_stable-diffusion-xl-base-1.0,47552953,0.520969808101654
stabilityai_stable-diffusion-xl-base-1.0,47595220,0.5362339615821838
stabilityai_stable-diffusion-xl-base-1.0,47819321,0.36370375752449036
stabilityai_stable-diffusion-xl-base-1.0,48223384,0.3800230324268341
stabilityai_stable-diffusion-xl-base-1.0,48351897,-1.1897779703140259
stabilityai_stable-diffusion-xl-base-1.0,48754831,-2.0904664993286133
stabilityai_stable-diffusion-xl-base-1.0,49054805,0.20420493185520172
stabilityai_stable-diffusion-xl-base-1.0,49089576,-1.9960647821426392
stabilityai_stable-diffusion-xl-base-1.0,49300740,-0.6954867839813232
stabilityai_stable-diffusion-xl-base-1.0,49358811,-0.28308942914009094
stabilityai_stable-diffusion-xl-base-1.0,49462954,-1.365973949432373
stabilityai_stable-diffusion-xl-base-1.0,50262859,1.1235759258270264
stabilityai_stable-diffusion-xl-base-1.0,50871471,0.6327954530715942
stabilityai_stable-diffusion-xl-base-1.0,50952217,0.561119794845581
stabilityai_stable-diffusion-xl-base-1.0,51060824,-1.2476983070373535
stabilityai_stable-diffusion-xl-base-1.0,51314050,-0.371162086725235
stabilityai_stable-diffusion-xl-base-1.0,51946990,0.0739099383354187
stabilityai_stable-diffusion-xl-base-1.0,52325745,-2.0078272819519043
stabilityai_stable-diffusion-xl-base-1.0,52474100,0.6942570209503174
stabilityai_stable-diffusion-xl-base-1.0,52516409,-0.4106166958808899
stabilityai_stable-diffusion-xl-base-1.0,52711595,0.059800922870635986
stabilityai_stable-diffusion-xl-base-1.0,53022028,-1.676167607307434
stabilityai_stable-diffusion-xl-base-1.0,53205877,-2.2569453716278076
stabilityai_stable-diffusion-xl-base-1.0,53288018,-2.0989205837249756
stabilityai_stable-diffusion-xl-base-1.0,53443611,1.4785891771316528
stabilityai_stable-diffusion-xl-base-1.0,53815934,0.8557702302932739
stabilityai_stable-diffusion-xl-base-1.0,54495173,0.3894920349121094
stabilityai_stable-diffusion-xl-base-1.0,54931507,-0.8025975227355957
stabilityai_stable-diffusion-xl-base-1.0,55191509,-0.053952690213918686
stabilityai_stable-diffusion-xl-base-1.0,55255145,-1.2020751237869263
stabilityai_stable-diffusion-xl-base-1.0,55457672,0.22984087467193604
stabilityai_stable-diffusion-xl-base-1.0,55588327,-1.3150503635406494
stabilityai_stable-diffusion-xl-base-1.0,55653646,-0.0652138739824295
stabilityai_stable-diffusion-xl-base-1.0,55658809,-1.0347775220870972
stabilityai_stable-diffusion-xl-base-1.0,55812974,-1.4915910959243774
stabilityai_stable-diffusion-xl-base-1.0,55819553,-0.274679958820343
stabilityai_stable-diffusion-xl-base-1.0,55826966,-0.7456495761871338
stabilityai_stable-diffusion-xl-base-1.0,55983905,-0.49562007188796997
stabilityai_stable-diffusion-xl-base-1.0,56074056,-0.003005613572895527
stabilityai_stable-diffusion-xl-base-1.0,56112588,-0.8706306219100952
stabilityai_stable-diffusion-xl-base-1.0,56121520,-0.23961608111858368
stabilityai_stable-diffusion-xl-base-1.0,56250900,-2.1796765327453613
stabilityai_stable-diffusion-xl-base-1.0,56458800,-0.721021294593811
stabilityai_stable-diffusion-xl-base-1.0,56792430,0.08075304329395294
stabilityai_stable-diffusion-xl-base-1.0,56982260,-1.4891515970230103
stabilityai_stable-diffusion-xl-base-1.0,57673976,-1.4356184005737305
stabilityai_stable-diffusion-xl-base-1.0,57716963,-0.36585181951522827
stabilityai_stable-diffusion-xl-base-1.0,57729980,-2.2163448333740234
stabilityai_stable-diffusion-xl-base-1.0,57785005,0.342105895280838
stabilityai_stable-diffusion-xl-base-1.0,57873614,-0.2868798077106476
stabilityai_stable-diffusion-xl-base-1.0,58727024,-1.7513997554779053
stabilityai_stable-diffusion-xl-base-1.0,58761464,0.01922408491373062
stabilityai_stable-diffusion-xl-base-1.0,59399259,-0.24952591955661774
stabilityai_stable-diffusion-xl-base-1.0,59976859,0.6172351837158203
stabilityai_stable-diffusion-xl-base-1.0,60083345,-0.5312075018882751
stabilityai_stable-diffusion-xl-base-1.0,60214770,-0.30913737416267395
stabilityai_stable-diffusion-xl-base-1.0,60215376,-1.2947020530700684
stabilityai_stable-diffusion-xl-base-1.0,60375309,-0.4056469202041626
stabilityai_stable-diffusion-xl-base-1.0,60606896,-0.8538259267807007
stabilityai_stable-diffusion-xl-base-1.0,60668084,-0.32275307178497314
stabilityai_stable-diffusion-xl-base-1.0,61035709,-2.170771360397339
stabilityai_stable-diffusion-xl-base-1.0,61388266,-1.6174038648605347
stabilityai_stable-diffusion-xl-base-1.0,61627313,0.20270760357379913
stabilityai_stable-diffusion-xl-base-1.0,61635816,-0.4159846603870392
stabilityai_stable-diffusion-xl-base-1.0,61853324,0.234693706035614
stabilityai_stable-diffusion-xl-base-1.0,62408818,-0.23307248950004578
stabilityai_stable-diffusion-xl-base-1.0,62841330,-1.258236289024353
stabilityai_stable-diffusion-xl-base-1.0,63015570,-0.22930605709552765
stabilityai_stable-diffusion-xl-base-1.0,63336441,0.5365373492240906
stabilityai_stable-diffusion-xl-base-1.0,63633117,-1.8251303434371948
stabilityai_stable-diffusion-xl-base-1.0,64576544,-1.9259936809539795
stabilityai_stable-diffusion-xl-base-1.0,64687077,-0.7579222917556763
stabilityai_stable-diffusion-xl-base-1.0,64693533,0.80418860912323
stabilityai_stable-diffusion-xl-base-1.0,64856142,0.052506670355796814
stabilityai_stable-diffusion-xl-base-1.0,65411270,-0.5047839879989624
stabilityai_stable-diffusion-xl-base-1.0,65557844,-0.2712162733078003
stabilityai_stable-diffusion-xl-base-1.0,65824677,0.18973730504512787
stabilityai_stable-diffusion-xl-base-1.0,65890875,-1.8103214502334595
stabilityai_stable-diffusion-xl-base-1.0,65960228,-1.2667689323425293
stabilityai_stable-diffusion-xl-base-1.0,66668538,0.5975467562675476
stabilityai_stable-diffusion-xl-base-1.0,67344811,0.044521406292915344
stabilityai_stable-diffusion-xl-base-1.0,67949798,0.26135849952697754
stabilityai_stable-diffusion-xl-base-1.0,68246844,-2.211608648300171
stabilityai_stable-diffusion-xl-base-1.0,68280322,-2.234255790710449
stabilityai_stable-diffusion-xl-base-1.0,68321683,-0.25557565689086914
stabilityai_stable-diffusion-xl-base-1.0,68380669,-0.10175185650587082
stabilityai_stable-diffusion-xl-base-1.0,68575085,1.3264106512069702
stabilityai_stable-diffusion-xl-base-1.0,70380966,0.14325161278247833
stabilityai_stable-diffusion-xl-base-1.0,70494671,-2.171032667160034
stabilityai_stable-diffusion-xl-base-1.0,71055464,-2.267369508743286
stabilityai_stable-diffusion-xl-base-1.0,71591839,-2.257181167602539
stabilityai_stable-diffusion-xl-base-1.0,71828875,-1.0018935203552246
stabilityai_stable-diffusion-xl-base-1.0,71910823,0.457361102104187
stabilityai_stable-diffusion-xl-base-1.0,71959499,1.002759337425232
stabilityai_stable-diffusion-xl-base-1.0,72432241,0.9565445780754089
stabilityai_stable-diffusion-xl-base-1.0,72553814,-1.7337069511413574
stabilityai_stable-diffusion-xl-base-1.0,73051579,0.26264622807502747
stabilityai_stable-diffusion-xl-base-1.0,73600586,-0.6860404014587402
stabilityai_stable-diffusion-xl-base-1.0,73616417,0.8726641535758972
stabilityai_stable-diffusion-xl-base-1.0,73681289,1.2184944152832031
stabilityai_stable-diffusion-xl-base-1.0,73962724,-0.31990811228752136
stabilityai_stable-diffusion-xl-base-1.0,74175857,0.0013349246000871062
stabilityai_stable-diffusion-xl-base-1.0,75051801,-2.253953456878662
stabilityai_stable-diffusion-xl-base-1.0,75787772,-1.4808413982391357
stabilityai_stable-diffusion-xl-base-1.0,75944980,-2.127922534942627
stabilityai_stable-diffusion-xl-base-1.0,75964288,-1.8667399883270264
stabilityai_stable-diffusion-xl-base-1.0,76066166,-0.9986318349838257
stabilityai_stable-diffusion-xl-base-1.0,76100398,-1.8218424320220947
stabilityai_stable-diffusion-xl-base-1.0,76425345,-2.2577126026153564
stabilityai_stable-diffusion-xl-base-1.0,77106105,0.006337546277791262
stabilityai_stable-diffusion-xl-base-1.0,77132310,0.34829604625701904
stabilityai_stable-diffusion-xl-base-1.0,77232534,-2.2221388816833496
stabilityai_stable-diffusion-xl-base-1.0,77312726,-2.279916524887085
stabilityai_stable-diffusion-xl-base-1.0,77358840,-0.4380720853805542
stabilityai_stable-diffusion-xl-base-1.0,77490593,-0.279461532831192
stabilityai_stable-diffusion-xl-base-1.0,77726888,-0.12539023160934448
stabilityai_stable-diffusion-xl-base-1.0,78735978,-0.6270242929458618
stabilityai_stable-diffusion-xl-base-1.0,79077085,-2.2326278686523438
stabilityai_stable-diffusion-xl-base-1.0,79212243,-2.063591957092285
stabilityai_stable-diffusion-xl-base-1.0,79606917,-2.2151267528533936
stabilityai_stable-diffusion-xl-base-1.0,79918827,1.3016273975372314
stabilityai_stable-diffusion-xl-base-1.0,80289373,-0.12790201604366302
stabilityai_stable-diffusion-xl-base-1.0,80371125,0.19239549338817596
stabilityai_stable-diffusion-xl-base-1.0,80540387,-0.7286750078201294
stabilityai_stable-diffusion-xl-base-1.0,81135077,-0.6631101369857788
stabilityai_stable-diffusion-xl-base-1.0,81303945,-1.944726824760437
stabilityai_stable-diffusion-xl-base-1.0,81435593,0.12067769467830658
stabilityai_stable-diffusion-xl-base-1.0,82282590,0.4847807288169861
stabilityai_stable-diffusion-xl-base-1.0,82696415,-1.153077483177185
stabilityai_stable-diffusion-xl-base-1.0,82916016,-2.2703962326049805
stabilityai_stable-diffusion-xl-base-1.0,83084473,1.5425667762756348
stabilityai_stable-diffusion-xl-base-1.0,83418847,0.001476821256801486
stabilityai_stable-diffusion-xl-base-1.0,84089324,-2.275994300842285
stabilityai_stable-diffusion-xl-base-1.0,84306831,-1.9049063920974731
stabilityai_stable-diffusion-xl-base-1.0,84510135,-0.819133460521698
stabilityai_stable-diffusion-xl-base-1.0,84788890,0.6629114747047424
stabilityai_stable-diffusion-xl-base-1.0,84985982,0.34863877296447754
stabilityai_stable-diffusion-xl-base-1.0,85191733,-2.2741663455963135
stabilityai_stable-diffusion-xl-base-1.0,86119145,-0.6426820158958435
stabilityai_stable-diffusion-xl-base-1.0,86340862,-0.07881554961204529
stabilityai_stable-diffusion-xl-base-1.0,86341828,-0.4303560256958008
stabilityai_stable-diffusion-xl-base-1.0,86537356,-0.3711587190628052
stabilityai_stable-diffusion-xl-base-1.0,86701636,0.25538021326065063
stabilityai_stable-diffusion-xl-base-1.0,86714939,-0.14551229774951935
stabilityai_stable-diffusion-xl-base-1.0,87574583,-0.688538134098053
stabilityai_stable-diffusion-xl-base-1.0,87699711,0.49294325709342957
stabilityai_stable-diffusion-xl-base-1.0,88016571,0.08313030749559402
stabilityai_stable-diffusion-xl-base-1.0,88087492,-0.2906034588813782
stabilityai_stable-diffusion-xl-base-1.0,89227603,-1.4879000186920166
stabilityai_stable-diffusion-xl-base-1.0,89539854,-2.2560317516326904
stabilityai_stable-diffusion-xl-base-1.0,89926787,0.5245320796966553
stabilityai_stable-diffusion-xl-base-1.0,90244932,-0.2651023864746094
stabilityai_stable-diffusion-xl-base-1.0,90493027,-0.5624189972877502
stabilityai_stable-diffusion-xl-base-1.0,90613035,-0.1552928239107132
stabilityai_stable-diffusion-xl-base-1.0,91368797,1.1772477626800537
stabilityai_stable-diffusion-xl-base-1.0,91784299,-0.018968267366290092
stabilityai_stable-diffusion-xl-base-1.0,91790573,0.8470187783241272
stabilityai_stable-diffusion-xl-base-1.0,91834546,-2.2754828929901123
stabilityai_stable-diffusion-xl-base-1.0,92068094,-0.8878564834594727
stabilityai_stable-diffusion-xl-base-1.0,92311656,0.5063957571983337
stabilityai_stable-diffusion-xl-base-1.0,92709444,-0.06312687695026398
stabilityai_stable-diffusion-xl-base-1.0,93114575,-1.991686463356018
stabilityai_stable-diffusion-xl-base-1.0,93256557,-0.5699083209037781
stabilityai_stable-diffusion-xl-base-1.0,93407716,-2.1003661155700684
stabilityai_stable-diffusion-xl-base-1.0,93436296,-0.06860252469778061
stabilityai_stable-diffusion-xl-base-1.0,93512057,-2.0656673908233643
stabilityai_stable-diffusion-xl-base-1.0,94006560,-1.1142665147781372
stabilityai_stable-diffusion-xl-base-1.0,94321535,-0.28156381845474243
stabilityai_stable-diffusion-xl-base-1.0,94532154,-0.68380206823349
stabilityai_stable-diffusion-xl-base-1.0,95171107,-2.194045305252075
stabilityai_stable-diffusion-xl-base-1.0,95228839,-0.42238569259643555
stabilityai_stable-diffusion-xl-base-1.0,95325441,-1.4970183372497559
stabilityai_stable-diffusion-xl-base-1.0,95450946,-0.9967969655990601
stabilityai_stable-diffusion-xl-base-1.0,95583911,1.2025470733642578
stabilityai_stable-diffusion-xl-base-1.0,95718306,0.44111236929893494
stabilityai_stable-diffusion-xl-base-1.0,95737828,-0.5499370098114014
stabilityai_stable-diffusion-xl-base-1.0,96448597,-0.7769137024879456
stabilityai_stable-diffusion-xl-base-1.0,96482065,-0.4805932641029358
stabilityai_stable-diffusion-xl-base-1.0,96521920,-0.3191767632961273
stabilityai_stable-diffusion-xl-base-1.0,96850153,0.9108952879905701
stabilityai_stable-diffusion-xl-base-1.0,98113191,0.8721944093704224
stabilityai_stable-diffusion-xl-base-1.0,98195317,-1.3090167045593262
stabilityai_stable-diffusion-xl-base-1.0,98254655,0.7629624009132385
stabilityai_stable-diffusion-xl-base-1.0,98319500,-1.3347148895263672
stabilityai_stable-diffusion-xl-base-1.0,98642787,-2.1808083057403564
stabilityai_stable-diffusion-xl-base-1.0,98646702,-2.270286798477173
stabilityai_stable-diffusion-xl-base-1.0,98929226,-2.2633697986602783
stabilityai_stable-diffusion-xl-base-1.0,99178779,1.3608942031860352
stabilityai_stable-diffusion-xl-base-1.0,99185892,-0.8791368007659912
stabilityai_stable-diffusion-xl-base-1.0,99211012,-0.841376781463623
stabilityai_stable-diffusion-xl-base-1.0,99410560,-0.5279975533485413
stabilityai_stable-diffusion-xl-base-1.0,99862294,-0.07051076740026474
