model,wordnet_id,reward
deepfloyd_if-i-xl-v1.0,138508,-2.2056045532226562
deepfloyd_if-i-xl-v1.0,192051,-1.0753673315048218
deepfloyd_if-i-xl-v1.0,213186,-0.516825258731842
deepfloyd_if-i-xl-v1.0,232386,-1.5804542303085327
deepfloyd_if-i-xl-v1.0,232765,0.9308983683586121
deepfloyd_if-i-xl-v1.0,258857,-0.7777423858642578
deepfloyd_if-i-xl-v1.0,283090,-0.772138774394989
deepfloyd_if-i-xl-v1.0,285141,0.10085783153772354
deepfloyd_if-i-xl-v1.0,399030,-0.9632704854011536
deepfloyd_if-i-xl-v1.0,440189,1.0342626571655273
deepfloyd_if-i-xl-v1.0,445169,-1.1422104835510254
deepfloyd_if-i-xl-v1.0,486490,-0.7808834910392761
deepfloyd_if-i-xl-v1.0,487072,0.47640493512153625
deepfloyd_if-i-xl-v1.0,487326,-0.2381267249584198
deepfloyd_if-i-xl-v1.0,489837,-1.7908248901367188
deepfloyd_if-i-xl-v1.0,646833,-0.5071372389793396
deepfloyd_if-i-xl-v1.0,708860,1.087426781654358
deepfloyd_if-i-xl-v1.0,717208,-0.2981968820095062
deepfloyd_if-i-xl-v1.0,717468,-1.3247299194335938
deepfloyd_if-i-xl-v1.0,735254,1.7988653182983398
deepfloyd_if-i-xl-v1.0,762478,-0.15590998530387878
deepfloyd_if-i-xl-v1.0,825443,-0.043494902551174164
deepfloyd_if-i-xl-v1.0,831919,0.12250227481126785
deepfloyd_if-i-xl-v1.0,896677,0.7595842480659485
deepfloyd_if-i-xl-v1.0,936620,0.392818421125412
deepfloyd_if-i-xl-v1.0,974367,-1.1948983669281006
deepfloyd_if-i-xl-v1.0,993014,-0.9687226414680481
deepfloyd_if-i-xl-v1.0,995855,-1.6009221076965332
deepfloyd_if-i-xl-v1.0,1113367,-0.4647062420845032
deepfloyd_if-i-xl-v1.0,1171644,0.5099126100540161
deepfloyd_if-i-xl-v1.0,1209135,-1.4378795623779297
deepfloyd_if-i-xl-v1.0,1317294,-0.3351777493953705
deepfloyd_if-i-xl-v1.0,1317533,2.0372049808502197
deepfloyd_if-i-xl-v1.0,1321854,-1.4270237684249878
deepfloyd_if-i-xl-v1.0,1377758,-1.1382325887680054
deepfloyd_if-i-xl-v1.0,1474832,-2.2785820960998535
deepfloyd_if-i-xl-v1.0,1516071,-0.2935410439968109
deepfloyd_if-i-xl-v1.0,1566705,-1.2116867303848267
deepfloyd_if-i-xl-v1.0,1640855,-3.0165863037109375
deepfloyd_if-i-xl-v1.0,1668603,-0.9682514667510986
deepfloyd_if-i-xl-v1.0,1678990,1.3372671604156494
deepfloyd_if-i-xl-v1.0,1699831,0.6755677461624146
deepfloyd_if-i-xl-v1.0,1707698,0.26822587847709656
deepfloyd_if-i-xl-v1.0,1727942,0.15634438395500183
deepfloyd_if-i-xl-v1.0,2045760,1.163691759109497
deepfloyd_if-i-xl-v1.0,2075049,-0.716331422328949
deepfloyd_if-i-xl-v1.0,2075764,-0.984186053276062
deepfloyd_if-i-xl-v1.0,2241569,-1.4015220403671265
deepfloyd_if-i-xl-v1.0,2720725,0.26947009563446045
deepfloyd_if-i-xl-v1.0,2721160,-0.2764799892902374
deepfloyd_if-i-xl-v1.0,2730265,0.20827986299991608
deepfloyd_if-i-xl-v1.0,2744395,-0.1404058188199997
deepfloyd_if-i-xl-v1.0,2770078,0.8866655230522156
deepfloyd_if-i-xl-v1.0,2793684,-0.9166741967201233
deepfloyd_if-i-xl-v1.0,2803666,0.7376683354377747
deepfloyd_if-i-xl-v1.0,2807731,1.2278684377670288
deepfloyd_if-i-xl-v1.0,2821943,1.7413561344146729
deepfloyd_if-i-xl-v1.0,2824319,0.2729770243167877
deepfloyd_if-i-xl-v1.0,2825442,-0.8585186004638672
deepfloyd_if-i-xl-v1.0,2852043,0.35095691680908203
deepfloyd_if-i-xl-v1.0,2870293,1.4329798221588135
deepfloyd_if-i-xl-v1.0,2870880,0.14086349308490753
deepfloyd_if-i-xl-v1.0,2923535,-2.539975881576538
deepfloyd_if-i-xl-v1.0,2933112,1.6927363872528076
deepfloyd_if-i-xl-v1.0,2963987,1.6346608400344849
deepfloyd_if-i-xl-v1.0,2991302,-0.30028125643730164
deepfloyd_if-i-xl-v1.0,3024209,-0.0879126489162445
deepfloyd_if-i-xl-v1.0,3035832,0.43925973773002625
deepfloyd_if-i-xl-v1.0,3049457,1.379410743713379
deepfloyd_if-i-xl-v1.0,3107488,0.2676052749156952
deepfloyd_if-i-xl-v1.0,3131388,-0.511110246181488
deepfloyd_if-i-xl-v1.0,3131669,-0.21384961903095245
deepfloyd_if-i-xl-v1.0,3152830,-0.151730015873909
deepfloyd_if-i-xl-v1.0,3249569,0.009235071018338203
deepfloyd_if-i-xl-v1.0,3262349,0.7255889773368835
deepfloyd_if-i-xl-v1.0,3288500,-0.24358241260051727
deepfloyd_if-i-xl-v1.0,3298716,2.214529037475586
deepfloyd_if-i-xl-v1.0,3308246,3.286431074142456
deepfloyd_if-i-xl-v1.0,3309110,-0.11395972222089767
deepfloyd_if-i-xl-v1.0,3347220,-1.6525046825408936
deepfloyd_if-i-xl-v1.0,3353281,1.5489414930343628
deepfloyd_if-i-xl-v1.0,3366112,-2.6349000930786133
deepfloyd_if-i-xl-v1.0,3411927,0.5312029123306274
deepfloyd_if-i-xl-v1.0,3456665,0.145125612616539
deepfloyd_if-i-xl-v1.0,3563208,0.47513529658317566
deepfloyd_if-i-xl-v1.0,3580281,-1.6005152463912964
deepfloyd_if-i-xl-v1.0,3603442,1.290632724761963
deepfloyd_if-i-xl-v1.0,3607029,-0.05982590466737747
deepfloyd_if-i-xl-v1.0,3628071,0.036525994539260864
deepfloyd_if-i-xl-v1.0,3630383,1.942260503768921
deepfloyd_if-i-xl-v1.0,3676483,0.2394573837518692
deepfloyd_if-i-xl-v1.0,3679712,1.932563304901123
deepfloyd_if-i-xl-v1.0,3685307,0.3038271367549896
deepfloyd_if-i-xl-v1.0,3703463,0.4673852324485779
deepfloyd_if-i-xl-v1.0,3714235,-0.33080384135246277
deepfloyd_if-i-xl-v1.0,3728318,-0.5632886290550232
deepfloyd_if-i-xl-v1.0,3748162,-0.2405174821615219
deepfloyd_if-i-xl-v1.0,3764276,-0.8842783570289612
deepfloyd_if-i-xl-v1.0,3818090,-1.4168004989624023
deepfloyd_if-i-xl-v1.0,3842156,2.068319797515869
deepfloyd_if-i-xl-v1.0,3880032,-0.5856342911720276
deepfloyd_if-i-xl-v1.0,3889343,1.498624324798584
deepfloyd_if-i-xl-v1.0,3907654,1.1558382511138916
deepfloyd_if-i-xl-v1.0,3940713,0.9551500678062439
deepfloyd_if-i-xl-v1.0,3975232,-0.5007876753807068
deepfloyd_if-i-xl-v1.0,3982060,-0.9547069072723389
deepfloyd_if-i-xl-v1.0,3990474,1.4938499927520752
deepfloyd_if-i-xl-v1.0,4010305,1.312553882598877
deepfloyd_if-i-xl-v1.0,4025130,0.49770888686180115
deepfloyd_if-i-xl-v1.0,4062807,-0.28719231486320496
deepfloyd_if-i-xl-v1.0,4123448,-0.2681942880153656
deepfloyd_if-i-xl-v1.0,4125853,-0.9247145056724548
deepfloyd_if-i-xl-v1.0,4140340,0.5123652815818787
deepfloyd_if-i-xl-v1.0,4145056,0.24931217730045319
deepfloyd_if-i-xl-v1.0,4192521,1.8906888961791992
deepfloyd_if-i-xl-v1.0,4259202,0.49842575192451477
deepfloyd_if-i-xl-v1.0,4285773,-1.311004400253296
deepfloyd_if-i-xl-v1.0,4345028,0.7216289639472961
deepfloyd_if-i-xl-v1.0,4387201,0.41228917241096497
deepfloyd_if-i-xl-v1.0,4416901,-0.47164127230644226
deepfloyd_if-i-xl-v1.0,4455579,0.3322666585445404
deepfloyd_if-i-xl-v1.0,4497570,-1.2108043432235718
deepfloyd_if-i-xl-v1.0,4534520,-0.930092990398407
deepfloyd_if-i-xl-v1.0,4539203,-0.3639427125453949
deepfloyd_if-i-xl-v1.0,4552551,0.6966328024864197
deepfloyd_if-i-xl-v1.0,4596797,0.9922198057174683
deepfloyd_if-i-xl-v1.0,4832208,-0.3207373321056366
deepfloyd_if-i-xl-v1.0,4930139,1.7429986000061035
deepfloyd_if-i-xl-v1.0,5008085,-0.7168377041816711
deepfloyd_if-i-xl-v1.0,5219923,-0.009242435917258263
deepfloyd_if-i-xl-v1.0,5316083,-0.8969783782958984
deepfloyd_if-i-xl-v1.0,5350912,0.8848689198493958
deepfloyd_if-i-xl-v1.0,5374860,-0.9652941226959229
deepfloyd_if-i-xl-v1.0,5410315,0.19584786891937256
deepfloyd_if-i-xl-v1.0,5522784,-0.47959497570991516
deepfloyd_if-i-xl-v1.0,5728577,-1.4851042032241821
deepfloyd_if-i-xl-v1.0,5752544,-0.23250924050807953
deepfloyd_if-i-xl-v1.0,5794797,-0.4509490132331848
deepfloyd_if-i-xl-v1.0,5895919,0.260233074426651
deepfloyd_if-i-xl-v1.0,5958517,-0.9845389127731323
deepfloyd_if-i-xl-v1.0,6189776,0.5849345326423645
deepfloyd_if-i-xl-v1.0,6528587,-1.4955816268920898
deepfloyd_if-i-xl-v1.0,6584891,-0.07768707722425461
deepfloyd_if-i-xl-v1.0,6586355,-0.3639458417892456
deepfloyd_if-i-xl-v1.0,6607809,-1.8077547550201416
deepfloyd_if-i-xl-v1.0,6615026,0.5902780294418335
deepfloyd_if-i-xl-v1.0,6615458,-1.9131834506988525
deepfloyd_if-i-xl-v1.0,6615818,-0.8601242899894714
deepfloyd_if-i-xl-v1.0,6616314,0.9258712530136108
deepfloyd_if-i-xl-v1.0,6617011,-1.436137080192566
deepfloyd_if-i-xl-v1.0,6617413,-0.4739479422569275
deepfloyd_if-i-xl-v1.0,6729499,0.28499916195869446
deepfloyd_if-i-xl-v1.0,6880664,-0.5932238698005676
deepfloyd_if-i-xl-v1.0,6883725,-1.3386361598968506
deepfloyd_if-i-xl-v1.0,6946774,2.8087127208709717
deepfloyd_if-i-xl-v1.0,7025268,0.35707589983940125
deepfloyd_if-i-xl-v1.0,7109847,-1.1128549575805664
deepfloyd_if-i-xl-v1.0,7116261,1.0861583948135376
deepfloyd_if-i-xl-v1.0,7150023,0.3091711103916168
deepfloyd_if-i-xl-v1.0,7163803,-1.8890938758850098
deepfloyd_if-i-xl-v1.0,7507098,0.7321479916572571
deepfloyd_if-i-xl-v1.0,7596684,-1.026847004890442
deepfloyd_if-i-xl-v1.0,7597365,0.6104517579078674
deepfloyd_if-i-xl-v1.0,7601809,0.04773455858230591
deepfloyd_if-i-xl-v1.0,7605282,-0.693697452545166
deepfloyd_if-i-xl-v1.0,7606419,-0.2580467164516449
deepfloyd_if-i-xl-v1.0,7607707,-0.09792224317789078
deepfloyd_if-i-xl-v1.0,7608721,0.3276156485080719
deepfloyd_if-i-xl-v1.0,7625977,1.4889874458312988
deepfloyd_if-i-xl-v1.0,7626721,1.7358790636062622
deepfloyd_if-i-xl-v1.0,7626833,1.5057584047317505
deepfloyd_if-i-xl-v1.0,7627310,-1.45676851272583
deepfloyd_if-i-xl-v1.0,7651454,0.6746107339859009
deepfloyd_if-i-xl-v1.0,7654438,-0.0714302733540535
deepfloyd_if-i-xl-v1.0,7664468,1.7047080993652344
deepfloyd_if-i-xl-v1.0,7698915,-0.5495854020118713
deepfloyd_if-i-xl-v1.0,7700167,-0.8636167645454407
deepfloyd_if-i-xl-v1.0,7700868,0.21035867929458618
deepfloyd_if-i-xl-v1.0,7701244,0.2932821214199066
deepfloyd_if-i-xl-v1.0,7702193,1.6787221431732178
deepfloyd_if-i-xl-v1.0,7710616,0.2674681544303894
deepfloyd_if-i-xl-v1.0,7834065,-0.04096212238073349
deepfloyd_if-i-xl-v1.0,7854266,-0.37615326046943665
deepfloyd_if-i-xl-v1.0,7854455,0.25985005497932434
deepfloyd_if-i-xl-v1.0,7871940,1.4062618017196655
deepfloyd_if-i-xl-v1.0,7891189,0.42408108711242676
deepfloyd_if-i-xl-v1.0,7897116,0.6046058535575867
deepfloyd_if-i-xl-v1.0,7914271,1.9114108085632324
deepfloyd_if-i-xl-v1.0,7922764,1.7316964864730835
deepfloyd_if-i-xl-v1.0,7929519,1.6514042615890503
deepfloyd_if-i-xl-v1.0,7933274,1.0721275806427002
deepfloyd_if-i-xl-v1.0,7933530,0.32339754700660706
deepfloyd_if-i-xl-v1.0,8089797,0.48024633526802063
deepfloyd_if-i-xl-v1.0,8095160,0.8196349740028381
deepfloyd_if-i-xl-v1.0,8124208,1.6933066844940186
deepfloyd_if-i-xl-v1.0,8339939,0.8291248679161072
deepfloyd_if-i-xl-v1.0,8876291,1.505911946296692
deepfloyd_if-i-xl-v1.0,9020389,0.14509913325309753
deepfloyd_if-i-xl-v1.0,9044146,0.7630837559700012
deepfloyd_if-i-xl-v1.0,9057052,-0.733600914478302
deepfloyd_if-i-xl-v1.0,9427682,-1.0578216314315796
deepfloyd_if-i-xl-v1.0,9580065,1.5379786491394043
deepfloyd_if-i-xl-v1.0,9719434,-0.0676015242934227
deepfloyd_if-i-xl-v1.0,9793248,-0.1537574827671051
deepfloyd_if-i-xl-v1.0,9794211,0.15828125178813934
deepfloyd_if-i-xl-v1.0,9862621,0.833733320236206
deepfloyd_if-i-xl-v1.0,9875188,0.3647231459617615
deepfloyd_if-i-xl-v1.0,9984659,-0.029852932319045067
deepfloyd_if-i-xl-v1.0,10012874,-1.1999059915542603
deepfloyd_if-i-xl-v1.0,10024569,-0.5085512399673462
deepfloyd_if-i-xl-v1.0,10080493,-0.5302628874778748
deepfloyd_if-i-xl-v1.0,10106452,-3.1299049854278564
deepfloyd_if-i-xl-v1.0,10198409,-0.5739815831184387
deepfloyd_if-i-xl-v1.0,10333317,0.07728088647127151
deepfloyd_if-i-xl-v1.0,10408552,-0.40222886204719543
deepfloyd_if-i-xl-v1.0,10444677,-0.040467068552970886
deepfloyd_if-i-xl-v1.0,10453357,0.873392641544342
deepfloyd_if-i-xl-v1.0,10548623,0.48742982745170593
deepfloyd_if-i-xl-v1.0,10572128,-0.6411948800086975
deepfloyd_if-i-xl-v1.0,10794014,-0.8675712943077087
deepfloyd_if-i-xl-v1.0,10939743,0.795603334903717
deepfloyd_if-i-xl-v1.0,11039909,-1.7213339805603027
deepfloyd_if-i-xl-v1.0,11334088,0.2583911418914795
deepfloyd_if-i-xl-v1.0,11417672,-0.7267381548881531
deepfloyd_if-i-xl-v1.0,11437577,0.6447706818580627
deepfloyd_if-i-xl-v1.0,11460338,-0.6928972005844116
deepfloyd_if-i-xl-v1.0,12345739,-1.2663774490356445
deepfloyd_if-i-xl-v1.0,12402348,-1.259242057800293
deepfloyd_if-i-xl-v1.0,13221529,-1.860344409942627
deepfloyd_if-i-xl-v1.0,13290566,-0.7020133137702942
deepfloyd_if-i-xl-v1.0,13389475,1.6661423444747925
deepfloyd_if-i-xl-v1.0,13390139,2.6012179851531982
deepfloyd_if-i-xl-v1.0,13390405,3.101588010787964
deepfloyd_if-i-xl-v1.0,13392786,0.13599389791488647
deepfloyd_if-i-xl-v1.0,13649361,-1.2975631952285767
deepfloyd_if-i-xl-v1.0,13716878,-0.9488531947135925
deepfloyd_if-i-xl-v1.0,13884740,0.531284749507904
deepfloyd_if-i-xl-v1.0,13915305,1.243489384651184
deepfloyd_if-i-xl-v1.0,13931145,0.6220415830612183
deepfloyd_if-i-xl-v1.0,13984082,-0.9624021053314209
deepfloyd_if-i-xl-v1.0,14140678,1.6192021369934082
deepfloyd_if-i-xl-v1.0,14195315,0.26343849301338196
deepfloyd_if-i-xl-v1.0,14294568,-1.7235420942306519
deepfloyd_if-i-xl-v1.0,14320813,0.6620791554450989
deepfloyd_if-i-xl-v1.0,14360436,0.8889198899269104
deepfloyd_if-i-xl-v1.0,14488317,0.25990328192710876
deepfloyd_if-i-xl-v1.0,14533937,1.673566460609436
deepfloyd_if-i-xl-v1.0,14550987,1.0284113883972168
deepfloyd_if-i-xl-v1.0,14579933,-1.2947254180908203
deepfloyd_if-i-xl-v1.0,14606290,-0.6107673645019531
deepfloyd_if-i-xl-v1.0,14620257,0.7274405360221863
deepfloyd_if-i-xl-v1.0,14632648,-1.3234312534332275
deepfloyd_if-i-xl-v1.0,14647235,-0.9072956442832947
deepfloyd_if-i-xl-v1.0,14654954,0.7064245939254761
deepfloyd_if-i-xl-v1.0,14686352,-1.6939756870269775
deepfloyd_if-i-xl-v1.0,14702875,-0.4141586422920227
deepfloyd_if-i-xl-v1.0,14703190,-0.9533342719078064
deepfloyd_if-i-xl-v1.0,14807929,-1.573209524154663
deepfloyd_if-i-xl-v1.0,14809057,0.8319530487060547
deepfloyd_if-i-xl-v1.0,14867690,-0.5622609853744507
deepfloyd_if-i-xl-v1.0,14872875,-0.20502984523773193
deepfloyd_if-i-xl-v1.0,14880557,0.3614485561847687
deepfloyd_if-i-xl-v1.0,14894140,-0.05395994335412979
deepfloyd_if-i-xl-v1.0,15180934,-0.17137181758880615
deepfloyd_if-i-xl-v1.0,15970145,1.0302973985671997
deepfloyd_if-i-xl-v1.0,17002912,0.0880114808678627
deepfloyd_if-i-xl-v1.0,17012379,0.45060041546821594
deepfloyd_if-i-xl-v1.0,17282800,1.708321213722229
deepfloyd_if-i-xl-v1.0,17925539,0.48057636618614197
deepfloyd_if-i-xl-v1.0,18367104,2.1812682151794434
deepfloyd_if-i-xl-v1.0,18758723,-0.9999139308929443
deepfloyd_if-i-xl-v1.0,19143128,-0.7334612607955933
deepfloyd_if-i-xl-v1.0,19671124,0.4719085395336151
deepfloyd_if-i-xl-v1.0,19855707,1.3087739944458008
deepfloyd_if-i-xl-v1.0,19893872,0.3382648229598999
deepfloyd_if-i-xl-v1.0,20017667,0.9823545813560486
deepfloyd_if-i-xl-v1.0,20128079,0.3649340271949768
deepfloyd_if-i-xl-v1.0,20471134,1.499153733253479
deepfloyd_if-i-xl-v1.0,20495093,0.9961010813713074
deepfloyd_if-i-xl-v1.0,20782430,-0.4934191405773163
deepfloyd_if-i-xl-v1.0,21377549,-1.1069492101669312
deepfloyd_if-i-xl-v1.0,21564446,1.1014535427093506
deepfloyd_if-i-xl-v1.0,21620388,1.1208194494247437
deepfloyd_if-i-xl-v1.0,22149540,-0.15293075144290924
deepfloyd_if-i-xl-v1.0,22738759,0.8905384540557861
deepfloyd_if-i-xl-v1.0,22767176,0.38040390610694885
deepfloyd_if-i-xl-v1.0,23129661,0.5298802256584167
deepfloyd_if-i-xl-v1.0,23185551,-1.4398733377456665
deepfloyd_if-i-xl-v1.0,23232427,-1.1639965772628784
deepfloyd_if-i-xl-v1.0,23257851,-1.5235916376113892
deepfloyd_if-i-xl-v1.0,23620789,-1.1073890924453735
deepfloyd_if-i-xl-v1.0,24808131,-1.97359037399292
deepfloyd_if-i-xl-v1.0,24843217,1.6087061166763306
deepfloyd_if-i-xl-v1.0,24933378,-0.31261053681373596
deepfloyd_if-i-xl-v1.0,24942232,0.7975201606750488
deepfloyd_if-i-xl-v1.0,25290589,-0.8087927103042603
deepfloyd_if-i-xl-v1.0,25579216,-1.939281940460205
deepfloyd_if-i-xl-v1.0,25685207,0.365700900554657
deepfloyd_if-i-xl-v1.0,25776594,0.16920168697834015
deepfloyd_if-i-xl-v1.0,26078214,-0.20781897008419037
deepfloyd_if-i-xl-v1.0,26746434,0.5477215051651001
deepfloyd_if-i-xl-v1.0,26998039,0.8954442739486694
deepfloyd_if-i-xl-v1.0,27106238,1.3975909948349
deepfloyd_if-i-xl-v1.0,27246777,1.1522399187088013
deepfloyd_if-i-xl-v1.0,27768637,-0.8071181178092957
deepfloyd_if-i-xl-v1.0,27871992,-0.29523375630378723
deepfloyd_if-i-xl-v1.0,28190972,0.48343396186828613
deepfloyd_if-i-xl-v1.0,29094321,-0.8674446940422058
deepfloyd_if-i-xl-v1.0,29148617,0.4284394383430481
deepfloyd_if-i-xl-v1.0,29161294,-1.8950754404067993
deepfloyd_if-i-xl-v1.0,29632917,-1.0791593790054321
deepfloyd_if-i-xl-v1.0,29703209,-0.04991414397954941
deepfloyd_if-i-xl-v1.0,29779486,-1.5857353210449219
deepfloyd_if-i-xl-v1.0,30028757,-2.150505542755127
deepfloyd_if-i-xl-v1.0,30225071,1.321964144706726
deepfloyd_if-i-xl-v1.0,30373565,-0.6911969780921936
deepfloyd_if-i-xl-v1.0,30484086,-0.22103507816791534
deepfloyd_if-i-xl-v1.0,30883080,0.8690113425254822
deepfloyd_if-i-xl-v1.0,31114750,1.1035475730895996
deepfloyd_if-i-xl-v1.0,31196176,0.9252607226371765
deepfloyd_if-i-xl-v1.0,31391857,-0.11676080524921417
deepfloyd_if-i-xl-v1.0,31595142,1.234000563621521
deepfloyd_if-i-xl-v1.0,32152786,0.3357246220111847
deepfloyd_if-i-xl-v1.0,32327818,-1.642234206199646
deepfloyd_if-i-xl-v1.0,32379732,0.629457950592041
deepfloyd_if-i-xl-v1.0,32473966,0.17742811143398285
deepfloyd_if-i-xl-v1.0,32902730,0.42080649733543396
deepfloyd_if-i-xl-v1.0,32932491,-0.04387730732560158
deepfloyd_if-i-xl-v1.0,33006578,-2.622209072113037
deepfloyd_if-i-xl-v1.0,33478721,0.5774319767951965
deepfloyd_if-i-xl-v1.0,34475997,-1.3013027906417847
deepfloyd_if-i-xl-v1.0,34578737,1.4634820222854614
deepfloyd_if-i-xl-v1.0,34773230,-0.623591423034668
deepfloyd_if-i-xl-v1.0,36507085,0.1307040899991989
deepfloyd_if-i-xl-v1.0,36678439,-0.22160185873508453
deepfloyd_if-i-xl-v1.0,37287360,1.314964771270752
deepfloyd_if-i-xl-v1.0,37319253,-1.4071986675262451
deepfloyd_if-i-xl-v1.0,37547870,1.9232659339904785
deepfloyd_if-i-xl-v1.0,37736408,0.5222719311714172
deepfloyd_if-i-xl-v1.0,38014258,-0.3605937361717224
deepfloyd_if-i-xl-v1.0,38297191,0.20327387750148773
deepfloyd_if-i-xl-v1.0,38402744,0.12870235741138458
deepfloyd_if-i-xl-v1.0,38954086,-1.2391661405563354
deepfloyd_if-i-xl-v1.0,39139190,-0.18787641823291779
deepfloyd_if-i-xl-v1.0,39560404,-1.9736545085906982
deepfloyd_if-i-xl-v1.0,39566065,0.10905048251152039
deepfloyd_if-i-xl-v1.0,39595218,1.4493662118911743
deepfloyd_if-i-xl-v1.0,40825299,-0.7850914597511292
deepfloyd_if-i-xl-v1.0,40945115,0.5964173674583435
deepfloyd_if-i-xl-v1.0,40995095,-1.0160764455795288
deepfloyd_if-i-xl-v1.0,41015844,-0.25854605436325073
deepfloyd_if-i-xl-v1.0,41031648,0.0633159801363945
deepfloyd_if-i-xl-v1.0,41161074,-1.8070889711380005
deepfloyd_if-i-xl-v1.0,41458919,-0.06015629321336746
deepfloyd_if-i-xl-v1.0,41565779,-0.8043533563613892
deepfloyd_if-i-xl-v1.0,41766391,1.8874317407608032
deepfloyd_if-i-xl-v1.0,41982710,-0.44821441173553467
deepfloyd_if-i-xl-v1.0,42048260,-0.2632049024105072
deepfloyd_if-i-xl-v1.0,42849420,3.096773386001587
deepfloyd_if-i-xl-v1.0,42931583,0.7601642608642578
deepfloyd_if-i-xl-v1.0,43060946,0.3041055500507355
deepfloyd_if-i-xl-v1.0,43153800,0.6916216015815735
deepfloyd_if-i-xl-v1.0,43161384,0.5634284615516663
deepfloyd_if-i-xl-v1.0,43301379,0.8888778686523438
deepfloyd_if-i-xl-v1.0,43304323,-0.6337064504623413
deepfloyd_if-i-xl-v1.0,43367797,-1.4874192476272583
deepfloyd_if-i-xl-v1.0,43431032,1.0454243421554565
deepfloyd_if-i-xl-v1.0,43631801,-0.7944434285163879
deepfloyd_if-i-xl-v1.0,43735560,-2.151578664779663
deepfloyd_if-i-xl-v1.0,43858443,-0.7637884616851807
deepfloyd_if-i-xl-v1.0,43918624,-0.9899106621742249
deepfloyd_if-i-xl-v1.0,44280552,-0.3053435683250427
deepfloyd_if-i-xl-v1.0,44295589,0.8099507689476013
deepfloyd_if-i-xl-v1.0,44621915,-0.06295431405305862
deepfloyd_if-i-xl-v1.0,44645737,1.0254262685775757
deepfloyd_if-i-xl-v1.0,44838123,0.08134487271308899
deepfloyd_if-i-xl-v1.0,45258070,-1.7999229431152344
deepfloyd_if-i-xl-v1.0,45297641,-2.0971662998199463
deepfloyd_if-i-xl-v1.0,45418454,0.14087750017642975
deepfloyd_if-i-xl-v1.0,45564900,-0.8809487223625183
deepfloyd_if-i-xl-v1.0,46150029,-0.9901160001754761
deepfloyd_if-i-xl-v1.0,46394736,0.4349328577518463
deepfloyd_if-i-xl-v1.0,46673664,1.05117928981781
deepfloyd_if-i-xl-v1.0,46994920,-1.8788434267044067
deepfloyd_if-i-xl-v1.0,47009060,1.7599563598632812
deepfloyd_if-i-xl-v1.0,47552953,2.198807716369629
deepfloyd_if-i-xl-v1.0,47595220,-0.6898460388183594
deepfloyd_if-i-xl-v1.0,47819321,0.1766834706068039
deepfloyd_if-i-xl-v1.0,48223384,-0.6572229266166687
deepfloyd_if-i-xl-v1.0,48351897,-1.3538389205932617
deepfloyd_if-i-xl-v1.0,48754831,-0.7551631927490234
deepfloyd_if-i-xl-v1.0,49054805,0.3393266499042511
deepfloyd_if-i-xl-v1.0,49089576,0.8964859247207642
deepfloyd_if-i-xl-v1.0,49300740,1.9148662090301514
deepfloyd_if-i-xl-v1.0,49358811,-1.9058117866516113
deepfloyd_if-i-xl-v1.0,49462954,-1.1595606803894043
deepfloyd_if-i-xl-v1.0,50262859,0.4008288085460663
deepfloyd_if-i-xl-v1.0,50871471,0.20334796607494354
deepfloyd_if-i-xl-v1.0,50952217,-0.8280999064445496
deepfloyd_if-i-xl-v1.0,51060824,-2.5207443237304688
deepfloyd_if-i-xl-v1.0,51314050,0.601283848285675
deepfloyd_if-i-xl-v1.0,51946990,-0.33724164962768555
deepfloyd_if-i-xl-v1.0,52325745,-2.771888017654419
deepfloyd_if-i-xl-v1.0,52474100,-0.19839416444301605
deepfloyd_if-i-xl-v1.0,52516409,-1.3782384395599365
deepfloyd_if-i-xl-v1.0,52711595,-0.28051459789276123
deepfloyd_if-i-xl-v1.0,53022028,2.1877691745758057
deepfloyd_if-i-xl-v1.0,53205877,-1.4690580368041992
deepfloyd_if-i-xl-v1.0,53288018,0.270748108625412
deepfloyd_if-i-xl-v1.0,53443611,1.024046778678894
deepfloyd_if-i-xl-v1.0,53815934,-0.4882145822048187
deepfloyd_if-i-xl-v1.0,54495173,0.45344266295433044
deepfloyd_if-i-xl-v1.0,54931507,0.18723443150520325
deepfloyd_if-i-xl-v1.0,55191509,0.3995574414730072
deepfloyd_if-i-xl-v1.0,55255145,0.6398482918739319
deepfloyd_if-i-xl-v1.0,55457672,0.06843917816877365
deepfloyd_if-i-xl-v1.0,55588327,-1.161325454711914
deepfloyd_if-i-xl-v1.0,55653646,-2.2380621433258057
deepfloyd_if-i-xl-v1.0,55658809,0.2500240206718445
deepfloyd_if-i-xl-v1.0,55812974,-0.33990561962127686
deepfloyd_if-i-xl-v1.0,55819553,0.6742134690284729
deepfloyd_if-i-xl-v1.0,55826966,-1.9102046489715576
deepfloyd_if-i-xl-v1.0,55983905,-1.681983232498169
deepfloyd_if-i-xl-v1.0,56074056,0.14313024282455444
deepfloyd_if-i-xl-v1.0,56112588,-1.7110772132873535
deepfloyd_if-i-xl-v1.0,56121520,-1.04866361618042
deepfloyd_if-i-xl-v1.0,56250900,0.2123057097196579
deepfloyd_if-i-xl-v1.0,56458800,0.6735743880271912
deepfloyd_if-i-xl-v1.0,56792430,0.35734617710113525
deepfloyd_if-i-xl-v1.0,56982260,-1.0740323066711426
deepfloyd_if-i-xl-v1.0,57673976,0.7549127340316772
deepfloyd_if-i-xl-v1.0,57716963,1.458221673965454
deepfloyd_if-i-xl-v1.0,57729980,-0.2938457131385803
deepfloyd_if-i-xl-v1.0,57785005,-0.943464994430542
deepfloyd_if-i-xl-v1.0,57873614,1.4682178497314453
deepfloyd_if-i-xl-v1.0,58727024,-0.35968777537345886
deepfloyd_if-i-xl-v1.0,58761464,2.9473085403442383
deepfloyd_if-i-xl-v1.0,59399259,-0.37906143069267273
deepfloyd_if-i-xl-v1.0,59976859,0.20154902338981628
deepfloyd_if-i-xl-v1.0,60083345,-0.6097794771194458
deepfloyd_if-i-xl-v1.0,60214770,-1.0791223049163818
deepfloyd_if-i-xl-v1.0,60215376,-0.8125314116477966
deepfloyd_if-i-xl-v1.0,60375309,-1.3935091495513916
deepfloyd_if-i-xl-v1.0,60606896,1.0581363439559937
deepfloyd_if-i-xl-v1.0,60668084,1.4520963430404663
deepfloyd_if-i-xl-v1.0,61035709,0.28182002902030945
deepfloyd_if-i-xl-v1.0,61388266,-1.6038451194763184
deepfloyd_if-i-xl-v1.0,61627313,0.9994843602180481
deepfloyd_if-i-xl-v1.0,61635816,0.9030186533927917
deepfloyd_if-i-xl-v1.0,61853324,0.17305003106594086
deepfloyd_if-i-xl-v1.0,62408818,0.2148573249578476
deepfloyd_if-i-xl-v1.0,62841330,0.9503656625747681
deepfloyd_if-i-xl-v1.0,63015570,-0.639819324016571
deepfloyd_if-i-xl-v1.0,63336441,1.0602123737335205
deepfloyd_if-i-xl-v1.0,63633117,-0.20674926042556763
deepfloyd_if-i-xl-v1.0,64576544,-0.11104033142328262
deepfloyd_if-i-xl-v1.0,64687077,0.4129621088504791
deepfloyd_if-i-xl-v1.0,64693533,1.1216541528701782
deepfloyd_if-i-xl-v1.0,64856142,1.8361725807189941
deepfloyd_if-i-xl-v1.0,65411270,-0.12734092772006989
deepfloyd_if-i-xl-v1.0,65557844,1.313528060913086
deepfloyd_if-i-xl-v1.0,65824677,-1.2222152948379517
deepfloyd_if-i-xl-v1.0,65890875,-0.12602347135543823
deepfloyd_if-i-xl-v1.0,65960228,0.6787335276603699
deepfloyd_if-i-xl-v1.0,66668538,0.15756967663764954
deepfloyd_if-i-xl-v1.0,67344811,-0.9473567008972168
deepfloyd_if-i-xl-v1.0,67949798,1.7793725728988647
deepfloyd_if-i-xl-v1.0,68246844,1.149147391319275
deepfloyd_if-i-xl-v1.0,68280322,1.040109395980835
deepfloyd_if-i-xl-v1.0,68321683,-0.3125610649585724
deepfloyd_if-i-xl-v1.0,68380669,-2.0421714782714844
deepfloyd_if-i-xl-v1.0,68575085,1.412632942199707
deepfloyd_if-i-xl-v1.0,70380966,-0.22137905657291412
deepfloyd_if-i-xl-v1.0,70494671,1.8024648427963257
deepfloyd_if-i-xl-v1.0,71055464,-0.24694199860095978
deepfloyd_if-i-xl-v1.0,71591839,0.5701302289962769
deepfloyd_if-i-xl-v1.0,71828875,-1.061949372291565
deepfloyd_if-i-xl-v1.0,71910823,-0.2521972060203552
deepfloyd_if-i-xl-v1.0,71959499,0.11146149784326553
deepfloyd_if-i-xl-v1.0,72432241,3.3637959957122803
deepfloyd_if-i-xl-v1.0,72553814,0.8707587122917175
deepfloyd_if-i-xl-v1.0,73051579,-1.5527493953704834
deepfloyd_if-i-xl-v1.0,73600586,-0.18030978739261627
deepfloyd_if-i-xl-v1.0,73616417,1.1691656112670898
deepfloyd_if-i-xl-v1.0,73681289,2.9777021408081055
deepfloyd_if-i-xl-v1.0,73962724,-1.6711703538894653
deepfloyd_if-i-xl-v1.0,74175857,-0.03628719598054886
deepfloyd_if-i-xl-v1.0,75051801,0.23519589006900787
deepfloyd_if-i-xl-v1.0,75787772,-0.36787059903144836
deepfloyd_if-i-xl-v1.0,75944980,0.011639172211289406
deepfloyd_if-i-xl-v1.0,75964288,0.01840061880648136
deepfloyd_if-i-xl-v1.0,76066166,-0.7329238057136536
deepfloyd_if-i-xl-v1.0,76100398,-0.6989578604698181
deepfloyd_if-i-xl-v1.0,76425345,0.2593366801738739
deepfloyd_if-i-xl-v1.0,77106105,-1.2357070446014404
deepfloyd_if-i-xl-v1.0,77132310,-1.4382261037826538
deepfloyd_if-i-xl-v1.0,77232534,1.205113410949707
deepfloyd_if-i-xl-v1.0,77312726,0.3841947913169861
deepfloyd_if-i-xl-v1.0,77358840,0.3205408751964569
deepfloyd_if-i-xl-v1.0,77490593,0.4571340084075928
deepfloyd_if-i-xl-v1.0,77726888,1.7503458261489868
deepfloyd_if-i-xl-v1.0,78735978,0.10454313457012177
deepfloyd_if-i-xl-v1.0,79077085,1.63626229763031
deepfloyd_if-i-xl-v1.0,79212243,1.5181455612182617
deepfloyd_if-i-xl-v1.0,79606917,1.8006337881088257
deepfloyd_if-i-xl-v1.0,79918827,0.45032790303230286
deepfloyd_if-i-xl-v1.0,80289373,-1.388868808746338
deepfloyd_if-i-xl-v1.0,80371125,0.05644304305315018
deepfloyd_if-i-xl-v1.0,80540387,-0.2947409152984619
deepfloyd_if-i-xl-v1.0,81135077,-0.5694835782051086
deepfloyd_if-i-xl-v1.0,81303945,1.7331392765045166
deepfloyd_if-i-xl-v1.0,81435593,-1.814851999282837
deepfloyd_if-i-xl-v1.0,82282590,2.1861579418182373
deepfloyd_if-i-xl-v1.0,82696415,1.807450294494629
deepfloyd_if-i-xl-v1.0,82916016,0.6101279258728027
deepfloyd_if-i-xl-v1.0,83084473,1.0784177780151367
deepfloyd_if-i-xl-v1.0,83418847,0.4939819574356079
deepfloyd_if-i-xl-v1.0,84089324,-1.6389286518096924
deepfloyd_if-i-xl-v1.0,84306831,2.5515708923339844
deepfloyd_if-i-xl-v1.0,84510135,1.9263849258422852
deepfloyd_if-i-xl-v1.0,84788890,0.6686065196990967
deepfloyd_if-i-xl-v1.0,84985982,0.3535555303096771
deepfloyd_if-i-xl-v1.0,85191733,1.3565412759780884
deepfloyd_if-i-xl-v1.0,86119145,-0.17179065942764282
deepfloyd_if-i-xl-v1.0,86340862,0.7744472026824951
deepfloyd_if-i-xl-v1.0,86341828,0.20689482986927032
deepfloyd_if-i-xl-v1.0,86537356,-1.8476670980453491
deepfloyd_if-i-xl-v1.0,86701636,1.3602228164672852
deepfloyd_if-i-xl-v1.0,86714939,-0.020664339885115623
deepfloyd_if-i-xl-v1.0,87574583,-1.0992511510849
deepfloyd_if-i-xl-v1.0,87699711,0.01761217601597309
deepfloyd_if-i-xl-v1.0,88016571,-0.8469874858856201
deepfloyd_if-i-xl-v1.0,88087492,-1.4666403532028198
deepfloyd_if-i-xl-v1.0,89227603,0.9943605661392212
deepfloyd_if-i-xl-v1.0,89539854,-0.5821239352226257
deepfloyd_if-i-xl-v1.0,89926787,0.09272352606058121
deepfloyd_if-i-xl-v1.0,90244932,-0.8885335922241211
deepfloyd_if-i-xl-v1.0,90493027,-0.8910804390907288
deepfloyd_if-i-xl-v1.0,90613035,-0.5688468813896179
deepfloyd_if-i-xl-v1.0,91368797,-0.7553593516349792
deepfloyd_if-i-xl-v1.0,91784299,-0.3307299315929413
deepfloyd_if-i-xl-v1.0,91790573,-0.07264386117458344
deepfloyd_if-i-xl-v1.0,91834546,2.541459560394287
deepfloyd_if-i-xl-v1.0,92068094,1.843677282333374
deepfloyd_if-i-xl-v1.0,92311656,-1.8809115886688232
deepfloyd_if-i-xl-v1.0,92709444,-1.3984414339065552
deepfloyd_if-i-xl-v1.0,93114575,0.707022488117218
deepfloyd_if-i-xl-v1.0,93256557,-0.17838600277900696
deepfloyd_if-i-xl-v1.0,93407716,-0.3875087797641754
deepfloyd_if-i-xl-v1.0,93436296,-0.3854171335697174
deepfloyd_if-i-xl-v1.0,93512057,0.1254456341266632
deepfloyd_if-i-xl-v1.0,94006560,-2.5123045444488525
deepfloyd_if-i-xl-v1.0,94321535,0.7396341562271118
deepfloyd_if-i-xl-v1.0,94532154,0.41437187790870667
deepfloyd_if-i-xl-v1.0,95171107,-0.21544767916202545
deepfloyd_if-i-xl-v1.0,95228839,0.6941501498222351
deepfloyd_if-i-xl-v1.0,95325441,0.42467382550239563
deepfloyd_if-i-xl-v1.0,95450946,0.3880546987056732
deepfloyd_if-i-xl-v1.0,95583911,1.309110164642334
deepfloyd_if-i-xl-v1.0,95718306,-0.1705252081155777
deepfloyd_if-i-xl-v1.0,95737828,-0.7106981873512268
deepfloyd_if-i-xl-v1.0,96448597,0.8528231978416443
deepfloyd_if-i-xl-v1.0,96482065,-1.3865078687667847
deepfloyd_if-i-xl-v1.0,96521920,0.46318110823631287
deepfloyd_if-i-xl-v1.0,96850153,2.392958164215088
deepfloyd_if-i-xl-v1.0,98113191,-0.13862557709217072
deepfloyd_if-i-xl-v1.0,98195317,-1.3035240173339844
deepfloyd_if-i-xl-v1.0,98254655,-0.5162613987922668
deepfloyd_if-i-xl-v1.0,98319500,0.26506438851356506
deepfloyd_if-i-xl-v1.0,98642787,0.08234583586454391
deepfloyd_if-i-xl-v1.0,98646702,1.4777377843856812
deepfloyd_if-i-xl-v1.0,98929226,0.052607230842113495
deepfloyd_if-i-xl-v1.0,99178779,0.20373935997486115
deepfloyd_if-i-xl-v1.0,99185892,-1.862907886505127
deepfloyd_if-i-xl-v1.0,99211012,0.6172024011611938
deepfloyd_if-i-xl-v1.0,99410560,-0.6883645057678223
deepfloyd_if-i-xl-v1.0,99862294,0.7407810688018799
pixart-alpha_pixart-sigma-xl-2-512-ms,138508,-0.6110500693321228
pixart-alpha_pixart-sigma-xl-2-512-ms,192051,-0.49715521931648254
pixart-alpha_pixart-sigma-xl-2-512-ms,213186,0.08174135535955429
pixart-alpha_pixart-sigma-xl-2-512-ms,232386,-0.8658403754234314
pixart-alpha_pixart-sigma-xl-2-512-ms,232765,0.7659866809844971
pixart-alpha_pixart-sigma-xl-2-512-ms,258857,-0.2995202839374542
pixart-alpha_pixart-sigma-xl-2-512-ms,283090,0.8272601962089539
pixart-alpha_pixart-sigma-xl-2-512-ms,285141,0.7198466658592224
pixart-alpha_pixart-sigma-xl-2-512-ms,399030,0.07224521785974503
pixart-alpha_pixart-sigma-xl-2-512-ms,440189,-0.3707961440086365
pixart-alpha_pixart-sigma-xl-2-512-ms,445169,-0.5578550696372986
pixart-alpha_pixart-sigma-xl-2-512-ms,486490,2.3009893894195557
pixart-alpha_pixart-sigma-xl-2-512-ms,487072,-0.09197277575731277
pixart-alpha_pixart-sigma-xl-2-512-ms,487326,1.9516459703445435
pixart-alpha_pixart-sigma-xl-2-512-ms,489837,-2.1812307834625244
pixart-alpha_pixart-sigma-xl-2-512-ms,646833,2.196141481399536
pixart-alpha_pixart-sigma-xl-2-512-ms,708860,1.778625249862671
pixart-alpha_pixart-sigma-xl-2-512-ms,717208,1.7248111963272095
pixart-alpha_pixart-sigma-xl-2-512-ms,717468,0.393697053194046
pixart-alpha_pixart-sigma-xl-2-512-ms,735254,2.122934341430664
pixart-alpha_pixart-sigma-xl-2-512-ms,762478,2.4987940788269043
pixart-alpha_pixart-sigma-xl-2-512-ms,825443,1.9361318349838257
pixart-alpha_pixart-sigma-xl-2-512-ms,831919,0.6572027802467346
pixart-alpha_pixart-sigma-xl-2-512-ms,896677,1.6079847812652588
pixart-alpha_pixart-sigma-xl-2-512-ms,936620,0.023788267746567726
pixart-alpha_pixart-sigma-xl-2-512-ms,974367,1.509065866470337
pixart-alpha_pixart-sigma-xl-2-512-ms,993014,0.2310725450515747
pixart-alpha_pixart-sigma-xl-2-512-ms,995855,1.0457372665405273
pixart-alpha_pixart-sigma-xl-2-512-ms,1113367,-1.9063235521316528
pixart-alpha_pixart-sigma-xl-2-512-ms,1171644,1.5298235416412354
pixart-alpha_pixart-sigma-xl-2-512-ms,1209135,-1.1908618211746216
pixart-alpha_pixart-sigma-xl-2-512-ms,1317294,-1.4558485746383667
pixart-alpha_pixart-sigma-xl-2-512-ms,1317533,1.3836690187454224
pixart-alpha_pixart-sigma-xl-2-512-ms,1321854,0.1686156839132309
pixart-alpha_pixart-sigma-xl-2-512-ms,1377758,0.30897557735443115
pixart-alpha_pixart-sigma-xl-2-512-ms,1474832,0.11363255232572556
pixart-alpha_pixart-sigma-xl-2-512-ms,1516071,1.3022830486297607
pixart-alpha_pixart-sigma-xl-2-512-ms,1566705,0.04183674603700638
pixart-alpha_pixart-sigma-xl-2-512-ms,1640855,-1.030426263809204
pixart-alpha_pixart-sigma-xl-2-512-ms,1668603,0.20631290972232819
pixart-alpha_pixart-sigma-xl-2-512-ms,1678990,1.5547609329223633
pixart-alpha_pixart-sigma-xl-2-512-ms,1699831,0.5908071994781494
pixart-alpha_pixart-sigma-xl-2-512-ms,1707698,0.5274967551231384
pixart-alpha_pixart-sigma-xl-2-512-ms,1727942,1.4720474481582642
pixart-alpha_pixart-sigma-xl-2-512-ms,2045760,1.750082015991211
pixart-alpha_pixart-sigma-xl-2-512-ms,2075049,-0.32174184918403625
pixart-alpha_pixart-sigma-xl-2-512-ms,2075764,0.10359702259302139
pixart-alpha_pixart-sigma-xl-2-512-ms,2241569,-0.21734078228473663
pixart-alpha_pixart-sigma-xl-2-512-ms,2720725,-0.2945113480091095
pixart-alpha_pixart-sigma-xl-2-512-ms,2721160,1.659080982208252
pixart-alpha_pixart-sigma-xl-2-512-ms,2730265,2.3254129886627197
pixart-alpha_pixart-sigma-xl-2-512-ms,2744395,-0.10315371304750443
pixart-alpha_pixart-sigma-xl-2-512-ms,2770078,0.7979709506034851
pixart-alpha_pixart-sigma-xl-2-512-ms,2793684,0.35826125741004944
pixart-alpha_pixart-sigma-xl-2-512-ms,2803666,0.6948917508125305
pixart-alpha_pixart-sigma-xl-2-512-ms,2807731,1.6262152194976807
pixart-alpha_pixart-sigma-xl-2-512-ms,2821943,2.4024951457977295
pixart-alpha_pixart-sigma-xl-2-512-ms,2824319,0.7427893280982971
pixart-alpha_pixart-sigma-xl-2-512-ms,2825442,0.7354695200920105
pixart-alpha_pixart-sigma-xl-2-512-ms,2852043,0.8717536330223083
pixart-alpha_pixart-sigma-xl-2-512-ms,2870293,2.2849631309509277
pixart-alpha_pixart-sigma-xl-2-512-ms,2870880,2.4497604370117188
pixart-alpha_pixart-sigma-xl-2-512-ms,2923535,1.3345720767974854
pixart-alpha_pixart-sigma-xl-2-512-ms,2933112,2.67173171043396
pixart-alpha_pixart-sigma-xl-2-512-ms,2963987,1.4159923791885376
pixart-alpha_pixart-sigma-xl-2-512-ms,2991302,1.170710563659668
pixart-alpha_pixart-sigma-xl-2-512-ms,3024209,-0.885212779045105
pixart-alpha_pixart-sigma-xl-2-512-ms,3035832,1.5198196172714233
pixart-alpha_pixart-sigma-xl-2-512-ms,3049457,1.8392329216003418
pixart-alpha_pixart-sigma-xl-2-512-ms,3107488,-0.2789507508277893
pixart-alpha_pixart-sigma-xl-2-512-ms,3131388,1.259401559829712
pixart-alpha_pixart-sigma-xl-2-512-ms,3131669,1.5193032026290894
pixart-alpha_pixart-sigma-xl-2-512-ms,3152830,0.7860284447669983
pixart-alpha_pixart-sigma-xl-2-512-ms,3249569,-0.12543131411075592
pixart-alpha_pixart-sigma-xl-2-512-ms,3262349,1.6574445962905884
pixart-alpha_pixart-sigma-xl-2-512-ms,3288500,1.682942509651184
pixart-alpha_pixart-sigma-xl-2-512-ms,3298716,1.620111107826233
pixart-alpha_pixart-sigma-xl-2-512-ms,3308246,-0.640532910823822
pixart-alpha_pixart-sigma-xl-2-512-ms,3309110,-0.8597561120986938
pixart-alpha_pixart-sigma-xl-2-512-ms,3347220,0.13047988712787628
pixart-alpha_pixart-sigma-xl-2-512-ms,3353281,2.3701324462890625
pixart-alpha_pixart-sigma-xl-2-512-ms,3366112,-0.10945544391870499
pixart-alpha_pixart-sigma-xl-2-512-ms,3411927,1.5658330917358398
pixart-alpha_pixart-sigma-xl-2-512-ms,3456665,-0.017252838239073753
pixart-alpha_pixart-sigma-xl-2-512-ms,3563208,0.8348314762115479
pixart-alpha_pixart-sigma-xl-2-512-ms,3580281,-0.0769938975572586
pixart-alpha_pixart-sigma-xl-2-512-ms,3603442,0.15397721529006958
pixart-alpha_pixart-sigma-xl-2-512-ms,3607029,0.14866094291210175
pixart-alpha_pixart-sigma-xl-2-512-ms,3628071,-1.1846933364868164
pixart-alpha_pixart-sigma-xl-2-512-ms,3630383,2.4868714809417725
pixart-alpha_pixart-sigma-xl-2-512-ms,3676483,-0.6274827122688293
pixart-alpha_pixart-sigma-xl-2-512-ms,3679712,1.3502453565597534
pixart-alpha_pixart-sigma-xl-2-512-ms,3685307,0.3634227514266968
pixart-alpha_pixart-sigma-xl-2-512-ms,3703463,0.4288271367549896
pixart-alpha_pixart-sigma-xl-2-512-ms,3714235,0.44128504395484924
pixart-alpha_pixart-sigma-xl-2-512-ms,3728318,1.5646910667419434
pixart-alpha_pixart-sigma-xl-2-512-ms,3748162,1.2506253719329834
pixart-alpha_pixart-sigma-xl-2-512-ms,3764276,-0.6530426144599915
pixart-alpha_pixart-sigma-xl-2-512-ms,3818090,-0.4687645733356476
pixart-alpha_pixart-sigma-xl-2-512-ms,3842156,1.4077471494674683
pixart-alpha_pixart-sigma-xl-2-512-ms,3880032,1.658968448638916
pixart-alpha_pixart-sigma-xl-2-512-ms,3889343,2.2337753772735596
pixart-alpha_pixart-sigma-xl-2-512-ms,3907654,1.6339435577392578
pixart-alpha_pixart-sigma-xl-2-512-ms,3940713,1.8788729906082153
pixart-alpha_pixart-sigma-xl-2-512-ms,3975232,0.009233692660927773
pixart-alpha_pixart-sigma-xl-2-512-ms,3982060,-0.11014287918806076
pixart-alpha_pixart-sigma-xl-2-512-ms,3990474,1.3963520526885986
pixart-alpha_pixart-sigma-xl-2-512-ms,4010305,2.0719528198242188
pixart-alpha_pixart-sigma-xl-2-512-ms,4025130,0.43688222765922546
pixart-alpha_pixart-sigma-xl-2-512-ms,4062807,0.17517729103565216
pixart-alpha_pixart-sigma-xl-2-512-ms,4123448,0.40015676617622375
pixart-alpha_pixart-sigma-xl-2-512-ms,4125853,0.4847621023654938
pixart-alpha_pixart-sigma-xl-2-512-ms,4140340,-0.28581491112709045
pixart-alpha_pixart-sigma-xl-2-512-ms,4145056,0.5863969326019287
pixart-alpha_pixart-sigma-xl-2-512-ms,4192521,2.586352586746216
pixart-alpha_pixart-sigma-xl-2-512-ms,4259202,0.4507052004337311
pixart-alpha_pixart-sigma-xl-2-512-ms,4285773,2.304821014404297
pixart-alpha_pixart-sigma-xl-2-512-ms,4345028,2.0191218852996826
pixart-alpha_pixart-sigma-xl-2-512-ms,4387201,0.5885143280029297
pixart-alpha_pixart-sigma-xl-2-512-ms,4416901,-0.9457030892372131
pixart-alpha_pixart-sigma-xl-2-512-ms,4455579,1.2739133834838867
pixart-alpha_pixart-sigma-xl-2-512-ms,4497570,1.1180540323257446
pixart-alpha_pixart-sigma-xl-2-512-ms,4534520,0.2761966586112976
pixart-alpha_pixart-sigma-xl-2-512-ms,4539203,0.12465617805719376
pixart-alpha_pixart-sigma-xl-2-512-ms,4552551,2.215315341949463
pixart-alpha_pixart-sigma-xl-2-512-ms,4596797,1.1748486757278442
pixart-alpha_pixart-sigma-xl-2-512-ms,4832208,0.253675639629364
pixart-alpha_pixart-sigma-xl-2-512-ms,4930139,2.101328134536743
pixart-alpha_pixart-sigma-xl-2-512-ms,5008085,-0.060301490128040314
pixart-alpha_pixart-sigma-xl-2-512-ms,5219923,0.45906931161880493
pixart-alpha_pixart-sigma-xl-2-512-ms,5316083,0.04965079575777054
pixart-alpha_pixart-sigma-xl-2-512-ms,5350912,1.6416585445404053
pixart-alpha_pixart-sigma-xl-2-512-ms,5374860,-0.7601628303527832
pixart-alpha_pixart-sigma-xl-2-512-ms,5410315,0.5463980436325073
pixart-alpha_pixart-sigma-xl-2-512-ms,5522784,-0.5591357350349426
pixart-alpha_pixart-sigma-xl-2-512-ms,5728577,-0.6712674498558044
pixart-alpha_pixart-sigma-xl-2-512-ms,5752544,1.4595485925674438
pixart-alpha_pixart-sigma-xl-2-512-ms,5794797,-0.45764702558517456
pixart-alpha_pixart-sigma-xl-2-512-ms,5895919,1.8909943103790283
pixart-alpha_pixart-sigma-xl-2-512-ms,5958517,-0.06111498177051544
pixart-alpha_pixart-sigma-xl-2-512-ms,6189776,0.9952279329299927
pixart-alpha_pixart-sigma-xl-2-512-ms,6528587,0.37895986437797546
pixart-alpha_pixart-sigma-xl-2-512-ms,6584891,0.010992759838700294
pixart-alpha_pixart-sigma-xl-2-512-ms,6586355,0.805374026298523
pixart-alpha_pixart-sigma-xl-2-512-ms,6607809,-0.14759601652622223
pixart-alpha_pixart-sigma-xl-2-512-ms,6615026,0.8179298043251038
pixart-alpha_pixart-sigma-xl-2-512-ms,6615458,-0.22882790863513947
pixart-alpha_pixart-sigma-xl-2-512-ms,6615818,-0.18655367195606232
pixart-alpha_pixart-sigma-xl-2-512-ms,6616314,0.4424764811992645
pixart-alpha_pixart-sigma-xl-2-512-ms,6617011,0.6276422142982483
pixart-alpha_pixart-sigma-xl-2-512-ms,6617413,0.07534470409154892
pixart-alpha_pixart-sigma-xl-2-512-ms,6729499,1.3782870769500732
pixart-alpha_pixart-sigma-xl-2-512-ms,6880664,-0.6135190725326538
pixart-alpha_pixart-sigma-xl-2-512-ms,6883725,-0.8763188719749451
pixart-alpha_pixart-sigma-xl-2-512-ms,6946774,0.19156555831432343
pixart-alpha_pixart-sigma-xl-2-512-ms,7025268,0.8395275473594666
pixart-alpha_pixart-sigma-xl-2-512-ms,7109847,0.5150635838508606
pixart-alpha_pixart-sigma-xl-2-512-ms,7116261,0.5709027647972107
pixart-alpha_pixart-sigma-xl-2-512-ms,7150023,1.7141011953353882
pixart-alpha_pixart-sigma-xl-2-512-ms,7163803,0.8959773182868958
pixart-alpha_pixart-sigma-xl-2-512-ms,7507098,1.9654210805892944
pixart-alpha_pixart-sigma-xl-2-512-ms,7596684,1.7240679264068604
pixart-alpha_pixart-sigma-xl-2-512-ms,7597365,1.6527180671691895
pixart-alpha_pixart-sigma-xl-2-512-ms,7601809,1.6607577800750732
pixart-alpha_pixart-sigma-xl-2-512-ms,7605282,-0.2005646675825119
pixart-alpha_pixart-sigma-xl-2-512-ms,7606419,2.561793804168701
pixart-alpha_pixart-sigma-xl-2-512-ms,7607707,1.278272032737732
pixart-alpha_pixart-sigma-xl-2-512-ms,7608721,1.8281972408294678
pixart-alpha_pixart-sigma-xl-2-512-ms,7625977,2.319608688354492
pixart-alpha_pixart-sigma-xl-2-512-ms,7626721,1.8745918273925781
pixart-alpha_pixart-sigma-xl-2-512-ms,7626833,1.6394050121307373
pixart-alpha_pixart-sigma-xl-2-512-ms,7627310,1.5378061532974243
pixart-alpha_pixart-sigma-xl-2-512-ms,7651454,2.0736894607543945
pixart-alpha_pixart-sigma-xl-2-512-ms,7654438,1.9192410707473755
pixart-alpha_pixart-sigma-xl-2-512-ms,7664468,2.5459256172180176
pixart-alpha_pixart-sigma-xl-2-512-ms,7698915,-1.0213860273361206
pixart-alpha_pixart-sigma-xl-2-512-ms,7700167,0.7717522382736206
pixart-alpha_pixart-sigma-xl-2-512-ms,7700868,0.1999150961637497
pixart-alpha_pixart-sigma-xl-2-512-ms,7701244,0.41577839851379395
pixart-alpha_pixart-sigma-xl-2-512-ms,7702193,1.3532382249832153
pixart-alpha_pixart-sigma-xl-2-512-ms,7710616,0.4081205427646637
pixart-alpha_pixart-sigma-xl-2-512-ms,7834065,0.9270152449607849
pixart-alpha_pixart-sigma-xl-2-512-ms,7854266,0.4267630875110626
pixart-alpha_pixart-sigma-xl-2-512-ms,7854455,0.7083777785301208
pixart-alpha_pixart-sigma-xl-2-512-ms,7871940,1.2381972074508667
pixart-alpha_pixart-sigma-xl-2-512-ms,7891189,1.2017762660980225
pixart-alpha_pixart-sigma-xl-2-512-ms,7897116,0.8866854310035706
pixart-alpha_pixart-sigma-xl-2-512-ms,7914271,1.7799291610717773
pixart-alpha_pixart-sigma-xl-2-512-ms,7922764,1.4387807846069336
pixart-alpha_pixart-sigma-xl-2-512-ms,7929519,2.142636775970459
pixart-alpha_pixart-sigma-xl-2-512-ms,7933274,1.1033666133880615
pixart-alpha_pixart-sigma-xl-2-512-ms,7933530,1.3192236423492432
pixart-alpha_pixart-sigma-xl-2-512-ms,8089797,0.8229849934577942
pixart-alpha_pixart-sigma-xl-2-512-ms,8095160,2.31491756439209
pixart-alpha_pixart-sigma-xl-2-512-ms,8124208,2.1690146923065186
pixart-alpha_pixart-sigma-xl-2-512-ms,8339939,1.413917899131775
pixart-alpha_pixart-sigma-xl-2-512-ms,8876291,1.732248067855835
pixart-alpha_pixart-sigma-xl-2-512-ms,9020389,-0.09944026917219162
pixart-alpha_pixart-sigma-xl-2-512-ms,9044146,-0.6318838000297546
pixart-alpha_pixart-sigma-xl-2-512-ms,9057052,0.7882809638977051
pixart-alpha_pixart-sigma-xl-2-512-ms,9427682,1.6588367223739624
pixart-alpha_pixart-sigma-xl-2-512-ms,9580065,2.2270891666412354
pixart-alpha_pixart-sigma-xl-2-512-ms,9719434,1.1275839805603027
pixart-alpha_pixart-sigma-xl-2-512-ms,9793248,1.1252487897872925
pixart-alpha_pixart-sigma-xl-2-512-ms,9794211,1.344510793685913
pixart-alpha_pixart-sigma-xl-2-512-ms,9862621,1.3529809713363647
pixart-alpha_pixart-sigma-xl-2-512-ms,9875188,1.0754262208938599
pixart-alpha_pixart-sigma-xl-2-512-ms,9984659,1.0003138780593872
pixart-alpha_pixart-sigma-xl-2-512-ms,10012874,-0.6229949593544006
pixart-alpha_pixart-sigma-xl-2-512-ms,10024569,0.05801703780889511
pixart-alpha_pixart-sigma-xl-2-512-ms,10080493,0.9680626392364502
pixart-alpha_pixart-sigma-xl-2-512-ms,10106452,-0.007117173168808222
pixart-alpha_pixart-sigma-xl-2-512-ms,10198409,0.2262915074825287
pixart-alpha_pixart-sigma-xl-2-512-ms,10333317,1.0841903686523438
pixart-alpha_pixart-sigma-xl-2-512-ms,10408552,0.7285317778587341
pixart-alpha_pixart-sigma-xl-2-512-ms,10444677,-0.47707584500312805
pixart-alpha_pixart-sigma-xl-2-512-ms,10453357,0.22249452769756317
pixart-alpha_pixart-sigma-xl-2-512-ms,10548623,1.6692156791687012
pixart-alpha_pixart-sigma-xl-2-512-ms,10572128,0.9614689946174622
pixart-alpha_pixart-sigma-xl-2-512-ms,10794014,1.677669882774353
pixart-alpha_pixart-sigma-xl-2-512-ms,10939743,-0.1684926599264145
pixart-alpha_pixart-sigma-xl-2-512-ms,11039909,1.1720447540283203
pixart-alpha_pixart-sigma-xl-2-512-ms,11334088,-0.6997366547584534
pixart-alpha_pixart-sigma-xl-2-512-ms,11417672,0.3426317274570465
pixart-alpha_pixart-sigma-xl-2-512-ms,11437577,-0.15096549689769745
pixart-alpha_pixart-sigma-xl-2-512-ms,11460338,-0.0492398664355278
pixart-alpha_pixart-sigma-xl-2-512-ms,12345739,-0.9370718598365784
pixart-alpha_pixart-sigma-xl-2-512-ms,12402348,-0.88096684217453
pixart-alpha_pixart-sigma-xl-2-512-ms,13221529,-1.2516496181488037
pixart-alpha_pixart-sigma-xl-2-512-ms,13290566,1.2249326705932617
pixart-alpha_pixart-sigma-xl-2-512-ms,13389475,0.7007071375846863
pixart-alpha_pixart-sigma-xl-2-512-ms,13390139,-1.0126245021820068
pixart-alpha_pixart-sigma-xl-2-512-ms,13390405,-1.272022008895874
pixart-alpha_pixart-sigma-xl-2-512-ms,13392786,-0.9463738203048706
pixart-alpha_pixart-sigma-xl-2-512-ms,13649361,0.8348920345306396
pixart-alpha_pixart-sigma-xl-2-512-ms,13716878,0.5385227799415588
pixart-alpha_pixart-sigma-xl-2-512-ms,13884740,0.18120291829109192
pixart-alpha_pixart-sigma-xl-2-512-ms,13915305,1.3045241832733154
pixart-alpha_pixart-sigma-xl-2-512-ms,13931145,2.4914560317993164
pixart-alpha_pixart-sigma-xl-2-512-ms,13984082,1.3961937427520752
pixart-alpha_pixart-sigma-xl-2-512-ms,14140678,-0.31791895627975464
pixart-alpha_pixart-sigma-xl-2-512-ms,14195315,-0.3008665144443512
pixart-alpha_pixart-sigma-xl-2-512-ms,14294568,1.3320707082748413
pixart-alpha_pixart-sigma-xl-2-512-ms,14320813,1.1440562009811401
pixart-alpha_pixart-sigma-xl-2-512-ms,14360436,0.02082625962793827
pixart-alpha_pixart-sigma-xl-2-512-ms,14488317,1.8940765857696533
pixart-alpha_pixart-sigma-xl-2-512-ms,14533937,0.3363730013370514
pixart-alpha_pixart-sigma-xl-2-512-ms,14550987,0.6284744143486023
pixart-alpha_pixart-sigma-xl-2-512-ms,14579933,0.21542970836162567
pixart-alpha_pixart-sigma-xl-2-512-ms,14606290,1.567653775215149
pixart-alpha_pixart-sigma-xl-2-512-ms,14620257,0.4517168700695038
pixart-alpha_pixart-sigma-xl-2-512-ms,14632648,0.5290058255195618
pixart-alpha_pixart-sigma-xl-2-512-ms,14647235,-0.4691649079322815
pixart-alpha_pixart-sigma-xl-2-512-ms,14654954,0.9799658060073853
pixart-alpha_pixart-sigma-xl-2-512-ms,14686352,0.09835606068372726
pixart-alpha_pixart-sigma-xl-2-512-ms,14702875,0.6458571553230286
pixart-alpha_pixart-sigma-xl-2-512-ms,14703190,-0.13720877468585968
pixart-alpha_pixart-sigma-xl-2-512-ms,14807929,0.2155696600675583
pixart-alpha_pixart-sigma-xl-2-512-ms,14809057,0.4158025085926056
pixart-alpha_pixart-sigma-xl-2-512-ms,14867690,1.3938316106796265
pixart-alpha_pixart-sigma-xl-2-512-ms,14872875,-0.21970884501934052
pixart-alpha_pixart-sigma-xl-2-512-ms,14880557,0.49375900626182556
pixart-alpha_pixart-sigma-xl-2-512-ms,14894140,0.9566336274147034
pixart-alpha_pixart-sigma-xl-2-512-ms,15180934,1.530951976776123
pixart-alpha_pixart-sigma-xl-2-512-ms,15970145,2.5170750617980957
pixart-alpha_pixart-sigma-xl-2-512-ms,17002912,0.6355398297309875
pixart-alpha_pixart-sigma-xl-2-512-ms,17012379,-0.10381080955266953
pixart-alpha_pixart-sigma-xl-2-512-ms,17282800,-0.4055458903312683
pixart-alpha_pixart-sigma-xl-2-512-ms,17925539,1.2441961765289307
pixart-alpha_pixart-sigma-xl-2-512-ms,18367104,1.4478265047073364
pixart-alpha_pixart-sigma-xl-2-512-ms,18758723,0.036044128239154816
pixart-alpha_pixart-sigma-xl-2-512-ms,19143128,-0.23906788229942322
pixart-alpha_pixart-sigma-xl-2-512-ms,19671124,-0.10877982527017593
pixart-alpha_pixart-sigma-xl-2-512-ms,19855707,0.25597670674324036
pixart-alpha_pixart-sigma-xl-2-512-ms,19893872,0.4109935760498047
pixart-alpha_pixart-sigma-xl-2-512-ms,20017667,0.7630402445793152
pixart-alpha_pixart-sigma-xl-2-512-ms,20128079,0.9759026765823364
pixart-alpha_pixart-sigma-xl-2-512-ms,20471134,-0.5152281522750854
pixart-alpha_pixart-sigma-xl-2-512-ms,20495093,1.3134384155273438
pixart-alpha_pixart-sigma-xl-2-512-ms,20782430,-0.8288143873214722
pixart-alpha_pixart-sigma-xl-2-512-ms,21377549,-0.023007085546851158
pixart-alpha_pixart-sigma-xl-2-512-ms,21564446,0.4458240568637848
pixart-alpha_pixart-sigma-xl-2-512-ms,21620388,2.193159818649292
pixart-alpha_pixart-sigma-xl-2-512-ms,22149540,0.3164001405239105
pixart-alpha_pixart-sigma-xl-2-512-ms,22738759,1.7033945322036743
pixart-alpha_pixart-sigma-xl-2-512-ms,22767176,0.4423902630805969
pixart-alpha_pixart-sigma-xl-2-512-ms,23129661,0.16740287840366364
pixart-alpha_pixart-sigma-xl-2-512-ms,23185551,-0.32208961248397827
pixart-alpha_pixart-sigma-xl-2-512-ms,23232427,-1.1605840921401978
pixart-alpha_pixart-sigma-xl-2-512-ms,23257851,-0.6132369637489319
pixart-alpha_pixart-sigma-xl-2-512-ms,23620789,2.2241384983062744
pixart-alpha_pixart-sigma-xl-2-512-ms,24808131,0.1591913253068924
pixart-alpha_pixart-sigma-xl-2-512-ms,24843217,-0.010742655023932457
pixart-alpha_pixart-sigma-xl-2-512-ms,24933378,0.5498569011688232
pixart-alpha_pixart-sigma-xl-2-512-ms,24942232,1.7865701913833618
pixart-alpha_pixart-sigma-xl-2-512-ms,25290589,1.0475887060165405
pixart-alpha_pixart-sigma-xl-2-512-ms,25579216,0.5414806008338928
pixart-alpha_pixart-sigma-xl-2-512-ms,25685207,0.8029552698135376
pixart-alpha_pixart-sigma-xl-2-512-ms,25776594,-0.22234028577804565
pixart-alpha_pixart-sigma-xl-2-512-ms,26078214,0.6876752972602844
pixart-alpha_pixart-sigma-xl-2-512-ms,26746434,0.965905487537384
pixart-alpha_pixart-sigma-xl-2-512-ms,26998039,1.3307212591171265
pixart-alpha_pixart-sigma-xl-2-512-ms,27106238,1.7853751182556152
pixart-alpha_pixart-sigma-xl-2-512-ms,27246777,1.1255007982254028
pixart-alpha_pixart-sigma-xl-2-512-ms,27768637,1.3476004600524902
pixart-alpha_pixart-sigma-xl-2-512-ms,27871992,1.348321557044983
pixart-alpha_pixart-sigma-xl-2-512-ms,28190972,1.3070913553237915
pixart-alpha_pixart-sigma-xl-2-512-ms,29094321,0.14726047217845917
pixart-alpha_pixart-sigma-xl-2-512-ms,29148617,1.316179871559143
pixart-alpha_pixart-sigma-xl-2-512-ms,29161294,-0.2634229362010956
pixart-alpha_pixart-sigma-xl-2-512-ms,29632917,0.8077760338783264
pixart-alpha_pixart-sigma-xl-2-512-ms,29703209,-0.7259262800216675
pixart-alpha_pixart-sigma-xl-2-512-ms,29779486,-0.4827030897140503
pixart-alpha_pixart-sigma-xl-2-512-ms,30028757,0.7732643485069275
pixart-alpha_pixart-sigma-xl-2-512-ms,30225071,-0.04996054619550705
pixart-alpha_pixart-sigma-xl-2-512-ms,30373565,0.06269080191850662
pixart-alpha_pixart-sigma-xl-2-512-ms,30484086,0.21066205203533173
pixart-alpha_pixart-sigma-xl-2-512-ms,30883080,0.6689050793647766
pixart-alpha_pixart-sigma-xl-2-512-ms,31114750,2.4211008548736572
pixart-alpha_pixart-sigma-xl-2-512-ms,31196176,-1.119628667831421
pixart-alpha_pixart-sigma-xl-2-512-ms,31391857,0.9951871037483215
pixart-alpha_pixart-sigma-xl-2-512-ms,31595142,2.3650500774383545
pixart-alpha_pixart-sigma-xl-2-512-ms,32152786,1.1364065408706665
pixart-alpha_pixart-sigma-xl-2-512-ms,32327818,-1.3171008825302124
pixart-alpha_pixart-sigma-xl-2-512-ms,32379732,1.961303949356079
pixart-alpha_pixart-sigma-xl-2-512-ms,32473966,-1.1190892457962036
pixart-alpha_pixart-sigma-xl-2-512-ms,32902730,1.6150456666946411
pixart-alpha_pixart-sigma-xl-2-512-ms,32932491,0.3280040919780731
pixart-alpha_pixart-sigma-xl-2-512-ms,33006578,1.820108413696289
pixart-alpha_pixart-sigma-xl-2-512-ms,33478721,1.7842605113983154
pixart-alpha_pixart-sigma-xl-2-512-ms,34475997,-1.405829906463623
pixart-alpha_pixart-sigma-xl-2-512-ms,34578737,1.1412558555603027
pixart-alpha_pixart-sigma-xl-2-512-ms,34773230,-0.12244593352079391
pixart-alpha_pixart-sigma-xl-2-512-ms,36507085,2.171272039413452
pixart-alpha_pixart-sigma-xl-2-512-ms,36678439,0.8309600949287415
pixart-alpha_pixart-sigma-xl-2-512-ms,37287360,0.8537487983703613
pixart-alpha_pixart-sigma-xl-2-512-ms,37319253,-0.6633259654045105
pixart-alpha_pixart-sigma-xl-2-512-ms,37547870,1.6894142627716064
pixart-alpha_pixart-sigma-xl-2-512-ms,37736408,1.6598440408706665
pixart-alpha_pixart-sigma-xl-2-512-ms,38014258,-0.416228324174881
pixart-alpha_pixart-sigma-xl-2-512-ms,38297191,1.9473116397857666
pixart-alpha_pixart-sigma-xl-2-512-ms,38402744,1.086409091949463
pixart-alpha_pixart-sigma-xl-2-512-ms,38954086,-0.3328634798526764
pixart-alpha_pixart-sigma-xl-2-512-ms,39139190,0.44948992133140564
pixart-alpha_pixart-sigma-xl-2-512-ms,39560404,-0.6840866208076477
pixart-alpha_pixart-sigma-xl-2-512-ms,39566065,1.3959875106811523
pixart-alpha_pixart-sigma-xl-2-512-ms,39595218,2.009220838546753
pixart-alpha_pixart-sigma-xl-2-512-ms,40825299,-1.3163154125213623
pixart-alpha_pixart-sigma-xl-2-512-ms,40945115,-1.118664264678955
pixart-alpha_pixart-sigma-xl-2-512-ms,40995095,0.8688966035842896
pixart-alpha_pixart-sigma-xl-2-512-ms,41015844,0.9135851263999939
pixart-alpha_pixart-sigma-xl-2-512-ms,41031648,0.023739615455269814
pixart-alpha_pixart-sigma-xl-2-512-ms,41161074,-0.2035292237997055
pixart-alpha_pixart-sigma-xl-2-512-ms,41458919,0.43861639499664307
pixart-alpha_pixart-sigma-xl-2-512-ms,41565779,0.23015527427196503
pixart-alpha_pixart-sigma-xl-2-512-ms,41766391,-0.3580310642719269
pixart-alpha_pixart-sigma-xl-2-512-ms,41982710,0.9573416113853455
pixart-alpha_pixart-sigma-xl-2-512-ms,42048260,0.6287441849708557
pixart-alpha_pixart-sigma-xl-2-512-ms,42849420,-0.533588171005249
pixart-alpha_pixart-sigma-xl-2-512-ms,42931583,1.2923262119293213
pixart-alpha_pixart-sigma-xl-2-512-ms,43060946,0.3518666923046112
pixart-alpha_pixart-sigma-xl-2-512-ms,43153800,1.2735357284545898
pixart-alpha_pixart-sigma-xl-2-512-ms,43161384,1.1007707118988037
pixart-alpha_pixart-sigma-xl-2-512-ms,43301379,2.7321202754974365
pixart-alpha_pixart-sigma-xl-2-512-ms,43304323,0.6312494874000549
pixart-alpha_pixart-sigma-xl-2-512-ms,43367797,0.38914191722869873
pixart-alpha_pixart-sigma-xl-2-512-ms,43431032,1.5320110321044922
pixart-alpha_pixart-sigma-xl-2-512-ms,43631801,-1.0606257915496826
pixart-alpha_pixart-sigma-xl-2-512-ms,43735560,-0.29610466957092285
pixart-alpha_pixart-sigma-xl-2-512-ms,43858443,2.4113943576812744
pixart-alpha_pixart-sigma-xl-2-512-ms,43918624,-0.17114242911338806
pixart-alpha_pixart-sigma-xl-2-512-ms,44280552,-0.3246592581272125
pixart-alpha_pixart-sigma-xl-2-512-ms,44295589,1.4101991653442383
pixart-alpha_pixart-sigma-xl-2-512-ms,44621915,1.682934284210205
pixart-alpha_pixart-sigma-xl-2-512-ms,44645737,1.6682076454162598
pixart-alpha_pixart-sigma-xl-2-512-ms,44838123,-0.6200081706047058
pixart-alpha_pixart-sigma-xl-2-512-ms,45258070,-0.824055016040802
pixart-alpha_pixart-sigma-xl-2-512-ms,45297641,0.08773062378168106
pixart-alpha_pixart-sigma-xl-2-512-ms,45418454,1.9550046920776367
pixart-alpha_pixart-sigma-xl-2-512-ms,45564900,0.14212170243263245
pixart-alpha_pixart-sigma-xl-2-512-ms,46150029,0.9195310473442078
pixart-alpha_pixart-sigma-xl-2-512-ms,46394736,-1.5718826055526733
pixart-alpha_pixart-sigma-xl-2-512-ms,46673664,1.8423233032226562
pixart-alpha_pixart-sigma-xl-2-512-ms,46994920,-1.1751705408096313
pixart-alpha_pixart-sigma-xl-2-512-ms,47009060,1.9033708572387695
pixart-alpha_pixart-sigma-xl-2-512-ms,47552953,1.8632255792617798
pixart-alpha_pixart-sigma-xl-2-512-ms,47595220,1.9259144067764282
pixart-alpha_pixart-sigma-xl-2-512-ms,47819321,0.575531005859375
pixart-alpha_pixart-sigma-xl-2-512-ms,48223384,0.9617128968238831
pixart-alpha_pixart-sigma-xl-2-512-ms,48351897,-0.8293243050575256
pixart-alpha_pixart-sigma-xl-2-512-ms,48754831,0.09385041147470474
pixart-alpha_pixart-sigma-xl-2-512-ms,49054805,1.5419366359710693
pixart-alpha_pixart-sigma-xl-2-512-ms,49089576,1.26079261302948
pixart-alpha_pixart-sigma-xl-2-512-ms,49300740,1.0265789031982422
pixart-alpha_pixart-sigma-xl-2-512-ms,49358811,1.506807804107666
pixart-alpha_pixart-sigma-xl-2-512-ms,49462954,-1.582159161567688
pixart-alpha_pixart-sigma-xl-2-512-ms,50262859,0.33016660809516907
pixart-alpha_pixart-sigma-xl-2-512-ms,50871471,0.5673425197601318
pixart-alpha_pixart-sigma-xl-2-512-ms,50952217,-1.5836358070373535
pixart-alpha_pixart-sigma-xl-2-512-ms,51060824,0.7836288809776306
pixart-alpha_pixart-sigma-xl-2-512-ms,51314050,0.2475377768278122
pixart-alpha_pixart-sigma-xl-2-512-ms,51946990,-0.4767535626888275
pixart-alpha_pixart-sigma-xl-2-512-ms,52325745,0.6355656981468201
pixart-alpha_pixart-sigma-xl-2-512-ms,52474100,1.413037657737732
pixart-alpha_pixart-sigma-xl-2-512-ms,52516409,-0.9265928864479065
pixart-alpha_pixart-sigma-xl-2-512-ms,52711595,0.3746294677257538
pixart-alpha_pixart-sigma-xl-2-512-ms,53022028,1.171713948249817
pixart-alpha_pixart-sigma-xl-2-512-ms,53205877,1.6309266090393066
pixart-alpha_pixart-sigma-xl-2-512-ms,53288018,0.9661833643913269
pixart-alpha_pixart-sigma-xl-2-512-ms,53443611,2.0212175846099854
pixart-alpha_pixart-sigma-xl-2-512-ms,53815934,0.13377754390239716
pixart-alpha_pixart-sigma-xl-2-512-ms,54495173,2.340862989425659
pixart-alpha_pixart-sigma-xl-2-512-ms,54931507,0.7654253840446472
pixart-alpha_pixart-sigma-xl-2-512-ms,55191509,0.5672667622566223
pixart-alpha_pixart-sigma-xl-2-512-ms,55255145,1.5985386371612549
pixart-alpha_pixart-sigma-xl-2-512-ms,55457672,2.2438271045684814
pixart-alpha_pixart-sigma-xl-2-512-ms,55588327,0.7321752905845642
pixart-alpha_pixart-sigma-xl-2-512-ms,55653646,1.3552284240722656
pixart-alpha_pixart-sigma-xl-2-512-ms,55658809,0.9150394797325134
pixart-alpha_pixart-sigma-xl-2-512-ms,55812974,0.7270958423614502
pixart-alpha_pixart-sigma-xl-2-512-ms,55819553,1.2057392597198486
pixart-alpha_pixart-sigma-xl-2-512-ms,55826966,1.1278026103973389
pixart-alpha_pixart-sigma-xl-2-512-ms,55983905,0.6412403583526611
pixart-alpha_pixart-sigma-xl-2-512-ms,56074056,1.5021361112594604
pixart-alpha_pixart-sigma-xl-2-512-ms,56112588,-0.29596635699272156
pixart-alpha_pixart-sigma-xl-2-512-ms,56121520,-0.5347461104393005
pixart-alpha_pixart-sigma-xl-2-512-ms,56250900,-0.9380762577056885
pixart-alpha_pixart-sigma-xl-2-512-ms,56458800,-0.20643474161624908
pixart-alpha_pixart-sigma-xl-2-512-ms,56792430,-0.423502117395401
pixart-alpha_pixart-sigma-xl-2-512-ms,56982260,0.6260715126991272
pixart-alpha_pixart-sigma-xl-2-512-ms,57673976,0.4689836800098419
pixart-alpha_pixart-sigma-xl-2-512-ms,57716963,1.8590023517608643
pixart-alpha_pixart-sigma-xl-2-512-ms,57729980,1.959855079650879
pixart-alpha_pixart-sigma-xl-2-512-ms,57785005,0.5881438851356506
pixart-alpha_pixart-sigma-xl-2-512-ms,57873614,0.6689391732215881
pixart-alpha_pixart-sigma-xl-2-512-ms,58727024,-1.2144750356674194
pixart-alpha_pixart-sigma-xl-2-512-ms,58761464,3.160557746887207
pixart-alpha_pixart-sigma-xl-2-512-ms,59399259,0.15010033547878265
pixart-alpha_pixart-sigma-xl-2-512-ms,59976859,0.8756183981895447
pixart-alpha_pixart-sigma-xl-2-512-ms,60083345,-0.6488648056983948
pixart-alpha_pixart-sigma-xl-2-512-ms,60214770,-0.7593409419059753
pixart-alpha_pixart-sigma-xl-2-512-ms,60215376,-0.17689736187458038
pixart-alpha_pixart-sigma-xl-2-512-ms,60375309,-0.23855100572109222
pixart-alpha_pixart-sigma-xl-2-512-ms,60606896,1.2194764614105225
pixart-alpha_pixart-sigma-xl-2-512-ms,60668084,3.0124804973602295
pixart-alpha_pixart-sigma-xl-2-512-ms,61035709,1.5260270833969116
pixart-alpha_pixart-sigma-xl-2-512-ms,61388266,-0.12278606742620468
pixart-alpha_pixart-sigma-xl-2-512-ms,61627313,2.957885503768921
pixart-alpha_pixart-sigma-xl-2-512-ms,61635816,1.5225069522857666
pixart-alpha_pixart-sigma-xl-2-512-ms,61853324,0.3260022699832916
pixart-alpha_pixart-sigma-xl-2-512-ms,62408818,3.1073341369628906
pixart-alpha_pixart-sigma-xl-2-512-ms,62841330,1.4141629934310913
pixart-alpha_pixart-sigma-xl-2-512-ms,63015570,2.0493249893188477
pixart-alpha_pixart-sigma-xl-2-512-ms,63336441,0.6625239849090576
pixart-alpha_pixart-sigma-xl-2-512-ms,63633117,2.3910653591156006
pixart-alpha_pixart-sigma-xl-2-512-ms,64576544,0.4001706540584564
pixart-alpha_pixart-sigma-xl-2-512-ms,64687077,0.7237067818641663
pixart-alpha_pixart-sigma-xl-2-512-ms,64693533,0.1449318826198578
pixart-alpha_pixart-sigma-xl-2-512-ms,64856142,0.509681224822998
pixart-alpha_pixart-sigma-xl-2-512-ms,65411270,0.8893395066261292
pixart-alpha_pixart-sigma-xl-2-512-ms,65557844,1.6647011041641235
pixart-alpha_pixart-sigma-xl-2-512-ms,65824677,-0.8410269618034363
pixart-alpha_pixart-sigma-xl-2-512-ms,65890875,2.5660767555236816
pixart-alpha_pixart-sigma-xl-2-512-ms,65960228,0.2841544449329376
pixart-alpha_pixart-sigma-xl-2-512-ms,66668538,-0.9811353087425232
pixart-alpha_pixart-sigma-xl-2-512-ms,67344811,0.36343076825141907
pixart-alpha_pixart-sigma-xl-2-512-ms,67949798,2.4809343814849854
pixart-alpha_pixart-sigma-xl-2-512-ms,68246844,0.508608877658844
pixart-alpha_pixart-sigma-xl-2-512-ms,68280322,-0.6620389223098755
pixart-alpha_pixart-sigma-xl-2-512-ms,68321683,2.1735970973968506
pixart-alpha_pixart-sigma-xl-2-512-ms,68380669,0.41290169954299927
pixart-alpha_pixart-sigma-xl-2-512-ms,68575085,2.156010627746582
pixart-alpha_pixart-sigma-xl-2-512-ms,70380966,-0.6260436177253723
pixart-alpha_pixart-sigma-xl-2-512-ms,70494671,1.6801588535308838
pixart-alpha_pixart-sigma-xl-2-512-ms,71055464,-0.41752737760543823
pixart-alpha_pixart-sigma-xl-2-512-ms,71591839,-1.5232359170913696
pixart-alpha_pixart-sigma-xl-2-512-ms,71828875,0.3991609513759613
pixart-alpha_pixart-sigma-xl-2-512-ms,71910823,1.2881097793579102
pixart-alpha_pixart-sigma-xl-2-512-ms,71959499,2.863128423690796
pixart-alpha_pixart-sigma-xl-2-512-ms,72432241,2.160095691680908
pixart-alpha_pixart-sigma-xl-2-512-ms,72553814,0.14523662626743317
pixart-alpha_pixart-sigma-xl-2-512-ms,73051579,2.7822132110595703
pixart-alpha_pixart-sigma-xl-2-512-ms,73600586,-0.18108658492565155
pixart-alpha_pixart-sigma-xl-2-512-ms,73616417,0.8056442737579346
pixart-alpha_pixart-sigma-xl-2-512-ms,73681289,0.47741979360580444
pixart-alpha_pixart-sigma-xl-2-512-ms,73962724,-0.1265922337770462
pixart-alpha_pixart-sigma-xl-2-512-ms,74175857,1.5868825912475586
pixart-alpha_pixart-sigma-xl-2-512-ms,75051801,0.7990216612815857
pixart-alpha_pixart-sigma-xl-2-512-ms,75787772,1.4408212900161743
pixart-alpha_pixart-sigma-xl-2-512-ms,75944980,0.7327963709831238
pixart-alpha_pixart-sigma-xl-2-512-ms,75964288,-1.1048424243927002
pixart-alpha_pixart-sigma-xl-2-512-ms,76066166,0.3836817443370819
pixart-alpha_pixart-sigma-xl-2-512-ms,76100398,0.6679137349128723
pixart-alpha_pixart-sigma-xl-2-512-ms,76425345,1.4302724599838257
pixart-alpha_pixart-sigma-xl-2-512-ms,77106105,0.23026986420154572
pixart-alpha_pixart-sigma-xl-2-512-ms,77132310,-1.0223537683486938
pixart-alpha_pixart-sigma-xl-2-512-ms,77232534,1.8971424102783203
pixart-alpha_pixart-sigma-xl-2-512-ms,77312726,-1.0019705295562744
pixart-alpha_pixart-sigma-xl-2-512-ms,77358840,1.3697031736373901
pixart-alpha_pixart-sigma-xl-2-512-ms,77490593,-0.23366697132587433
pixart-alpha_pixart-sigma-xl-2-512-ms,77726888,0.8136169910430908
pixart-alpha_pixart-sigma-xl-2-512-ms,78735978,0.49065569043159485
pixart-alpha_pixart-sigma-xl-2-512-ms,79077085,1.3639065027236938
pixart-alpha_pixart-sigma-xl-2-512-ms,79212243,2.7160465717315674
pixart-alpha_pixart-sigma-xl-2-512-ms,79606917,0.792599618434906
pixart-alpha_pixart-sigma-xl-2-512-ms,79918827,1.2845423221588135
pixart-alpha_pixart-sigma-xl-2-512-ms,80289373,-0.026665812358260155
pixart-alpha_pixart-sigma-xl-2-512-ms,80371125,0.07987044006586075
pixart-alpha_pixart-sigma-xl-2-512-ms,80540387,1.1073462963104248
pixart-alpha_pixart-sigma-xl-2-512-ms,81135077,0.6529926657676697
pixart-alpha_pixart-sigma-xl-2-512-ms,81303945,2.9901654720306396
pixart-alpha_pixart-sigma-xl-2-512-ms,81435593,-0.5221501588821411
pixart-alpha_pixart-sigma-xl-2-512-ms,82282590,1.2320196628570557
pixart-alpha_pixart-sigma-xl-2-512-ms,82696415,0.3272111117839813
pixart-alpha_pixart-sigma-xl-2-512-ms,82916016,0.4211510121822357
pixart-alpha_pixart-sigma-xl-2-512-ms,83084473,1.512576937675476
pixart-alpha_pixart-sigma-xl-2-512-ms,83418847,1.7109732627868652
pixart-alpha_pixart-sigma-xl-2-512-ms,84089324,-0.4751892387866974
pixart-alpha_pixart-sigma-xl-2-512-ms,84306831,2.5330276489257812
pixart-alpha_pixart-sigma-xl-2-512-ms,84510135,1.193067193031311
pixart-alpha_pixart-sigma-xl-2-512-ms,84788890,1.1711187362670898
pixart-alpha_pixart-sigma-xl-2-512-ms,84985982,0.9424340128898621
pixart-alpha_pixart-sigma-xl-2-512-ms,85191733,1.1544668674468994
pixart-alpha_pixart-sigma-xl-2-512-ms,86119145,0.7991856932640076
pixart-alpha_pixart-sigma-xl-2-512-ms,86340862,2.5622944831848145
pixart-alpha_pixart-sigma-xl-2-512-ms,86341828,1.021431803703308
pixart-alpha_pixart-sigma-xl-2-512-ms,86537356,1.5269733667373657
pixart-alpha_pixart-sigma-xl-2-512-ms,86701636,2.499887466430664
pixart-alpha_pixart-sigma-xl-2-512-ms,86714939,-0.4299032390117645
pixart-alpha_pixart-sigma-xl-2-512-ms,87574583,-0.16489355266094208
pixart-alpha_pixart-sigma-xl-2-512-ms,87699711,0.9759520292282104
pixart-alpha_pixart-sigma-xl-2-512-ms,88016571,0.45118680596351624
pixart-alpha_pixart-sigma-xl-2-512-ms,88087492,0.45521894097328186
pixart-alpha_pixart-sigma-xl-2-512-ms,89227603,1.7897084951400757
pixart-alpha_pixart-sigma-xl-2-512-ms,89539854,0.7544247508049011
pixart-alpha_pixart-sigma-xl-2-512-ms,89926787,0.9399358034133911
pixart-alpha_pixart-sigma-xl-2-512-ms,90244932,1.1943382024765015
pixart-alpha_pixart-sigma-xl-2-512-ms,90493027,0.8359928131103516
pixart-alpha_pixart-sigma-xl-2-512-ms,90613035,1.1590979099273682
pixart-alpha_pixart-sigma-xl-2-512-ms,91368797,1.663426160812378
pixart-alpha_pixart-sigma-xl-2-512-ms,91784299,2.1398043632507324
pixart-alpha_pixart-sigma-xl-2-512-ms,91790573,2.1447768211364746
pixart-alpha_pixart-sigma-xl-2-512-ms,91834546,0.2657832205295563
pixart-alpha_pixart-sigma-xl-2-512-ms,92068094,1.4638781547546387
pixart-alpha_pixart-sigma-xl-2-512-ms,92311656,0.3612780272960663
pixart-alpha_pixart-sigma-xl-2-512-ms,92709444,-0.5523267984390259
pixart-alpha_pixart-sigma-xl-2-512-ms,93114575,-1.636333703994751
pixart-alpha_pixart-sigma-xl-2-512-ms,93256557,0.36288443207740784
pixart-alpha_pixart-sigma-xl-2-512-ms,93407716,0.5759169459342957
pixart-alpha_pixart-sigma-xl-2-512-ms,93436296,0.9358593225479126
pixart-alpha_pixart-sigma-xl-2-512-ms,93512057,2.0492281913757324
pixart-alpha_pixart-sigma-xl-2-512-ms,94006560,-0.3574250042438507
pixart-alpha_pixart-sigma-xl-2-512-ms,94321535,1.8533427715301514
pixart-alpha_pixart-sigma-xl-2-512-ms,94532154,0.1916630119085312
pixart-alpha_pixart-sigma-xl-2-512-ms,95171107,0.3586675226688385
pixart-alpha_pixart-sigma-xl-2-512-ms,95228839,-1.0119144916534424
pixart-alpha_pixart-sigma-xl-2-512-ms,95325441,0.26201900839805603
pixart-alpha_pixart-sigma-xl-2-512-ms,95450946,2.1793665885925293
pixart-alpha_pixart-sigma-xl-2-512-ms,95583911,0.4039405584335327
pixart-alpha_pixart-sigma-xl-2-512-ms,95718306,2.781034231185913
pixart-alpha_pixart-sigma-xl-2-512-ms,95737828,-0.8905738592147827
pixart-alpha_pixart-sigma-xl-2-512-ms,96448597,-0.5142057538032532
pixart-alpha_pixart-sigma-xl-2-512-ms,96482065,0.009906569495797157
pixart-alpha_pixart-sigma-xl-2-512-ms,96521920,2.4120566844940186
pixart-alpha_pixart-sigma-xl-2-512-ms,96850153,2.175989866256714
pixart-alpha_pixart-sigma-xl-2-512-ms,98113191,0.24500629305839539
pixart-alpha_pixart-sigma-xl-2-512-ms,98195317,0.375328928232193
pixart-alpha_pixart-sigma-xl-2-512-ms,98254655,2.6179730892181396
pixart-alpha_pixart-sigma-xl-2-512-ms,98319500,1.1463937759399414
pixart-alpha_pixart-sigma-xl-2-512-ms,98642787,0.6705072522163391
pixart-alpha_pixart-sigma-xl-2-512-ms,98646702,-0.7704372406005859
pixart-alpha_pixart-sigma-xl-2-512-ms,98929226,-1.1030572652816772
pixart-alpha_pixart-sigma-xl-2-512-ms,99178779,2.039928436279297
pixart-alpha_pixart-sigma-xl-2-512-ms,99185892,0.7023642659187317
pixart-alpha_pixart-sigma-xl-2-512-ms,99211012,1.0591301918029785
pixart-alpha_pixart-sigma-xl-2-512-ms,99410560,-0.2182799130678177
pixart-alpha_pixart-sigma-xl-2-512-ms,99862294,-0.8810288310050964
tencent-hunyuan_hunyuandit-v1.2-diffusers,138508,0.3018099367618561
tencent-hunyuan_hunyuandit-v1.2-diffusers,192051,-1.4507968425750732
tencent-hunyuan_hunyuandit-v1.2-diffusers,213186,-1.2506492137908936
tencent-hunyuan_hunyuandit-v1.2-diffusers,232386,0.1672932654619217
tencent-hunyuan_hunyuandit-v1.2-diffusers,232765,-0.7595367431640625
tencent-hunyuan_hunyuandit-v1.2-diffusers,258857,0.2578800618648529
tencent-hunyuan_hunyuandit-v1.2-diffusers,283090,-0.6907802820205688
tencent-hunyuan_hunyuandit-v1.2-diffusers,285141,-1.2258615493774414
tencent-hunyuan_hunyuandit-v1.2-diffusers,399030,-0.12681376934051514
tencent-hunyuan_hunyuandit-v1.2-diffusers,440189,0.9598303437232971
tencent-hunyuan_hunyuandit-v1.2-diffusers,445169,-0.5905812978744507
tencent-hunyuan_hunyuandit-v1.2-diffusers,486490,1.398409366607666
tencent-hunyuan_hunyuandit-v1.2-diffusers,487072,0.22580350935459137
tencent-hunyuan_hunyuandit-v1.2-diffusers,487326,1.4185185432434082
tencent-hunyuan_hunyuandit-v1.2-diffusers,489837,0.846716046333313
tencent-hunyuan_hunyuandit-v1.2-diffusers,646833,2.01161789894104
tencent-hunyuan_hunyuandit-v1.2-diffusers,708860,1.2802568674087524
tencent-hunyuan_hunyuandit-v1.2-diffusers,717208,1.2077195644378662
tencent-hunyuan_hunyuandit-v1.2-diffusers,717468,1.400587797164917
tencent-hunyuan_hunyuandit-v1.2-diffusers,735254,1.0370688438415527
tencent-hunyuan_hunyuandit-v1.2-diffusers,762478,-0.7355086803436279
tencent-hunyuan_hunyuandit-v1.2-diffusers,825443,1.8498094081878662
tencent-hunyuan_hunyuandit-v1.2-diffusers,831919,1.3618444204330444
tencent-hunyuan_hunyuandit-v1.2-diffusers,896677,-0.7356603741645813
tencent-hunyuan_hunyuandit-v1.2-diffusers,936620,0.8274685144424438
tencent-hunyuan_hunyuandit-v1.2-diffusers,974367,-0.23684874176979065
tencent-hunyuan_hunyuandit-v1.2-diffusers,993014,2.0525362491607666
tencent-hunyuan_hunyuandit-v1.2-diffusers,995855,1.3054261207580566
tencent-hunyuan_hunyuandit-v1.2-diffusers,1113367,0.649607241153717
tencent-hunyuan_hunyuandit-v1.2-diffusers,1171644,1.3901110887527466
tencent-hunyuan_hunyuandit-v1.2-diffusers,1209135,0.2278861254453659
tencent-hunyuan_hunyuandit-v1.2-diffusers,1317294,-1.5026723146438599
tencent-hunyuan_hunyuandit-v1.2-diffusers,1317533,0.5758165717124939
tencent-hunyuan_hunyuandit-v1.2-diffusers,1321854,0.1313091516494751
tencent-hunyuan_hunyuandit-v1.2-diffusers,1377758,-1.5377956628799438
tencent-hunyuan_hunyuandit-v1.2-diffusers,1474832,0.6550225615501404
tencent-hunyuan_hunyuandit-v1.2-diffusers,1516071,0.977428138256073
tencent-hunyuan_hunyuandit-v1.2-diffusers,1566705,1.455186128616333
tencent-hunyuan_hunyuandit-v1.2-diffusers,1640855,-0.01751735620200634
tencent-hunyuan_hunyuandit-v1.2-diffusers,1668603,-1.7639195919036865
tencent-hunyuan_hunyuandit-v1.2-diffusers,1678990,0.2500206232070923
tencent-hunyuan_hunyuandit-v1.2-diffusers,1699831,0.46593374013900757
tencent-hunyuan_hunyuandit-v1.2-diffusers,1707698,0.9295529723167419
tencent-hunyuan_hunyuandit-v1.2-diffusers,1727942,2.2463150024414062
tencent-hunyuan_hunyuandit-v1.2-diffusers,2045760,0.9114273190498352
tencent-hunyuan_hunyuandit-v1.2-diffusers,2075049,-0.02395874820649624
tencent-hunyuan_hunyuandit-v1.2-diffusers,2075764,1.202601432800293
tencent-hunyuan_hunyuandit-v1.2-diffusers,2241569,-0.5518509745597839
tencent-hunyuan_hunyuandit-v1.2-diffusers,2720725,-0.3100036084651947
tencent-hunyuan_hunyuandit-v1.2-diffusers,2721160,2.5421767234802246
tencent-hunyuan_hunyuandit-v1.2-diffusers,2730265,1.0320775508880615
tencent-hunyuan_hunyuandit-v1.2-diffusers,2744395,-0.7818409204483032
tencent-hunyuan_hunyuandit-v1.2-diffusers,2770078,1.8867710828781128
tencent-hunyuan_hunyuandit-v1.2-diffusers,2793684,0.8549643754959106
tencent-hunyuan_hunyuandit-v1.2-diffusers,2803666,-0.8948618173599243
tencent-hunyuan_hunyuandit-v1.2-diffusers,2807731,1.4358563423156738
tencent-hunyuan_hunyuandit-v1.2-diffusers,2821943,1.5928975343704224
tencent-hunyuan_hunyuandit-v1.2-diffusers,2824319,1.5967347621917725
tencent-hunyuan_hunyuandit-v1.2-diffusers,2825442,-0.18375948071479797
tencent-hunyuan_hunyuandit-v1.2-diffusers,2852043,0.7281369566917419
tencent-hunyuan_hunyuandit-v1.2-diffusers,2870293,1.1512531042099
tencent-hunyuan_hunyuandit-v1.2-diffusers,2870880,2.660895586013794
tencent-hunyuan_hunyuandit-v1.2-diffusers,2923535,2.0320303440093994
tencent-hunyuan_hunyuandit-v1.2-diffusers,2933112,3.258122682571411
tencent-hunyuan_hunyuandit-v1.2-diffusers,2963987,0.9626415967941284
tencent-hunyuan_hunyuandit-v1.2-diffusers,2991302,1.6268410682678223
tencent-hunyuan_hunyuandit-v1.2-diffusers,3024209,-0.36331403255462646
tencent-hunyuan_hunyuandit-v1.2-diffusers,3035832,1.1573172807693481
tencent-hunyuan_hunyuandit-v1.2-diffusers,3049457,0.8751928806304932
tencent-hunyuan_hunyuandit-v1.2-diffusers,3107488,1.4708284139633179
tencent-hunyuan_hunyuandit-v1.2-diffusers,3131388,1.2933235168457031
tencent-hunyuan_hunyuandit-v1.2-diffusers,3131669,0.9692533016204834
tencent-hunyuan_hunyuandit-v1.2-diffusers,3152830,-0.19144906103610992
tencent-hunyuan_hunyuandit-v1.2-diffusers,3249569,0.08896315097808838
tencent-hunyuan_hunyuandit-v1.2-diffusers,3262349,0.7739861607551575
tencent-hunyuan_hunyuandit-v1.2-diffusers,3288500,0.8388171792030334
tencent-hunyuan_hunyuandit-v1.2-diffusers,3298716,2.778874158859253
tencent-hunyuan_hunyuandit-v1.2-diffusers,3308246,-0.3577398955821991
tencent-hunyuan_hunyuandit-v1.2-diffusers,3309110,-0.41747304797172546
tencent-hunyuan_hunyuandit-v1.2-diffusers,3347220,0.2244327813386917
tencent-hunyuan_hunyuandit-v1.2-diffusers,3353281,2.010528802871704
tencent-hunyuan_hunyuandit-v1.2-diffusers,3366112,0.852027416229248
tencent-hunyuan_hunyuandit-v1.2-diffusers,3411927,1.1283435821533203
tencent-hunyuan_hunyuandit-v1.2-diffusers,3456665,1.2725448608398438
tencent-hunyuan_hunyuandit-v1.2-diffusers,3563208,0.5040347576141357
tencent-hunyuan_hunyuandit-v1.2-diffusers,3580281,0.03379019349813461
tencent-hunyuan_hunyuandit-v1.2-diffusers,3603442,1.6178933382034302
tencent-hunyuan_hunyuandit-v1.2-diffusers,3607029,0.5268586277961731
tencent-hunyuan_hunyuandit-v1.2-diffusers,3628071,0.6839399933815002
tencent-hunyuan_hunyuandit-v1.2-diffusers,3630383,2.0237247943878174
tencent-hunyuan_hunyuandit-v1.2-diffusers,3676483,0.5573660731315613
tencent-hunyuan_hunyuandit-v1.2-diffusers,3679712,2.691580057144165
tencent-hunyuan_hunyuandit-v1.2-diffusers,3685307,-1.2760604619979858
tencent-hunyuan_hunyuandit-v1.2-diffusers,3703463,1.0279431343078613
tencent-hunyuan_hunyuandit-v1.2-diffusers,3714235,0.35079848766326904
tencent-hunyuan_hunyuandit-v1.2-diffusers,3728318,-0.6375340223312378
tencent-hunyuan_hunyuandit-v1.2-diffusers,3748162,1.3082774877548218
tencent-hunyuan_hunyuandit-v1.2-diffusers,3764276,-0.01485431008040905
tencent-hunyuan_hunyuandit-v1.2-diffusers,3818090,1.8795255422592163
tencent-hunyuan_hunyuandit-v1.2-diffusers,3842156,1.8134278059005737
tencent-hunyuan_hunyuandit-v1.2-diffusers,3880032,1.5878255367279053
tencent-hunyuan_hunyuandit-v1.2-diffusers,3889343,1.5315418243408203
tencent-hunyuan_hunyuandit-v1.2-diffusers,3907654,-0.7240393161773682
tencent-hunyuan_hunyuandit-v1.2-diffusers,3940713,1.8622132539749146
tencent-hunyuan_hunyuandit-v1.2-diffusers,3975232,0.23324990272521973
tencent-hunyuan_hunyuandit-v1.2-diffusers,3982060,-0.18910600244998932
tencent-hunyuan_hunyuandit-v1.2-diffusers,3990474,3.2813172340393066
tencent-hunyuan_hunyuandit-v1.2-diffusers,4010305,2.380056619644165
tencent-hunyuan_hunyuandit-v1.2-diffusers,4025130,0.07438965141773224
tencent-hunyuan_hunyuandit-v1.2-diffusers,4062807,0.11324423551559448
tencent-hunyuan_hunyuandit-v1.2-diffusers,4123448,2.57037353515625
tencent-hunyuan_hunyuandit-v1.2-diffusers,4125853,-0.15275686979293823
tencent-hunyuan_hunyuandit-v1.2-diffusers,4140340,-0.09637652337551117
tencent-hunyuan_hunyuandit-v1.2-diffusers,4145056,-0.9333998560905457
tencent-hunyuan_hunyuandit-v1.2-diffusers,4192521,3.1182796955108643
tencent-hunyuan_hunyuandit-v1.2-diffusers,4259202,-0.08207155019044876
tencent-hunyuan_hunyuandit-v1.2-diffusers,4285773,1.3712340593338013
tencent-hunyuan_hunyuandit-v1.2-diffusers,4345028,2.171367883682251
tencent-hunyuan_hunyuandit-v1.2-diffusers,4387201,0.672780454158783
tencent-hunyuan_hunyuandit-v1.2-diffusers,4416901,1.3979260921478271
tencent-hunyuan_hunyuandit-v1.2-diffusers,4455579,1.715390920639038
tencent-hunyuan_hunyuandit-v1.2-diffusers,4497570,2.527878522872925
tencent-hunyuan_hunyuandit-v1.2-diffusers,4534520,-0.8857998251914978
tencent-hunyuan_hunyuandit-v1.2-diffusers,4539203,-0.011491646990180016
tencent-hunyuan_hunyuandit-v1.2-diffusers,4552551,1.515900731086731
tencent-hunyuan_hunyuandit-v1.2-diffusers,4596797,1.2772927284240723
tencent-hunyuan_hunyuandit-v1.2-diffusers,4832208,0.3070750832557678
tencent-hunyuan_hunyuandit-v1.2-diffusers,4930139,0.037589699029922485
tencent-hunyuan_hunyuandit-v1.2-diffusers,5008085,0.5229513049125671
tencent-hunyuan_hunyuandit-v1.2-diffusers,5219923,-0.6005293726921082
tencent-hunyuan_hunyuandit-v1.2-diffusers,5316083,-0.18755866587162018
tencent-hunyuan_hunyuandit-v1.2-diffusers,5350912,1.1506776809692383
tencent-hunyuan_hunyuandit-v1.2-diffusers,5374860,-1.4274048805236816
tencent-hunyuan_hunyuandit-v1.2-diffusers,5410315,-0.671856164932251
tencent-hunyuan_hunyuandit-v1.2-diffusers,5522784,-1.0791712999343872
tencent-hunyuan_hunyuandit-v1.2-diffusers,5728577,0.3515145480632782
tencent-hunyuan_hunyuandit-v1.2-diffusers,5752544,1.1171753406524658
tencent-hunyuan_hunyuandit-v1.2-diffusers,5794797,0.4161129295825958
tencent-hunyuan_hunyuandit-v1.2-diffusers,5895919,0.7897740006446838
tencent-hunyuan_hunyuandit-v1.2-diffusers,5958517,-0.8858138918876648
tencent-hunyuan_hunyuandit-v1.2-diffusers,6189776,1.895134449005127
tencent-hunyuan_hunyuandit-v1.2-diffusers,6528587,-0.12792222201824188
tencent-hunyuan_hunyuandit-v1.2-diffusers,6584891,0.3089514672756195
tencent-hunyuan_hunyuandit-v1.2-diffusers,6586355,0.781246542930603
tencent-hunyuan_hunyuandit-v1.2-diffusers,6607809,-0.6436785459518433
tencent-hunyuan_hunyuandit-v1.2-diffusers,6615026,1.0935710668563843
tencent-hunyuan_hunyuandit-v1.2-diffusers,6615458,-0.4108118712902069
tencent-hunyuan_hunyuandit-v1.2-diffusers,6615818,-0.12041600793600082
tencent-hunyuan_hunyuandit-v1.2-diffusers,6616314,-0.4547646641731262
tencent-hunyuan_hunyuandit-v1.2-diffusers,6617011,0.5242761373519897
tencent-hunyuan_hunyuandit-v1.2-diffusers,6617413,0.3589625656604767
tencent-hunyuan_hunyuandit-v1.2-diffusers,6729499,-0.9665019512176514
tencent-hunyuan_hunyuandit-v1.2-diffusers,6880664,-0.9196744561195374
tencent-hunyuan_hunyuandit-v1.2-diffusers,6883725,-1.6257493495941162
tencent-hunyuan_hunyuandit-v1.2-diffusers,6946774,0.36885496973991394
tencent-hunyuan_hunyuandit-v1.2-diffusers,7025268,-0.4003783166408539
tencent-hunyuan_hunyuandit-v1.2-diffusers,7109847,0.16702593863010406
tencent-hunyuan_hunyuandit-v1.2-diffusers,7116261,0.5048980116844177
tencent-hunyuan_hunyuandit-v1.2-diffusers,7150023,1.7417821884155273
tencent-hunyuan_hunyuandit-v1.2-diffusers,7163803,2.5860233306884766
tencent-hunyuan_hunyuandit-v1.2-diffusers,7507098,0.7942386269569397
tencent-hunyuan_hunyuandit-v1.2-diffusers,7596684,-0.09750673919916153
tencent-hunyuan_hunyuandit-v1.2-diffusers,7597365,1.6556421518325806
tencent-hunyuan_hunyuandit-v1.2-diffusers,7601809,1.1877940893173218
tencent-hunyuan_hunyuandit-v1.2-diffusers,7605282,0.16655509173870087
tencent-hunyuan_hunyuandit-v1.2-diffusers,7606419,1.1338773965835571
tencent-hunyuan_hunyuandit-v1.2-diffusers,7607707,1.1471619606018066
tencent-hunyuan_hunyuandit-v1.2-diffusers,7608721,1.791821002960205
tencent-hunyuan_hunyuandit-v1.2-diffusers,7625977,0.3124876916408539
tencent-hunyuan_hunyuandit-v1.2-diffusers,7626721,0.7140553593635559
tencent-hunyuan_hunyuandit-v1.2-diffusers,7626833,2.680936336517334
tencent-hunyuan_hunyuandit-v1.2-diffusers,7627310,0.2041236311197281
tencent-hunyuan_hunyuandit-v1.2-diffusers,7651454,1.7162455320358276
tencent-hunyuan_hunyuandit-v1.2-diffusers,7654438,0.44463810324668884
tencent-hunyuan_hunyuandit-v1.2-diffusers,7664468,0.537247896194458
tencent-hunyuan_hunyuandit-v1.2-diffusers,7698915,-0.5915870666503906
tencent-hunyuan_hunyuandit-v1.2-diffusers,7700167,-0.10321559011936188
tencent-hunyuan_hunyuandit-v1.2-diffusers,7700868,0.8757621049880981
tencent-hunyuan_hunyuandit-v1.2-diffusers,7701244,-0.6716826558113098
tencent-hunyuan_hunyuandit-v1.2-diffusers,7702193,1.2873692512512207
tencent-hunyuan_hunyuandit-v1.2-diffusers,7710616,0.010253975167870522
tencent-hunyuan_hunyuandit-v1.2-diffusers,7834065,0.18747146427631378
tencent-hunyuan_hunyuandit-v1.2-diffusers,7854266,1.0161851644515991
tencent-hunyuan_hunyuandit-v1.2-diffusers,7854455,0.17006810009479523
tencent-hunyuan_hunyuandit-v1.2-diffusers,7871940,0.7004225254058838
tencent-hunyuan_hunyuandit-v1.2-diffusers,7891189,1.4235715866088867
tencent-hunyuan_hunyuandit-v1.2-diffusers,7897116,0.8690280914306641
tencent-hunyuan_hunyuandit-v1.2-diffusers,7914271,2.2366576194763184
tencent-hunyuan_hunyuandit-v1.2-diffusers,7922764,1.3598870038986206
tencent-hunyuan_hunyuandit-v1.2-diffusers,7929519,1.7079689502716064
tencent-hunyuan_hunyuandit-v1.2-diffusers,7933274,1.1180859804153442
tencent-hunyuan_hunyuandit-v1.2-diffusers,7933530,1.4994208812713623
tencent-hunyuan_hunyuandit-v1.2-diffusers,8089797,0.3712714910507202
tencent-hunyuan_hunyuandit-v1.2-diffusers,8095160,-0.7484880685806274
tencent-hunyuan_hunyuandit-v1.2-diffusers,8124208,2.391303539276123
tencent-hunyuan_hunyuandit-v1.2-diffusers,8339939,-0.35048907995224
tencent-hunyuan_hunyuandit-v1.2-diffusers,8876291,1.3850826025009155
tencent-hunyuan_hunyuandit-v1.2-diffusers,9020389,-0.5744422674179077
tencent-hunyuan_hunyuandit-v1.2-diffusers,9044146,2.028646469116211
tencent-hunyuan_hunyuandit-v1.2-diffusers,9057052,1.0929573774337769
tencent-hunyuan_hunyuandit-v1.2-diffusers,9427682,-0.3287378251552582
tencent-hunyuan_hunyuandit-v1.2-diffusers,9580065,-0.8079749345779419
tencent-hunyuan_hunyuandit-v1.2-diffusers,9719434,0.1735832691192627
tencent-hunyuan_hunyuandit-v1.2-diffusers,9793248,0.8960956931114197
tencent-hunyuan_hunyuandit-v1.2-diffusers,9794211,1.4797219038009644
tencent-hunyuan_hunyuandit-v1.2-diffusers,9862621,0.3088674247264862
tencent-hunyuan_hunyuandit-v1.2-diffusers,9875188,0.5343238115310669
tencent-hunyuan_hunyuandit-v1.2-diffusers,9984659,1.280368447303772
tencent-hunyuan_hunyuandit-v1.2-diffusers,10012874,-0.5945063829421997
tencent-hunyuan_hunyuandit-v1.2-diffusers,10024569,-0.9559370875358582
tencent-hunyuan_hunyuandit-v1.2-diffusers,10080493,0.8608039617538452
tencent-hunyuan_hunyuandit-v1.2-diffusers,10106452,2.563892126083374
tencent-hunyuan_hunyuandit-v1.2-diffusers,10198409,0.8339115381240845
tencent-hunyuan_hunyuandit-v1.2-diffusers,10333317,1.8970433473587036
tencent-hunyuan_hunyuandit-v1.2-diffusers,10408552,1.6400837898254395
tencent-hunyuan_hunyuandit-v1.2-diffusers,10444677,0.30607637763023376
tencent-hunyuan_hunyuandit-v1.2-diffusers,10453357,0.41724729537963867
tencent-hunyuan_hunyuandit-v1.2-diffusers,10548623,1.4805279970169067
tencent-hunyuan_hunyuandit-v1.2-diffusers,10572128,2.3711602687835693
tencent-hunyuan_hunyuandit-v1.2-diffusers,10794014,0.03692535310983658
tencent-hunyuan_hunyuandit-v1.2-diffusers,10939743,0.9237452149391174
tencent-hunyuan_hunyuandit-v1.2-diffusers,11039909,1.658553123474121
tencent-hunyuan_hunyuandit-v1.2-diffusers,11334088,0.1767238825559616
tencent-hunyuan_hunyuandit-v1.2-diffusers,11417672,0.7159691452980042
tencent-hunyuan_hunyuandit-v1.2-diffusers,11437577,0.5554442405700684
tencent-hunyuan_hunyuandit-v1.2-diffusers,11460338,-1.344218134880066
tencent-hunyuan_hunyuandit-v1.2-diffusers,12345739,-0.2203766405582428
tencent-hunyuan_hunyuandit-v1.2-diffusers,12402348,-0.9879119992256165
tencent-hunyuan_hunyuandit-v1.2-diffusers,13221529,-1.038183331489563
tencent-hunyuan_hunyuandit-v1.2-diffusers,13290566,-0.47861143946647644
tencent-hunyuan_hunyuandit-v1.2-diffusers,13389475,0.7697256207466125
tencent-hunyuan_hunyuandit-v1.2-diffusers,13390139,0.45064985752105713
tencent-hunyuan_hunyuandit-v1.2-diffusers,13390405,0.04810483008623123
tencent-hunyuan_hunyuandit-v1.2-diffusers,13392786,0.2434787154197693
tencent-hunyuan_hunyuandit-v1.2-diffusers,13649361,-0.6689625382423401
tencent-hunyuan_hunyuandit-v1.2-diffusers,13716878,2.203566789627075
tencent-hunyuan_hunyuandit-v1.2-diffusers,13884740,1.8658174276351929
tencent-hunyuan_hunyuandit-v1.2-diffusers,13915305,-0.9086022973060608
tencent-hunyuan_hunyuandit-v1.2-diffusers,13931145,0.6577673554420471
tencent-hunyuan_hunyuandit-v1.2-diffusers,13984082,0.17754200100898743
tencent-hunyuan_hunyuandit-v1.2-diffusers,14140678,0.5935159921646118
tencent-hunyuan_hunyuandit-v1.2-diffusers,14195315,0.6041596531867981
tencent-hunyuan_hunyuandit-v1.2-diffusers,14294568,1.3939743041992188
tencent-hunyuan_hunyuandit-v1.2-diffusers,14320813,1.3251495361328125
tencent-hunyuan_hunyuandit-v1.2-diffusers,14360436,0.15137994289398193
tencent-hunyuan_hunyuandit-v1.2-diffusers,14488317,1.2898633480072021
tencent-hunyuan_hunyuandit-v1.2-diffusers,14533937,1.3701622486114502
tencent-hunyuan_hunyuandit-v1.2-diffusers,14550987,1.8402706384658813
tencent-hunyuan_hunyuandit-v1.2-diffusers,14579933,-0.04069908708333969
tencent-hunyuan_hunyuandit-v1.2-diffusers,14606290,-0.6354025602340698
tencent-hunyuan_hunyuandit-v1.2-diffusers,14620257,0.9791952967643738
tencent-hunyuan_hunyuandit-v1.2-diffusers,14632648,1.1187587976455688
tencent-hunyuan_hunyuandit-v1.2-diffusers,14647235,1.1650316715240479
tencent-hunyuan_hunyuandit-v1.2-diffusers,14654954,-0.2507201135158539
tencent-hunyuan_hunyuandit-v1.2-diffusers,14686352,-0.6010814905166626
tencent-hunyuan_hunyuandit-v1.2-diffusers,14702875,-0.7226590514183044
tencent-hunyuan_hunyuandit-v1.2-diffusers,14703190,-0.3610873818397522
tencent-hunyuan_hunyuandit-v1.2-diffusers,14807929,0.5391051769256592
tencent-hunyuan_hunyuandit-v1.2-diffusers,14809057,1.3373463153839111
tencent-hunyuan_hunyuandit-v1.2-diffusers,14867690,0.4935005307197571
tencent-hunyuan_hunyuandit-v1.2-diffusers,14872875,0.6094971299171448
tencent-hunyuan_hunyuandit-v1.2-diffusers,14880557,0.5626651048660278
tencent-hunyuan_hunyuandit-v1.2-diffusers,14894140,0.3772660791873932
tencent-hunyuan_hunyuandit-v1.2-diffusers,15180934,1.2458536624908447
tencent-hunyuan_hunyuandit-v1.2-diffusers,15970145,2.5298900604248047
tencent-hunyuan_hunyuandit-v1.2-diffusers,17002912,1.140681266784668
tencent-hunyuan_hunyuandit-v1.2-diffusers,17012379,0.47378143668174744
tencent-hunyuan_hunyuandit-v1.2-diffusers,17282800,-0.5264564156532288
tencent-hunyuan_hunyuandit-v1.2-diffusers,17925539,1.0842280387878418
tencent-hunyuan_hunyuandit-v1.2-diffusers,18367104,2.370453119277954
tencent-hunyuan_hunyuandit-v1.2-diffusers,18758723,0.12457448989152908
tencent-hunyuan_hunyuandit-v1.2-diffusers,19143128,1.4202226400375366
tencent-hunyuan_hunyuandit-v1.2-diffusers,19671124,-1.2208935022354126
tencent-hunyuan_hunyuandit-v1.2-diffusers,19855707,-0.7279448509216309
tencent-hunyuan_hunyuandit-v1.2-diffusers,19893872,0.08825501054525375
tencent-hunyuan_hunyuandit-v1.2-diffusers,20017667,2.319833993911743
tencent-hunyuan_hunyuandit-v1.2-diffusers,20128079,0.9169856905937195
tencent-hunyuan_hunyuandit-v1.2-diffusers,20471134,1.8311330080032349
tencent-hunyuan_hunyuandit-v1.2-diffusers,20495093,0.9579691290855408
tencent-hunyuan_hunyuandit-v1.2-diffusers,20782430,-1.4270377159118652
tencent-hunyuan_hunyuandit-v1.2-diffusers,21377549,2.2655506134033203
tencent-hunyuan_hunyuandit-v1.2-diffusers,21564446,-0.7665361762046814
tencent-hunyuan_hunyuandit-v1.2-diffusers,21620388,1.7551679611206055
tencent-hunyuan_hunyuandit-v1.2-diffusers,22149540,1.024876356124878
tencent-hunyuan_hunyuandit-v1.2-diffusers,22738759,0.7663196921348572
tencent-hunyuan_hunyuandit-v1.2-diffusers,22767176,-0.5383352637290955
tencent-hunyuan_hunyuandit-v1.2-diffusers,23129661,-0.7011667490005493
tencent-hunyuan_hunyuandit-v1.2-diffusers,23185551,1.104837417602539
tencent-hunyuan_hunyuandit-v1.2-diffusers,23232427,-1.2008414268493652
tencent-hunyuan_hunyuandit-v1.2-diffusers,23257851,-1.3050483465194702
tencent-hunyuan_hunyuandit-v1.2-diffusers,23620789,1.7222838401794434
tencent-hunyuan_hunyuandit-v1.2-diffusers,24808131,-0.4047997295856476
tencent-hunyuan_hunyuandit-v1.2-diffusers,24843217,0.6059668064117432
tencent-hunyuan_hunyuandit-v1.2-diffusers,24933378,0.10641365498304367
tencent-hunyuan_hunyuandit-v1.2-diffusers,24942232,0.6465743184089661
tencent-hunyuan_hunyuandit-v1.2-diffusers,25290589,-0.10251500457525253
tencent-hunyuan_hunyuandit-v1.2-diffusers,25579216,-0.5203702449798584
tencent-hunyuan_hunyuandit-v1.2-diffusers,25685207,1.1185654401779175
tencent-hunyuan_hunyuandit-v1.2-diffusers,25776594,-1.1201763153076172
tencent-hunyuan_hunyuandit-v1.2-diffusers,26078214,0.9400020241737366
tencent-hunyuan_hunyuandit-v1.2-diffusers,26746434,0.47656524181365967
tencent-hunyuan_hunyuandit-v1.2-diffusers,26998039,1.5533130168914795
tencent-hunyuan_hunyuandit-v1.2-diffusers,27106238,2.189282178878784
tencent-hunyuan_hunyuandit-v1.2-diffusers,27246777,1.201825737953186
tencent-hunyuan_hunyuandit-v1.2-diffusers,27768637,-0.4569142758846283
tencent-hunyuan_hunyuandit-v1.2-diffusers,27871992,1.0204335451126099
tencent-hunyuan_hunyuandit-v1.2-diffusers,28190972,1.2571587562561035
tencent-hunyuan_hunyuandit-v1.2-diffusers,29094321,1.1731979846954346
tencent-hunyuan_hunyuandit-v1.2-diffusers,29148617,1.7524456977844238
tencent-hunyuan_hunyuandit-v1.2-diffusers,29161294,-0.11579077690839767
tencent-hunyuan_hunyuandit-v1.2-diffusers,29632917,1.3784399032592773
tencent-hunyuan_hunyuandit-v1.2-diffusers,29703209,-0.9712457060813904
tencent-hunyuan_hunyuandit-v1.2-diffusers,29779486,1.8773497343063354
tencent-hunyuan_hunyuandit-v1.2-diffusers,30028757,0.26091763377189636
tencent-hunyuan_hunyuandit-v1.2-diffusers,30225071,0.3467504680156708
tencent-hunyuan_hunyuandit-v1.2-diffusers,30373565,2.831084728240967
tencent-hunyuan_hunyuandit-v1.2-diffusers,30484086,0.11969015002250671
tencent-hunyuan_hunyuandit-v1.2-diffusers,30883080,1.0697349309921265
tencent-hunyuan_hunyuandit-v1.2-diffusers,31114750,1.764904260635376
tencent-hunyuan_hunyuandit-v1.2-diffusers,31196176,0.8022769689559937
tencent-hunyuan_hunyuandit-v1.2-diffusers,31391857,0.30878743529319763
tencent-hunyuan_hunyuandit-v1.2-diffusers,31595142,1.8746644258499146
tencent-hunyuan_hunyuandit-v1.2-diffusers,32152786,1.7057480812072754
tencent-hunyuan_hunyuandit-v1.2-diffusers,32327818,-0.22872097790241241
tencent-hunyuan_hunyuandit-v1.2-diffusers,32379732,1.8652631044387817
tencent-hunyuan_hunyuandit-v1.2-diffusers,32473966,-2.048182249069214
tencent-hunyuan_hunyuandit-v1.2-diffusers,32902730,1.642676830291748
tencent-hunyuan_hunyuandit-v1.2-diffusers,32932491,0.5284422039985657
tencent-hunyuan_hunyuandit-v1.2-diffusers,33006578,1.8008275032043457
tencent-hunyuan_hunyuandit-v1.2-diffusers,33478721,1.6404578685760498
tencent-hunyuan_hunyuandit-v1.2-diffusers,34475997,-1.0902595520019531
tencent-hunyuan_hunyuandit-v1.2-diffusers,34578737,1.8867168426513672
tencent-hunyuan_hunyuandit-v1.2-diffusers,34773230,0.36901792883872986
tencent-hunyuan_hunyuandit-v1.2-diffusers,36507085,-0.712226390838623
tencent-hunyuan_hunyuandit-v1.2-diffusers,36678439,0.16078874468803406
tencent-hunyuan_hunyuandit-v1.2-diffusers,37287360,-0.06304990500211716
tencent-hunyuan_hunyuandit-v1.2-diffusers,37319253,0.6956617832183838
tencent-hunyuan_hunyuandit-v1.2-diffusers,37547870,1.1999415159225464
tencent-hunyuan_hunyuandit-v1.2-diffusers,37736408,1.3164491653442383
tencent-hunyuan_hunyuandit-v1.2-diffusers,38014258,1.299098253250122
tencent-hunyuan_hunyuandit-v1.2-diffusers,38297191,2.8516764640808105
tencent-hunyuan_hunyuandit-v1.2-diffusers,38402744,0.49074891209602356
tencent-hunyuan_hunyuandit-v1.2-diffusers,38954086,0.15410052239894867
tencent-hunyuan_hunyuandit-v1.2-diffusers,39139190,1.5516083240509033
tencent-hunyuan_hunyuandit-v1.2-diffusers,39560404,1.1475534439086914
tencent-hunyuan_hunyuandit-v1.2-diffusers,39566065,1.8112263679504395
tencent-hunyuan_hunyuandit-v1.2-diffusers,39595218,2.0945076942443848
tencent-hunyuan_hunyuandit-v1.2-diffusers,40825299,1.4126055240631104
tencent-hunyuan_hunyuandit-v1.2-diffusers,40945115,0.4704948663711548
tencent-hunyuan_hunyuandit-v1.2-diffusers,40995095,2.1183760166168213
tencent-hunyuan_hunyuandit-v1.2-diffusers,41015844,2.0418896675109863
tencent-hunyuan_hunyuandit-v1.2-diffusers,41031648,-0.3983592391014099
tencent-hunyuan_hunyuandit-v1.2-diffusers,41161074,-0.3345854580402374
tencent-hunyuan_hunyuandit-v1.2-diffusers,41458919,1.3931493759155273
tencent-hunyuan_hunyuandit-v1.2-diffusers,41565779,-0.3677716851234436
tencent-hunyuan_hunyuandit-v1.2-diffusers,41766391,2.2981412410736084
tencent-hunyuan_hunyuandit-v1.2-diffusers,41982710,-0.1917874664068222
tencent-hunyuan_hunyuandit-v1.2-diffusers,42048260,0.5922337770462036
tencent-hunyuan_hunyuandit-v1.2-diffusers,42849420,-0.9847469329833984
tencent-hunyuan_hunyuandit-v1.2-diffusers,42931583,0.7016326785087585
tencent-hunyuan_hunyuandit-v1.2-diffusers,43060946,-0.44901135563850403
tencent-hunyuan_hunyuandit-v1.2-diffusers,43153800,1.6372289657592773
tencent-hunyuan_hunyuandit-v1.2-diffusers,43161384,1.5714073181152344
tencent-hunyuan_hunyuandit-v1.2-diffusers,43301379,1.5071744918823242
tencent-hunyuan_hunyuandit-v1.2-diffusers,43304323,0.12868568301200867
tencent-hunyuan_hunyuandit-v1.2-diffusers,43367797,1.1841589212417603
tencent-hunyuan_hunyuandit-v1.2-diffusers,43431032,0.967323362827301
tencent-hunyuan_hunyuandit-v1.2-diffusers,43631801,-0.8065659999847412
tencent-hunyuan_hunyuandit-v1.2-diffusers,43735560,-0.39787039160728455
tencent-hunyuan_hunyuandit-v1.2-diffusers,43858443,1.8978196382522583
tencent-hunyuan_hunyuandit-v1.2-diffusers,43918624,-0.5198675394058228
tencent-hunyuan_hunyuandit-v1.2-diffusers,44280552,0.8919153213500977
tencent-hunyuan_hunyuandit-v1.2-diffusers,44295589,0.18176491558551788
tencent-hunyuan_hunyuandit-v1.2-diffusers,44621915,-0.4140719771385193
tencent-hunyuan_hunyuandit-v1.2-diffusers,44645737,1.3177787065505981
tencent-hunyuan_hunyuandit-v1.2-diffusers,44838123,-0.4115721881389618
tencent-hunyuan_hunyuandit-v1.2-diffusers,45258070,-0.7679492831230164
tencent-hunyuan_hunyuandit-v1.2-diffusers,45297641,0.21757106482982635
tencent-hunyuan_hunyuandit-v1.2-diffusers,45418454,1.4025754928588867
tencent-hunyuan_hunyuandit-v1.2-diffusers,45564900,0.3246327340602875
tencent-hunyuan_hunyuandit-v1.2-diffusers,46150029,-0.4566972553730011
tencent-hunyuan_hunyuandit-v1.2-diffusers,46394736,1.141792893409729
tencent-hunyuan_hunyuandit-v1.2-diffusers,46673664,-0.026766246184706688
tencent-hunyuan_hunyuandit-v1.2-diffusers,46994920,0.5323068499565125
tencent-hunyuan_hunyuandit-v1.2-diffusers,47009060,1.5326107740402222
tencent-hunyuan_hunyuandit-v1.2-diffusers,47552953,-0.23825065791606903
tencent-hunyuan_hunyuandit-v1.2-diffusers,47595220,0.6571570634841919
tencent-hunyuan_hunyuandit-v1.2-diffusers,47819321,-0.14188994467258453
tencent-hunyuan_hunyuandit-v1.2-diffusers,48223384,-0.36743947863578796
tencent-hunyuan_hunyuandit-v1.2-diffusers,48351897,-0.7189829349517822
tencent-hunyuan_hunyuandit-v1.2-diffusers,48754831,1.4085867404937744
tencent-hunyuan_hunyuandit-v1.2-diffusers,49054805,1.5985212326049805
tencent-hunyuan_hunyuandit-v1.2-diffusers,49089576,1.0158792734146118
tencent-hunyuan_hunyuandit-v1.2-diffusers,49300740,-0.3206154704093933
tencent-hunyuan_hunyuandit-v1.2-diffusers,49358811,-0.5368836522102356
tencent-hunyuan_hunyuandit-v1.2-diffusers,49462954,1.2149910926818848
tencent-hunyuan_hunyuandit-v1.2-diffusers,50262859,1.1138821840286255
tencent-hunyuan_hunyuandit-v1.2-diffusers,50871471,0.7002021074295044
tencent-hunyuan_hunyuandit-v1.2-diffusers,50952217,-1.3315958976745605
tencent-hunyuan_hunyuandit-v1.2-diffusers,51060824,0.6891961693763733
tencent-hunyuan_hunyuandit-v1.2-diffusers,51314050,0.17359749972820282
tencent-hunyuan_hunyuandit-v1.2-diffusers,51946990,-0.7643720507621765
tencent-hunyuan_hunyuandit-v1.2-diffusers,52325745,0.3687664866447449
tencent-hunyuan_hunyuandit-v1.2-diffusers,52474100,1.3974977731704712
tencent-hunyuan_hunyuandit-v1.2-diffusers,52516409,-0.474012166261673
tencent-hunyuan_hunyuandit-v1.2-diffusers,52711595,0.0713866576552391
tencent-hunyuan_hunyuandit-v1.2-diffusers,53022028,0.7205511927604675
tencent-hunyuan_hunyuandit-v1.2-diffusers,53205877,0.8560141324996948
tencent-hunyuan_hunyuandit-v1.2-diffusers,53288018,0.4819768965244293
tencent-hunyuan_hunyuandit-v1.2-diffusers,53443611,1.3038153648376465
tencent-hunyuan_hunyuandit-v1.2-diffusers,53815934,-1.8662546873092651
tencent-hunyuan_hunyuandit-v1.2-diffusers,54495173,0.8587090373039246
tencent-hunyuan_hunyuandit-v1.2-diffusers,54931507,0.8294055461883545
tencent-hunyuan_hunyuandit-v1.2-diffusers,55191509,-0.14980103075504303
tencent-hunyuan_hunyuandit-v1.2-diffusers,55255145,1.7378917932510376
tencent-hunyuan_hunyuandit-v1.2-diffusers,55457672,0.4581508934497833
tencent-hunyuan_hunyuandit-v1.2-diffusers,55588327,0.12908275425434113
tencent-hunyuan_hunyuandit-v1.2-diffusers,55653646,1.6476149559020996
tencent-hunyuan_hunyuandit-v1.2-diffusers,55658809,0.6725304126739502
tencent-hunyuan_hunyuandit-v1.2-diffusers,55812974,-0.6959531903266907
tencent-hunyuan_hunyuandit-v1.2-diffusers,55819553,-0.22926226258277893
tencent-hunyuan_hunyuandit-v1.2-diffusers,55826966,0.7265345454216003
tencent-hunyuan_hunyuandit-v1.2-diffusers,55983905,0.7660804986953735
tencent-hunyuan_hunyuandit-v1.2-diffusers,56074056,0.7784675359725952
tencent-hunyuan_hunyuandit-v1.2-diffusers,56112588,-0.0749865248799324
tencent-hunyuan_hunyuandit-v1.2-diffusers,56121520,-0.018076704815030098
tencent-hunyuan_hunyuandit-v1.2-diffusers,56250900,-0.03856237977743149
tencent-hunyuan_hunyuandit-v1.2-diffusers,56458800,2.098116397857666
tencent-hunyuan_hunyuandit-v1.2-diffusers,56792430,-0.5737231373786926
tencent-hunyuan_hunyuandit-v1.2-diffusers,56982260,-1.2694488763809204
tencent-hunyuan_hunyuandit-v1.2-diffusers,57673976,0.8863860368728638
tencent-hunyuan_hunyuandit-v1.2-diffusers,57716963,1.914183259010315
tencent-hunyuan_hunyuandit-v1.2-diffusers,57729980,0.9688827395439148
tencent-hunyuan_hunyuandit-v1.2-diffusers,57785005,0.0032532340846955776
tencent-hunyuan_hunyuandit-v1.2-diffusers,57873614,2.2066383361816406
tencent-hunyuan_hunyuandit-v1.2-diffusers,58727024,-1.0414342880249023
tencent-hunyuan_hunyuandit-v1.2-diffusers,58761464,2.843724489212036
tencent-hunyuan_hunyuandit-v1.2-diffusers,59399259,0.621062695980072
tencent-hunyuan_hunyuandit-v1.2-diffusers,59976859,0.6068529486656189
tencent-hunyuan_hunyuandit-v1.2-diffusers,60083345,-0.9613784551620483
tencent-hunyuan_hunyuandit-v1.2-diffusers,60214770,-0.5743124485015869
tencent-hunyuan_hunyuandit-v1.2-diffusers,60215376,0.2347375750541687
tencent-hunyuan_hunyuandit-v1.2-diffusers,60375309,-0.8515422940254211
tencent-hunyuan_hunyuandit-v1.2-diffusers,60606896,1.1455416679382324
tencent-hunyuan_hunyuandit-v1.2-diffusers,60668084,2.5133681297302246
tencent-hunyuan_hunyuandit-v1.2-diffusers,61035709,1.7221965789794922
tencent-hunyuan_hunyuandit-v1.2-diffusers,61388266,-0.9251784682273865
tencent-hunyuan_hunyuandit-v1.2-diffusers,61627313,1.9742186069488525
tencent-hunyuan_hunyuandit-v1.2-diffusers,61635816,0.25702163577079773
tencent-hunyuan_hunyuandit-v1.2-diffusers,61853324,0.5131641030311584
tencent-hunyuan_hunyuandit-v1.2-diffusers,62408818,1.2256789207458496
tencent-hunyuan_hunyuandit-v1.2-diffusers,62841330,1.8763896226882935
tencent-hunyuan_hunyuandit-v1.2-diffusers,63015570,1.0716556310653687
tencent-hunyuan_hunyuandit-v1.2-diffusers,63336441,-0.8928743004798889
tencent-hunyuan_hunyuandit-v1.2-diffusers,63633117,-0.4434029161930084
tencent-hunyuan_hunyuandit-v1.2-diffusers,64576544,0.08260568976402283
tencent-hunyuan_hunyuandit-v1.2-diffusers,64687077,-1.0821352005004883
tencent-hunyuan_hunyuandit-v1.2-diffusers,64693533,0.2553526759147644
tencent-hunyuan_hunyuandit-v1.2-diffusers,64856142,-0.05744384974241257
tencent-hunyuan_hunyuandit-v1.2-diffusers,65411270,-1.8455413579940796
tencent-hunyuan_hunyuandit-v1.2-diffusers,65557844,-0.8571905493736267
tencent-hunyuan_hunyuandit-v1.2-diffusers,65824677,-0.4321199953556061
tencent-hunyuan_hunyuandit-v1.2-diffusers,65890875,2.7465457916259766
tencent-hunyuan_hunyuandit-v1.2-diffusers,65960228,1.6774587631225586
tencent-hunyuan_hunyuandit-v1.2-diffusers,66668538,0.38926148414611816
tencent-hunyuan_hunyuandit-v1.2-diffusers,67344811,1.423287034034729
tencent-hunyuan_hunyuandit-v1.2-diffusers,67949798,1.1610206365585327
tencent-hunyuan_hunyuandit-v1.2-diffusers,68246844,1.6030588150024414
tencent-hunyuan_hunyuandit-v1.2-diffusers,68280322,-1.186070442199707
tencent-hunyuan_hunyuandit-v1.2-diffusers,68321683,1.1393598318099976
tencent-hunyuan_hunyuandit-v1.2-diffusers,68380669,0.7432880401611328
tencent-hunyuan_hunyuandit-v1.2-diffusers,68575085,0.373365193605423
tencent-hunyuan_hunyuandit-v1.2-diffusers,70380966,-1.6059075593948364
tencent-hunyuan_hunyuandit-v1.2-diffusers,70494671,0.7073681354522705
tencent-hunyuan_hunyuandit-v1.2-diffusers,71055464,0.056213073432445526
tencent-hunyuan_hunyuandit-v1.2-diffusers,71591839,-0.8634591102600098
tencent-hunyuan_hunyuandit-v1.2-diffusers,71828875,0.15001912415027618
tencent-hunyuan_hunyuandit-v1.2-diffusers,71910823,1.288498044013977
tencent-hunyuan_hunyuandit-v1.2-diffusers,71959499,2.4560961723327637
tencent-hunyuan_hunyuandit-v1.2-diffusers,72432241,2.535785675048828
tencent-hunyuan_hunyuandit-v1.2-diffusers,72553814,1.1997114419937134
tencent-hunyuan_hunyuandit-v1.2-diffusers,73051579,-0.2063923478126526
tencent-hunyuan_hunyuandit-v1.2-diffusers,73600586,-0.688423752784729
tencent-hunyuan_hunyuandit-v1.2-diffusers,73616417,0.6196631789207458
tencent-hunyuan_hunyuandit-v1.2-diffusers,73681289,-1.014783501625061
tencent-hunyuan_hunyuandit-v1.2-diffusers,73962724,-1.1833852529525757
tencent-hunyuan_hunyuandit-v1.2-diffusers,74175857,0.4485361576080322
tencent-hunyuan_hunyuandit-v1.2-diffusers,75051801,0.876507580280304
tencent-hunyuan_hunyuandit-v1.2-diffusers,75787772,0.036546289920806885
tencent-hunyuan_hunyuandit-v1.2-diffusers,75944980,-1.13753080368042
tencent-hunyuan_hunyuandit-v1.2-diffusers,75964288,0.9945372939109802
tencent-hunyuan_hunyuandit-v1.2-diffusers,76066166,2.598879337310791
tencent-hunyuan_hunyuandit-v1.2-diffusers,76100398,1.1122299432754517
tencent-hunyuan_hunyuandit-v1.2-diffusers,76425345,1.8881467580795288
tencent-hunyuan_hunyuandit-v1.2-diffusers,77106105,-1.0349143743515015
tencent-hunyuan_hunyuandit-v1.2-diffusers,77132310,1.576012372970581
tencent-hunyuan_hunyuandit-v1.2-diffusers,77232534,2.784888744354248
tencent-hunyuan_hunyuandit-v1.2-diffusers,77312726,-0.4307379722595215
tencent-hunyuan_hunyuandit-v1.2-diffusers,77358840,1.4860742092132568
tencent-hunyuan_hunyuandit-v1.2-diffusers,77490593,-0.9677443504333496
tencent-hunyuan_hunyuandit-v1.2-diffusers,77726888,0.3434496819972992
tencent-hunyuan_hunyuandit-v1.2-diffusers,78735978,1.0339239835739136
tencent-hunyuan_hunyuandit-v1.2-diffusers,79077085,1.1720404624938965
tencent-hunyuan_hunyuandit-v1.2-diffusers,79212243,3.2251570224761963
tencent-hunyuan_hunyuandit-v1.2-diffusers,79606917,1.1365225315093994
tencent-hunyuan_hunyuandit-v1.2-diffusers,79918827,0.7304738759994507
tencent-hunyuan_hunyuandit-v1.2-diffusers,80289373,-0.5344038605690002
tencent-hunyuan_hunyuandit-v1.2-diffusers,80371125,-0.8073989748954773
tencent-hunyuan_hunyuandit-v1.2-diffusers,80540387,0.2803818881511688
tencent-hunyuan_hunyuandit-v1.2-diffusers,81135077,1.1521382331848145
tencent-hunyuan_hunyuandit-v1.2-diffusers,81303945,1.1566393375396729
tencent-hunyuan_hunyuandit-v1.2-diffusers,81435593,-0.0935550406575203
tencent-hunyuan_hunyuandit-v1.2-diffusers,82282590,2.5853431224823
tencent-hunyuan_hunyuandit-v1.2-diffusers,82696415,1.179150104522705
tencent-hunyuan_hunyuandit-v1.2-diffusers,82916016,1.349679708480835
tencent-hunyuan_hunyuandit-v1.2-diffusers,83084473,1.0612106323242188
tencent-hunyuan_hunyuandit-v1.2-diffusers,83418847,1.6845386028289795
tencent-hunyuan_hunyuandit-v1.2-diffusers,84089324,-0.5303902626037598
tencent-hunyuan_hunyuandit-v1.2-diffusers,84306831,2.197955369949341
tencent-hunyuan_hunyuandit-v1.2-diffusers,84510135,-0.19568347930908203
tencent-hunyuan_hunyuandit-v1.2-diffusers,84788890,1.4798582792282104
tencent-hunyuan_hunyuandit-v1.2-diffusers,84985982,1.0633659362792969
tencent-hunyuan_hunyuandit-v1.2-diffusers,85191733,1.96001398563385
tencent-hunyuan_hunyuandit-v1.2-diffusers,86119145,1.061035394668579
tencent-hunyuan_hunyuandit-v1.2-diffusers,86340862,0.9476739168167114
tencent-hunyuan_hunyuandit-v1.2-diffusers,86341828,-1.112225890159607
tencent-hunyuan_hunyuandit-v1.2-diffusers,86537356,0.584191620349884
tencent-hunyuan_hunyuandit-v1.2-diffusers,86701636,2.0137012004852295
tencent-hunyuan_hunyuandit-v1.2-diffusers,86714939,-1.8632426261901855
tencent-hunyuan_hunyuandit-v1.2-diffusers,87574583,0.8578295111656189
tencent-hunyuan_hunyuandit-v1.2-diffusers,87699711,1.0770084857940674
tencent-hunyuan_hunyuandit-v1.2-diffusers,88016571,-0.3012213408946991
tencent-hunyuan_hunyuandit-v1.2-diffusers,88087492,-0.35605767369270325
tencent-hunyuan_hunyuandit-v1.2-diffusers,89227603,2.6834959983825684
tencent-hunyuan_hunyuandit-v1.2-diffusers,89539854,-1.0253615379333496
tencent-hunyuan_hunyuandit-v1.2-diffusers,89926787,-0.0017865472473204136
tencent-hunyuan_hunyuandit-v1.2-diffusers,90244932,1.052673101425171
tencent-hunyuan_hunyuandit-v1.2-diffusers,90493027,-0.8441129922866821
tencent-hunyuan_hunyuandit-v1.2-diffusers,90613035,-0.8320410847663879
tencent-hunyuan_hunyuandit-v1.2-diffusers,91368797,1.8447332382202148
tencent-hunyuan_hunyuandit-v1.2-diffusers,91784299,0.5869113206863403
tencent-hunyuan_hunyuandit-v1.2-diffusers,91790573,2.212961196899414
tencent-hunyuan_hunyuandit-v1.2-diffusers,91834546,-1.151282787322998
tencent-hunyuan_hunyuandit-v1.2-diffusers,92068094,2.106353521347046
tencent-hunyuan_hunyuandit-v1.2-diffusers,92311656,0.06264054030179977
tencent-hunyuan_hunyuandit-v1.2-diffusers,92709444,0.8184327483177185
tencent-hunyuan_hunyuandit-v1.2-diffusers,93114575,1.464992880821228
tencent-hunyuan_hunyuandit-v1.2-diffusers,93256557,-0.12784713506698608
tencent-hunyuan_hunyuandit-v1.2-diffusers,93407716,0.193830206990242
tencent-hunyuan_hunyuandit-v1.2-diffusers,93436296,0.9631770253181458
tencent-hunyuan_hunyuandit-v1.2-diffusers,93512057,1.075438141822815
tencent-hunyuan_hunyuandit-v1.2-diffusers,94006560,0.6606569886207581
tencent-hunyuan_hunyuandit-v1.2-diffusers,94321535,1.7442389726638794
tencent-hunyuan_hunyuandit-v1.2-diffusers,94532154,1.3919060230255127
tencent-hunyuan_hunyuandit-v1.2-diffusers,95171107,-0.5576269626617432
tencent-hunyuan_hunyuandit-v1.2-diffusers,95228839,-0.42947471141815186
tencent-hunyuan_hunyuandit-v1.2-diffusers,95325441,0.21286849677562714
tencent-hunyuan_hunyuandit-v1.2-diffusers,95450946,2.473782539367676
tencent-hunyuan_hunyuandit-v1.2-diffusers,95583911,-0.04785151034593582
tencent-hunyuan_hunyuandit-v1.2-diffusers,95718306,2.4433376789093018
tencent-hunyuan_hunyuandit-v1.2-diffusers,95737828,0.15625064074993134
tencent-hunyuan_hunyuandit-v1.2-diffusers,96448597,1.0122308731079102
tencent-hunyuan_hunyuandit-v1.2-diffusers,96482065,-0.15242864191532135
tencent-hunyuan_hunyuandit-v1.2-diffusers,96521920,0.024768302217125893
tencent-hunyuan_hunyuandit-v1.2-diffusers,96850153,1.854205846786499
tencent-hunyuan_hunyuandit-v1.2-diffusers,98113191,1.5559115409851074
tencent-hunyuan_hunyuandit-v1.2-diffusers,98195317,-0.17077475786209106
tencent-hunyuan_hunyuandit-v1.2-diffusers,98254655,2.446242570877075
tencent-hunyuan_hunyuandit-v1.2-diffusers,98319500,1.007311224937439
tencent-hunyuan_hunyuandit-v1.2-diffusers,98642787,0.10329944640398026
tencent-hunyuan_hunyuandit-v1.2-diffusers,98646702,-0.3394820988178253
tencent-hunyuan_hunyuandit-v1.2-diffusers,98929226,-0.8234294056892395
tencent-hunyuan_hunyuandit-v1.2-diffusers,99178779,1.1091067790985107
tencent-hunyuan_hunyuandit-v1.2-diffusers,99185892,1.0742318630218506
tencent-hunyuan_hunyuandit-v1.2-diffusers,99211012,1.0739094018936157
tencent-hunyuan_hunyuandit-v1.2-diffusers,99410560,0.7027018070220947
tencent-hunyuan_hunyuandit-v1.2-diffusers,99862294,0.09550733864307404
black-forest-labs_flux.1-dev,138508,-0.5128373503684998
black-forest-labs_flux.1-dev,192051,-1.0197889804840088
black-forest-labs_flux.1-dev,213186,1.1538000106811523
black-forest-labs_flux.1-dev,232386,0.5442491173744202
black-forest-labs_flux.1-dev,232765,0.4449848234653473
black-forest-labs_flux.1-dev,258857,-1.426261067390442
black-forest-labs_flux.1-dev,283090,1.3166674375534058
black-forest-labs_flux.1-dev,285141,1.1854032278060913
black-forest-labs_flux.1-dev,399030,-0.899139940738678
black-forest-labs_flux.1-dev,440189,0.7141704559326172
black-forest-labs_flux.1-dev,445169,1.054276943206787
black-forest-labs_flux.1-dev,486490,1.4189088344573975
black-forest-labs_flux.1-dev,487072,1.4786274433135986
black-forest-labs_flux.1-dev,487326,-0.6236744523048401
black-forest-labs_flux.1-dev,489837,-0.5016457438468933
black-forest-labs_flux.1-dev,646833,1.3951166868209839
black-forest-labs_flux.1-dev,708860,2.526709794998169
black-forest-labs_flux.1-dev,717208,0.22844894230365753
black-forest-labs_flux.1-dev,717468,1.161660075187683
black-forest-labs_flux.1-dev,735254,1.6891065835952759
black-forest-labs_flux.1-dev,762478,2.167043447494507
black-forest-labs_flux.1-dev,825443,1.099888801574707
black-forest-labs_flux.1-dev,831919,1.148946762084961
black-forest-labs_flux.1-dev,896677,0.1852497160434723
black-forest-labs_flux.1-dev,936620,1.4017298221588135
black-forest-labs_flux.1-dev,974367,0.7411054968833923
black-forest-labs_flux.1-dev,993014,0.7788844704627991
black-forest-labs_flux.1-dev,995855,-0.741010844707489
black-forest-labs_flux.1-dev,1113367,-0.12359010428190231
black-forest-labs_flux.1-dev,1171644,0.38919147849082947
black-forest-labs_flux.1-dev,1209135,1.5879712104797363
black-forest-labs_flux.1-dev,1317294,1.4888991117477417
black-forest-labs_flux.1-dev,1317533,0.8016716837882996
black-forest-labs_flux.1-dev,1321854,1.3131736516952515
black-forest-labs_flux.1-dev,1377758,0.8092332482337952
black-forest-labs_flux.1-dev,1474832,0.4486359655857086
black-forest-labs_flux.1-dev,1516071,2.153841733932495
black-forest-labs_flux.1-dev,1566705,2.1171164512634277
black-forest-labs_flux.1-dev,1640855,0.4869767129421234
black-forest-labs_flux.1-dev,1668603,1.509289026260376
black-forest-labs_flux.1-dev,1678990,1.691870093345642
black-forest-labs_flux.1-dev,1699831,0.6141135692596436
black-forest-labs_flux.1-dev,1707698,0.5317323803901672
black-forest-labs_flux.1-dev,1727942,2.5103824138641357
black-forest-labs_flux.1-dev,2045760,0.3230936825275421
black-forest-labs_flux.1-dev,2075049,-0.7978153228759766
black-forest-labs_flux.1-dev,2075764,1.0753538608551025
black-forest-labs_flux.1-dev,2241569,-1.345555067062378
black-forest-labs_flux.1-dev,2720725,1.202955961227417
black-forest-labs_flux.1-dev,2721160,-0.07793884724378586
black-forest-labs_flux.1-dev,2730265,0.7327471375465393
black-forest-labs_flux.1-dev,2744395,1.2719080448150635
black-forest-labs_flux.1-dev,2770078,1.76886785030365
black-forest-labs_flux.1-dev,2793684,1.702700138092041
black-forest-labs_flux.1-dev,2803666,1.5117465257644653
black-forest-labs_flux.1-dev,2807731,2.572979211807251
black-forest-labs_flux.1-dev,2821943,2.046419858932495
black-forest-labs_flux.1-dev,2824319,0.27709099650382996
black-forest-labs_flux.1-dev,2825442,1.1215177774429321
black-forest-labs_flux.1-dev,2852043,2.0128650665283203
black-forest-labs_flux.1-dev,2870293,3.805429697036743
black-forest-labs_flux.1-dev,2870880,2.6403777599334717
black-forest-labs_flux.1-dev,2923535,1.9109960794448853
black-forest-labs_flux.1-dev,2933112,2.844700336456299
black-forest-labs_flux.1-dev,2963987,2.485926866531372
black-forest-labs_flux.1-dev,2991302,0.23895302414894104
black-forest-labs_flux.1-dev,3024209,1.4321483373641968
black-forest-labs_flux.1-dev,3035832,-0.11433583498001099
black-forest-labs_flux.1-dev,3049457,3.509352445602417
black-forest-labs_flux.1-dev,3107488,1.9045628309249878
black-forest-labs_flux.1-dev,3131388,1.6020597219467163
black-forest-labs_flux.1-dev,3131669,2.3776700496673584
black-forest-labs_flux.1-dev,3152830,0.7604383230209351
black-forest-labs_flux.1-dev,3249569,1.1363193988800049
black-forest-labs_flux.1-dev,3262349,1.6509993076324463
black-forest-labs_flux.1-dev,3288500,0.8926884531974792
black-forest-labs_flux.1-dev,3298716,1.7766931056976318
black-forest-labs_flux.1-dev,3308246,3.2630324363708496
black-forest-labs_flux.1-dev,3309110,-1.2616233825683594
black-forest-labs_flux.1-dev,3347220,1.4559134244918823
black-forest-labs_flux.1-dev,3353281,-1.0206776857376099
black-forest-labs_flux.1-dev,3366112,0.9230307340621948
black-forest-labs_flux.1-dev,3411927,2.0094361305236816
black-forest-labs_flux.1-dev,3456665,1.3375709056854248
black-forest-labs_flux.1-dev,3563208,1.0619642734527588
black-forest-labs_flux.1-dev,3580281,0.5993617177009583
black-forest-labs_flux.1-dev,3603442,1.6520673036575317
black-forest-labs_flux.1-dev,3607029,0.8909437656402588
black-forest-labs_flux.1-dev,3628071,0.8707497715950012
black-forest-labs_flux.1-dev,3630383,0.6824812889099121
black-forest-labs_flux.1-dev,3676483,2.6869709491729736
black-forest-labs_flux.1-dev,3679712,1.7991735935211182
black-forest-labs_flux.1-dev,3685307,1.2479596138000488
black-forest-labs_flux.1-dev,3703463,1.8464847803115845
black-forest-labs_flux.1-dev,3714235,0.28040266036987305
black-forest-labs_flux.1-dev,3728318,1.133934497833252
black-forest-labs_flux.1-dev,3748162,0.9402733445167542
black-forest-labs_flux.1-dev,3764276,-0.18689903616905212
black-forest-labs_flux.1-dev,3818090,1.950615644454956
black-forest-labs_flux.1-dev,3842156,2.3406455516815186
black-forest-labs_flux.1-dev,3880032,1.6727837324142456
black-forest-labs_flux.1-dev,3889343,0.7936270236968994
black-forest-labs_flux.1-dev,3907654,1.2243742942810059
black-forest-labs_flux.1-dev,3940713,0.7404217720031738
black-forest-labs_flux.1-dev,3975232,2.123706579208374
black-forest-labs_flux.1-dev,3982060,1.60261070728302
black-forest-labs_flux.1-dev,3990474,1.8848776817321777
black-forest-labs_flux.1-dev,4010305,2.2387313842773438
black-forest-labs_flux.1-dev,4025130,1.6073477268218994
black-forest-labs_flux.1-dev,4062807,-0.5451360940933228
black-forest-labs_flux.1-dev,4123448,2.109405040740967
black-forest-labs_flux.1-dev,4125853,0.9396862387657166
black-forest-labs_flux.1-dev,4140340,0.9122400283813477
black-forest-labs_flux.1-dev,4145056,0.6149036288261414
black-forest-labs_flux.1-dev,4192521,1.8624060153961182
black-forest-labs_flux.1-dev,4259202,-1.2671141624450684
black-forest-labs_flux.1-dev,4285773,0.7259202599525452
black-forest-labs_flux.1-dev,4345028,0.9845358729362488
black-forest-labs_flux.1-dev,4387201,1.0672825574874878
black-forest-labs_flux.1-dev,4416901,-1.2902950048446655
black-forest-labs_flux.1-dev,4455579,-0.042039655148983
black-forest-labs_flux.1-dev,4497570,0.4947214424610138
black-forest-labs_flux.1-dev,4534520,0.02840879000723362
black-forest-labs_flux.1-dev,4539203,0.466032475233078
black-forest-labs_flux.1-dev,4552551,1.3847846984863281
black-forest-labs_flux.1-dev,4596797,0.7385693192481995
black-forest-labs_flux.1-dev,4832208,0.49609097838401794
black-forest-labs_flux.1-dev,4930139,2.536076545715332
black-forest-labs_flux.1-dev,5008085,0.8588511943817139
black-forest-labs_flux.1-dev,5219923,0.7198014855384827
black-forest-labs_flux.1-dev,5316083,0.5160719752311707
black-forest-labs_flux.1-dev,5350912,1.400681495666504
black-forest-labs_flux.1-dev,5374860,1.2652537822723389
black-forest-labs_flux.1-dev,5410315,0.33081284165382385
black-forest-labs_flux.1-dev,5522784,1.0419517755508423
black-forest-labs_flux.1-dev,5728577,0.19625572860240936
black-forest-labs_flux.1-dev,5752544,1.6186577081680298
black-forest-labs_flux.1-dev,5794797,-0.35119932889938354
black-forest-labs_flux.1-dev,5895919,2.0050203800201416
black-forest-labs_flux.1-dev,5958517,0.8273845911026001
black-forest-labs_flux.1-dev,6189776,-0.7507283091545105
black-forest-labs_flux.1-dev,6528587,0.38441500067710876
black-forest-labs_flux.1-dev,6584891,1.431153416633606
black-forest-labs_flux.1-dev,6586355,0.46393346786499023
black-forest-labs_flux.1-dev,6607809,-1.303092360496521
black-forest-labs_flux.1-dev,6615026,0.7407429814338684
black-forest-labs_flux.1-dev,6615458,1.8169203996658325
black-forest-labs_flux.1-dev,6615818,1.3207378387451172
black-forest-labs_flux.1-dev,6616314,0.11446409672498703
black-forest-labs_flux.1-dev,6617011,1.3130512237548828
black-forest-labs_flux.1-dev,6617413,-0.4798080623149872
black-forest-labs_flux.1-dev,6729499,2.759894371032715
black-forest-labs_flux.1-dev,6880664,0.38877224922180176
black-forest-labs_flux.1-dev,6883725,-0.9494418501853943
black-forest-labs_flux.1-dev,6946774,2.976663827896118
black-forest-labs_flux.1-dev,7025268,1.611728310585022
black-forest-labs_flux.1-dev,7109847,-0.544707179069519
black-forest-labs_flux.1-dev,7116261,1.255036473274231
black-forest-labs_flux.1-dev,7150023,2.6912693977355957
black-forest-labs_flux.1-dev,7163803,0.06497140228748322
black-forest-labs_flux.1-dev,7507098,2.381228446960449
black-forest-labs_flux.1-dev,7596684,0.7511947751045227
black-forest-labs_flux.1-dev,7597365,-0.32075661420822144
black-forest-labs_flux.1-dev,7601809,-0.3882353603839874
black-forest-labs_flux.1-dev,7605282,-0.5710938572883606
black-forest-labs_flux.1-dev,7606419,-0.0038726837374269962
black-forest-labs_flux.1-dev,7607707,0.5524389147758484
black-forest-labs_flux.1-dev,7608721,1.927402377128601
black-forest-labs_flux.1-dev,7625977,1.579330563545227
black-forest-labs_flux.1-dev,7626721,2.1738390922546387
black-forest-labs_flux.1-dev,7626833,0.8319529891014099
black-forest-labs_flux.1-dev,7627310,0.5857455134391785
black-forest-labs_flux.1-dev,7651454,2.1130259037017822
black-forest-labs_flux.1-dev,7654438,1.1417350769042969
black-forest-labs_flux.1-dev,7664468,0.3116331398487091
black-forest-labs_flux.1-dev,7698915,1.7249044179916382
black-forest-labs_flux.1-dev,7700167,0.531459629535675
black-forest-labs_flux.1-dev,7700868,0.8507694602012634
black-forest-labs_flux.1-dev,7701244,0.6217108368873596
black-forest-labs_flux.1-dev,7702193,0.2633686661720276
black-forest-labs_flux.1-dev,7710616,0.9998542666435242
black-forest-labs_flux.1-dev,7834065,2.116779088973999
black-forest-labs_flux.1-dev,7854266,-1.2668266296386719
black-forest-labs_flux.1-dev,7854455,0.7613181471824646
black-forest-labs_flux.1-dev,7871940,-0.6931602954864502
black-forest-labs_flux.1-dev,7891189,1.241480827331543
black-forest-labs_flux.1-dev,7897116,1.0048326253890991
black-forest-labs_flux.1-dev,7914271,2.4372498989105225
black-forest-labs_flux.1-dev,7922764,-0.12263905256986618
black-forest-labs_flux.1-dev,7929519,1.9014538526535034
black-forest-labs_flux.1-dev,7933274,2.0012283325195312
black-forest-labs_flux.1-dev,7933530,2.74619460105896
black-forest-labs_flux.1-dev,8089797,0.9264101386070251
black-forest-labs_flux.1-dev,8095160,2.854177474975586
black-forest-labs_flux.1-dev,8124208,1.967674732208252
black-forest-labs_flux.1-dev,8339939,0.2432342767715454
black-forest-labs_flux.1-dev,8876291,-0.4783751964569092
black-forest-labs_flux.1-dev,9020389,1.4392523765563965
black-forest-labs_flux.1-dev,9044146,0.2524473965167999
black-forest-labs_flux.1-dev,9057052,2.5529520511627197
black-forest-labs_flux.1-dev,9427682,2.0937187671661377
black-forest-labs_flux.1-dev,9580065,1.1754945516586304
black-forest-labs_flux.1-dev,9719434,1.33059561252594
black-forest-labs_flux.1-dev,9793248,-0.4367996156215668
black-forest-labs_flux.1-dev,9794211,1.8184306621551514
black-forest-labs_flux.1-dev,9862621,1.3053412437438965
black-forest-labs_flux.1-dev,9875188,-0.48278993368148804
black-forest-labs_flux.1-dev,9984659,0.8033307790756226
black-forest-labs_flux.1-dev,10012874,0.7035054564476013
black-forest-labs_flux.1-dev,10024569,-0.16974766552448273
black-forest-labs_flux.1-dev,10080493,0.785760760307312
black-forest-labs_flux.1-dev,10106452,1.2276651859283447
black-forest-labs_flux.1-dev,10198409,0.3770366907119751
black-forest-labs_flux.1-dev,10333317,-0.32578614354133606
black-forest-labs_flux.1-dev,10408552,3.134675979614258
black-forest-labs_flux.1-dev,10444677,0.25167930126190186
black-forest-labs_flux.1-dev,10453357,-0.9461580514907837
black-forest-labs_flux.1-dev,10548623,0.844624936580658
black-forest-labs_flux.1-dev,10572128,1.0991326570510864
black-forest-labs_flux.1-dev,10794014,1.3404154777526855
black-forest-labs_flux.1-dev,10939743,0.6821860671043396
black-forest-labs_flux.1-dev,11039909,1.324460744857788
black-forest-labs_flux.1-dev,11334088,0.2590353190898895
black-forest-labs_flux.1-dev,11417672,1.0484806299209595
black-forest-labs_flux.1-dev,11437577,0.4293346107006073
black-forest-labs_flux.1-dev,11460338,-0.300173819065094
black-forest-labs_flux.1-dev,12345739,-0.560820460319519
black-forest-labs_flux.1-dev,12402348,1.5551135540008545
black-forest-labs_flux.1-dev,13221529,-1.1072843074798584
black-forest-labs_flux.1-dev,13290566,0.4051673412322998
black-forest-labs_flux.1-dev,13389475,0.9309564232826233
black-forest-labs_flux.1-dev,13390139,1.6694998741149902
black-forest-labs_flux.1-dev,13390405,1.689738154411316
black-forest-labs_flux.1-dev,13392786,-0.4942648410797119
black-forest-labs_flux.1-dev,13649361,-1.4000719785690308
black-forest-labs_flux.1-dev,13716878,3.1950228214263916
black-forest-labs_flux.1-dev,13884740,1.429314374923706
black-forest-labs_flux.1-dev,13915305,1.0464305877685547
black-forest-labs_flux.1-dev,13931145,2.371523141860962
black-forest-labs_flux.1-dev,13984082,-0.38266655802726746
black-forest-labs_flux.1-dev,14140678,1.3147426843643188
black-forest-labs_flux.1-dev,14195315,0.2973407804965973
black-forest-labs_flux.1-dev,14294568,-0.3433031737804413
black-forest-labs_flux.1-dev,14320813,1.1207845211029053
black-forest-labs_flux.1-dev,14360436,1.3102418184280396
black-forest-labs_flux.1-dev,14488317,1.8414804935455322
black-forest-labs_flux.1-dev,14533937,0.8328357338905334
black-forest-labs_flux.1-dev,14550987,0.7930316925048828
black-forest-labs_flux.1-dev,14579933,0.9005702137947083
black-forest-labs_flux.1-dev,14606290,0.18184229731559753
black-forest-labs_flux.1-dev,14620257,1.4345812797546387
black-forest-labs_flux.1-dev,14632648,0.41965606808662415
black-forest-labs_flux.1-dev,14647235,0.8037018775939941
black-forest-labs_flux.1-dev,14654954,2.507207155227661
black-forest-labs_flux.1-dev,14686352,1.5341122150421143
black-forest-labs_flux.1-dev,14702875,1.4726229906082153
black-forest-labs_flux.1-dev,14703190,1.032608151435852
black-forest-labs_flux.1-dev,14807929,0.8472833037376404
black-forest-labs_flux.1-dev,14809057,0.05382545292377472
black-forest-labs_flux.1-dev,14867690,-0.3935408592224121
black-forest-labs_flux.1-dev,14872875,1.0363017320632935
black-forest-labs_flux.1-dev,14880557,3.252932071685791
black-forest-labs_flux.1-dev,14894140,0.1974487006664276
black-forest-labs_flux.1-dev,15180934,1.368983507156372
black-forest-labs_flux.1-dev,15970145,2.1562747955322266
black-forest-labs_flux.1-dev,17002912,1.3250209093093872
black-forest-labs_flux.1-dev,17012379,1.0669364929199219
black-forest-labs_flux.1-dev,17282800,0.528813362121582
black-forest-labs_flux.1-dev,17925539,1.5094305276870728
black-forest-labs_flux.1-dev,18367104,1.3496475219726562
black-forest-labs_flux.1-dev,18758723,-0.959074079990387
black-forest-labs_flux.1-dev,19143128,0.8300558924674988
black-forest-labs_flux.1-dev,19671124,0.7788069844245911
black-forest-labs_flux.1-dev,19855707,0.9146372079849243
black-forest-labs_flux.1-dev,19893872,1.7831398248672485
black-forest-labs_flux.1-dev,20017667,1.1231553554534912
black-forest-labs_flux.1-dev,20128079,1.8372068405151367
black-forest-labs_flux.1-dev,20471134,0.39472514390945435
black-forest-labs_flux.1-dev,20495093,1.5590729713439941
black-forest-labs_flux.1-dev,20782430,0.220730260014534
black-forest-labs_flux.1-dev,21377549,1.0335361957550049
black-forest-labs_flux.1-dev,21564446,1.2819194793701172
black-forest-labs_flux.1-dev,21620388,2.156588077545166
black-forest-labs_flux.1-dev,22149540,-0.027517667040228844
black-forest-labs_flux.1-dev,22738759,1.8124457597732544
black-forest-labs_flux.1-dev,22767176,2.320878744125366
black-forest-labs_flux.1-dev,23129661,0.8374511003494263
black-forest-labs_flux.1-dev,23185551,0.3365446627140045
black-forest-labs_flux.1-dev,23232427,1.1721303462982178
black-forest-labs_flux.1-dev,23257851,-1.2256042957305908
black-forest-labs_flux.1-dev,23620789,2.1527938842773438
black-forest-labs_flux.1-dev,24808131,-0.04180864244699478
black-forest-labs_flux.1-dev,24843217,1.9695490598678589
black-forest-labs_flux.1-dev,24933378,0.2960408627986908
black-forest-labs_flux.1-dev,24942232,1.1809684038162231
black-forest-labs_flux.1-dev,25290589,-2.0410637855529785
black-forest-labs_flux.1-dev,25579216,0.40175679326057434
black-forest-labs_flux.1-dev,25685207,2.2845354080200195
black-forest-labs_flux.1-dev,25776594,-0.04472532123327255
black-forest-labs_flux.1-dev,26078214,2.8472864627838135
black-forest-labs_flux.1-dev,26746434,0.3471159040927887
black-forest-labs_flux.1-dev,26998039,1.3584319353103638
black-forest-labs_flux.1-dev,27106238,2.333493232727051
black-forest-labs_flux.1-dev,27246777,2.2471072673797607
black-forest-labs_flux.1-dev,27768637,1.443871259689331
black-forest-labs_flux.1-dev,27871992,0.551823079586029
black-forest-labs_flux.1-dev,28190972,0.26419326663017273
black-forest-labs_flux.1-dev,29094321,0.9840506911277771
black-forest-labs_flux.1-dev,29148617,0.20503519475460052
black-forest-labs_flux.1-dev,29161294,0.906962513923645
black-forest-labs_flux.1-dev,29632917,0.5895897150039673
black-forest-labs_flux.1-dev,29703209,0.4046466052532196
black-forest-labs_flux.1-dev,29779486,0.9695308208465576
black-forest-labs_flux.1-dev,30028757,0.6668566465377808
black-forest-labs_flux.1-dev,30225071,-0.6890490651130676
black-forest-labs_flux.1-dev,30373565,0.5739242434501648
black-forest-labs_flux.1-dev,30484086,0.3671806752681732
black-forest-labs_flux.1-dev,30883080,-0.7145236134529114
black-forest-labs_flux.1-dev,31114750,1.7197346687316895
black-forest-labs_flux.1-dev,31196176,1.711372971534729
black-forest-labs_flux.1-dev,31391857,2.0438897609710693
black-forest-labs_flux.1-dev,31595142,2.7356133460998535
black-forest-labs_flux.1-dev,32152786,0.6461284756660461
black-forest-labs_flux.1-dev,32327818,-0.7081173062324524
black-forest-labs_flux.1-dev,32379732,1.484385371208191
black-forest-labs_flux.1-dev,32473966,-0.06510933488607407
black-forest-labs_flux.1-dev,32902730,1.8193743228912354
black-forest-labs_flux.1-dev,32932491,1.6959547996520996
black-forest-labs_flux.1-dev,33006578,-1.2801498174667358
black-forest-labs_flux.1-dev,33478721,0.9065269231796265
black-forest-labs_flux.1-dev,34475997,-1.1286430358886719
black-forest-labs_flux.1-dev,34578737,1.4391682147979736
black-forest-labs_flux.1-dev,34773230,-0.6251309514045715
black-forest-labs_flux.1-dev,36507085,0.5110353827476501
black-forest-labs_flux.1-dev,36678439,0.11666548997163773
black-forest-labs_flux.1-dev,37287360,-1.0913186073303223
black-forest-labs_flux.1-dev,37319253,-0.26275286078453064
black-forest-labs_flux.1-dev,37547870,3.3036935329437256
black-forest-labs_flux.1-dev,37736408,1.564246654510498
black-forest-labs_flux.1-dev,38014258,-0.1162484735250473
black-forest-labs_flux.1-dev,38297191,0.3994797170162201
black-forest-labs_flux.1-dev,38402744,-0.0003353268839418888
black-forest-labs_flux.1-dev,38954086,0.9377147555351257
black-forest-labs_flux.1-dev,39139190,1.8205440044403076
black-forest-labs_flux.1-dev,39560404,0.47745734453201294
black-forest-labs_flux.1-dev,39566065,2.0699353218078613
black-forest-labs_flux.1-dev,39595218,2.583109140396118
black-forest-labs_flux.1-dev,40825299,0.7293228507041931
black-forest-labs_flux.1-dev,40945115,0.9264669418334961
black-forest-labs_flux.1-dev,40995095,1.5334382057189941
black-forest-labs_flux.1-dev,41015844,0.5106592774391174
black-forest-labs_flux.1-dev,41031648,0.5526602268218994
black-forest-labs_flux.1-dev,41161074,0.485242635011673
black-forest-labs_flux.1-dev,41458919,-0.38177740573883057
black-forest-labs_flux.1-dev,41565779,1.05513596534729
black-forest-labs_flux.1-dev,41766391,0.6379982829093933
black-forest-labs_flux.1-dev,41982710,0.9313837289810181
black-forest-labs_flux.1-dev,42048260,1.0178054571151733
black-forest-labs_flux.1-dev,42849420,3.468714475631714
black-forest-labs_flux.1-dev,42931583,0.6177197098731995
black-forest-labs_flux.1-dev,43060946,0.8139141201972961
black-forest-labs_flux.1-dev,43153800,0.8625897765159607
black-forest-labs_flux.1-dev,43161384,2.1040451526641846
black-forest-labs_flux.1-dev,43301379,2.0504064559936523
black-forest-labs_flux.1-dev,43304323,2.212479591369629
black-forest-labs_flux.1-dev,43367797,1.0566927194595337
black-forest-labs_flux.1-dev,43431032,1.417120099067688
black-forest-labs_flux.1-dev,43631801,0.9152483344078064
black-forest-labs_flux.1-dev,43735560,0.32040098309516907
black-forest-labs_flux.1-dev,43858443,1.5960216522216797
black-forest-labs_flux.1-dev,43918624,0.6256816983222961
black-forest-labs_flux.1-dev,44280552,1.1865215301513672
black-forest-labs_flux.1-dev,44295589,1.1473995447158813
black-forest-labs_flux.1-dev,44621915,0.16619451344013214
black-forest-labs_flux.1-dev,44645737,1.563610315322876
black-forest-labs_flux.1-dev,44838123,1.0976718664169312
black-forest-labs_flux.1-dev,45258070,-0.8345721364021301
black-forest-labs_flux.1-dev,45297641,-0.9212043881416321
black-forest-labs_flux.1-dev,45418454,0.8117451071739197
black-forest-labs_flux.1-dev,45564900,0.2753210961818695
black-forest-labs_flux.1-dev,46150029,1.0646651983261108
black-forest-labs_flux.1-dev,46394736,1.5368231534957886
black-forest-labs_flux.1-dev,46673664,1.6133513450622559
black-forest-labs_flux.1-dev,46994920,-1.2672613859176636
black-forest-labs_flux.1-dev,47009060,0.6127725839614868
black-forest-labs_flux.1-dev,47552953,1.610397219657898
black-forest-labs_flux.1-dev,47595220,0.636053204536438
black-forest-labs_flux.1-dev,47819321,0.16567391157150269
black-forest-labs_flux.1-dev,48223384,1.0704543590545654
black-forest-labs_flux.1-dev,48351897,-0.30113422870635986
black-forest-labs_flux.1-dev,48754831,2.3539674282073975
black-forest-labs_flux.1-dev,49054805,1.2578155994415283
black-forest-labs_flux.1-dev,49089576,2.4444379806518555
black-forest-labs_flux.1-dev,49300740,0.5966966152191162
black-forest-labs_flux.1-dev,49358811,-0.5863239169120789
black-forest-labs_flux.1-dev,49462954,0.7808605432510376
black-forest-labs_flux.1-dev,50262859,0.7474225163459778
black-forest-labs_flux.1-dev,50871471,0.43197348713874817
black-forest-labs_flux.1-dev,50952217,-0.41344794631004333
black-forest-labs_flux.1-dev,51060824,-0.3260289132595062
black-forest-labs_flux.1-dev,51314050,0.2558770477771759
black-forest-labs_flux.1-dev,51946990,0.4685944616794586
black-forest-labs_flux.1-dev,52325745,0.5852969884872437
black-forest-labs_flux.1-dev,52474100,2.354503631591797
black-forest-labs_flux.1-dev,52516409,0.7200829982757568
black-forest-labs_flux.1-dev,52711595,2.0263164043426514
black-forest-labs_flux.1-dev,53022028,3.1162734031677246
black-forest-labs_flux.1-dev,53205877,-1.7740721702575684
black-forest-labs_flux.1-dev,53288018,1.2894878387451172
black-forest-labs_flux.1-dev,53443611,1.6539605855941772
black-forest-labs_flux.1-dev,53815934,0.8166863322257996
black-forest-labs_flux.1-dev,54495173,1.7129356861114502
black-forest-labs_flux.1-dev,54931507,2.4546360969543457
black-forest-labs_flux.1-dev,55191509,1.6618858575820923
black-forest-labs_flux.1-dev,55255145,0.26363351941108704
black-forest-labs_flux.1-dev,55457672,0.8083191514015198
black-forest-labs_flux.1-dev,55588327,0.6581965684890747
black-forest-labs_flux.1-dev,55653646,1.069686770439148
black-forest-labs_flux.1-dev,55658809,1.263844609260559
black-forest-labs_flux.1-dev,55812974,-0.052508436143398285
black-forest-labs_flux.1-dev,55819553,2.7523739337921143
black-forest-labs_flux.1-dev,55826966,1.7596505880355835
black-forest-labs_flux.1-dev,55983905,-0.7847945690155029
black-forest-labs_flux.1-dev,56074056,1.4756827354431152
black-forest-labs_flux.1-dev,56112588,0.6271350979804993
black-forest-labs_flux.1-dev,56121520,0.15869292616844177
black-forest-labs_flux.1-dev,56250900,0.34741881489753723
black-forest-labs_flux.1-dev,56458800,0.7045911550521851
black-forest-labs_flux.1-dev,56792430,-0.0307756420224905
black-forest-labs_flux.1-dev,56982260,0.7509198784828186
black-forest-labs_flux.1-dev,57673976,1.737958550453186
black-forest-labs_flux.1-dev,57716963,1.186841607093811
black-forest-labs_flux.1-dev,57729980,0.7641624808311462
black-forest-labs_flux.1-dev,57785005,1.8022887706756592
black-forest-labs_flux.1-dev,57873614,0.05475299060344696
black-forest-labs_flux.1-dev,58727024,0.6734869480133057
black-forest-labs_flux.1-dev,58761464,2.1487362384796143
black-forest-labs_flux.1-dev,59399259,-0.11323293298482895
black-forest-labs_flux.1-dev,59976859,0.5264202356338501
black-forest-labs_flux.1-dev,60083345,-0.45246100425720215
black-forest-labs_flux.1-dev,60214770,-0.29942306876182556
black-forest-labs_flux.1-dev,60215376,1.59719979763031
black-forest-labs_flux.1-dev,60375309,0.8484183549880981
black-forest-labs_flux.1-dev,60606896,0.988946259021759
black-forest-labs_flux.1-dev,60668084,2.2453010082244873
black-forest-labs_flux.1-dev,61035709,1.5401852130889893
black-forest-labs_flux.1-dev,61388266,1.5536319017410278
black-forest-labs_flux.1-dev,61627313,2.692037582397461
black-forest-labs_flux.1-dev,61635816,1.3826844692230225
black-forest-labs_flux.1-dev,61853324,0.02386918105185032
black-forest-labs_flux.1-dev,62408818,-0.47382640838623047
black-forest-labs_flux.1-dev,62841330,0.7702050805091858
black-forest-labs_flux.1-dev,63015570,1.3474066257476807
black-forest-labs_flux.1-dev,63336441,-0.39270007610321045
black-forest-labs_flux.1-dev,63633117,2.055530309677124
black-forest-labs_flux.1-dev,64576544,1.050851821899414
black-forest-labs_flux.1-dev,64687077,-1.404529333114624
black-forest-labs_flux.1-dev,64693533,1.122201681137085
black-forest-labs_flux.1-dev,64856142,3.4604010581970215
black-forest-labs_flux.1-dev,65411270,0.3057423532009125
black-forest-labs_flux.1-dev,65557844,0.34137648344039917
black-forest-labs_flux.1-dev,65824677,-0.45283499360084534
black-forest-labs_flux.1-dev,65890875,1.27765691280365
black-forest-labs_flux.1-dev,65960228,0.2858045995235443
black-forest-labs_flux.1-dev,66668538,-0.04459509998559952
black-forest-labs_flux.1-dev,67344811,1.8886513710021973
black-forest-labs_flux.1-dev,67949798,1.3843085765838623
black-forest-labs_flux.1-dev,68246844,0.6582221388816833
black-forest-labs_flux.1-dev,68280322,-0.8263987302780151
black-forest-labs_flux.1-dev,68321683,1.7930221557617188
black-forest-labs_flux.1-dev,68380669,2.776273727416992
black-forest-labs_flux.1-dev,68575085,0.16863666474819183
black-forest-labs_flux.1-dev,70380966,0.6541317701339722
black-forest-labs_flux.1-dev,70494671,1.9223666191101074
black-forest-labs_flux.1-dev,71055464,2.343109130859375
black-forest-labs_flux.1-dev,71591839,-0.4674760103225708
black-forest-labs_flux.1-dev,71828875,1.3217962980270386
black-forest-labs_flux.1-dev,71910823,1.3177735805511475
black-forest-labs_flux.1-dev,71959499,2.299351930618286
black-forest-labs_flux.1-dev,72432241,1.6624171733856201
black-forest-labs_flux.1-dev,72553814,0.890108048915863
black-forest-labs_flux.1-dev,73051579,0.2105824202299118
black-forest-labs_flux.1-dev,73600586,1.2652359008789062
black-forest-labs_flux.1-dev,73616417,3.166224241256714
black-forest-labs_flux.1-dev,73681289,0.04883427172899246
black-forest-labs_flux.1-dev,73962724,0.8499388098716736
black-forest-labs_flux.1-dev,74175857,-0.12744636833667755
black-forest-labs_flux.1-dev,75051801,1.2089426517486572
black-forest-labs_flux.1-dev,75787772,0.26604214310646057
black-forest-labs_flux.1-dev,75944980,1.4467257261276245
black-forest-labs_flux.1-dev,75964288,-0.3812336325645447
black-forest-labs_flux.1-dev,76066166,-0.23975959420204163
black-forest-labs_flux.1-dev,76100398,0.5025576949119568
black-forest-labs_flux.1-dev,76425345,2.427896499633789
black-forest-labs_flux.1-dev,77106105,0.13798114657402039
black-forest-labs_flux.1-dev,77132310,1.5961250066757202
black-forest-labs_flux.1-dev,77232534,0.865063488483429
black-forest-labs_flux.1-dev,77312726,1.1062846183776855
black-forest-labs_flux.1-dev,77358840,1.8276492357254028
black-forest-labs_flux.1-dev,77490593,1.6024082899093628
black-forest-labs_flux.1-dev,77726888,2.0986363887786865
black-forest-labs_flux.1-dev,78735978,1.1119385957717896
black-forest-labs_flux.1-dev,79077085,2.0365774631500244
black-forest-labs_flux.1-dev,79212243,2.954962730407715
black-forest-labs_flux.1-dev,79606917,2.115565061569214
black-forest-labs_flux.1-dev,79918827,1.2411860227584839
black-forest-labs_flux.1-dev,80289373,0.8526331782341003
black-forest-labs_flux.1-dev,80371125,0.5775404572486877
black-forest-labs_flux.1-dev,80540387,1.1500012874603271
black-forest-labs_flux.1-dev,81135077,-1.0714375972747803
black-forest-labs_flux.1-dev,81303945,2.1398487091064453
black-forest-labs_flux.1-dev,81435593,0.8362144827842712
black-forest-labs_flux.1-dev,82282590,1.8373618125915527
black-forest-labs_flux.1-dev,82696415,0.17726188898086548
black-forest-labs_flux.1-dev,82916016,0.9648768305778503
black-forest-labs_flux.1-dev,83084473,1.4060465097427368
black-forest-labs_flux.1-dev,83418847,2.1084413528442383
black-forest-labs_flux.1-dev,84089324,0.7769661545753479
black-forest-labs_flux.1-dev,84306831,1.0632266998291016
black-forest-labs_flux.1-dev,84510135,-0.160715714097023
black-forest-labs_flux.1-dev,84788890,1.1535236835479736
black-forest-labs_flux.1-dev,84985982,1.2856380939483643
black-forest-labs_flux.1-dev,85191733,0.9803640842437744
black-forest-labs_flux.1-dev,86119145,-0.23283956944942474
black-forest-labs_flux.1-dev,86340862,1.6345702409744263
black-forest-labs_flux.1-dev,86341828,1.012157678604126
black-forest-labs_flux.1-dev,86537356,0.027169013395905495
black-forest-labs_flux.1-dev,86701636,1.1845136880874634
black-forest-labs_flux.1-dev,86714939,1.7847239971160889
black-forest-labs_flux.1-dev,87574583,-0.6878008246421814
black-forest-labs_flux.1-dev,87699711,2.3685576915740967
black-forest-labs_flux.1-dev,88016571,-0.15002499520778656
black-forest-labs_flux.1-dev,88087492,-0.7568022608757019
black-forest-labs_flux.1-dev,89227603,1.8200042247772217
black-forest-labs_flux.1-dev,89539854,-0.38230642676353455
black-forest-labs_flux.1-dev,89926787,1.792600154876709
black-forest-labs_flux.1-dev,90244932,0.2670142948627472
black-forest-labs_flux.1-dev,90493027,1.5426779985427856
black-forest-labs_flux.1-dev,90613035,-0.6567283868789673
black-forest-labs_flux.1-dev,91368797,0.31813350319862366
black-forest-labs_flux.1-dev,91784299,1.979415774345398
black-forest-labs_flux.1-dev,91790573,-0.35192766785621643
black-forest-labs_flux.1-dev,91834546,0.7519776821136475
black-forest-labs_flux.1-dev,92068094,0.8157921433448792
black-forest-labs_flux.1-dev,92311656,-0.12449685484170914
black-forest-labs_flux.1-dev,92709444,1.400465488433838
black-forest-labs_flux.1-dev,93114575,0.8424635529518127
black-forest-labs_flux.1-dev,93256557,0.3793680965900421
black-forest-labs_flux.1-dev,93407716,1.5444574356079102
black-forest-labs_flux.1-dev,93436296,-0.2304057776927948
black-forest-labs_flux.1-dev,93512057,0.1274747997522354
black-forest-labs_flux.1-dev,94006560,-0.32610687613487244
black-forest-labs_flux.1-dev,94321535,1.1381916999816895
black-forest-labs_flux.1-dev,94532154,0.38696861267089844
black-forest-labs_flux.1-dev,95171107,0.0012695430777966976
black-forest-labs_flux.1-dev,95228839,0.9098275899887085
black-forest-labs_flux.1-dev,95325441,0.310540109872818
black-forest-labs_flux.1-dev,95450946,1.728521466255188
black-forest-labs_flux.1-dev,95583911,1.5427753925323486
black-forest-labs_flux.1-dev,95718306,2.540888547897339
black-forest-labs_flux.1-dev,95737828,0.8071626424789429
black-forest-labs_flux.1-dev,96448597,0.8921846151351929
black-forest-labs_flux.1-dev,96482065,1.3645663261413574
black-forest-labs_flux.1-dev,96521920,-0.33753904700279236
black-forest-labs_flux.1-dev,96850153,2.497401237487793
black-forest-labs_flux.1-dev,98113191,0.407938688993454
black-forest-labs_flux.1-dev,98195317,0.07523208111524582
black-forest-labs_flux.1-dev,98254655,3.7174715995788574
black-forest-labs_flux.1-dev,98319500,1.0519238710403442
black-forest-labs_flux.1-dev,98642787,0.941439151763916
black-forest-labs_flux.1-dev,98646702,-0.01618473045527935
black-forest-labs_flux.1-dev,98929226,0.843973696231842
black-forest-labs_flux.1-dev,99178779,2.487623453140259
black-forest-labs_flux.1-dev,99185892,0.027717867866158485
black-forest-labs_flux.1-dev,99211012,1.3252098560333252
black-forest-labs_flux.1-dev,99410560,-0.02809026651084423
black-forest-labs_flux.1-dev,99862294,2.658421039581299
kandinsky-community_kandinsky-3,138508,-1.6245582103729248
kandinsky-community_kandinsky-3,192051,-0.6799440979957581
kandinsky-community_kandinsky-3,213186,-1.3145920038223267
kandinsky-community_kandinsky-3,232386,-0.37847641110420227
kandinsky-community_kandinsky-3,232765,-1.5786999464035034
kandinsky-community_kandinsky-3,258857,-0.025535767897963524
kandinsky-community_kandinsky-3,283090,-2.309650182723999
kandinsky-community_kandinsky-3,285141,1.8965562582015991
kandinsky-community_kandinsky-3,399030,-0.0650184378027916
kandinsky-community_kandinsky-3,440189,0.6321598887443542
kandinsky-community_kandinsky-3,445169,-2.3205854892730713
kandinsky-community_kandinsky-3,486490,-1.9794446229934692
kandinsky-community_kandinsky-3,487072,-2.1542627811431885
kandinsky-community_kandinsky-3,487326,2.061647653579712
kandinsky-community_kandinsky-3,489837,-1.0495227575302124
kandinsky-community_kandinsky-3,646833,2.9450299739837646
kandinsky-community_kandinsky-3,708860,0.8206750154495239
kandinsky-community_kandinsky-3,717208,-1.1878291368484497
kandinsky-community_kandinsky-3,717468,-1.3359096050262451
kandinsky-community_kandinsky-3,735254,2.2387187480926514
kandinsky-community_kandinsky-3,762478,1.2154748439788818
kandinsky-community_kandinsky-3,825443,0.4016001522541046
kandinsky-community_kandinsky-3,831919,1.9843058586120605
kandinsky-community_kandinsky-3,896677,2.688952922821045
kandinsky-community_kandinsky-3,936620,-0.48358437418937683
kandinsky-community_kandinsky-3,974367,0.4142026901245117
kandinsky-community_kandinsky-3,993014,-1.9919371604919434
kandinsky-community_kandinsky-3,995855,-0.2049013376235962
kandinsky-community_kandinsky-3,1113367,-0.10130294412374496
kandinsky-community_kandinsky-3,1171644,0.714111864566803
kandinsky-community_kandinsky-3,1209135,0.5544191598892212
kandinsky-community_kandinsky-3,1317294,-0.3707719147205353
kandinsky-community_kandinsky-3,1317533,2.171914577484131
kandinsky-community_kandinsky-3,1321854,0.7115893363952637
kandinsky-community_kandinsky-3,1377758,-1.8470524549484253
kandinsky-community_kandinsky-3,1474832,-1.422640323638916
kandinsky-community_kandinsky-3,1516071,0.7519806027412415
kandinsky-community_kandinsky-3,1566705,-0.12712936103343964
kandinsky-community_kandinsky-3,1640855,1.3707926273345947
kandinsky-community_kandinsky-3,1668603,0.3366553485393524
kandinsky-community_kandinsky-3,1678990,1.2168251276016235
kandinsky-community_kandinsky-3,1699831,-0.04927922040224075
kandinsky-community_kandinsky-3,1707698,-0.7602418065071106
kandinsky-community_kandinsky-3,1727942,1.8943804502487183
kandinsky-community_kandinsky-3,2045760,2.0513863563537598
kandinsky-community_kandinsky-3,2075049,-0.42451927065849304
kandinsky-community_kandinsky-3,2075764,0.8656109571456909
kandinsky-community_kandinsky-3,2241569,-0.8004364371299744
kandinsky-community_kandinsky-3,2720725,0.19228166341781616
kandinsky-community_kandinsky-3,2721160,1.4066798686981201
kandinsky-community_kandinsky-3,2730265,0.3616121709346771
kandinsky-community_kandinsky-3,2744395,0.1391269862651825
kandinsky-community_kandinsky-3,2770078,0.9427427649497986
kandinsky-community_kandinsky-3,2793684,0.36652204394340515
kandinsky-community_kandinsky-3,2803666,0.5192115306854248
kandinsky-community_kandinsky-3,2807731,1.5512001514434814
kandinsky-community_kandinsky-3,2821943,2.1070337295532227
kandinsky-community_kandinsky-3,2824319,0.3161217272281647
kandinsky-community_kandinsky-3,2825442,-0.6959006190299988
kandinsky-community_kandinsky-3,2852043,1.0422205924987793
kandinsky-community_kandinsky-3,2870293,2.7427737712860107
kandinsky-community_kandinsky-3,2870880,2.4390976428985596
kandinsky-community_kandinsky-3,2923535,1.1092073917388916
kandinsky-community_kandinsky-3,2933112,1.5757901668548584
kandinsky-community_kandinsky-3,2963987,1.4460399150848389
kandinsky-community_kandinsky-3,2991302,1.1387169361114502
kandinsky-community_kandinsky-3,3024209,-0.34790319204330444
kandinsky-community_kandinsky-3,3035832,1.5402815341949463
kandinsky-community_kandinsky-3,3049457,2.3766493797302246
kandinsky-community_kandinsky-3,3107488,-0.8017151951789856
kandinsky-community_kandinsky-3,3131388,-0.4991588890552521
kandinsky-community_kandinsky-3,3131669,0.7965317964553833
kandinsky-community_kandinsky-3,3152830,0.9376586675643921
kandinsky-community_kandinsky-3,3249569,0.28528478741645813
kandinsky-community_kandinsky-3,3262349,1.2641358375549316
kandinsky-community_kandinsky-3,3288500,1.0011485815048218
kandinsky-community_kandinsky-3,3298716,1.2699260711669922
kandinsky-community_kandinsky-3,3308246,0.8754289150238037
kandinsky-community_kandinsky-3,3309110,-1.0939725637435913
kandinsky-community_kandinsky-3,3347220,1.8265588283538818
kandinsky-community_kandinsky-3,3353281,2.644967794418335
kandinsky-community_kandinsky-3,3366112,0.020196989178657532
kandinsky-community_kandinsky-3,3411927,2.4705135822296143
kandinsky-community_kandinsky-3,3456665,0.7214353680610657
kandinsky-community_kandinsky-3,3563208,0.4625648558139801
kandinsky-community_kandinsky-3,3580281,0.9855499863624573
kandinsky-community_kandinsky-3,3603442,0.11174788326025009
kandinsky-community_kandinsky-3,3607029,0.7190055251121521
kandinsky-community_kandinsky-3,3628071,-1.531214714050293
kandinsky-community_kandinsky-3,3630383,2.60890793800354
kandinsky-community_kandinsky-3,3676483,0.6351744532585144
kandinsky-community_kandinsky-3,3679712,3.7337443828582764
kandinsky-community_kandinsky-3,3685307,-0.7571309208869934
kandinsky-community_kandinsky-3,3703463,-0.8257562518119812
kandinsky-community_kandinsky-3,3714235,0.0738648921251297
kandinsky-community_kandinsky-3,3728318,-1.2828987836837769
kandinsky-community_kandinsky-3,3748162,0.5189335346221924
kandinsky-community_kandinsky-3,3764276,-0.9396986961364746
kandinsky-community_kandinsky-3,3818090,-0.4998702108860016
kandinsky-community_kandinsky-3,3842156,2.3572561740875244
kandinsky-community_kandinsky-3,3880032,-0.8933175206184387
kandinsky-community_kandinsky-3,3889343,2.331094264984131
kandinsky-community_kandinsky-3,3907654,1.329501986503601
kandinsky-community_kandinsky-3,3940713,1.0234076976776123
kandinsky-community_kandinsky-3,3975232,1.1214776039123535
kandinsky-community_kandinsky-3,3982060,0.6008554100990295
kandinsky-community_kandinsky-3,3990474,2.1936120986938477
kandinsky-community_kandinsky-3,4010305,0.5830307602882385
kandinsky-community_kandinsky-3,4025130,-0.19808019697666168
kandinsky-community_kandinsky-3,4062807,-1.0494745969772339
kandinsky-community_kandinsky-3,4123448,1.6627305746078491
kandinsky-community_kandinsky-3,4125853,-0.5919055938720703
kandinsky-community_kandinsky-3,4140340,0.4307228624820709
kandinsky-community_kandinsky-3,4145056,0.07970116287469864
kandinsky-community_kandinsky-3,4192521,2.319943904876709
kandinsky-community_kandinsky-3,4259202,-0.06233144551515579
kandinsky-community_kandinsky-3,4285773,2.3503811359405518
kandinsky-community_kandinsky-3,4345028,1.9445669651031494
kandinsky-community_kandinsky-3,4387201,0.3998028337955475
kandinsky-community_kandinsky-3,4416901,-1.5933141708374023
kandinsky-community_kandinsky-3,4455579,0.4669438302516937
kandinsky-community_kandinsky-3,4497570,0.3371697664260864
kandinsky-community_kandinsky-3,4534520,-0.8451682329177856
kandinsky-community_kandinsky-3,4539203,1.044785499572754
kandinsky-community_kandinsky-3,4552551,2.0847840309143066
kandinsky-community_kandinsky-3,4596797,1.3928533792495728
kandinsky-community_kandinsky-3,4832208,2.354945421218872
kandinsky-community_kandinsky-3,4930139,2.323132038116455
kandinsky-community_kandinsky-3,5008085,-0.3521977663040161
kandinsky-community_kandinsky-3,5219923,-1.9107695817947388
kandinsky-community_kandinsky-3,5316083,0.9494465589523315
kandinsky-community_kandinsky-3,5350912,0.8398922681808472
kandinsky-community_kandinsky-3,5374860,-0.08972003310918808
kandinsky-community_kandinsky-3,5410315,0.32096490263938904
kandinsky-community_kandinsky-3,5522784,-1.8502068519592285
kandinsky-community_kandinsky-3,5728577,1.8933641910552979
kandinsky-community_kandinsky-3,5752544,0.8288440108299255
kandinsky-community_kandinsky-3,5794797,0.5822704434394836
kandinsky-community_kandinsky-3,5895919,1.9317723512649536
kandinsky-community_kandinsky-3,5958517,0.9277889132499695
kandinsky-community_kandinsky-3,6189776,1.148983359336853
kandinsky-community_kandinsky-3,6528587,-0.41099563241004944
kandinsky-community_kandinsky-3,6584891,-0.7460597157478333
kandinsky-community_kandinsky-3,6586355,0.21628157794475555
kandinsky-community_kandinsky-3,6607809,0.18290622532367706
kandinsky-community_kandinsky-3,6615026,1.517366886138916
kandinsky-community_kandinsky-3,6615458,1.689201831817627
kandinsky-community_kandinsky-3,6615818,1.1151351928710938
kandinsky-community_kandinsky-3,6616314,1.3524830341339111
kandinsky-community_kandinsky-3,6617011,1.9112063646316528
kandinsky-community_kandinsky-3,6617413,1.1883736848831177
kandinsky-community_kandinsky-3,6729499,2.6128547191619873
kandinsky-community_kandinsky-3,6880664,-0.6170760989189148
kandinsky-community_kandinsky-3,6883725,-1.0462572574615479
kandinsky-community_kandinsky-3,6946774,0.9718819260597229
kandinsky-community_kandinsky-3,7025268,-0.2690310478210449
kandinsky-community_kandinsky-3,7109847,0.9481005072593689
kandinsky-community_kandinsky-3,7116261,0.7644587159156799
kandinsky-community_kandinsky-3,7150023,1.8327419757843018
kandinsky-community_kandinsky-3,7163803,-0.6047767996788025
kandinsky-community_kandinsky-3,7507098,-1.4259697198867798
kandinsky-community_kandinsky-3,7596684,0.4449559152126312
kandinsky-community_kandinsky-3,7597365,0.789308488368988
kandinsky-community_kandinsky-3,7601809,-0.8756176829338074
kandinsky-community_kandinsky-3,7605282,-1.3486486673355103
kandinsky-community_kandinsky-3,7606419,0.10127429664134979
kandinsky-community_kandinsky-3,7607707,0.7137947678565979
kandinsky-community_kandinsky-3,7608721,1.3604665994644165
kandinsky-community_kandinsky-3,7625977,-0.7908901572227478
kandinsky-community_kandinsky-3,7626721,1.7810032367706299
kandinsky-community_kandinsky-3,7626833,1.9775059223175049
kandinsky-community_kandinsky-3,7627310,0.49277183413505554
kandinsky-community_kandinsky-3,7651454,-0.16813591122627258
kandinsky-community_kandinsky-3,7654438,0.7749491930007935
kandinsky-community_kandinsky-3,7664468,1.298772931098938
kandinsky-community_kandinsky-3,7698915,1.5930777788162231
kandinsky-community_kandinsky-3,7700167,1.0474592447280884
kandinsky-community_kandinsky-3,7700868,2.089249610900879
kandinsky-community_kandinsky-3,7701244,0.311291366815567
kandinsky-community_kandinsky-3,7702193,1.8572016954421997
kandinsky-community_kandinsky-3,7710616,-0.11644723266363144
kandinsky-community_kandinsky-3,7834065,-0.3903343677520752
kandinsky-community_kandinsky-3,7854266,0.505975604057312
kandinsky-community_kandinsky-3,7854455,0.0656028762459755
kandinsky-community_kandinsky-3,7871940,0.2594507038593292
kandinsky-community_kandinsky-3,7891189,1.4676446914672852
kandinsky-community_kandinsky-3,7897116,1.2886451482772827
kandinsky-community_kandinsky-3,7914271,1.573920488357544
kandinsky-community_kandinsky-3,7922764,1.874000906944275
kandinsky-community_kandinsky-3,7929519,0.0493214875459671
kandinsky-community_kandinsky-3,7933274,0.939124345779419
kandinsky-community_kandinsky-3,7933530,1.2441740036010742
kandinsky-community_kandinsky-3,8089797,0.04095786437392235
kandinsky-community_kandinsky-3,8095160,1.697592854499817
kandinsky-community_kandinsky-3,8124208,0.2936609089374542
kandinsky-community_kandinsky-3,8339939,-0.4397236406803131
kandinsky-community_kandinsky-3,8876291,1.9843988418579102
kandinsky-community_kandinsky-3,9020389,0.03301319479942322
kandinsky-community_kandinsky-3,9044146,0.10348337888717651
kandinsky-community_kandinsky-3,9057052,4.051483631134033
kandinsky-community_kandinsky-3,9427682,2.234138250350952
kandinsky-community_kandinsky-3,9580065,1.0474244356155396
kandinsky-community_kandinsky-3,9719434,0.7532145977020264
kandinsky-community_kandinsky-3,9793248,1.4343912601470947
kandinsky-community_kandinsky-3,9794211,-1.301116704940796
kandinsky-community_kandinsky-3,9862621,1.6549015045166016
kandinsky-community_kandinsky-3,9875188,2.07987642288208
kandinsky-community_kandinsky-3,9984659,1.0544471740722656
kandinsky-community_kandinsky-3,10012874,-1.4309916496276855
kandinsky-community_kandinsky-3,10024569,-0.34563514590263367
kandinsky-community_kandinsky-3,10080493,0.632106602191925
kandinsky-community_kandinsky-3,10106452,-1.6080185174942017
kandinsky-community_kandinsky-3,10198409,-0.8365761637687683
kandinsky-community_kandinsky-3,10333317,1.847227931022644
kandinsky-community_kandinsky-3,10408552,0.4607405960559845
kandinsky-community_kandinsky-3,10444677,0.25989434123039246
kandinsky-community_kandinsky-3,10453357,0.5524548888206482
kandinsky-community_kandinsky-3,10548623,0.6541023254394531
kandinsky-community_kandinsky-3,10572128,2.176408529281616
kandinsky-community_kandinsky-3,10794014,0.3576347231864929
kandinsky-community_kandinsky-3,10939743,0.29822060465812683
kandinsky-community_kandinsky-3,11039909,1.3012375831604004
kandinsky-community_kandinsky-3,11334088,0.18353481590747833
kandinsky-community_kandinsky-3,11417672,-0.7173001170158386
kandinsky-community_kandinsky-3,11437577,-0.579910159111023
kandinsky-community_kandinsky-3,11460338,-0.23171661794185638
kandinsky-community_kandinsky-3,12345739,0.5085978507995605
kandinsky-community_kandinsky-3,12402348,-1.003436803817749
kandinsky-community_kandinsky-3,13221529,-1.8355014324188232
kandinsky-community_kandinsky-3,13290566,0.44313934445381165
kandinsky-community_kandinsky-3,13389475,0.5360701084136963
kandinsky-community_kandinsky-3,13390139,0.7639766335487366
kandinsky-community_kandinsky-3,13390405,1.163629174232483
kandinsky-community_kandinsky-3,13392786,1.4629631042480469
kandinsky-community_kandinsky-3,13649361,-0.5785814523696899
kandinsky-community_kandinsky-3,13716878,2.3292088508605957
kandinsky-community_kandinsky-3,13884740,-1.1767586469650269
kandinsky-community_kandinsky-3,13915305,-0.3865278661251068
kandinsky-community_kandinsky-3,13931145,1.3698399066925049
kandinsky-community_kandinsky-3,13984082,0.8064146637916565
kandinsky-community_kandinsky-3,14140678,2.0202996730804443
kandinsky-community_kandinsky-3,14195315,0.4821033179759979
kandinsky-community_kandinsky-3,14294568,0.972535252571106
kandinsky-community_kandinsky-3,14320813,-0.17482882738113403
kandinsky-community_kandinsky-3,14360436,-0.2079259306192398
kandinsky-community_kandinsky-3,14488317,0.9296633005142212
kandinsky-community_kandinsky-3,14533937,-0.846049964427948
kandinsky-community_kandinsky-3,14550987,0.6592568755149841
kandinsky-community_kandinsky-3,14579933,0.5908899307250977
kandinsky-community_kandinsky-3,14606290,-0.530541718006134
kandinsky-community_kandinsky-3,14620257,0.755275547504425
kandinsky-community_kandinsky-3,14632648,-1.023781418800354
kandinsky-community_kandinsky-3,14647235,-1.9761320352554321
kandinsky-community_kandinsky-3,14654954,-0.769646167755127
kandinsky-community_kandinsky-3,14686352,-1.3923977613449097
kandinsky-community_kandinsky-3,14702875,-0.48659059405326843
kandinsky-community_kandinsky-3,14703190,-1.4387032985687256
kandinsky-community_kandinsky-3,14807929,-0.738407552242279
kandinsky-community_kandinsky-3,14809057,1.1438767910003662
kandinsky-community_kandinsky-3,14867690,-0.6670615673065186
kandinsky-community_kandinsky-3,14872875,-1.6049546003341675
kandinsky-community_kandinsky-3,14880557,1.6413557529449463
kandinsky-community_kandinsky-3,14894140,-0.374428391456604
kandinsky-community_kandinsky-3,15180934,-0.13215065002441406
kandinsky-community_kandinsky-3,15970145,1.407871961593628
kandinsky-community_kandinsky-3,17002912,1.9720406532287598
kandinsky-community_kandinsky-3,17012379,-0.33887720108032227
kandinsky-community_kandinsky-3,17282800,-0.5169703960418701
kandinsky-community_kandinsky-3,17925539,1.60823392868042
kandinsky-community_kandinsky-3,18367104,1.85994553565979
kandinsky-community_kandinsky-3,18758723,0.4101696312427521
kandinsky-community_kandinsky-3,19143128,1.7173802852630615
kandinsky-community_kandinsky-3,19671124,0.7603270411491394
kandinsky-community_kandinsky-3,19855707,-0.9103731513023376
kandinsky-community_kandinsky-3,19893872,0.6296287178993225
kandinsky-community_kandinsky-3,20017667,1.8222407102584839
kandinsky-community_kandinsky-3,20128079,1.2505109310150146
kandinsky-community_kandinsky-3,20471134,2.2869956493377686
kandinsky-community_kandinsky-3,20495093,2.3465380668640137
kandinsky-community_kandinsky-3,20782430,-1.5364329814910889
kandinsky-community_kandinsky-3,21377549,1.6379592418670654
kandinsky-community_kandinsky-3,21564446,0.018748456612229347
kandinsky-community_kandinsky-3,21620388,1.9749408960342407
kandinsky-community_kandinsky-3,22149540,2.091209650039673
kandinsky-community_kandinsky-3,22738759,1.8795545101165771
kandinsky-community_kandinsky-3,22767176,0.6033028364181519
kandinsky-community_kandinsky-3,23129661,0.5248972773551941
kandinsky-community_kandinsky-3,23185551,0.3320900499820709
kandinsky-community_kandinsky-3,23232427,-1.0457345247268677
kandinsky-community_kandinsky-3,23257851,-0.22544650733470917
kandinsky-community_kandinsky-3,23620789,0.6370298862457275
kandinsky-community_kandinsky-3,24808131,0.9709480404853821
kandinsky-community_kandinsky-3,24843217,2.1494991779327393
kandinsky-community_kandinsky-3,24933378,0.2550543248653412
kandinsky-community_kandinsky-3,24942232,1.8920905590057373
kandinsky-community_kandinsky-3,25290589,-1.188973307609558
kandinsky-community_kandinsky-3,25579216,-0.6681276559829712
kandinsky-community_kandinsky-3,25685207,3.7748851776123047
kandinsky-community_kandinsky-3,25776594,0.1710912436246872
kandinsky-community_kandinsky-3,26078214,2.8514366149902344
kandinsky-community_kandinsky-3,26746434,0.3099706470966339
kandinsky-community_kandinsky-3,26998039,1.4823228120803833
kandinsky-community_kandinsky-3,27106238,1.8002064228057861
kandinsky-community_kandinsky-3,27246777,1.9644237756729126
kandinsky-community_kandinsky-3,27768637,-0.8871509432792664
kandinsky-community_kandinsky-3,27871992,1.0322812795639038
kandinsky-community_kandinsky-3,28190972,2.11909556388855
kandinsky-community_kandinsky-3,29094321,0.5982133150100708
kandinsky-community_kandinsky-3,29148617,0.8903318643569946
kandinsky-community_kandinsky-3,29161294,-0.3247126042842865
kandinsky-community_kandinsky-3,29632917,0.6803826689720154
kandinsky-community_kandinsky-3,29703209,-0.6862693428993225
kandinsky-community_kandinsky-3,29779486,2.372451066970825
kandinsky-community_kandinsky-3,30028757,2.094862937927246
kandinsky-community_kandinsky-3,30225071,-0.2537216246128082
kandinsky-community_kandinsky-3,30373565,2.1124231815338135
kandinsky-community_kandinsky-3,30484086,1.1650084257125854
kandinsky-community_kandinsky-3,30883080,1.5411039590835571
kandinsky-community_kandinsky-3,31114750,2.5366334915161133
kandinsky-community_kandinsky-3,31196176,-1.0588223934173584
kandinsky-community_kandinsky-3,31391857,0.7170098423957825
kandinsky-community_kandinsky-3,31595142,1.6514480113983154
kandinsky-community_kandinsky-3,32152786,1.4428794384002686
kandinsky-community_kandinsky-3,32327818,-1.2447865009307861
kandinsky-community_kandinsky-3,32379732,1.4618792533874512
kandinsky-community_kandinsky-3,32473966,1.029599905014038
kandinsky-community_kandinsky-3,32902730,1.0671513080596924
kandinsky-community_kandinsky-3,32932491,0.5456733107566833
kandinsky-community_kandinsky-3,33006578,1.2920897006988525
kandinsky-community_kandinsky-3,33478721,-1.5384923219680786
kandinsky-community_kandinsky-3,34475997,-2.517948627471924
kandinsky-community_kandinsky-3,34578737,1.418656587600708
kandinsky-community_kandinsky-3,34773230,-1.282402515411377
kandinsky-community_kandinsky-3,36507085,1.9234333038330078
kandinsky-community_kandinsky-3,36678439,-0.28381338715553284
kandinsky-community_kandinsky-3,37287360,1.9423975944519043
kandinsky-community_kandinsky-3,37319253,0.12907427549362183
kandinsky-community_kandinsky-3,37547870,0.9134439826011658
kandinsky-community_kandinsky-3,37736408,1.0820894241333008
kandinsky-community_kandinsky-3,38014258,-0.7401975393295288
kandinsky-community_kandinsky-3,38297191,2.128281593322754
kandinsky-community_kandinsky-3,38402744,1.7375942468643188
kandinsky-community_kandinsky-3,38954086,-0.8948590755462646
kandinsky-community_kandinsky-3,39139190,-0.4527749717235565
kandinsky-community_kandinsky-3,39560404,-0.5767021179199219
kandinsky-community_kandinsky-3,39566065,0.904877245426178
kandinsky-community_kandinsky-3,39595218,1.605151653289795
kandinsky-community_kandinsky-3,40825299,2.001810073852539
kandinsky-community_kandinsky-3,40945115,0.3275631368160248
kandinsky-community_kandinsky-3,40995095,0.4386485517024994
kandinsky-community_kandinsky-3,41015844,2.1879374980926514
kandinsky-community_kandinsky-3,41031648,0.48681217432022095
kandinsky-community_kandinsky-3,41161074,1.2461528778076172
kandinsky-community_kandinsky-3,41458919,-0.9549251794815063
kandinsky-community_kandinsky-3,41565779,-0.1026560589671135
kandinsky-community_kandinsky-3,41766391,-0.018864234909415245
kandinsky-community_kandinsky-3,41982710,-0.1218850165605545
kandinsky-community_kandinsky-3,42048260,1.424220323562622
kandinsky-community_kandinsky-3,42849420,2.2141709327697754
kandinsky-community_kandinsky-3,42931583,2.018212080001831
kandinsky-community_kandinsky-3,43060946,1.5861821174621582
kandinsky-community_kandinsky-3,43153800,0.3270348310470581
kandinsky-community_kandinsky-3,43161384,0.665820837020874
kandinsky-community_kandinsky-3,43301379,0.30919668078422546
kandinsky-community_kandinsky-3,43304323,1.8782169818878174
kandinsky-community_kandinsky-3,43367797,-0.18606741726398468
kandinsky-community_kandinsky-3,43431032,2.2513885498046875
kandinsky-community_kandinsky-3,43631801,-2.256160259246826
kandinsky-community_kandinsky-3,43735560,-0.33297643065452576
kandinsky-community_kandinsky-3,43858443,1.924882173538208
kandinsky-community_kandinsky-3,43918624,0.8522510528564453
kandinsky-community_kandinsky-3,44280552,0.9599387049674988
kandinsky-community_kandinsky-3,44295589,2.421962022781372
kandinsky-community_kandinsky-3,44621915,1.2578601837158203
kandinsky-community_kandinsky-3,44645737,1.041431188583374
kandinsky-community_kandinsky-3,44838123,1.219253420829773
kandinsky-community_kandinsky-3,45258070,-1.7868552207946777
kandinsky-community_kandinsky-3,45297641,1.6504554748535156
kandinsky-community_kandinsky-3,45418454,1.363879919052124
kandinsky-community_kandinsky-3,45564900,-2.706313133239746
kandinsky-community_kandinsky-3,46150029,-1.6807831525802612
kandinsky-community_kandinsky-3,46394736,1.7634416818618774
kandinsky-community_kandinsky-3,46673664,1.6023173332214355
kandinsky-community_kandinsky-3,46994920,-1.4041547775268555
kandinsky-community_kandinsky-3,47009060,1.2287490367889404
kandinsky-community_kandinsky-3,47552953,1.6196143627166748
kandinsky-community_kandinsky-3,47595220,-0.08341232687234879
kandinsky-community_kandinsky-3,47819321,1.4446386098861694
kandinsky-community_kandinsky-3,48223384,-0.7333869338035583
kandinsky-community_kandinsky-3,48351897,-1.5006049871444702
kandinsky-community_kandinsky-3,48754831,0.5727044939994812
kandinsky-community_kandinsky-3,49054805,0.41604891419410706
kandinsky-community_kandinsky-3,49089576,0.2335422784090042
kandinsky-community_kandinsky-3,49300740,-0.7511690258979797
kandinsky-community_kandinsky-3,49358811,1.0464355945587158
kandinsky-community_kandinsky-3,49462954,-0.5396314263343811
kandinsky-community_kandinsky-3,50262859,0.7051509022712708
kandinsky-community_kandinsky-3,50871471,2.303539991378784
kandinsky-community_kandinsky-3,50952217,-0.16989591717720032
kandinsky-community_kandinsky-3,51060824,0.20141266286373138
kandinsky-community_kandinsky-3,51314050,-0.9639765620231628
kandinsky-community_kandinsky-3,51946990,1.6770763397216797
kandinsky-community_kandinsky-3,52325745,0.8311546444892883
kandinsky-community_kandinsky-3,52474100,-1.0187580585479736
kandinsky-community_kandinsky-3,52516409,1.6134462356567383
kandinsky-community_kandinsky-3,52711595,2.113436460494995
kandinsky-community_kandinsky-3,53022028,1.2951751947402954
kandinsky-community_kandinsky-3,53205877,1.0659037828445435
kandinsky-community_kandinsky-3,53288018,0.3108873665332794
kandinsky-community_kandinsky-3,53443611,1.5673258304595947
kandinsky-community_kandinsky-3,53815934,-1.0009703636169434
kandinsky-community_kandinsky-3,54495173,1.9644031524658203
kandinsky-community_kandinsky-3,54931507,-0.45258575677871704
kandinsky-community_kandinsky-3,55191509,1.5606553554534912
kandinsky-community_kandinsky-3,55255145,1.814190149307251
kandinsky-community_kandinsky-3,55457672,1.955062747001648
kandinsky-community_kandinsky-3,55588327,0.6527672410011292
kandinsky-community_kandinsky-3,55653646,0.3727456033229828
kandinsky-community_kandinsky-3,55658809,-0.3015948235988617
kandinsky-community_kandinsky-3,55812974,-2.4942779541015625
kandinsky-community_kandinsky-3,55819553,-0.24645370244979858
kandinsky-community_kandinsky-3,55826966,0.41893091797828674
kandinsky-community_kandinsky-3,55983905,0.2820400893688202
kandinsky-community_kandinsky-3,56074056,0.2879828214645386
kandinsky-community_kandinsky-3,56112588,-0.40676555037498474
kandinsky-community_kandinsky-3,56121520,-1.2963865995407104
kandinsky-community_kandinsky-3,56250900,0.12164483219385147
kandinsky-community_kandinsky-3,56458800,1.202807903289795
kandinsky-community_kandinsky-3,56792430,0.03476863354444504
kandinsky-community_kandinsky-3,56982260,0.5493415594100952
kandinsky-community_kandinsky-3,57673976,0.07523603737354279
kandinsky-community_kandinsky-3,57716963,2.36576509475708
kandinsky-community_kandinsky-3,57729980,1.3670294284820557
kandinsky-community_kandinsky-3,57785005,0.714557945728302
kandinsky-community_kandinsky-3,57873614,1.1363575458526611
kandinsky-community_kandinsky-3,58727024,0.2328711897134781
kandinsky-community_kandinsky-3,58761464,1.3901890516281128
kandinsky-community_kandinsky-3,59399259,0.1528669148683548
kandinsky-community_kandinsky-3,59976859,2.998828887939453
kandinsky-community_kandinsky-3,60083345,-1.5520381927490234
kandinsky-community_kandinsky-3,60214770,-1.504331350326538
kandinsky-community_kandinsky-3,60215376,0.5405835509300232
kandinsky-community_kandinsky-3,60375309,0.39289626479148865
kandinsky-community_kandinsky-3,60606896,0.8795064091682434
kandinsky-community_kandinsky-3,60668084,1.3748844861984253
kandinsky-community_kandinsky-3,61035709,0.7472473978996277
kandinsky-community_kandinsky-3,61388266,-2.1122524738311768
kandinsky-community_kandinsky-3,61627313,1.578247308731079
kandinsky-community_kandinsky-3,61635816,0.6436949372291565
kandinsky-community_kandinsky-3,61853324,1.1735268831253052
kandinsky-community_kandinsky-3,62408818,-0.25086158514022827
kandinsky-community_kandinsky-3,62841330,1.4631913900375366
kandinsky-community_kandinsky-3,63015570,0.6901922821998596
kandinsky-community_kandinsky-3,63336441,0.9060292840003967
kandinsky-community_kandinsky-3,63633117,1.0328856706619263
kandinsky-community_kandinsky-3,64576544,0.6732717752456665
kandinsky-community_kandinsky-3,64687077,-0.6975317597389221
kandinsky-community_kandinsky-3,64693533,1.1213462352752686
kandinsky-community_kandinsky-3,64856142,2.5643789768218994
kandinsky-community_kandinsky-3,65411270,1.7341766357421875
kandinsky-community_kandinsky-3,65557844,0.5588460564613342
kandinsky-community_kandinsky-3,65824677,-2.197614908218384
kandinsky-community_kandinsky-3,65890875,1.756707787513733
kandinsky-community_kandinsky-3,65960228,0.15517473220825195
kandinsky-community_kandinsky-3,66668538,-1.5132206678390503
kandinsky-community_kandinsky-3,67344811,2.420274257659912
kandinsky-community_kandinsky-3,67949798,1.8857437372207642
kandinsky-community_kandinsky-3,68246844,-0.04180651158094406
kandinsky-community_kandinsky-3,68280322,0.21462614834308624
kandinsky-community_kandinsky-3,68321683,1.527404546737671
kandinsky-community_kandinsky-3,68380669,1.157164454460144
kandinsky-community_kandinsky-3,68575085,2.5448343753814697
kandinsky-community_kandinsky-3,70380966,-1.7185534238815308
kandinsky-community_kandinsky-3,70494671,0.42250075936317444
kandinsky-community_kandinsky-3,71055464,2.6578283309936523
kandinsky-community_kandinsky-3,71591839,-0.9957361817359924
kandinsky-community_kandinsky-3,71828875,-2.191986560821533
kandinsky-community_kandinsky-3,71910823,0.2972993850708008
kandinsky-community_kandinsky-3,71959499,1.6426950693130493
kandinsky-community_kandinsky-3,72432241,-0.3884265124797821
kandinsky-community_kandinsky-3,72553814,0.8435239791870117
kandinsky-community_kandinsky-3,73051579,1.9875705242156982
kandinsky-community_kandinsky-3,73600586,-0.7126399874687195
kandinsky-community_kandinsky-3,73616417,2.6312127113342285
kandinsky-community_kandinsky-3,73681289,0.312671959400177
kandinsky-community_kandinsky-3,73962724,1.3386105298995972
kandinsky-community_kandinsky-3,74175857,-0.8177750706672668
kandinsky-community_kandinsky-3,75051801,0.5393254160881042
kandinsky-community_kandinsky-3,75787772,1.350960373878479
kandinsky-community_kandinsky-3,75944980,0.3032418191432953
kandinsky-community_kandinsky-3,75964288,-0.6659924983978271
kandinsky-community_kandinsky-3,76066166,3.0357534885406494
kandinsky-community_kandinsky-3,76100398,0.02385915257036686
kandinsky-community_kandinsky-3,76425345,2.2864317893981934
kandinsky-community_kandinsky-3,77106105,-0.5568299293518066
kandinsky-community_kandinsky-3,77132310,0.36197057366371155
kandinsky-community_kandinsky-3,77232534,1.7230910062789917
kandinsky-community_kandinsky-3,77312726,-0.568606972694397
kandinsky-community_kandinsky-3,77358840,1.9957351684570312
kandinsky-community_kandinsky-3,77490593,0.9644465446472168
kandinsky-community_kandinsky-3,77726888,2.1896474361419678
kandinsky-community_kandinsky-3,78735978,0.6186336874961853
kandinsky-community_kandinsky-3,79077085,1.6469961404800415
kandinsky-community_kandinsky-3,79212243,2.7432217597961426
kandinsky-community_kandinsky-3,79606917,1.2785238027572632
kandinsky-community_kandinsky-3,79918827,1.747359275817871
kandinsky-community_kandinsky-3,80289373,-0.4162481129169464
kandinsky-community_kandinsky-3,80371125,-0.08522511273622513
kandinsky-community_kandinsky-3,80540387,0.3480796217918396
kandinsky-community_kandinsky-3,81135077,1.0865827798843384
kandinsky-community_kandinsky-3,81303945,2.568244218826294
kandinsky-community_kandinsky-3,81435593,0.17576831579208374
kandinsky-community_kandinsky-3,82282590,0.06346269696950912
kandinsky-community_kandinsky-3,82696415,0.16241641342639923
kandinsky-community_kandinsky-3,82916016,-1.0973243713378906
kandinsky-community_kandinsky-3,83084473,1.6392452716827393
kandinsky-community_kandinsky-3,83418847,0.186421200633049
kandinsky-community_kandinsky-3,84089324,-1.2146592140197754
kandinsky-community_kandinsky-3,84306831,2.123434066772461
kandinsky-community_kandinsky-3,84510135,-0.29098308086395264
kandinsky-community_kandinsky-3,84788890,0.7815163731575012
kandinsky-community_kandinsky-3,84985982,0.6976282596588135
kandinsky-community_kandinsky-3,85191733,0.14438576996326447
kandinsky-community_kandinsky-3,86119145,1.2505042552947998
kandinsky-community_kandinsky-3,86340862,2.165837526321411
kandinsky-community_kandinsky-3,86341828,0.6942427158355713
kandinsky-community_kandinsky-3,86537356,1.6423044204711914
kandinsky-community_kandinsky-3,86701636,1.8342982530593872
kandinsky-community_kandinsky-3,86714939,0.15774336457252502
kandinsky-community_kandinsky-3,87574583,-1.268041729927063
kandinsky-community_kandinsky-3,87699711,0.41144904494285583
kandinsky-community_kandinsky-3,88016571,-0.7232257127761841
kandinsky-community_kandinsky-3,88087492,2.498732566833496
kandinsky-community_kandinsky-3,89227603,2.076551675796509
kandinsky-community_kandinsky-3,89539854,-1.4771175384521484
kandinsky-community_kandinsky-3,89926787,2.1352529525756836
kandinsky-community_kandinsky-3,90244932,0.6077553629875183
kandinsky-community_kandinsky-3,90493027,0.2988227307796478
kandinsky-community_kandinsky-3,90613035,0.6686414480209351
kandinsky-community_kandinsky-3,91368797,2.2825734615325928
kandinsky-community_kandinsky-3,91784299,1.3602218627929688
kandinsky-community_kandinsky-3,91790573,2.1114087104797363
kandinsky-community_kandinsky-3,91834546,0.69493168592453
kandinsky-community_kandinsky-3,92068094,1.4133732318878174
kandinsky-community_kandinsky-3,92311656,-0.5216145515441895
kandinsky-community_kandinsky-3,92709444,-0.4959942400455475
kandinsky-community_kandinsky-3,93114575,0.8659971356391907
kandinsky-community_kandinsky-3,93256557,0.3284064829349518
kandinsky-community_kandinsky-3,93407716,0.27029308676719666
kandinsky-community_kandinsky-3,93436296,0.27620866894721985
kandinsky-community_kandinsky-3,93512057,1.4006973505020142
kandinsky-community_kandinsky-3,94006560,1.6747792959213257
kandinsky-community_kandinsky-3,94321535,0.28091999888420105
kandinsky-community_kandinsky-3,94532154,1.0518405437469482
kandinsky-community_kandinsky-3,95171107,-1.1227657794952393
kandinsky-community_kandinsky-3,95228839,0.9589049816131592
kandinsky-community_kandinsky-3,95325441,1.3914778232574463
kandinsky-community_kandinsky-3,95450946,0.7932157516479492
kandinsky-community_kandinsky-3,95583911,-1.48359215259552
kandinsky-community_kandinsky-3,95718306,3.0475292205810547
kandinsky-community_kandinsky-3,95737828,-0.53396075963974
kandinsky-community_kandinsky-3,96448597,0.9370490908622742
kandinsky-community_kandinsky-3,96482065,0.20008479058742523
kandinsky-community_kandinsky-3,96521920,0.90421462059021
kandinsky-community_kandinsky-3,96850153,1.9473366737365723
kandinsky-community_kandinsky-3,98113191,-0.45477092266082764
kandinsky-community_kandinsky-3,98195317,-1.7985827922821045
kandinsky-community_kandinsky-3,98254655,-0.1006711795926094
kandinsky-community_kandinsky-3,98319500,1.2379415035247803
kandinsky-community_kandinsky-3,98642787,0.17246440052986145
kandinsky-community_kandinsky-3,98646702,1.4327898025512695
kandinsky-community_kandinsky-3,98929226,-0.0515587255358696
kandinsky-community_kandinsky-3,99178779,0.19323880970478058
kandinsky-community_kandinsky-3,99185892,0.5636284351348877
kandinsky-community_kandinsky-3,99211012,0.3531184494495392
kandinsky-community_kandinsky-3,99410560,-1.7678942680358887
kandinsky-community_kandinsky-3,99862294,1.6429219245910645
playgroundai_playground-v2.5-1024px-aesthetic,138508,-0.5627031922340393
playgroundai_playground-v2.5-1024px-aesthetic,192051,2.129822254180908
playgroundai_playground-v2.5-1024px-aesthetic,213186,0.7184881567955017
playgroundai_playground-v2.5-1024px-aesthetic,232386,1.0316656827926636
playgroundai_playground-v2.5-1024px-aesthetic,232765,1.2786394357681274
playgroundai_playground-v2.5-1024px-aesthetic,258857,-0.16285422444343567
playgroundai_playground-v2.5-1024px-aesthetic,283090,0.7440123558044434
playgroundai_playground-v2.5-1024px-aesthetic,285141,1.3020075559616089
playgroundai_playground-v2.5-1024px-aesthetic,399030,0.5819618105888367
playgroundai_playground-v2.5-1024px-aesthetic,440189,1.6573433876037598
playgroundai_playground-v2.5-1024px-aesthetic,445169,-0.3648352324962616
playgroundai_playground-v2.5-1024px-aesthetic,486490,0.9510183334350586
playgroundai_playground-v2.5-1024px-aesthetic,487072,-0.651735246181488
playgroundai_playground-v2.5-1024px-aesthetic,487326,1.9917075634002686
playgroundai_playground-v2.5-1024px-aesthetic,489837,0.4869138300418854
playgroundai_playground-v2.5-1024px-aesthetic,646833,3.5811424255371094
playgroundai_playground-v2.5-1024px-aesthetic,708860,0.8956385850906372
playgroundai_playground-v2.5-1024px-aesthetic,717208,2.0999319553375244
playgroundai_playground-v2.5-1024px-aesthetic,717468,0.5678519010543823
playgroundai_playground-v2.5-1024px-aesthetic,735254,-0.04730825871229172
playgroundai_playground-v2.5-1024px-aesthetic,762478,2.3991310596466064
playgroundai_playground-v2.5-1024px-aesthetic,825443,1.706084966659546
playgroundai_playground-v2.5-1024px-aesthetic,831919,1.5455524921417236
playgroundai_playground-v2.5-1024px-aesthetic,896677,0.4790289103984833
playgroundai_playground-v2.5-1024px-aesthetic,936620,1.4453107118606567
playgroundai_playground-v2.5-1024px-aesthetic,974367,-0.8961439728736877
playgroundai_playground-v2.5-1024px-aesthetic,993014,1.0966843366622925
playgroundai_playground-v2.5-1024px-aesthetic,995855,1.6827143430709839
playgroundai_playground-v2.5-1024px-aesthetic,1113367,0.4252224266529083
playgroundai_playground-v2.5-1024px-aesthetic,1171644,1.5842554569244385
playgroundai_playground-v2.5-1024px-aesthetic,1209135,0.45274385809898376
playgroundai_playground-v2.5-1024px-aesthetic,1317294,0.3805560767650604
playgroundai_playground-v2.5-1024px-aesthetic,1317533,0.1553022265434265
playgroundai_playground-v2.5-1024px-aesthetic,1321854,0.9365207552909851
playgroundai_playground-v2.5-1024px-aesthetic,1377758,0.8816629648208618
playgroundai_playground-v2.5-1024px-aesthetic,1474832,-0.20951052010059357
playgroundai_playground-v2.5-1024px-aesthetic,1516071,-0.6871621012687683
playgroundai_playground-v2.5-1024px-aesthetic,1566705,-0.841299831867218
playgroundai_playground-v2.5-1024px-aesthetic,1640855,1.4352819919586182
playgroundai_playground-v2.5-1024px-aesthetic,1668603,0.3344876766204834
playgroundai_playground-v2.5-1024px-aesthetic,1678990,1.0172861814498901
playgroundai_playground-v2.5-1024px-aesthetic,1699831,-0.4175141751766205
playgroundai_playground-v2.5-1024px-aesthetic,1707698,0.06383312493562698
playgroundai_playground-v2.5-1024px-aesthetic,1727942,1.601054072380066
playgroundai_playground-v2.5-1024px-aesthetic,2045760,2.7195093631744385
playgroundai_playground-v2.5-1024px-aesthetic,2075049,0.5312906503677368
playgroundai_playground-v2.5-1024px-aesthetic,2075764,1.256727695465088
playgroundai_playground-v2.5-1024px-aesthetic,2241569,-0.2511003613471985
playgroundai_playground-v2.5-1024px-aesthetic,2720725,1.7478302717208862
playgroundai_playground-v2.5-1024px-aesthetic,2721160,2.1790974140167236
playgroundai_playground-v2.5-1024px-aesthetic,2730265,1.4288865327835083
playgroundai_playground-v2.5-1024px-aesthetic,2744395,0.44871002435684204
playgroundai_playground-v2.5-1024px-aesthetic,2770078,1.3192862272262573
playgroundai_playground-v2.5-1024px-aesthetic,2793684,1.3877201080322266
playgroundai_playground-v2.5-1024px-aesthetic,2803666,-0.49153321981430054
playgroundai_playground-v2.5-1024px-aesthetic,2807731,2.2800464630126953
playgroundai_playground-v2.5-1024px-aesthetic,2821943,1.7029433250427246
playgroundai_playground-v2.5-1024px-aesthetic,2824319,1.9202640056610107
playgroundai_playground-v2.5-1024px-aesthetic,2825442,0.9833042025566101
playgroundai_playground-v2.5-1024px-aesthetic,2852043,0.23991359770298004
playgroundai_playground-v2.5-1024px-aesthetic,2870293,1.0942916870117188
playgroundai_playground-v2.5-1024px-aesthetic,2870880,2.092742919921875
playgroundai_playground-v2.5-1024px-aesthetic,2923535,0.5222561359405518
playgroundai_playground-v2.5-1024px-aesthetic,2933112,2.6123368740081787
playgroundai_playground-v2.5-1024px-aesthetic,2963987,1.450957179069519
playgroundai_playground-v2.5-1024px-aesthetic,2991302,1.964651346206665
playgroundai_playground-v2.5-1024px-aesthetic,3024209,0.5600066184997559
playgroundai_playground-v2.5-1024px-aesthetic,3035832,2.0763134956359863
playgroundai_playground-v2.5-1024px-aesthetic,3049457,2.025848627090454
playgroundai_playground-v2.5-1024px-aesthetic,3107488,0.47736623883247375
playgroundai_playground-v2.5-1024px-aesthetic,3131388,1.4882547855377197
playgroundai_playground-v2.5-1024px-aesthetic,3131669,2.41764235496521
playgroundai_playground-v2.5-1024px-aesthetic,3152830,0.5869616866111755
playgroundai_playground-v2.5-1024px-aesthetic,3249569,0.7028089165687561
playgroundai_playground-v2.5-1024px-aesthetic,3262349,-0.3862428665161133
playgroundai_playground-v2.5-1024px-aesthetic,3288500,0.9855489134788513
playgroundai_playground-v2.5-1024px-aesthetic,3298716,1.9189482927322388
playgroundai_playground-v2.5-1024px-aesthetic,3308246,0.04487796127796173
playgroundai_playground-v2.5-1024px-aesthetic,3309110,-1.2114824056625366
playgroundai_playground-v2.5-1024px-aesthetic,3347220,0.4102523624897003
playgroundai_playground-v2.5-1024px-aesthetic,3353281,2.7321102619171143
playgroundai_playground-v2.5-1024px-aesthetic,3366112,-0.3217194676399231
playgroundai_playground-v2.5-1024px-aesthetic,3411927,1.2429856061935425
playgroundai_playground-v2.5-1024px-aesthetic,3456665,0.9070664048194885
playgroundai_playground-v2.5-1024px-aesthetic,3563208,1.2255452871322632
playgroundai_playground-v2.5-1024px-aesthetic,3580281,1.580161213874817
playgroundai_playground-v2.5-1024px-aesthetic,3603442,2.478663444519043
playgroundai_playground-v2.5-1024px-aesthetic,3607029,1.3690543174743652
playgroundai_playground-v2.5-1024px-aesthetic,3628071,0.626349925994873
playgroundai_playground-v2.5-1024px-aesthetic,3630383,2.5261733531951904
playgroundai_playground-v2.5-1024px-aesthetic,3676483,2.0208208560943604
playgroundai_playground-v2.5-1024px-aesthetic,3679712,1.325419306755066
playgroundai_playground-v2.5-1024px-aesthetic,3685307,-0.16671635210514069
playgroundai_playground-v2.5-1024px-aesthetic,3703463,0.5476575493812561
playgroundai_playground-v2.5-1024px-aesthetic,3714235,0.6195716261863708
playgroundai_playground-v2.5-1024px-aesthetic,3728318,0.8442001938819885
playgroundai_playground-v2.5-1024px-aesthetic,3748162,2.340529203414917
playgroundai_playground-v2.5-1024px-aesthetic,3764276,0.01436084695160389
playgroundai_playground-v2.5-1024px-aesthetic,3818090,1.3824774026870728
playgroundai_playground-v2.5-1024px-aesthetic,3842156,2.2170352935791016
playgroundai_playground-v2.5-1024px-aesthetic,3880032,1.4243347644805908
playgroundai_playground-v2.5-1024px-aesthetic,3889343,2.098585844039917
playgroundai_playground-v2.5-1024px-aesthetic,3907654,2.0955963134765625
playgroundai_playground-v2.5-1024px-aesthetic,3940713,0.7459901571273804
playgroundai_playground-v2.5-1024px-aesthetic,3975232,0.7019428014755249
playgroundai_playground-v2.5-1024px-aesthetic,3982060,-0.8165399432182312
playgroundai_playground-v2.5-1024px-aesthetic,3990474,1.990987777709961
playgroundai_playground-v2.5-1024px-aesthetic,4010305,2.296889543533325
playgroundai_playground-v2.5-1024px-aesthetic,4025130,0.17260615527629852
playgroundai_playground-v2.5-1024px-aesthetic,4062807,0.2252473682165146
playgroundai_playground-v2.5-1024px-aesthetic,4123448,1.4426119327545166
playgroundai_playground-v2.5-1024px-aesthetic,4125853,0.9945037961006165
playgroundai_playground-v2.5-1024px-aesthetic,4140340,0.1487164944410324
playgroundai_playground-v2.5-1024px-aesthetic,4145056,0.28325074911117554
playgroundai_playground-v2.5-1024px-aesthetic,4192521,3.346325159072876
playgroundai_playground-v2.5-1024px-aesthetic,4259202,-0.16505996882915497
playgroundai_playground-v2.5-1024px-aesthetic,4285773,1.4542773962020874
playgroundai_playground-v2.5-1024px-aesthetic,4345028,1.7107348442077637
playgroundai_playground-v2.5-1024px-aesthetic,4387201,-1.8757234811782837
playgroundai_playground-v2.5-1024px-aesthetic,4416901,-0.5160933136940002
playgroundai_playground-v2.5-1024px-aesthetic,4455579,1.0559654235839844
playgroundai_playground-v2.5-1024px-aesthetic,4497570,0.19108790159225464
playgroundai_playground-v2.5-1024px-aesthetic,4534520,-0.9761452674865723
playgroundai_playground-v2.5-1024px-aesthetic,4539203,0.6174461245536804
playgroundai_playground-v2.5-1024px-aesthetic,4552551,1.8284648656845093
playgroundai_playground-v2.5-1024px-aesthetic,4596797,1.6057333946228027
playgroundai_playground-v2.5-1024px-aesthetic,4832208,1.0140210390090942
playgroundai_playground-v2.5-1024px-aesthetic,4930139,1.4046434164047241
playgroundai_playground-v2.5-1024px-aesthetic,5008085,-0.3879162073135376
playgroundai_playground-v2.5-1024px-aesthetic,5219923,1.19954514503479
playgroundai_playground-v2.5-1024px-aesthetic,5316083,1.2381583452224731
playgroundai_playground-v2.5-1024px-aesthetic,5350912,0.7900251746177673
playgroundai_playground-v2.5-1024px-aesthetic,5374860,0.6422591209411621
playgroundai_playground-v2.5-1024px-aesthetic,5410315,1.0307170152664185
playgroundai_playground-v2.5-1024px-aesthetic,5522784,0.26949816942214966
playgroundai_playground-v2.5-1024px-aesthetic,5728577,0.8238188624382019
playgroundai_playground-v2.5-1024px-aesthetic,5752544,1.4787989854812622
playgroundai_playground-v2.5-1024px-aesthetic,5794797,0.6708590388298035
playgroundai_playground-v2.5-1024px-aesthetic,5895919,1.2750599384307861
playgroundai_playground-v2.5-1024px-aesthetic,5958517,0.30676645040512085
playgroundai_playground-v2.5-1024px-aesthetic,6189776,1.2661354541778564
playgroundai_playground-v2.5-1024px-aesthetic,6528587,0.01662634126842022
playgroundai_playground-v2.5-1024px-aesthetic,6584891,0.6885640621185303
playgroundai_playground-v2.5-1024px-aesthetic,6586355,1.410838007926941
playgroundai_playground-v2.5-1024px-aesthetic,6607809,-0.709614634513855
playgroundai_playground-v2.5-1024px-aesthetic,6615026,1.2299343347549438
playgroundai_playground-v2.5-1024px-aesthetic,6615458,-0.4673556983470917
playgroundai_playground-v2.5-1024px-aesthetic,6615818,0.5495664477348328
playgroundai_playground-v2.5-1024px-aesthetic,6616314,0.4216424524784088
playgroundai_playground-v2.5-1024px-aesthetic,6617011,0.5217819213867188
playgroundai_playground-v2.5-1024px-aesthetic,6617413,0.2607426345348358
playgroundai_playground-v2.5-1024px-aesthetic,6729499,1.078978419303894
playgroundai_playground-v2.5-1024px-aesthetic,6880664,-0.36429154872894287
playgroundai_playground-v2.5-1024px-aesthetic,6883725,0.30480366945266724
playgroundai_playground-v2.5-1024px-aesthetic,6946774,0.43892616033554077
playgroundai_playground-v2.5-1024px-aesthetic,7025268,0.2880522310733795
playgroundai_playground-v2.5-1024px-aesthetic,7109847,0.9335530996322632
playgroundai_playground-v2.5-1024px-aesthetic,7116261,1.5874569416046143
playgroundai_playground-v2.5-1024px-aesthetic,7150023,3.1054797172546387
playgroundai_playground-v2.5-1024px-aesthetic,7163803,1.7727413177490234
playgroundai_playground-v2.5-1024px-aesthetic,7507098,2.5487918853759766
playgroundai_playground-v2.5-1024px-aesthetic,7596684,0.6112001538276672
playgroundai_playground-v2.5-1024px-aesthetic,7597365,2.3042068481445312
playgroundai_playground-v2.5-1024px-aesthetic,7601809,1.2695448398590088
playgroundai_playground-v2.5-1024px-aesthetic,7605282,1.1264861822128296
playgroundai_playground-v2.5-1024px-aesthetic,7606419,0.4886780083179474
playgroundai_playground-v2.5-1024px-aesthetic,7607707,1.0367422103881836
playgroundai_playground-v2.5-1024px-aesthetic,7608721,1.8358969688415527
playgroundai_playground-v2.5-1024px-aesthetic,7625977,1.4253978729248047
playgroundai_playground-v2.5-1024px-aesthetic,7626721,2.357189655303955
playgroundai_playground-v2.5-1024px-aesthetic,7626833,2.1883785724639893
playgroundai_playground-v2.5-1024px-aesthetic,7627310,1.395010232925415
playgroundai_playground-v2.5-1024px-aesthetic,7651454,1.8368608951568604
playgroundai_playground-v2.5-1024px-aesthetic,7654438,1.404874324798584
playgroundai_playground-v2.5-1024px-aesthetic,7664468,1.6324697732925415
playgroundai_playground-v2.5-1024px-aesthetic,7698915,-0.022475590929389
playgroundai_playground-v2.5-1024px-aesthetic,7700167,0.09498488903045654
playgroundai_playground-v2.5-1024px-aesthetic,7700868,0.0373305082321167
playgroundai_playground-v2.5-1024px-aesthetic,7701244,0.4161452353000641
playgroundai_playground-v2.5-1024px-aesthetic,7702193,2.058218479156494
playgroundai_playground-v2.5-1024px-aesthetic,7710616,0.656994640827179
playgroundai_playground-v2.5-1024px-aesthetic,7834065,1.6847707033157349
playgroundai_playground-v2.5-1024px-aesthetic,7854266,0.6088972091674805
playgroundai_playground-v2.5-1024px-aesthetic,7854455,1.4337279796600342
playgroundai_playground-v2.5-1024px-aesthetic,7871940,1.5445772409439087
playgroundai_playground-v2.5-1024px-aesthetic,7891189,1.3003572225570679
playgroundai_playground-v2.5-1024px-aesthetic,7897116,1.5101929903030396
playgroundai_playground-v2.5-1024px-aesthetic,7914271,1.2871712446212769
playgroundai_playground-v2.5-1024px-aesthetic,7922764,1.9400184154510498
playgroundai_playground-v2.5-1024px-aesthetic,7929519,2.451716184616089
playgroundai_playground-v2.5-1024px-aesthetic,7933274,1.6419116258621216
playgroundai_playground-v2.5-1024px-aesthetic,7933530,1.4885843992233276
playgroundai_playground-v2.5-1024px-aesthetic,8089797,2.728212594985962
playgroundai_playground-v2.5-1024px-aesthetic,8095160,0.12939496338367462
playgroundai_playground-v2.5-1024px-aesthetic,8124208,2.5278658866882324
playgroundai_playground-v2.5-1024px-aesthetic,8339939,0.5067291855812073
playgroundai_playground-v2.5-1024px-aesthetic,8876291,2.253387689590454
playgroundai_playground-v2.5-1024px-aesthetic,9020389,0.3343374729156494
playgroundai_playground-v2.5-1024px-aesthetic,9044146,1.7079308032989502
playgroundai_playground-v2.5-1024px-aesthetic,9057052,0.15878772735595703
playgroundai_playground-v2.5-1024px-aesthetic,9427682,1.8177189826965332
playgroundai_playground-v2.5-1024px-aesthetic,9580065,3.689086675643921
playgroundai_playground-v2.5-1024px-aesthetic,9719434,0.9636315703392029
playgroundai_playground-v2.5-1024px-aesthetic,9793248,1.118703842163086
playgroundai_playground-v2.5-1024px-aesthetic,9794211,1.1091456413269043
playgroundai_playground-v2.5-1024px-aesthetic,9862621,2.2304341793060303
playgroundai_playground-v2.5-1024px-aesthetic,9875188,-0.16299740970134735
playgroundai_playground-v2.5-1024px-aesthetic,9984659,1.3155213594436646
playgroundai_playground-v2.5-1024px-aesthetic,10012874,-0.8430591225624084
playgroundai_playground-v2.5-1024px-aesthetic,10024569,0.11481999605894089
playgroundai_playground-v2.5-1024px-aesthetic,10080493,0.883904755115509
playgroundai_playground-v2.5-1024px-aesthetic,10106452,1.4221453666687012
playgroundai_playground-v2.5-1024px-aesthetic,10198409,-1.8625998497009277
playgroundai_playground-v2.5-1024px-aesthetic,10333317,2.1981618404388428
playgroundai_playground-v2.5-1024px-aesthetic,10408552,1.7416462898254395
playgroundai_playground-v2.5-1024px-aesthetic,10444677,0.9010113477706909
playgroundai_playground-v2.5-1024px-aesthetic,10453357,1.519424557685852
playgroundai_playground-v2.5-1024px-aesthetic,10548623,-0.12721703946590424
playgroundai_playground-v2.5-1024px-aesthetic,10572128,2.558943033218384
playgroundai_playground-v2.5-1024px-aesthetic,10794014,1.812660574913025
playgroundai_playground-v2.5-1024px-aesthetic,10939743,0.9482008814811707
playgroundai_playground-v2.5-1024px-aesthetic,11039909,1.7512328624725342
playgroundai_playground-v2.5-1024px-aesthetic,11334088,0.0873936340212822
playgroundai_playground-v2.5-1024px-aesthetic,11417672,1.1216692924499512
playgroundai_playground-v2.5-1024px-aesthetic,11437577,1.6925045251846313
playgroundai_playground-v2.5-1024px-aesthetic,11460338,-0.1867903769016266
playgroundai_playground-v2.5-1024px-aesthetic,12345739,0.2247360795736313
playgroundai_playground-v2.5-1024px-aesthetic,12402348,0.16861341893672943
playgroundai_playground-v2.5-1024px-aesthetic,13221529,-1.064826250076294
playgroundai_playground-v2.5-1024px-aesthetic,13290566,1.428011178970337
playgroundai_playground-v2.5-1024px-aesthetic,13389475,-0.850590705871582
playgroundai_playground-v2.5-1024px-aesthetic,13390139,-0.7953380942344666
playgroundai_playground-v2.5-1024px-aesthetic,13390405,-0.7336311936378479
playgroundai_playground-v2.5-1024px-aesthetic,13392786,-0.682452380657196
playgroundai_playground-v2.5-1024px-aesthetic,13649361,-0.03805194050073624
playgroundai_playground-v2.5-1024px-aesthetic,13716878,3.1893067359924316
playgroundai_playground-v2.5-1024px-aesthetic,13884740,1.1975536346435547
playgroundai_playground-v2.5-1024px-aesthetic,13915305,1.2936655282974243
playgroundai_playground-v2.5-1024px-aesthetic,13931145,1.656449556350708
playgroundai_playground-v2.5-1024px-aesthetic,13984082,0.7816385626792908
playgroundai_playground-v2.5-1024px-aesthetic,14140678,0.35515061020851135
playgroundai_playground-v2.5-1024px-aesthetic,14195315,0.8508477807044983
playgroundai_playground-v2.5-1024px-aesthetic,14294568,0.2761608362197876
playgroundai_playground-v2.5-1024px-aesthetic,14320813,1.1744070053100586
playgroundai_playground-v2.5-1024px-aesthetic,14360436,1.2286781072616577
playgroundai_playground-v2.5-1024px-aesthetic,14488317,2.705590009689331
playgroundai_playground-v2.5-1024px-aesthetic,14533937,2.162435531616211
playgroundai_playground-v2.5-1024px-aesthetic,14550987,1.8301606178283691
playgroundai_playground-v2.5-1024px-aesthetic,14579933,1.0862491130828857
playgroundai_playground-v2.5-1024px-aesthetic,14606290,1.2814602851867676
playgroundai_playground-v2.5-1024px-aesthetic,14620257,0.3547618091106415
playgroundai_playground-v2.5-1024px-aesthetic,14632648,-0.0429285392165184
playgroundai_playground-v2.5-1024px-aesthetic,14647235,0.47984206676483154
playgroundai_playground-v2.5-1024px-aesthetic,14654954,1.3825876712799072
playgroundai_playground-v2.5-1024px-aesthetic,14686352,0.7919033765792847
playgroundai_playground-v2.5-1024px-aesthetic,14702875,0.5237818360328674
playgroundai_playground-v2.5-1024px-aesthetic,14703190,1.1660274267196655
playgroundai_playground-v2.5-1024px-aesthetic,14807929,1.5828336477279663
playgroundai_playground-v2.5-1024px-aesthetic,14809057,1.300683617591858
playgroundai_playground-v2.5-1024px-aesthetic,14867690,1.9802316427230835
playgroundai_playground-v2.5-1024px-aesthetic,14872875,-1.3613619804382324
playgroundai_playground-v2.5-1024px-aesthetic,14880557,1.7005375623703003
playgroundai_playground-v2.5-1024px-aesthetic,14894140,1.5662615299224854
playgroundai_playground-v2.5-1024px-aesthetic,15180934,1.319995641708374
playgroundai_playground-v2.5-1024px-aesthetic,15970145,-0.2732018828392029
playgroundai_playground-v2.5-1024px-aesthetic,17002912,2.010251045227051
playgroundai_playground-v2.5-1024px-aesthetic,17012379,0.028389224782586098
playgroundai_playground-v2.5-1024px-aesthetic,17282800,-0.914226770401001
playgroundai_playground-v2.5-1024px-aesthetic,17925539,1.4503592252731323
playgroundai_playground-v2.5-1024px-aesthetic,18367104,1.5028420686721802
playgroundai_playground-v2.5-1024px-aesthetic,18758723,0.9599362015724182
playgroundai_playground-v2.5-1024px-aesthetic,19143128,1.1223509311676025
playgroundai_playground-v2.5-1024px-aesthetic,19671124,0.3048292100429535
playgroundai_playground-v2.5-1024px-aesthetic,19855707,-0.28656795620918274
playgroundai_playground-v2.5-1024px-aesthetic,19893872,1.1377780437469482
playgroundai_playground-v2.5-1024px-aesthetic,20017667,1.8025023937225342
playgroundai_playground-v2.5-1024px-aesthetic,20128079,1.4866970777511597
playgroundai_playground-v2.5-1024px-aesthetic,20471134,2.300818920135498
playgroundai_playground-v2.5-1024px-aesthetic,20495093,2.8476178646087646
playgroundai_playground-v2.5-1024px-aesthetic,20782430,-0.06718067079782486
playgroundai_playground-v2.5-1024px-aesthetic,21377549,1.2355252504348755
playgroundai_playground-v2.5-1024px-aesthetic,21564446,0.9548664689064026
playgroundai_playground-v2.5-1024px-aesthetic,21620388,1.559948444366455
playgroundai_playground-v2.5-1024px-aesthetic,22149540,-0.21666020154953003
playgroundai_playground-v2.5-1024px-aesthetic,22738759,1.605433464050293
playgroundai_playground-v2.5-1024px-aesthetic,22767176,-0.4285372793674469
playgroundai_playground-v2.5-1024px-aesthetic,23129661,1.686674952507019
playgroundai_playground-v2.5-1024px-aesthetic,23185551,-0.3904040455818176
playgroundai_playground-v2.5-1024px-aesthetic,23232427,0.4928170144557953
playgroundai_playground-v2.5-1024px-aesthetic,23257851,0.3506301939487457
playgroundai_playground-v2.5-1024px-aesthetic,23620789,0.5136117935180664
playgroundai_playground-v2.5-1024px-aesthetic,24808131,1.4324177503585815
playgroundai_playground-v2.5-1024px-aesthetic,24843217,0.233694389462471
playgroundai_playground-v2.5-1024px-aesthetic,24933378,1.9053740501403809
playgroundai_playground-v2.5-1024px-aesthetic,24942232,1.6546986103057861
playgroundai_playground-v2.5-1024px-aesthetic,25290589,-1.0858116149902344
playgroundai_playground-v2.5-1024px-aesthetic,25579216,0.60715252161026
playgroundai_playground-v2.5-1024px-aesthetic,25685207,0.5297151803970337
playgroundai_playground-v2.5-1024px-aesthetic,25776594,0.8232624530792236
playgroundai_playground-v2.5-1024px-aesthetic,26078214,0.8902645111083984
playgroundai_playground-v2.5-1024px-aesthetic,26746434,0.9907917380332947
playgroundai_playground-v2.5-1024px-aesthetic,26998039,1.9220597743988037
playgroundai_playground-v2.5-1024px-aesthetic,27106238,1.1449122428894043
playgroundai_playground-v2.5-1024px-aesthetic,27246777,2.064457893371582
playgroundai_playground-v2.5-1024px-aesthetic,27768637,-0.242811381816864
playgroundai_playground-v2.5-1024px-aesthetic,27871992,0.9421921968460083
playgroundai_playground-v2.5-1024px-aesthetic,28190972,2.827343702316284
playgroundai_playground-v2.5-1024px-aesthetic,29094321,1.9244147539138794
playgroundai_playground-v2.5-1024px-aesthetic,29148617,1.792574405670166
playgroundai_playground-v2.5-1024px-aesthetic,29161294,-0.518225371837616
playgroundai_playground-v2.5-1024px-aesthetic,29632917,1.1641204357147217
playgroundai_playground-v2.5-1024px-aesthetic,29703209,0.6433143615722656
playgroundai_playground-v2.5-1024px-aesthetic,29779486,1.7118958234786987
playgroundai_playground-v2.5-1024px-aesthetic,30028757,1.9305211305618286
playgroundai_playground-v2.5-1024px-aesthetic,30225071,0.8747726082801819
playgroundai_playground-v2.5-1024px-aesthetic,30373565,1.2419105768203735
playgroundai_playground-v2.5-1024px-aesthetic,30484086,1.1028623580932617
playgroundai_playground-v2.5-1024px-aesthetic,30883080,1.452730417251587
playgroundai_playground-v2.5-1024px-aesthetic,31114750,2.3081777095794678
playgroundai_playground-v2.5-1024px-aesthetic,31196176,0.8229670524597168
playgroundai_playground-v2.5-1024px-aesthetic,31391857,2.357419013977051
playgroundai_playground-v2.5-1024px-aesthetic,31595142,1.5860049724578857
playgroundai_playground-v2.5-1024px-aesthetic,32152786,1.8960661888122559
playgroundai_playground-v2.5-1024px-aesthetic,32327818,-0.3012925088405609
playgroundai_playground-v2.5-1024px-aesthetic,32379732,1.7972807884216309
playgroundai_playground-v2.5-1024px-aesthetic,32473966,-1.2441885471343994
playgroundai_playground-v2.5-1024px-aesthetic,32902730,1.6236571073532104
playgroundai_playground-v2.5-1024px-aesthetic,32932491,-0.012113681063055992
playgroundai_playground-v2.5-1024px-aesthetic,33006578,1.9433753490447998
playgroundai_playground-v2.5-1024px-aesthetic,33478721,0.9458652138710022
playgroundai_playground-v2.5-1024px-aesthetic,34475997,-0.9740744829177856
playgroundai_playground-v2.5-1024px-aesthetic,34578737,2.175992965698242
playgroundai_playground-v2.5-1024px-aesthetic,34773230,0.14112147688865662
playgroundai_playground-v2.5-1024px-aesthetic,36507085,1.6208897829055786
playgroundai_playground-v2.5-1024px-aesthetic,36678439,0.35351505875587463
playgroundai_playground-v2.5-1024px-aesthetic,37287360,1.3950507640838623
playgroundai_playground-v2.5-1024px-aesthetic,37319253,-0.4679863750934601
playgroundai_playground-v2.5-1024px-aesthetic,37547870,2.3520114421844482
playgroundai_playground-v2.5-1024px-aesthetic,37736408,1.8469160795211792
playgroundai_playground-v2.5-1024px-aesthetic,38014258,1.127421259880066
playgroundai_playground-v2.5-1024px-aesthetic,38297191,2.8794524669647217
playgroundai_playground-v2.5-1024px-aesthetic,38402744,-0.4375131130218506
playgroundai_playground-v2.5-1024px-aesthetic,38954086,-0.1553831845521927
playgroundai_playground-v2.5-1024px-aesthetic,39139190,0.9491350054740906
playgroundai_playground-v2.5-1024px-aesthetic,39560404,0.8499863743782043
playgroundai_playground-v2.5-1024px-aesthetic,39566065,2.091466188430786
playgroundai_playground-v2.5-1024px-aesthetic,39595218,2.1463067531585693
playgroundai_playground-v2.5-1024px-aesthetic,40825299,1.4056494235992432
playgroundai_playground-v2.5-1024px-aesthetic,40945115,0.5241746306419373
playgroundai_playground-v2.5-1024px-aesthetic,40995095,1.5602864027023315
playgroundai_playground-v2.5-1024px-aesthetic,41015844,1.8756887912750244
playgroundai_playground-v2.5-1024px-aesthetic,41031648,1.7258695363998413
playgroundai_playground-v2.5-1024px-aesthetic,41161074,0.6371546387672424
playgroundai_playground-v2.5-1024px-aesthetic,41458919,1.1365107297897339
playgroundai_playground-v2.5-1024px-aesthetic,41565779,-0.6089881658554077
playgroundai_playground-v2.5-1024px-aesthetic,41766391,2.500417709350586
playgroundai_playground-v2.5-1024px-aesthetic,41982710,-0.26897114515304565
playgroundai_playground-v2.5-1024px-aesthetic,42048260,0.44565537571907043
playgroundai_playground-v2.5-1024px-aesthetic,42849420,-0.5144286155700684
playgroundai_playground-v2.5-1024px-aesthetic,42931583,-0.5826318264007568
playgroundai_playground-v2.5-1024px-aesthetic,43060946,0.3758111894130707
playgroundai_playground-v2.5-1024px-aesthetic,43153800,0.44567883014678955
playgroundai_playground-v2.5-1024px-aesthetic,43161384,1.9851042032241821
playgroundai_playground-v2.5-1024px-aesthetic,43301379,2.765937089920044
playgroundai_playground-v2.5-1024px-aesthetic,43304323,1.0854172706604004
playgroundai_playground-v2.5-1024px-aesthetic,43367797,0.9600771069526672
playgroundai_playground-v2.5-1024px-aesthetic,43431032,2.031095266342163
playgroundai_playground-v2.5-1024px-aesthetic,43631801,-0.5671961903572083
playgroundai_playground-v2.5-1024px-aesthetic,43735560,-0.14007355272769928
playgroundai_playground-v2.5-1024px-aesthetic,43858443,2.8002209663391113
playgroundai_playground-v2.5-1024px-aesthetic,43918624,0.5088654160499573
playgroundai_playground-v2.5-1024px-aesthetic,44280552,1.213848352432251
playgroundai_playground-v2.5-1024px-aesthetic,44295589,-0.25501981377601624
playgroundai_playground-v2.5-1024px-aesthetic,44621915,0.9080521464347839
playgroundai_playground-v2.5-1024px-aesthetic,44645737,2.396960496902466
playgroundai_playground-v2.5-1024px-aesthetic,44838123,-1.0154075622558594
playgroundai_playground-v2.5-1024px-aesthetic,45258070,-1.3542239665985107
playgroundai_playground-v2.5-1024px-aesthetic,45297641,0.04035228490829468
playgroundai_playground-v2.5-1024px-aesthetic,45418454,1.2832924127578735
playgroundai_playground-v2.5-1024px-aesthetic,45564900,0.08629534393548965
playgroundai_playground-v2.5-1024px-aesthetic,46150029,0.5013507008552551
playgroundai_playground-v2.5-1024px-aesthetic,46394736,0.10353008657693863
playgroundai_playground-v2.5-1024px-aesthetic,46673664,-0.314414381980896
playgroundai_playground-v2.5-1024px-aesthetic,46994920,-1.6046417951583862
playgroundai_playground-v2.5-1024px-aesthetic,47009060,1.1585078239440918
playgroundai_playground-v2.5-1024px-aesthetic,47552953,1.010525107383728
playgroundai_playground-v2.5-1024px-aesthetic,47595220,1.820180058479309
playgroundai_playground-v2.5-1024px-aesthetic,47819321,1.3421852588653564
playgroundai_playground-v2.5-1024px-aesthetic,48223384,-0.28892090916633606
playgroundai_playground-v2.5-1024px-aesthetic,48351897,-0.901423454284668
playgroundai_playground-v2.5-1024px-aesthetic,48754831,1.0888168811798096
playgroundai_playground-v2.5-1024px-aesthetic,49054805,1.0952450037002563
playgroundai_playground-v2.5-1024px-aesthetic,49089576,1.9615675210952759
playgroundai_playground-v2.5-1024px-aesthetic,49300740,1.2675458192825317
playgroundai_playground-v2.5-1024px-aesthetic,49358811,0.28398677706718445
playgroundai_playground-v2.5-1024px-aesthetic,49462954,0.8632912635803223
playgroundai_playground-v2.5-1024px-aesthetic,50262859,1.4637033939361572
playgroundai_playground-v2.5-1024px-aesthetic,50871471,2.1775825023651123
playgroundai_playground-v2.5-1024px-aesthetic,50952217,0.45957913994789124
playgroundai_playground-v2.5-1024px-aesthetic,51060824,0.3693787157535553
playgroundai_playground-v2.5-1024px-aesthetic,51314050,-0.5131281614303589
playgroundai_playground-v2.5-1024px-aesthetic,51946990,-0.5631348490715027
playgroundai_playground-v2.5-1024px-aesthetic,52325745,1.355804443359375
playgroundai_playground-v2.5-1024px-aesthetic,52474100,1.6472629308700562
playgroundai_playground-v2.5-1024px-aesthetic,52516409,-1.0412976741790771
playgroundai_playground-v2.5-1024px-aesthetic,52711595,0.11365807801485062
playgroundai_playground-v2.5-1024px-aesthetic,53022028,2.004676580429077
playgroundai_playground-v2.5-1024px-aesthetic,53205877,1.445023775100708
playgroundai_playground-v2.5-1024px-aesthetic,53288018,1.5559604167938232
playgroundai_playground-v2.5-1024px-aesthetic,53443611,1.4637985229492188
playgroundai_playground-v2.5-1024px-aesthetic,53815934,0.5339373350143433
playgroundai_playground-v2.5-1024px-aesthetic,54495173,1.2611424922943115
playgroundai_playground-v2.5-1024px-aesthetic,54931507,0.7181292176246643
playgroundai_playground-v2.5-1024px-aesthetic,55191509,1.8503389358520508
playgroundai_playground-v2.5-1024px-aesthetic,55255145,1.3502250909805298
playgroundai_playground-v2.5-1024px-aesthetic,55457672,2.2686092853546143
playgroundai_playground-v2.5-1024px-aesthetic,55588327,1.0125269889831543
playgroundai_playground-v2.5-1024px-aesthetic,55653646,0.2767879068851471
playgroundai_playground-v2.5-1024px-aesthetic,55658809,0.6253848671913147
playgroundai_playground-v2.5-1024px-aesthetic,55812974,0.5759643912315369
playgroundai_playground-v2.5-1024px-aesthetic,55819553,0.43939948081970215
playgroundai_playground-v2.5-1024px-aesthetic,55826966,1.354256510734558
playgroundai_playground-v2.5-1024px-aesthetic,55983905,1.532344102859497
playgroundai_playground-v2.5-1024px-aesthetic,56074056,0.7202861905097961
playgroundai_playground-v2.5-1024px-aesthetic,56112588,-1.3315870761871338
playgroundai_playground-v2.5-1024px-aesthetic,56121520,0.29154494404792786
playgroundai_playground-v2.5-1024px-aesthetic,56250900,0.695486843585968
playgroundai_playground-v2.5-1024px-aesthetic,56458800,0.6206961274147034
playgroundai_playground-v2.5-1024px-aesthetic,56792430,0.944962739944458
playgroundai_playground-v2.5-1024px-aesthetic,56982260,0.24545767903327942
playgroundai_playground-v2.5-1024px-aesthetic,57673976,0.5961001515388489
playgroundai_playground-v2.5-1024px-aesthetic,57716963,2.601194381713867
playgroundai_playground-v2.5-1024px-aesthetic,57729980,1.4128848314285278
playgroundai_playground-v2.5-1024px-aesthetic,57785005,-0.3559824824333191
playgroundai_playground-v2.5-1024px-aesthetic,57873614,1.392015814781189
playgroundai_playground-v2.5-1024px-aesthetic,58727024,-1.0127159357070923
playgroundai_playground-v2.5-1024px-aesthetic,58761464,1.5698014497756958
playgroundai_playground-v2.5-1024px-aesthetic,59399259,1.3799225091934204
playgroundai_playground-v2.5-1024px-aesthetic,59976859,0.23395563662052155
playgroundai_playground-v2.5-1024px-aesthetic,60083345,-0.7504549622535706
playgroundai_playground-v2.5-1024px-aesthetic,60214770,0.11192945390939713
playgroundai_playground-v2.5-1024px-aesthetic,60215376,0.8133695125579834
playgroundai_playground-v2.5-1024px-aesthetic,60375309,1.257074236869812
playgroundai_playground-v2.5-1024px-aesthetic,60606896,0.573154866695404
playgroundai_playground-v2.5-1024px-aesthetic,60668084,1.521823525428772
playgroundai_playground-v2.5-1024px-aesthetic,61035709,1.6572052240371704
playgroundai_playground-v2.5-1024px-aesthetic,61388266,0.2224108725786209
playgroundai_playground-v2.5-1024px-aesthetic,61627313,1.6930633783340454
playgroundai_playground-v2.5-1024px-aesthetic,61635816,0.36457759141921997
playgroundai_playground-v2.5-1024px-aesthetic,61853324,0.8083460927009583
playgroundai_playground-v2.5-1024px-aesthetic,62408818,1.6413493156433105
playgroundai_playground-v2.5-1024px-aesthetic,62841330,0.43717238306999207
playgroundai_playground-v2.5-1024px-aesthetic,63015570,1.2684438228607178
playgroundai_playground-v2.5-1024px-aesthetic,63336441,-0.33741527795791626
playgroundai_playground-v2.5-1024px-aesthetic,63633117,0.7177252173423767
playgroundai_playground-v2.5-1024px-aesthetic,64576544,1.5001773834228516
playgroundai_playground-v2.5-1024px-aesthetic,64687077,0.5451595187187195
playgroundai_playground-v2.5-1024px-aesthetic,64693533,-0.007361134979873896
playgroundai_playground-v2.5-1024px-aesthetic,64856142,0.4868975281715393
playgroundai_playground-v2.5-1024px-aesthetic,65411270,-0.7250968813896179
playgroundai_playground-v2.5-1024px-aesthetic,65557844,1.3669308423995972
playgroundai_playground-v2.5-1024px-aesthetic,65824677,-0.5990256667137146
playgroundai_playground-v2.5-1024px-aesthetic,65890875,1.934411883354187
playgroundai_playground-v2.5-1024px-aesthetic,65960228,0.5255569815635681
playgroundai_playground-v2.5-1024px-aesthetic,66668538,0.6185259819030762
playgroundai_playground-v2.5-1024px-aesthetic,67344811,0.7400283813476562
playgroundai_playground-v2.5-1024px-aesthetic,67949798,1.6089988946914673
playgroundai_playground-v2.5-1024px-aesthetic,68246844,2.1097280979156494
playgroundai_playground-v2.5-1024px-aesthetic,68280322,1.2266392707824707
playgroundai_playground-v2.5-1024px-aesthetic,68321683,0.721127450466156
playgroundai_playground-v2.5-1024px-aesthetic,68380669,-0.5938282608985901
playgroundai_playground-v2.5-1024px-aesthetic,68575085,1.9567134380340576
playgroundai_playground-v2.5-1024px-aesthetic,70380966,-0.45526543259620667
playgroundai_playground-v2.5-1024px-aesthetic,70494671,0.8677632212638855
playgroundai_playground-v2.5-1024px-aesthetic,71055464,-0.11101383715867996
playgroundai_playground-v2.5-1024px-aesthetic,71591839,0.7421244978904724
playgroundai_playground-v2.5-1024px-aesthetic,71828875,0.6442583799362183
playgroundai_playground-v2.5-1024px-aesthetic,71910823,0.7855663299560547
playgroundai_playground-v2.5-1024px-aesthetic,71959499,3.0110244750976562
playgroundai_playground-v2.5-1024px-aesthetic,72432241,2.602509021759033
playgroundai_playground-v2.5-1024px-aesthetic,72553814,1.683647871017456
playgroundai_playground-v2.5-1024px-aesthetic,73051579,2.6083219051361084
playgroundai_playground-v2.5-1024px-aesthetic,73600586,0.7943769097328186
playgroundai_playground-v2.5-1024px-aesthetic,73616417,2.468925952911377
playgroundai_playground-v2.5-1024px-aesthetic,73681289,0.0033319233916699886
playgroundai_playground-v2.5-1024px-aesthetic,73962724,0.19737555086612701
playgroundai_playground-v2.5-1024px-aesthetic,74175857,0.3945040702819824
playgroundai_playground-v2.5-1024px-aesthetic,75051801,1.5448395013809204
playgroundai_playground-v2.5-1024px-aesthetic,75787772,0.809182345867157
playgroundai_playground-v2.5-1024px-aesthetic,75944980,1.0929763317108154
playgroundai_playground-v2.5-1024px-aesthetic,75964288,0.12858623266220093
playgroundai_playground-v2.5-1024px-aesthetic,76066166,1.230668306350708
playgroundai_playground-v2.5-1024px-aesthetic,76100398,0.5040765404701233
playgroundai_playground-v2.5-1024px-aesthetic,76425345,-0.11217185109853745
playgroundai_playground-v2.5-1024px-aesthetic,77106105,-0.21054507791996002
playgroundai_playground-v2.5-1024px-aesthetic,77132310,2.621936559677124
playgroundai_playground-v2.5-1024px-aesthetic,77232534,0.3106996715068817
playgroundai_playground-v2.5-1024px-aesthetic,77312726,-0.3772177994251251
playgroundai_playground-v2.5-1024px-aesthetic,77358840,2.264803647994995
playgroundai_playground-v2.5-1024px-aesthetic,77490593,0.4230738580226898
playgroundai_playground-v2.5-1024px-aesthetic,77726888,0.7484033107757568
playgroundai_playground-v2.5-1024px-aesthetic,78735978,0.8498715758323669
playgroundai_playground-v2.5-1024px-aesthetic,79077085,-0.34060561656951904
playgroundai_playground-v2.5-1024px-aesthetic,79212243,3.268826484680176
playgroundai_playground-v2.5-1024px-aesthetic,79606917,0.7596906423568726
playgroundai_playground-v2.5-1024px-aesthetic,79918827,1.8061058521270752
playgroundai_playground-v2.5-1024px-aesthetic,80289373,0.7648160457611084
playgroundai_playground-v2.5-1024px-aesthetic,80371125,0.10741639882326126
playgroundai_playground-v2.5-1024px-aesthetic,80540387,-1.1172058582305908
playgroundai_playground-v2.5-1024px-aesthetic,81135077,-0.04010285437107086
playgroundai_playground-v2.5-1024px-aesthetic,81303945,2.104534864425659
playgroundai_playground-v2.5-1024px-aesthetic,81435593,-0.324857234954834
playgroundai_playground-v2.5-1024px-aesthetic,82282590,2.4957962036132812
playgroundai_playground-v2.5-1024px-aesthetic,82696415,1.54388427734375
playgroundai_playground-v2.5-1024px-aesthetic,82916016,0.5496067404747009
playgroundai_playground-v2.5-1024px-aesthetic,83084473,2.267735242843628
playgroundai_playground-v2.5-1024px-aesthetic,83418847,-0.13733521103858948
playgroundai_playground-v2.5-1024px-aesthetic,84089324,-0.31353434920310974
playgroundai_playground-v2.5-1024px-aesthetic,84306831,3.027067184448242
playgroundai_playground-v2.5-1024px-aesthetic,84510135,0.2952854633331299
playgroundai_playground-v2.5-1024px-aesthetic,84788890,1.3501904010772705
playgroundai_playground-v2.5-1024px-aesthetic,84985982,1.1491525173187256
playgroundai_playground-v2.5-1024px-aesthetic,85191733,0.4231123626232147
playgroundai_playground-v2.5-1024px-aesthetic,86119145,1.2216914892196655
playgroundai_playground-v2.5-1024px-aesthetic,86340862,0.9617428779602051
playgroundai_playground-v2.5-1024px-aesthetic,86341828,1.0043940544128418
playgroundai_playground-v2.5-1024px-aesthetic,86537356,0.24861447513103485
playgroundai_playground-v2.5-1024px-aesthetic,86701636,1.6459461450576782
playgroundai_playground-v2.5-1024px-aesthetic,86714939,-0.9257785677909851
playgroundai_playground-v2.5-1024px-aesthetic,87574583,0.05870445817708969
playgroundai_playground-v2.5-1024px-aesthetic,87699711,1.0828431844711304
playgroundai_playground-v2.5-1024px-aesthetic,88016571,0.02811186946928501
playgroundai_playground-v2.5-1024px-aesthetic,88087492,2.166267156600952
playgroundai_playground-v2.5-1024px-aesthetic,89227603,1.5560497045516968
playgroundai_playground-v2.5-1024px-aesthetic,89539854,1.4307628870010376
playgroundai_playground-v2.5-1024px-aesthetic,89926787,2.24300217628479
playgroundai_playground-v2.5-1024px-aesthetic,90244932,1.436678171157837
playgroundai_playground-v2.5-1024px-aesthetic,90493027,1.977062463760376
playgroundai_playground-v2.5-1024px-aesthetic,90613035,-0.9557287096977234
playgroundai_playground-v2.5-1024px-aesthetic,91368797,0.2516621947288513
playgroundai_playground-v2.5-1024px-aesthetic,91784299,1.8975439071655273
playgroundai_playground-v2.5-1024px-aesthetic,91790573,2.2558398246765137
playgroundai_playground-v2.5-1024px-aesthetic,91834546,-0.6120764017105103
playgroundai_playground-v2.5-1024px-aesthetic,92068094,1.6728191375732422
playgroundai_playground-v2.5-1024px-aesthetic,92311656,2.16705584526062
playgroundai_playground-v2.5-1024px-aesthetic,92709444,-0.8335068821907043
playgroundai_playground-v2.5-1024px-aesthetic,93114575,1.632115125656128
playgroundai_playground-v2.5-1024px-aesthetic,93256557,-0.2675154209136963
playgroundai_playground-v2.5-1024px-aesthetic,93407716,0.3024698793888092
playgroundai_playground-v2.5-1024px-aesthetic,93436296,1.394685983657837
playgroundai_playground-v2.5-1024px-aesthetic,93512057,2.0381810665130615
playgroundai_playground-v2.5-1024px-aesthetic,94006560,0.39273378252983093
playgroundai_playground-v2.5-1024px-aesthetic,94321535,1.546509861946106
playgroundai_playground-v2.5-1024px-aesthetic,94532154,0.4029909074306488
playgroundai_playground-v2.5-1024px-aesthetic,95171107,-0.18288007378578186
playgroundai_playground-v2.5-1024px-aesthetic,95228839,-0.1623004674911499
playgroundai_playground-v2.5-1024px-aesthetic,95325441,2.5861432552337646
playgroundai_playground-v2.5-1024px-aesthetic,95450946,1.3595495223999023
playgroundai_playground-v2.5-1024px-aesthetic,95583911,1.2547329664230347
playgroundai_playground-v2.5-1024px-aesthetic,95718306,2.782885789871216
playgroundai_playground-v2.5-1024px-aesthetic,95737828,1.4000372886657715
playgroundai_playground-v2.5-1024px-aesthetic,96448597,1.5686558485031128
playgroundai_playground-v2.5-1024px-aesthetic,96482065,1.2677913904190063
playgroundai_playground-v2.5-1024px-aesthetic,96521920,1.57001793384552
playgroundai_playground-v2.5-1024px-aesthetic,96850153,2.1160075664520264
playgroundai_playground-v2.5-1024px-aesthetic,98113191,0.8852205872535706
playgroundai_playground-v2.5-1024px-aesthetic,98195317,-0.0625830814242363
playgroundai_playground-v2.5-1024px-aesthetic,98254655,1.9482134580612183
playgroundai_playground-v2.5-1024px-aesthetic,98319500,1.360938549041748
playgroundai_playground-v2.5-1024px-aesthetic,98642787,1.7296888828277588
playgroundai_playground-v2.5-1024px-aesthetic,98646702,0.06930788606405258
playgroundai_playground-v2.5-1024px-aesthetic,98929226,1.0908453464508057
playgroundai_playground-v2.5-1024px-aesthetic,99178779,1.6772093772888184
playgroundai_playground-v2.5-1024px-aesthetic,99185892,1.1240417957305908
playgroundai_playground-v2.5-1024px-aesthetic,99211012,1.3306525945663452
playgroundai_playground-v2.5-1024px-aesthetic,99410560,0.4082442820072174
playgroundai_playground-v2.5-1024px-aesthetic,99862294,1.6777160167694092
prompthero_openjourney,138508,-0.8413496017456055
prompthero_openjourney,192051,-1.89841890335083
prompthero_openjourney,213186,-1.8128862380981445
prompthero_openjourney,232386,0.597735583782196
prompthero_openjourney,232765,-2.618467330932617
prompthero_openjourney,258857,-2.7281453609466553
prompthero_openjourney,283090,0.8682711720466614
prompthero_openjourney,285141,0.5796863436698914
prompthero_openjourney,399030,-1.1355547904968262
prompthero_openjourney,440189,0.6784572601318359
prompthero_openjourney,445169,-1.8254106044769287
prompthero_openjourney,486490,-0.7451511025428772
prompthero_openjourney,487072,-1.1131858825683594
prompthero_openjourney,487326,0.1511327624320984
prompthero_openjourney,489837,-1.2665990591049194
prompthero_openjourney,646833,-1.7183494567871094
prompthero_openjourney,708860,1.7749930620193481
prompthero_openjourney,717208,-0.2430696338415146
prompthero_openjourney,717468,-0.7355621457099915
prompthero_openjourney,735254,-1.2866814136505127
prompthero_openjourney,762478,-0.15010342001914978
prompthero_openjourney,825443,0.08274689316749573
prompthero_openjourney,831919,-2.09271502494812
prompthero_openjourney,896677,-1.950989007949829
prompthero_openjourney,936620,-0.7629863023757935
prompthero_openjourney,974367,-2.129542827606201
prompthero_openjourney,993014,-0.8602384328842163
prompthero_openjourney,995855,-1.1331127882003784
prompthero_openjourney,1113367,-1.256998062133789
prompthero_openjourney,1171644,-1.3982019424438477
prompthero_openjourney,1209135,-0.8287567496299744
prompthero_openjourney,1317294,-0.9484531283378601
prompthero_openjourney,1317533,-0.5772233009338379
prompthero_openjourney,1321854,-2.646796464920044
prompthero_openjourney,1377758,-1.7608722448349
prompthero_openjourney,1474832,-2.131816864013672
prompthero_openjourney,1516071,-1.5492656230926514
prompthero_openjourney,1566705,-1.197810411453247
prompthero_openjourney,1640855,-1.471352458000183
prompthero_openjourney,1668603,-2.334895133972168
prompthero_openjourney,1678990,0.8142578601837158
prompthero_openjourney,1699831,-0.7620864510536194
prompthero_openjourney,1707698,-0.5555621385574341
prompthero_openjourney,1727942,0.2634986937046051
prompthero_openjourney,2045760,-0.8457069396972656
prompthero_openjourney,2075049,-0.6275659799575806
prompthero_openjourney,2075764,-1.4132895469665527
prompthero_openjourney,2241569,-1.7636996507644653
prompthero_openjourney,2720725,-2.6428537368774414
prompthero_openjourney,2721160,-1.3418612480163574
prompthero_openjourney,2730265,-1.436724066734314
prompthero_openjourney,2744395,-1.3181949853897095
prompthero_openjourney,2770078,1.0353816747665405
prompthero_openjourney,2793684,-0.49473923444747925
prompthero_openjourney,2803666,0.9734982848167419
prompthero_openjourney,2807731,0.9124615788459778
prompthero_openjourney,2821943,2.0563058853149414
prompthero_openjourney,2824319,-1.7480474710464478
prompthero_openjourney,2825442,-0.44613561034202576
prompthero_openjourney,2852043,0.7173552513122559
prompthero_openjourney,2870293,1.3612720966339111
prompthero_openjourney,2870880,1.2175167798995972
prompthero_openjourney,2923535,-1.6185462474822998
prompthero_openjourney,2933112,0.9677057862281799
prompthero_openjourney,2963987,1.556081771850586
prompthero_openjourney,2991302,0.7929030060768127
prompthero_openjourney,3024209,1.0349801778793335
prompthero_openjourney,3035832,-0.7281912565231323
prompthero_openjourney,3049457,0.2588881552219391
prompthero_openjourney,3107488,-0.8067347407341003
prompthero_openjourney,3131388,0.00833790935575962
prompthero_openjourney,3131669,-0.3544520437717438
prompthero_openjourney,3152830,-0.2421780228614807
prompthero_openjourney,3249569,0.4896279275417328
prompthero_openjourney,3262349,1.678390622138977
prompthero_openjourney,3288500,-1.0894583463668823
prompthero_openjourney,3298716,0.6794913411140442
prompthero_openjourney,3308246,0.32029616832733154
prompthero_openjourney,3309110,-0.9181882739067078
prompthero_openjourney,3347220,-2.598020076751709
prompthero_openjourney,3353281,0.601010799407959
prompthero_openjourney,3366112,-2.024229049682617
prompthero_openjourney,3411927,-0.47480112314224243
prompthero_openjourney,3456665,-0.418672651052475
prompthero_openjourney,3563208,0.6424852609634399
prompthero_openjourney,3580281,-0.6816803812980652
prompthero_openjourney,3603442,0.4334730803966522
prompthero_openjourney,3607029,-0.054769568145275116
prompthero_openjourney,3628071,-1.9784672260284424
prompthero_openjourney,3630383,1.6753278970718384
prompthero_openjourney,3676483,0.7274625301361084
prompthero_openjourney,3679712,1.7224361896514893
prompthero_openjourney,3685307,-0.9588151574134827
prompthero_openjourney,3703463,1.4002723693847656
prompthero_openjourney,3714235,-1.141646385192871
prompthero_openjourney,3728318,0.33244919776916504
prompthero_openjourney,3748162,1.4221513271331787
prompthero_openjourney,3764276,-0.954549252986908
prompthero_openjourney,3818090,-2.1240479946136475
prompthero_openjourney,3842156,0.9421558380126953
prompthero_openjourney,3880032,-1.7336561679840088
prompthero_openjourney,3889343,-0.46456196904182434
prompthero_openjourney,3907654,0.44461193680763245
prompthero_openjourney,3940713,-0.21788404881954193
prompthero_openjourney,3975232,-1.2741376161575317
prompthero_openjourney,3982060,-1.3267472982406616
prompthero_openjourney,3990474,2.002784490585327
prompthero_openjourney,4010305,1.0294479131698608
prompthero_openjourney,4025130,-0.918304979801178
prompthero_openjourney,4062807,-0.9096315503120422
prompthero_openjourney,4123448,1.2264684438705444
prompthero_openjourney,4125853,-0.16603229939937592
prompthero_openjourney,4140340,0.4182825982570648
prompthero_openjourney,4145056,-0.2332158088684082
prompthero_openjourney,4192521,2.851456880569458
prompthero_openjourney,4259202,0.7966226935386658
prompthero_openjourney,4285773,-1.1620467901229858
prompthero_openjourney,4345028,1.0605075359344482
prompthero_openjourney,4387201,-0.7329056859016418
prompthero_openjourney,4416901,-1.5904061794281006
prompthero_openjourney,4455579,-1.2472772598266602
prompthero_openjourney,4497570,1.0406508445739746
prompthero_openjourney,4534520,-1.68646240234375
prompthero_openjourney,4539203,0.9625290036201477
prompthero_openjourney,4552551,0.9210491180419922
prompthero_openjourney,4596797,0.6515516638755798
prompthero_openjourney,4832208,0.9861983060836792
prompthero_openjourney,4930139,0.36254504323005676
prompthero_openjourney,5008085,-0.8246871829032898
prompthero_openjourney,5219923,-0.26775044202804565
prompthero_openjourney,5316083,-1.98628568649292
prompthero_openjourney,5350912,-1.3244504928588867
prompthero_openjourney,5374860,-1.3623591661453247
prompthero_openjourney,5410315,-1.8500592708587646
prompthero_openjourney,5522784,-0.37055739760398865
prompthero_openjourney,5728577,-1.7391574382781982
prompthero_openjourney,5752544,-0.7600282430648804
prompthero_openjourney,5794797,-2.648456573486328
prompthero_openjourney,5895919,1.563673973083496
prompthero_openjourney,5958517,0.2243068665266037
prompthero_openjourney,6189776,-0.0158438291400671
prompthero_openjourney,6528587,-2.65809965133667
prompthero_openjourney,6584891,-1.159960389137268
prompthero_openjourney,6586355,-0.46165144443511963
prompthero_openjourney,6607809,-2.6760623455047607
prompthero_openjourney,6615026,-1.152645468711853
prompthero_openjourney,6615458,-1.4897751808166504
prompthero_openjourney,6615818,-1.0681294202804565
prompthero_openjourney,6616314,-1.1500681638717651
prompthero_openjourney,6617011,-0.5094602704048157
prompthero_openjourney,6617413,-0.5463780164718628
prompthero_openjourney,6729499,-1.2060191631317139
prompthero_openjourney,6880664,-1.1719086170196533
prompthero_openjourney,6883725,-1.5681198835372925
prompthero_openjourney,6946774,0.2638806402683258
prompthero_openjourney,7025268,-0.4878644645214081
prompthero_openjourney,7109847,-1.632462501525879
prompthero_openjourney,7116261,-1.9411487579345703
prompthero_openjourney,7150023,0.6499350666999817
prompthero_openjourney,7163803,1.3553094863891602
prompthero_openjourney,7507098,-0.8592596054077148
prompthero_openjourney,7596684,0.6294175982475281
prompthero_openjourney,7597365,0.9736798405647278
prompthero_openjourney,7601809,0.7311810255050659
prompthero_openjourney,7605282,-0.4261559844017029
prompthero_openjourney,7606419,0.39710733294487
prompthero_openjourney,7607707,-1.777727484703064
prompthero_openjourney,7608721,0.6621316075325012
prompthero_openjourney,7625977,1.5060850381851196
prompthero_openjourney,7626721,1.4239979982376099
prompthero_openjourney,7626833,1.4846304655075073
prompthero_openjourney,7627310,0.10893262177705765
prompthero_openjourney,7651454,0.8782771825790405
prompthero_openjourney,7654438,0.15493963658809662
prompthero_openjourney,7664468,1.2498236894607544
prompthero_openjourney,7698915,0.13824400305747986
prompthero_openjourney,7700167,0.04451630264520645
prompthero_openjourney,7700868,0.9579305052757263
prompthero_openjourney,7701244,-1.879056453704834
prompthero_openjourney,7702193,0.9836953282356262
prompthero_openjourney,7710616,0.7995094656944275
prompthero_openjourney,7834065,-0.22842614352703094
prompthero_openjourney,7854266,-1.583036184310913
prompthero_openjourney,7854455,-0.3163382411003113
prompthero_openjourney,7871940,-1.3787416219711304
prompthero_openjourney,7891189,1.1684684753417969
prompthero_openjourney,7897116,0.7247503399848938
prompthero_openjourney,7914271,0.7731655836105347
prompthero_openjourney,7922764,0.6370249390602112
prompthero_openjourney,7929519,1.7945504188537598
prompthero_openjourney,7933274,-0.20489402115345
prompthero_openjourney,7933530,-0.31428685784339905
prompthero_openjourney,8089797,1.1069945096969604
prompthero_openjourney,8095160,0.651726245880127
prompthero_openjourney,8124208,0.5891671776771545
prompthero_openjourney,8339939,0.41153469681739807
prompthero_openjourney,8876291,1.1935588121414185
prompthero_openjourney,9020389,0.05268532782793045
prompthero_openjourney,9044146,0.11287937313318253
prompthero_openjourney,9057052,1.1005398035049438
prompthero_openjourney,9427682,1.226340889930725
prompthero_openjourney,9580065,-0.8483799695968628
prompthero_openjourney,9719434,0.009960213676095009
prompthero_openjourney,9793248,-0.2634211480617523
prompthero_openjourney,9794211,-1.10000479221344
prompthero_openjourney,9862621,-0.08685570955276489
prompthero_openjourney,9875188,-0.5523790121078491
prompthero_openjourney,9984659,0.12128866463899612
prompthero_openjourney,10012874,-1.176279067993164
prompthero_openjourney,10024569,-1.3890377283096313
prompthero_openjourney,10080493,-0.753661572933197
prompthero_openjourney,10106452,-2.1211817264556885
prompthero_openjourney,10198409,-1.395864725112915
prompthero_openjourney,10333317,0.29697945713996887
prompthero_openjourney,10408552,-0.1188591942191124
prompthero_openjourney,10444677,-0.7965281009674072
prompthero_openjourney,10453357,1.4302655458450317
prompthero_openjourney,10548623,-0.14679700136184692
prompthero_openjourney,10572128,-1.0497729778289795
prompthero_openjourney,10794014,-0.4493516981601715
prompthero_openjourney,10939743,-0.649031937122345
prompthero_openjourney,11039909,-0.9375295042991638
prompthero_openjourney,11334088,-0.0020884484983980656
prompthero_openjourney,11417672,-1.4801156520843506
prompthero_openjourney,11437577,-1.4144147634506226
prompthero_openjourney,11460338,-2.7244439125061035
prompthero_openjourney,12345739,-0.9317647218704224
prompthero_openjourney,12402348,-0.3040672838687897
prompthero_openjourney,13221529,-1.33406662940979
prompthero_openjourney,13290566,-0.07722325623035431
prompthero_openjourney,13389475,-0.8128132224082947
prompthero_openjourney,13390139,0.3261660933494568
prompthero_openjourney,13390405,1.2683159112930298
prompthero_openjourney,13392786,1.6021968126296997
prompthero_openjourney,13649361,-2.622483968734741
prompthero_openjourney,13716878,1.1427700519561768
prompthero_openjourney,13884740,-1.8248553276062012
prompthero_openjourney,13915305,-0.6409605741500854
prompthero_openjourney,13931145,-0.3876859247684479
prompthero_openjourney,13984082,0.08155189454555511
prompthero_openjourney,14140678,-0.06307076662778854
prompthero_openjourney,14195315,-0.6041125655174255
prompthero_openjourney,14294568,-0.6601160168647766
prompthero_openjourney,14320813,-0.21494309604167938
prompthero_openjourney,14360436,-0.649909496307373
prompthero_openjourney,14488317,-0.19636180996894836
prompthero_openjourney,14533937,-0.9453676342964172
prompthero_openjourney,14550987,0.8671126961708069
prompthero_openjourney,14579933,1.4410419464111328
prompthero_openjourney,14606290,-3.013248920440674
prompthero_openjourney,14620257,-1.0711512565612793
prompthero_openjourney,14632648,-1.0849095582962036
prompthero_openjourney,14647235,-1.2003822326660156
prompthero_openjourney,14654954,0.4467522203922272
prompthero_openjourney,14686352,-1.583000898361206
prompthero_openjourney,14702875,-0.6653738617897034
prompthero_openjourney,14703190,-0.44867339730262756
prompthero_openjourney,14807929,-2.5715901851654053
prompthero_openjourney,14809057,-2.3632633686065674
prompthero_openjourney,14867690,-2.0535645484924316
prompthero_openjourney,14872875,-0.8853632807731628
prompthero_openjourney,14880557,0.9097846150398254
prompthero_openjourney,14894140,-2.820250988006592
prompthero_openjourney,15180934,-2.1746747493743896
prompthero_openjourney,15970145,0.997075617313385
prompthero_openjourney,17002912,1.9508206844329834
prompthero_openjourney,17012379,-0.6818325519561768
prompthero_openjourney,17282800,-0.4030279219150543
prompthero_openjourney,17925539,0.11886660009622574
prompthero_openjourney,18367104,0.8578776717185974
prompthero_openjourney,18758723,-1.947105884552002
prompthero_openjourney,19143128,-2.0503578186035156
prompthero_openjourney,19671124,-1.7946231365203857
prompthero_openjourney,19855707,-0.8068931102752686
prompthero_openjourney,19893872,-0.5099309086799622
prompthero_openjourney,20017667,-0.13494767248630524
prompthero_openjourney,20128079,-0.06061692163348198
prompthero_openjourney,20471134,-0.6831939220428467
prompthero_openjourney,20495093,-1.2297202348709106
prompthero_openjourney,20782430,-1.0277750492095947
prompthero_openjourney,21377549,-1.443821907043457
prompthero_openjourney,21564446,-2.8307125568389893
prompthero_openjourney,21620388,-0.0842803567647934
prompthero_openjourney,22149540,-0.9933915734291077
prompthero_openjourney,22738759,-0.9312357306480408
prompthero_openjourney,22767176,-1.3396021127700806
prompthero_openjourney,23129661,-1.5399105548858643
prompthero_openjourney,23185551,-1.4312492609024048
prompthero_openjourney,23232427,-1.6428802013397217
prompthero_openjourney,23257851,-1.9665554761886597
prompthero_openjourney,23620789,1.0872496366500854
prompthero_openjourney,24808131,0.11428795009851456
prompthero_openjourney,24843217,0.932366669178009
prompthero_openjourney,24933378,-0.12741351127624512
prompthero_openjourney,24942232,-0.631349503993988
prompthero_openjourney,25290589,-1.3631949424743652
prompthero_openjourney,25579216,-2.468640089035034
prompthero_openjourney,25685207,0.8298054337501526
prompthero_openjourney,25776594,-2.0683162212371826
prompthero_openjourney,26078214,0.21257397532463074
prompthero_openjourney,26746434,-0.999311625957489
prompthero_openjourney,26998039,-2.134054183959961
prompthero_openjourney,27106238,-1.5479942560195923
prompthero_openjourney,27246777,0.050250109285116196
prompthero_openjourney,27768637,-1.113503336906433
prompthero_openjourney,27871992,0.3671749532222748
prompthero_openjourney,28190972,0.8184251189231873
prompthero_openjourney,29094321,-2.2687151432037354
prompthero_openjourney,29148617,0.3580079972743988
prompthero_openjourney,29161294,-1.3928775787353516
prompthero_openjourney,29632917,0.772243082523346
prompthero_openjourney,29703209,-1.6645171642303467
prompthero_openjourney,29779486,-0.9999427199363708
prompthero_openjourney,30028757,-1.2303701639175415
prompthero_openjourney,30225071,-0.30569472908973694
prompthero_openjourney,30373565,-1.4956765174865723
prompthero_openjourney,30484086,-0.6601218581199646
prompthero_openjourney,30883080,0.32869961857795715
prompthero_openjourney,31114750,-2.111896514892578
prompthero_openjourney,31196176,-0.4272063374519348
prompthero_openjourney,31391857,-0.3604631721973419
prompthero_openjourney,31595142,-0.2112656533718109
prompthero_openjourney,32152786,1.0456148386001587
prompthero_openjourney,32327818,-1.360481858253479
prompthero_openjourney,32379732,0.2876300811767578
prompthero_openjourney,32473966,-0.9887866377830505
prompthero_openjourney,32902730,0.14027436077594757
prompthero_openjourney,32932491,0.06859751045703888
prompthero_openjourney,33006578,-1.2767434120178223
prompthero_openjourney,33478721,1.2043832540512085
prompthero_openjourney,34475997,-2.4247472286224365
prompthero_openjourney,34578737,0.5639281272888184
prompthero_openjourney,34773230,-1.4756072759628296
prompthero_openjourney,36507085,-1.1682355403900146
prompthero_openjourney,36678439,-1.4500962495803833
prompthero_openjourney,37287360,-0.6474329829216003
prompthero_openjourney,37319253,-1.504775047302246
prompthero_openjourney,37547870,2.1136786937713623
prompthero_openjourney,37736408,2.182781457901001
prompthero_openjourney,38014258,0.25278785824775696
prompthero_openjourney,38297191,1.79210364818573
prompthero_openjourney,38402744,-1.1867587566375732
prompthero_openjourney,38954086,-1.7980074882507324
prompthero_openjourney,39139190,0.7832651138305664
prompthero_openjourney,39560404,-1.8765627145767212
prompthero_openjourney,39566065,-0.19634871184825897
prompthero_openjourney,39595218,0.2712527811527252
prompthero_openjourney,40825299,-0.5653899908065796
prompthero_openjourney,40945115,-0.8445125222206116
prompthero_openjourney,40995095,-0.1135375127196312
prompthero_openjourney,41015844,-0.2688716948032379
prompthero_openjourney,41031648,0.17044085264205933
prompthero_openjourney,41161074,-2.1992123126983643
prompthero_openjourney,41458919,-2.758925437927246
prompthero_openjourney,41565779,-0.5281962752342224
prompthero_openjourney,41766391,-1.4257644414901733
prompthero_openjourney,41982710,-1.6242119073867798
prompthero_openjourney,42048260,-0.6418648362159729
prompthero_openjourney,42849420,0.17638586461544037
prompthero_openjourney,42931583,-0.5430505871772766
prompthero_openjourney,43060946,-0.8628736734390259
prompthero_openjourney,43153800,-2.4476170539855957
prompthero_openjourney,43161384,1.1158421039581299
prompthero_openjourney,43301379,0.16680686175823212
prompthero_openjourney,43304323,-1.8661073446273804
prompthero_openjourney,43367797,-0.34957483410835266
prompthero_openjourney,43431032,-0.5230039358139038
prompthero_openjourney,43631801,-1.813318133354187
prompthero_openjourney,43735560,-1.9006867408752441
prompthero_openjourney,43858443,1.4329994916915894
prompthero_openjourney,43918624,-0.9767513871192932
prompthero_openjourney,44280552,-2.1664600372314453
prompthero_openjourney,44295589,-1.5284117460250854
prompthero_openjourney,44621915,1.5740249156951904
prompthero_openjourney,44645737,0.5667393803596497
prompthero_openjourney,44838123,-1.517308235168457
prompthero_openjourney,45258070,-1.533963918685913
prompthero_openjourney,45297641,-2.7501096725463867
prompthero_openjourney,45418454,0.35474464297294617
prompthero_openjourney,45564900,-0.27833253145217896
prompthero_openjourney,46150029,-0.3743855059146881
prompthero_openjourney,46394736,0.02458433248102665
prompthero_openjourney,46673664,-0.4059212803840637
prompthero_openjourney,46994920,-1.739989995956421
prompthero_openjourney,47009060,0.8602234721183777
prompthero_openjourney,47552953,0.005650037433952093
prompthero_openjourney,47595220,-1.3429259061813354
prompthero_openjourney,47819321,1.3246785402297974
prompthero_openjourney,48223384,-0.8604088425636292
prompthero_openjourney,48351897,-0.8654425740242004
prompthero_openjourney,48754831,-0.20953696966171265
prompthero_openjourney,49054805,0.3827120363712311
prompthero_openjourney,49089576,0.5425823330879211
prompthero_openjourney,49300740,-0.9208183884620667
prompthero_openjourney,49358811,-2.2696938514709473
prompthero_openjourney,49462954,-2.2266952991485596
prompthero_openjourney,50262859,0.0631042942404747
prompthero_openjourney,50871471,0.0008956505917012691
prompthero_openjourney,50952217,-0.7556595802307129
prompthero_openjourney,51060824,-1.5977171659469604
prompthero_openjourney,51314050,-1.8610379695892334
prompthero_openjourney,51946990,-2.4310860633850098
prompthero_openjourney,52325745,-0.358197957277298
prompthero_openjourney,52474100,-0.5738709568977356
prompthero_openjourney,52516409,0.17513403296470642
prompthero_openjourney,52711595,0.2357000857591629
prompthero_openjourney,53022028,0.2003803551197052
prompthero_openjourney,53205877,0.2739165723323822
prompthero_openjourney,53288018,1.5198721885681152
prompthero_openjourney,53443611,0.2882498800754547
prompthero_openjourney,53815934,-2.1906590461730957
prompthero_openjourney,54495173,-0.7929079532623291
prompthero_openjourney,54931507,0.7256401777267456
prompthero_openjourney,55191509,-1.5111202001571655
prompthero_openjourney,55255145,-0.2812570035457611
prompthero_openjourney,55457672,-2.8841378688812256
prompthero_openjourney,55588327,-1.7261167764663696
prompthero_openjourney,55653646,-0.9141655564308167
prompthero_openjourney,55658809,-2.509228229522705
prompthero_openjourney,55812974,-1.5770331621170044
prompthero_openjourney,55819553,-1.3933600187301636
prompthero_openjourney,55826966,0.34055376052856445
prompthero_openjourney,55983905,1.4100346565246582
prompthero_openjourney,56074056,0.4323623478412628
prompthero_openjourney,56112588,-1.3517643213272095
prompthero_openjourney,56121520,-0.5869638323783875
prompthero_openjourney,56250900,-1.113216757774353
prompthero_openjourney,56458800,0.45322880148887634
prompthero_openjourney,56792430,-1.325037956237793
prompthero_openjourney,56982260,-0.8816938996315002
prompthero_openjourney,57673976,-2.2486679553985596
prompthero_openjourney,57716963,0.7062157392501831
prompthero_openjourney,57729980,0.03584611415863037
prompthero_openjourney,57785005,-0.43696174025535583
prompthero_openjourney,57873614,-1.8279824256896973
prompthero_openjourney,58727024,-0.8455047011375427
prompthero_openjourney,58761464,0.39678171277046204
prompthero_openjourney,59399259,-0.4199368953704834
prompthero_openjourney,59976859,-2.462482213973999
prompthero_openjourney,60083345,-2.4804389476776123
prompthero_openjourney,60214770,-2.1232681274414062
prompthero_openjourney,60215376,-0.49347934126853943
prompthero_openjourney,60375309,-0.9706268906593323
prompthero_openjourney,60606896,-0.6302395462989807
prompthero_openjourney,60668084,-0.058148644864559174
prompthero_openjourney,61035709,1.1862131357192993
prompthero_openjourney,61388266,-2.018563747406006
prompthero_openjourney,61627313,2.7993781566619873
prompthero_openjourney,61635816,-2.7841556072235107
prompthero_openjourney,61853324,0.8548593521118164
prompthero_openjourney,62408818,-0.02357136271893978
prompthero_openjourney,62841330,-1.3104536533355713
prompthero_openjourney,63015570,0.6614410877227783
prompthero_openjourney,63336441,-0.031157230958342552
prompthero_openjourney,63633117,-1.949268102645874
prompthero_openjourney,64576544,0.5255264043807983
prompthero_openjourney,64687077,-0.6256296634674072
prompthero_openjourney,64693533,-1.09341299533844
prompthero_openjourney,64856142,0.24938525259494781
prompthero_openjourney,65411270,-1.572106122970581
prompthero_openjourney,65557844,0.2748253643512726
prompthero_openjourney,65824677,-2.266010284423828
prompthero_openjourney,65890875,0.4925578534603119
prompthero_openjourney,65960228,-2.028876781463623
prompthero_openjourney,66668538,0.6029573678970337
prompthero_openjourney,67344811,-1.0964477062225342
prompthero_openjourney,67949798,0.861299455165863
prompthero_openjourney,68246844,-2.989832639694214
prompthero_openjourney,68280322,-1.8073832988739014
prompthero_openjourney,68321683,0.25080832839012146
prompthero_openjourney,68380669,-1.780998706817627
prompthero_openjourney,68575085,0.7796702980995178
prompthero_openjourney,70380966,-0.23952583968639374
prompthero_openjourney,70494671,0.6214174628257751
prompthero_openjourney,71055464,0.7543308138847351
prompthero_openjourney,71591839,-2.2893331050872803
prompthero_openjourney,71828875,-1.6100326776504517
prompthero_openjourney,71910823,-0.5600742101669312
prompthero_openjourney,71959499,1.5932731628417969
prompthero_openjourney,72432241,-0.5190954804420471
prompthero_openjourney,72553814,0.8854371309280396
prompthero_openjourney,73051579,0.683867871761322
prompthero_openjourney,73600586,-1.1053721904754639
prompthero_openjourney,73616417,0.7576928734779358
prompthero_openjourney,73681289,0.04617587476968765
prompthero_openjourney,73962724,-0.7388505339622498
prompthero_openjourney,74175857,-0.3980780243873596
prompthero_openjourney,75051801,0.11122757941484451
prompthero_openjourney,75787772,-1.7044140100479126
prompthero_openjourney,75944980,0.708073079586029
prompthero_openjourney,75964288,0.8371313214302063
prompthero_openjourney,76066166,-1.3976726531982422
prompthero_openjourney,76100398,-1.6339049339294434
prompthero_openjourney,76425345,-0.46508634090423584
prompthero_openjourney,77106105,0.07408961653709412
prompthero_openjourney,77132310,-0.3978700637817383
prompthero_openjourney,77232534,1.8399401903152466
prompthero_openjourney,77312726,-1.3858845233917236
prompthero_openjourney,77358840,-1.1582820415496826
prompthero_openjourney,77490593,0.021123940125107765
prompthero_openjourney,77726888,-0.24297216534614563
prompthero_openjourney,78735978,-1.4713832139968872
prompthero_openjourney,79077085,-1.1645838022232056
prompthero_openjourney,79212243,1.3888745307922363
prompthero_openjourney,79606917,-0.3283497989177704
prompthero_openjourney,79918827,0.43891698122024536
prompthero_openjourney,80289373,-1.0562909841537476
prompthero_openjourney,80371125,-0.6084409356117249
prompthero_openjourney,80540387,-0.2869243323802948
prompthero_openjourney,81135077,-1.7151938676834106
prompthero_openjourney,81303945,0.10807759314775467
prompthero_openjourney,81435593,-2.0205676555633545
prompthero_openjourney,82282590,2.2654457092285156
prompthero_openjourney,82696415,0.722049355506897
prompthero_openjourney,82916016,-2.907061815261841
prompthero_openjourney,83084473,-0.4126221239566803
prompthero_openjourney,83418847,0.458330899477005
prompthero_openjourney,84089324,-2.2150402069091797
prompthero_openjourney,84306831,1.1457291841506958
prompthero_openjourney,84510135,-1.3074182271957397
prompthero_openjourney,84788890,0.38163676857948303
prompthero_openjourney,84985982,-0.6176335215568542
prompthero_openjourney,85191733,0.4731677770614624
prompthero_openjourney,86119145,-0.6283165812492371
prompthero_openjourney,86340862,-0.11383577436208725
prompthero_openjourney,86341828,-0.9343611001968384
prompthero_openjourney,86537356,-1.3240739107131958
prompthero_openjourney,86701636,1.8754072189331055
prompthero_openjourney,86714939,-0.48268386721611023
prompthero_openjourney,87574583,-0.8068252801895142
prompthero_openjourney,87699711,0.47184517979621887
prompthero_openjourney,88016571,-0.6231124401092529
prompthero_openjourney,88087492,-0.1149214580655098
prompthero_openjourney,89227603,-0.7002635598182678
prompthero_openjourney,89539854,-1.9748886823654175
prompthero_openjourney,89926787,0.6757985353469849
prompthero_openjourney,90244932,1.409145474433899
prompthero_openjourney,90493027,0.03976399451494217
prompthero_openjourney,90613035,-2.7495181560516357
prompthero_openjourney,91368797,-0.1443367749452591
prompthero_openjourney,91784299,1.9560760259628296
prompthero_openjourney,91790573,1.8211172819137573
prompthero_openjourney,91834546,-1.0564769506454468
prompthero_openjourney,92068094,0.23873057961463928
prompthero_openjourney,92311656,-1.3247308731079102
prompthero_openjourney,92709444,-0.9284517765045166
prompthero_openjourney,93114575,0.14297424256801605
prompthero_openjourney,93256557,-1.154885172843933
prompthero_openjourney,93407716,-0.6299750804901123
prompthero_openjourney,93436296,-2.7754998207092285
prompthero_openjourney,93512057,1.0923287868499756
prompthero_openjourney,94006560,-0.35296630859375
prompthero_openjourney,94321535,0.9626860022544861
prompthero_openjourney,94532154,0.195682093501091
prompthero_openjourney,95171107,-0.5583828687667847
prompthero_openjourney,95228839,-1.1400104761123657
prompthero_openjourney,95325441,-0.06459669023752213
prompthero_openjourney,95450946,0.3964100182056427
prompthero_openjourney,95583911,-1.5302237272262573
prompthero_openjourney,95718306,1.6777511835098267
prompthero_openjourney,95737828,-1.0473986864089966
prompthero_openjourney,96448597,-1.4811676740646362
prompthero_openjourney,96482065,-1.9486595392227173
prompthero_openjourney,96521920,-0.6972481608390808
prompthero_openjourney,96850153,0.7358667850494385
prompthero_openjourney,98113191,-0.3322514593601227
prompthero_openjourney,98195317,-0.7744359970092773
prompthero_openjourney,98254655,-0.1468227058649063
prompthero_openjourney,98319500,-0.5636371374130249
prompthero_openjourney,98642787,0.6207703351974487
prompthero_openjourney,98646702,2.438133955001831
prompthero_openjourney,98929226,-1.4328948259353638
prompthero_openjourney,99178779,0.48658522963523865
prompthero_openjourney,99185892,-1.201688528060913
prompthero_openjourney,99211012,1.3946393728256226
prompthero_openjourney,99410560,0.6299384236335754
prompthero_openjourney,99862294,0.8475380539894104
retrieval,138508,-1.1547720432281494
retrieval,192051,-0.20632101595401764
retrieval,213186,-0.061513856053352356
retrieval,232386,0.08156917244195938
retrieval,232765,-0.08460495620965958
retrieval,258857,0.1003289744257927
retrieval,283090,-0.12828516960144043
retrieval,285141,0.2293933629989624
retrieval,399030,0.08868414163589478
retrieval,440189,-0.9543132185935974
retrieval,445169,0.16369463503360748
retrieval,486490,-0.2888869643211365
retrieval,487072,1.858621597290039
retrieval,487326,1.0329209566116333
retrieval,489837,0.16774000227451324
retrieval,646833,0.33969762921333313
retrieval,708860,-0.6851126551628113
retrieval,717208,0.8324059844017029
retrieval,717468,0.06874658912420273
retrieval,735254,-0.9205509424209595
retrieval,762478,0.6449242234230042
retrieval,825443,0.31019800901412964
retrieval,831919,-0.29681915044784546
retrieval,936620,0.8703001141548157
retrieval,974367,0.38679438829421997
retrieval,993014,1.0821877717971802
retrieval,1113367,-0.0072843641974031925
retrieval,1171644,0.42647743225097656
retrieval,1209135,-1.7769460678100586
retrieval,1317294,-0.3502698838710785
retrieval,1317533,0.2098797708749771
retrieval,1321854,-1.324164867401123
retrieval,1377758,0.1759812980890274
retrieval,1474832,-1.2999132871627808
retrieval,1516071,0.11905619502067566
retrieval,1566705,-0.5318114161491394
retrieval,1640855,-0.9333513975143433
retrieval,1668603,0.5435103178024292
retrieval,1678990,-1.4101929664611816
retrieval,1699831,-0.16576270759105682
retrieval,1707698,0.8557880520820618
retrieval,1727942,1.522270679473877
retrieval,2045760,-0.628081202507019
retrieval,2075049,-0.3443983495235443
retrieval,2075764,0.5136317610740662
retrieval,2241569,0.3907959759235382
retrieval,2720725,0.3183572292327881
retrieval,2721160,-0.6537626385688782
retrieval,2730265,-0.39168113470077515
retrieval,2744395,0.7361091375350952
retrieval,2770078,0.06892175227403641
retrieval,2793684,-0.9498361945152283
retrieval,2803666,0.8588197231292725
retrieval,2807731,0.2595358192920685
retrieval,2821943,0.9656389951705933
retrieval,2824319,-1.781132698059082
retrieval,2825442,-0.24489691853523254
retrieval,2852043,0.10861887782812119
retrieval,2870293,0.5456188321113586
retrieval,2870880,-0.8931898474693298
retrieval,2923535,-0.959000825881958
retrieval,2933112,1.3021140098571777
retrieval,2963987,0.8110926151275635
retrieval,2991302,-1.1309375762939453
retrieval,3024209,-0.1920439600944519
retrieval,3035832,1.1329915523529053
retrieval,3049457,1.973178744316101
retrieval,3107488,0.21961228549480438
retrieval,3131388,0.3424765169620514
retrieval,3131669,0.7591517567634583
retrieval,3152830,-1.2417153120040894
retrieval,3249569,0.7174845337867737
retrieval,3262349,0.5196173191070557
retrieval,3288500,1.1310925483703613
retrieval,3298716,0.2747602164745331
retrieval,3308246,1.3016196489334106
retrieval,3309110,-1.3761043548583984
retrieval,3347220,1.1705067157745361
retrieval,3353281,-1.9546194076538086
retrieval,3366112,-0.14077647030353546
retrieval,3411927,-1.961690068244934
retrieval,3456665,0.4277995526790619
retrieval,3563208,-0.823650062084198
retrieval,3580281,-0.3776538372039795
retrieval,3603442,0.379895955324173
retrieval,3607029,0.2342158555984497
retrieval,3628071,0.3159133493900299
retrieval,3630383,0.060551755130290985
retrieval,3676483,-0.8025542497634888
retrieval,3679712,-0.2830348312854767
retrieval,3685307,-2.0028185844421387
retrieval,3703463,-1.777667760848999
retrieval,3714235,-2.355084180831909
retrieval,3728318,-0.997700572013855
retrieval,3748162,0.748365581035614
retrieval,3764276,-1.1544694900512695
retrieval,3818090,0.5182215571403503
retrieval,3842156,0.5629010796546936
retrieval,3880032,-0.8828086853027344
retrieval,3889343,-0.5126010179519653
retrieval,3907654,-2.431290864944458
retrieval,3940713,0.14989697933197021
retrieval,3975232,-1.5239335298538208
retrieval,3982060,-0.43271583318710327
retrieval,3990474,-0.30388686060905457
retrieval,4010305,-0.06118912249803543
retrieval,4025130,-1.125575304031372
retrieval,4062807,-0.4811582863330841
retrieval,4123448,0.6051620244979858
retrieval,4125853,-0.13842500746250153
retrieval,4140340,0.27404043078422546
retrieval,4145056,-1.1117974519729614
retrieval,4192521,0.1593153029680252
retrieval,4259202,0.8365190625190735
retrieval,4285773,-1.0823453664779663
retrieval,4345028,1.0059823989868164
retrieval,4387201,0.3504191040992737
retrieval,4416901,-0.45249611139297485
retrieval,4455579,-1.0029367208480835
retrieval,4497570,-1.498158574104309
retrieval,4534520,0.536292552947998
retrieval,4539203,0.4951567053794861
retrieval,4552551,0.9670131206512451
retrieval,4596797,1.5503807067871094
retrieval,4832208,-1.4212846755981445
retrieval,4930139,1.1429743766784668
retrieval,5008085,-0.05561171472072601
retrieval,5219923,-0.5254319310188293
retrieval,5316083,-0.4433428943157196
retrieval,5350912,1.421452522277832
retrieval,5374860,0.20966963469982147
retrieval,5410315,-0.051356241106987
retrieval,5522784,0.5497066378593445
retrieval,5728577,-0.10882251709699631
retrieval,5752544,-0.39836230874061584
retrieval,5794797,-0.6884854435920715
retrieval,5895919,0.6927722692489624
retrieval,5958517,-1.1623862981796265
retrieval,6189776,-1.1947578191757202
retrieval,6528587,-0.8160139918327332
retrieval,6584891,0.06298914551734924
retrieval,6586355,0.07302632182836533
retrieval,6607809,0.8746569752693176
retrieval,6615026,0.5443073511123657
retrieval,6615458,-1.0823347568511963
retrieval,6615818,0.024264076724648476
retrieval,6616314,-1.4653573036193848
retrieval,6617011,-0.942226767539978
retrieval,6617413,0.2470172494649887
retrieval,6729499,-0.48289692401885986
retrieval,6880664,-0.2539348602294922
retrieval,6883725,-0.21174895763397217
retrieval,6946774,-0.9205509424209595
retrieval,7025268,-1.2534469366073608
retrieval,7109847,-1.6761537790298462
retrieval,7116261,1.643470287322998
retrieval,7150023,0.03824666887521744
retrieval,7163803,2.0821590423583984
retrieval,7507098,0.6332739591598511
retrieval,7596684,-0.0889534130692482
retrieval,7601809,0.3964168131351471
retrieval,7605282,0.0923120453953743
retrieval,7606419,0.016010301187634468
retrieval,7607707,-1.4010974168777466
retrieval,7608721,0.1906842738389969
retrieval,7625977,0.21273653209209442
retrieval,7626721,1.2944421768188477
retrieval,7626833,-0.8199291825294495
retrieval,7627310,-0.8990510106086731
retrieval,7651454,-1.3284579515457153
retrieval,7654438,-0.4084467589855194
retrieval,7664468,-0.7579657435417175
retrieval,7698915,-0.6808698177337646
retrieval,7700167,-1.2158409357070923
retrieval,7700868,0.5022303462028503
retrieval,7701244,-0.2207929641008377
retrieval,7702193,0.312375545501709
retrieval,7710616,0.7411417365074158
retrieval,7834065,-0.45821425318717957
retrieval,7854266,-1.670302152633667
retrieval,7854455,-0.02692454122006893
retrieval,7871940,-0.2844841480255127
retrieval,7891189,0.4117678701877594
retrieval,7897116,1.4666922092437744
retrieval,7914271,1.197571873664856
retrieval,7922764,1.1207162141799927
retrieval,7929519,1.7179776430130005
retrieval,7933274,0.8247534036636353
retrieval,7933530,-0.0929587259888649
retrieval,8089797,-1.3457610607147217
retrieval,8095160,0.46766558289527893
retrieval,8124208,1.4066507816314697
retrieval,8339939,0.6866016387939453
retrieval,8876291,-1.3839771747589111
retrieval,9020389,0.03693058341741562
retrieval,9044146,-0.36331915855407715
retrieval,9057052,-0.6223083138465881
retrieval,9427682,1.0499016046524048
retrieval,9580065,-0.14370279014110565
retrieval,9719434,-1.281706690788269
retrieval,9793248,-0.39741379022598267
retrieval,9794211,-0.16891293227672577
retrieval,9862621,-0.038287125527858734
retrieval,9875188,-0.2543928623199463
retrieval,9984659,-0.4167293608188629
retrieval,10012874,-0.40061458945274353
retrieval,10024569,-0.45994433760643005
retrieval,10080493,0.24622003734111786
retrieval,10106452,-1.8878343105316162
retrieval,10198409,-1.6765056848526
retrieval,10333317,1.319954514503479
retrieval,10408552,0.5743845105171204
retrieval,10444677,1.574738621711731
retrieval,10453357,0.59492427110672
retrieval,10548623,-1.5694854259490967
retrieval,10572128,-1.6010148525238037
retrieval,10794014,1.906060814857483
retrieval,10939743,0.5045057535171509
retrieval,11039909,0.30242666602134705
retrieval,11334088,1.8420319557189941
retrieval,11417672,0.2403421401977539
retrieval,11437577,-0.4321545958518982
retrieval,11460338,-2.5119895935058594
retrieval,12345739,-0.10882251709699631
retrieval,12402348,-1.3591759204864502
retrieval,13221529,-1.9947518110275269
retrieval,13290566,-0.2752913534641266
retrieval,13389475,1.0389906167984009
retrieval,13390139,-0.28377512097358704
retrieval,13390405,0.43282780051231384
retrieval,13392786,1.2399077415466309
retrieval,13649361,-0.035189438611269
retrieval,13716878,-0.06830402463674545
retrieval,13884740,-0.5058466196060181
retrieval,13931145,1.7176880836486816
retrieval,13984082,-2.1221275329589844
retrieval,14140678,1.695211410522461
retrieval,14195315,-0.5744022130966187
retrieval,14294568,0.9892342686653137
retrieval,14320813,-1.4404041767120361
retrieval,14360436,-1.8365755081176758
retrieval,14488317,0.029512712731957436
retrieval,14533937,0.11272556334733963
retrieval,14550987,0.16954639554023743
retrieval,14579933,-0.12299871444702148
retrieval,14606290,0.5228447318077087
retrieval,14620257,-1.3913993835449219
retrieval,14632648,-0.6224439144134521
retrieval,14647235,1.3841429948806763
retrieval,14654954,0.11861135065555573
retrieval,14686352,0.8856788873672485
retrieval,14702875,-0.1953829526901245
retrieval,14703190,-0.16425979137420654
retrieval,14807929,0.6932467222213745
retrieval,14809057,1.6341967582702637
retrieval,14867690,0.6973950266838074
retrieval,14872875,-0.6650198698043823
retrieval,14880557,0.4134366512298584
retrieval,14894140,-1.4884637594223022
retrieval,15180934,0.20454518496990204
retrieval,15970145,-1.185991644859314
retrieval,17002912,-1.3279650211334229
retrieval,17012379,0.7808037400245667
retrieval,17282800,2.8938701152801514
retrieval,17925539,-0.03193051367998123
retrieval,18367104,0.12348673492670059
retrieval,18758723,0.9470610022544861
retrieval,19671124,0.10181418061256409
retrieval,19855707,2.5140368938446045
retrieval,19893872,-1.2235395908355713
retrieval,20017667,0.05467721074819565
retrieval,20128079,-0.7216235995292664
retrieval,20471134,-1.312597632408142
retrieval,20495093,-0.03193051367998123
retrieval,20782430,-1.095550537109375
retrieval,21377549,0.1937175691127777
retrieval,21564446,0.7606106400489807
retrieval,21620388,-0.7884055972099304
retrieval,22149540,0.1658778041601181
retrieval,22738759,-1.603247880935669
retrieval,22767176,0.32734325528144836
retrieval,23129661,0.7361091375350952
retrieval,23185551,-0.1697491854429245
retrieval,23232427,-1.3500267267227173
retrieval,23257851,0.26594558358192444
retrieval,23620789,-0.16855204105377197
retrieval,24808131,2.1378514766693115
retrieval,24843217,-0.9205509424209595
retrieval,24933378,0.59492427110672
retrieval,24942232,1.0043983459472656
retrieval,25290589,-0.5178337693214417
retrieval,25579216,0.5048206448554993
retrieval,25685207,-0.8833903074264526
retrieval,25776594,-2.3242745399475098
retrieval,26078214,-0.668035626411438
retrieval,26746434,0.2833990156650543
retrieval,26998039,0.12873797118663788
retrieval,27106238,-1.2113085985183716
retrieval,27246777,1.3622756004333496
retrieval,27768637,1.7270381450653076
retrieval,27871992,0.126206174492836
retrieval,28190972,-0.9932802319526672
retrieval,29094321,-1.0096490383148193
retrieval,29148617,1.5723450183868408
retrieval,29161294,-0.1697491854429245
retrieval,29632917,-0.0889534130692482
retrieval,29703209,1.1038421392440796
retrieval,29779486,0.8968054056167603
retrieval,30028757,1.234968900680542
retrieval,30225071,0.889244019985199
retrieval,30373565,1.1513946056365967
retrieval,30484086,-0.004052205476909876
retrieval,30883080,1.214712142944336
retrieval,31114750,-0.062301356345415115
retrieval,31196176,1.084902286529541
retrieval,31391857,0.17904751002788544
retrieval,31595142,0.8477906584739685
retrieval,32152786,1.0823540687561035
retrieval,32327818,-1.8467061519622803
retrieval,32379732,0.2826363742351532
retrieval,32473966,0.27364203333854675
retrieval,32902730,-1.2489595413208008
retrieval,32932491,-1.46942138671875
retrieval,33006578,1.44237220287323
retrieval,33478721,-2.393256187438965
retrieval,34475997,-1.9947518110275269
retrieval,34578737,-0.03193051367998123
retrieval,34773230,-3.141496419906616
retrieval,36507085,1.234968900680542
retrieval,36678439,-0.11854413896799088
retrieval,37287360,-0.5650257468223572
retrieval,37319253,-0.5134113430976868
retrieval,37547870,-0.04204568266868591
retrieval,37736408,0.6463297605514526
retrieval,38014258,-0.2669844925403595
retrieval,38297191,-1.1974273920059204
retrieval,38402744,-1.2594035863876343
retrieval,38954086,1.0222965478897095
retrieval,39139190,0.2246168702840805
retrieval,39566065,0.1833309382200241
retrieval,39595218,0.981163740158081
retrieval,40825299,-1.8365755081176758
retrieval,40945115,0.31606122851371765
retrieval,40995095,1.5509064197540283
retrieval,41015844,-0.016499390825629234
retrieval,41031648,1.7616511583328247
retrieval,41161074,0.030747244134545326
retrieval,41458919,1.0821877717971802
retrieval,41565779,-0.11744587868452072
retrieval,41766391,0.7177819609642029
retrieval,41982710,-0.1679154336452484
retrieval,42048260,-0.5427703857421875
retrieval,42849420,1.1284770965576172
retrieval,42931583,-1.039121150970459
retrieval,43060946,0.8335599303245544
retrieval,43153800,0.4273369014263153
retrieval,43161384,0.779244601726532
retrieval,43301379,-0.7884055972099304
retrieval,43304323,-0.2640352249145508
retrieval,43367797,1.421452522277832
retrieval,43431032,-0.10905690491199493
retrieval,43631801,0.06874658912420273
retrieval,43735560,-0.5274547934532166
retrieval,43858443,1.2684822082519531
retrieval,43918624,-0.3342939019203186
retrieval,44280552,0.42118754982948303
retrieval,44295589,-0.03550400212407112
retrieval,44621915,1.5669385194778442
retrieval,44645737,0.7072243690490723
retrieval,44838123,-0.810087263584137
retrieval,45258070,-1.7573953866958618
retrieval,45297641,-0.5237621068954468
retrieval,45418454,-2.393256187438965
retrieval,45564900,-0.6440809965133667
retrieval,46150029,-0.5363724827766418
retrieval,46394736,-1.868596076965332
retrieval,46673664,0.3022235631942749
retrieval,46994920,-1.4763069152832031
retrieval,47552953,1.2779161930084229
retrieval,47595220,0.7018557190895081
retrieval,47819321,1.234968900680542
retrieval,48223384,-1.5919159650802612
retrieval,48351897,-0.8311200737953186
retrieval,48754831,2.828871965408325
retrieval,49089576,0.13151495158672333
retrieval,49300740,0.11686394363641739
retrieval,49358811,-0.2640352249145508
retrieval,49462954,0.2588065564632416
retrieval,50262859,-0.6591305136680603
retrieval,50871471,-0.5993391871452332
retrieval,50952217,-1.2662010192871094
retrieval,51060824,-0.6202546954154968
retrieval,51314050,-1.2756065130233765
retrieval,51946990,1.6855977773666382
retrieval,52325745,0.6461542844772339
retrieval,52474100,0.4221886694431305
retrieval,52516409,0.24103333055973053
retrieval,52711595,-0.5704332590103149
retrieval,53022028,-0.7250033020973206
retrieval,53288018,-0.7216235995292664
retrieval,53443611,0.5573450326919556
retrieval,53815934,-0.23937878012657166
retrieval,54495173,0.44624537229537964
retrieval,54931507,-0.27341821789741516
retrieval,55191509,-1.6761537790298462
retrieval,55255145,1.3956127166748047
retrieval,55457672,0.13208787143230438
retrieval,55588327,0.7092395424842834
retrieval,55658809,0.21324968338012695
retrieval,55812974,-0.20764116942882538
retrieval,55819553,0.26639583706855774
retrieval,55826966,0.5952207446098328
retrieval,55983905,-0.9856840372085571
retrieval,56074056,2.6389687061309814
retrieval,56112588,-1.6952431201934814
retrieval,56121520,-1.2662010192871094
retrieval,56250900,-1.0044972896575928
retrieval,56458800,-0.8141481280326843
retrieval,56792430,-0.20764116942882538
retrieval,56982260,-0.24174661934375763
retrieval,57673976,-0.09540798515081406
retrieval,57716963,-0.1066572517156601
retrieval,57785005,-1.9407179355621338
retrieval,57873614,1.1723356246948242
retrieval,58727024,0.2357557862997055
retrieval,58761464,0.5456188321113586
retrieval,59399259,0.22268381714820862
retrieval,59976859,-0.5993391871452332
retrieval,60083345,-0.8741337656974792
retrieval,60214770,0.5857983231544495
retrieval,60215376,1.6419709920883179
retrieval,60375309,-0.45994433760643005
retrieval,60606896,-0.1443568617105484
retrieval,60668084,-0.7884055972099304
retrieval,61035709,-1.4534586668014526
retrieval,61388266,-2.828310251235962
retrieval,61627313,0.5456188321113586
retrieval,61635816,-1.414683222770691
retrieval,61853324,-0.471005916595459
retrieval,62841330,1.421452522277832
retrieval,63336441,0.5181989073753357
retrieval,63633117,0.0038457303307950497
retrieval,64576544,-0.12415411323308945
retrieval,64687077,-0.27402201294898987
retrieval,64693533,1.4149850606918335
retrieval,64856142,1.3016196489334106
retrieval,65411270,-0.23937878012657166
retrieval,65557844,0.11686394363641739
retrieval,65824677,-1.7573953866958618
retrieval,65890875,-0.06118912249803543
retrieval,65960228,0.2254614681005478
retrieval,66668538,0.7411417365074158
retrieval,67344811,-1.9407179355621338
retrieval,67949798,-0.17049969732761383
retrieval,68246844,0.5414449572563171
retrieval,68280322,0.7976899147033691
retrieval,68321683,0.8171731233596802
retrieval,68380669,0.009447792544960976
retrieval,68575085,1.6981362104415894
retrieval,71055464,-0.5045493245124817
retrieval,71591839,0.7361091375350952
retrieval,71828875,-1.3057892322540283
retrieval,71910823,-1.6871747970581055
retrieval,71959499,-0.5250762104988098
retrieval,72432241,0.7177819609642029
retrieval,72553814,1.6401021480560303
retrieval,73051579,-0.5619295239448547
retrieval,73600586,0.6634140014648438
retrieval,73616417,0.562201738357544
retrieval,73681289,2.8938701152801514
retrieval,73962724,0.0009907945059239864
retrieval,74175857,1.214712142944336
retrieval,75051801,-0.008407583460211754
retrieval,75787772,-1.1918383836746216
retrieval,75944980,-0.12415411323308945
retrieval,75964288,-1.6226218938827515
retrieval,76066166,-0.8704560995101929
retrieval,76100398,-1.5784995555877686
retrieval,76425345,-0.8265154957771301
retrieval,77106105,-1.5919159650802612
retrieval,77132310,-0.7630093693733215
retrieval,77232534,-1.185991644859314
retrieval,77312726,1.3146570920944214
retrieval,77358840,0.0422818623483181
retrieval,77490593,1.590956211090088
retrieval,77726888,1.7385141849517822
retrieval,78735978,0.26385998725891113
retrieval,79077085,-1.185991644859314
retrieval,79212243,-0.8068217039108276
retrieval,79606917,-0.9205509424209595
retrieval,79918827,-0.6591305136680603
retrieval,80289373,-0.1679154336452484
retrieval,80371125,-1.386444330215454
retrieval,80540387,-0.7229324579238892
retrieval,81303945,1.446330189704895
retrieval,81435593,-1.5077649354934692
retrieval,82282590,-1.423397183418274
retrieval,82696415,1.1836906671524048
retrieval,82916016,0.9307242035865784
retrieval,83084473,0.7055749893188477
retrieval,83418847,-0.7961058020591736
retrieval,84089324,-0.05876343697309494
retrieval,84306831,-0.7250033020973206
retrieval,84510135,-0.27402201294898987
retrieval,84788890,-0.2977157235145569
retrieval,84985982,1.5723450183868408
retrieval,85191733,0.3390641212463379
retrieval,86340862,0.5612595677375793
retrieval,86341828,1.4657039642333984
retrieval,86537356,0.030747244134545326
retrieval,86701636,-0.30388686060905457
retrieval,86714939,0.9387868046760559
retrieval,87574583,-0.9820067286491394
retrieval,87699711,0.8913858532905579
retrieval,88016571,1.593969464302063
retrieval,88087492,1.1705067157745361
retrieval,89227603,1.3956127166748047
retrieval,89539854,0.5945634245872498
retrieval,89926787,1.8922085762023926
retrieval,90244932,-1.4309812784194946
retrieval,90493027,0.09139402955770493
retrieval,90613035,-2.5254788398742676
retrieval,91784299,0.748365581035614
retrieval,91790573,1.9265652894973755
retrieval,91834546,2.5140368938446045
retrieval,92068094,-0.23058529198169708
retrieval,92311656,1.2192137241363525
retrieval,92709444,0.06452389061450958
retrieval,93114575,-2.4509847164154053
retrieval,93256557,-0.6291587352752686
retrieval,93407716,0.22529251873493195
retrieval,93512057,0.7941383719444275
retrieval,94006560,-1.033044695854187
retrieval,94321535,-0.30666932463645935
retrieval,94532154,0.42008575797080994
retrieval,95171107,-1.2534369230270386
retrieval,95228839,-1.377657175064087
retrieval,95325441,-0.358105331659317
retrieval,95450946,-0.7884055972099304
retrieval,95583911,1.643470287322998
retrieval,95718306,-0.5250762104988098
retrieval,95737828,0.08831313997507095
retrieval,96448597,-1.8365755081176758
retrieval,96482065,-0.45994433760643005
retrieval,96521920,-0.5775889158248901
retrieval,96850153,0.8477906584739685
retrieval,98113191,1.0276771783828735
retrieval,98195317,0.7778694033622742
retrieval,98254655,-1.2489595413208008
retrieval,98319500,1.222100853919983
retrieval,98642787,1.3563899993896484
retrieval,98646702,1.7637858390808105
retrieval,98929226,0.15796451270580292
retrieval,99178779,1.371943473815918
retrieval,99185892,-0.3369874656200409
retrieval,99211012,-1.1176913976669312
retrieval,99410560,-0.03469165414571762
retrieval,99862294,1.530402660369873
runwayml_stable-diffusion-v1-5,138508,-1.7177730798721313
runwayml_stable-diffusion-v1-5,192051,-2.1463425159454346
runwayml_stable-diffusion-v1-5,213186,0.8231204748153687
runwayml_stable-diffusion-v1-5,232386,-1.4052091836929321
runwayml_stable-diffusion-v1-5,232765,0.08308092504739761
runwayml_stable-diffusion-v1-5,258857,-1.0663331747055054
runwayml_stable-diffusion-v1-5,283090,-0.4398048222064972
runwayml_stable-diffusion-v1-5,285141,0.4077184200286865
runwayml_stable-diffusion-v1-5,399030,-2.6729321479797363
runwayml_stable-diffusion-v1-5,440189,-0.8340736627578735
runwayml_stable-diffusion-v1-5,445169,-2.4686648845672607
runwayml_stable-diffusion-v1-5,486490,-0.7821056246757507
runwayml_stable-diffusion-v1-5,487072,0.42603418231010437
runwayml_stable-diffusion-v1-5,487326,-1.5992951393127441
runwayml_stable-diffusion-v1-5,489837,-2.0114996433258057
runwayml_stable-diffusion-v1-5,646833,-1.7175958156585693
runwayml_stable-diffusion-v1-5,708860,1.9937360286712646
runwayml_stable-diffusion-v1-5,717208,-0.8756505250930786
runwayml_stable-diffusion-v1-5,717468,0.24553148448467255
runwayml_stable-diffusion-v1-5,735254,-1.5500980615615845
runwayml_stable-diffusion-v1-5,762478,-0.3223593235015869
runwayml_stable-diffusion-v1-5,825443,-0.46826401352882385
runwayml_stable-diffusion-v1-5,831919,-0.570715606212616
runwayml_stable-diffusion-v1-5,896677,-1.9646166563034058
runwayml_stable-diffusion-v1-5,936620,-0.6002594232559204
runwayml_stable-diffusion-v1-5,974367,-1.6351358890533447
runwayml_stable-diffusion-v1-5,993014,-1.500840425491333
runwayml_stable-diffusion-v1-5,995855,-1.8036489486694336
runwayml_stable-diffusion-v1-5,1113367,1.1275063753128052
runwayml_stable-diffusion-v1-5,1171644,-0.9179366827011108
runwayml_stable-diffusion-v1-5,1209135,0.21858543157577515
runwayml_stable-diffusion-v1-5,1317294,-0.9294602870941162
runwayml_stable-diffusion-v1-5,1317533,1.8666558265686035
runwayml_stable-diffusion-v1-5,1321854,-1.280178427696228
runwayml_stable-diffusion-v1-5,1377758,-2.2532434463500977
runwayml_stable-diffusion-v1-5,1474832,-0.7004072666168213
runwayml_stable-diffusion-v1-5,1516071,-0.5328163504600525
runwayml_stable-diffusion-v1-5,1566705,-1.3544665575027466
runwayml_stable-diffusion-v1-5,1640855,-2.172031879425049
runwayml_stable-diffusion-v1-5,1668603,-0.7466673254966736
runwayml_stable-diffusion-v1-5,1678990,0.4948156177997589
runwayml_stable-diffusion-v1-5,1699831,-1.6855980157852173
runwayml_stable-diffusion-v1-5,1707698,-1.2721168994903564
runwayml_stable-diffusion-v1-5,1727942,0.3567454218864441
runwayml_stable-diffusion-v1-5,2045760,-0.04973771423101425
runwayml_stable-diffusion-v1-5,2075049,-1.4386632442474365
runwayml_stable-diffusion-v1-5,2075764,-1.9242767095565796
runwayml_stable-diffusion-v1-5,2241569,-0.8361417651176453
runwayml_stable-diffusion-v1-5,2720725,0.24214763939380646
runwayml_stable-diffusion-v1-5,2721160,-1.2446558475494385
runwayml_stable-diffusion-v1-5,2730265,-0.7463372349739075
runwayml_stable-diffusion-v1-5,2744395,-1.508897304534912
runwayml_stable-diffusion-v1-5,2770078,-0.19904811680316925
runwayml_stable-diffusion-v1-5,2793684,-0.454772025346756
runwayml_stable-diffusion-v1-5,2803666,-1.205562949180603
runwayml_stable-diffusion-v1-5,2807731,1.7895768880844116
runwayml_stable-diffusion-v1-5,2821943,1.7425682544708252
runwayml_stable-diffusion-v1-5,2824319,-1.670302391052246
runwayml_stable-diffusion-v1-5,2825442,-1.2682381868362427
runwayml_stable-diffusion-v1-5,2852043,0.5923383831977844
runwayml_stable-diffusion-v1-5,2870293,0.6321421265602112
runwayml_stable-diffusion-v1-5,2870880,1.1167676448822021
runwayml_stable-diffusion-v1-5,2923535,-2.0317957401275635
runwayml_stable-diffusion-v1-5,2933112,0.9405078291893005
runwayml_stable-diffusion-v1-5,2963987,1.082605242729187
runwayml_stable-diffusion-v1-5,2991302,-1.2071099281311035
runwayml_stable-diffusion-v1-5,3024209,0.6570246815681458
runwayml_stable-diffusion-v1-5,3035832,-2.727773427963257
runwayml_stable-diffusion-v1-5,3049457,1.6686989068984985
runwayml_stable-diffusion-v1-5,3107488,-0.5888833403587341
runwayml_stable-diffusion-v1-5,3131388,2.1084368228912354
runwayml_stable-diffusion-v1-5,3131669,-0.30108702182769775
runwayml_stable-diffusion-v1-5,3152830,-0.6294236779212952
runwayml_stable-diffusion-v1-5,3249569,-0.4251878559589386
runwayml_stable-diffusion-v1-5,3262349,-0.11321097612380981
runwayml_stable-diffusion-v1-5,3288500,0.5281419157981873
runwayml_stable-diffusion-v1-5,3298716,0.4118027985095978
runwayml_stable-diffusion-v1-5,3308246,0.9887123107910156
runwayml_stable-diffusion-v1-5,3309110,-1.526012897491455
runwayml_stable-diffusion-v1-5,3347220,-1.6320116519927979
runwayml_stable-diffusion-v1-5,3353281,1.8042047023773193
runwayml_stable-diffusion-v1-5,3366112,-0.940952479839325
runwayml_stable-diffusion-v1-5,3411927,1.5153042078018188
runwayml_stable-diffusion-v1-5,3456665,-0.9380488991737366
runwayml_stable-diffusion-v1-5,3563208,-0.8799369931221008
runwayml_stable-diffusion-v1-5,3580281,0.9932450652122498
runwayml_stable-diffusion-v1-5,3603442,-0.14264851808547974
runwayml_stable-diffusion-v1-5,3607029,-0.19803939759731293
runwayml_stable-diffusion-v1-5,3628071,-1.6902241706848145
runwayml_stable-diffusion-v1-5,3630383,0.47186368703842163
runwayml_stable-diffusion-v1-5,3676483,0.8975431323051453
runwayml_stable-diffusion-v1-5,3679712,0.9998653531074524
runwayml_stable-diffusion-v1-5,3685307,-0.11866838485002518
runwayml_stable-diffusion-v1-5,3703463,0.4437509775161743
runwayml_stable-diffusion-v1-5,3714235,-0.5612328052520752
runwayml_stable-diffusion-v1-5,3728318,-0.4749836027622223
runwayml_stable-diffusion-v1-5,3748162,0.6046640276908875
runwayml_stable-diffusion-v1-5,3764276,-1.078568458557129
runwayml_stable-diffusion-v1-5,3818090,-2.7817537784576416
runwayml_stable-diffusion-v1-5,3842156,1.7949401140213013
runwayml_stable-diffusion-v1-5,3880032,-1.537003517150879
runwayml_stable-diffusion-v1-5,3889343,-1.4837918281555176
runwayml_stable-diffusion-v1-5,3907654,0.7146691679954529
runwayml_stable-diffusion-v1-5,3940713,-0.8780412077903748
runwayml_stable-diffusion-v1-5,3975232,-0.7435244917869568
runwayml_stable-diffusion-v1-5,3982060,-0.5627291202545166
runwayml_stable-diffusion-v1-5,3990474,1.4059691429138184
runwayml_stable-diffusion-v1-5,4010305,0.20236487686634064
runwayml_stable-diffusion-v1-5,4025130,-2.04591703414917
runwayml_stable-diffusion-v1-5,4062807,-0.4325113594532013
runwayml_stable-diffusion-v1-5,4123448,0.03684131056070328
runwayml_stable-diffusion-v1-5,4125853,-0.31681784987449646
runwayml_stable-diffusion-v1-5,4140340,-0.8006070256233215
runwayml_stable-diffusion-v1-5,4145056,-1.403772234916687
runwayml_stable-diffusion-v1-5,4192521,1.3339062929153442
runwayml_stable-diffusion-v1-5,4259202,0.267137348651886
runwayml_stable-diffusion-v1-5,4285773,0.3443603813648224
runwayml_stable-diffusion-v1-5,4345028,-0.18383663892745972
runwayml_stable-diffusion-v1-5,4387201,-1.0372800827026367
runwayml_stable-diffusion-v1-5,4416901,-2.538072109222412
runwayml_stable-diffusion-v1-5,4455579,0.49982526898384094
runwayml_stable-diffusion-v1-5,4497570,1.005751371383667
runwayml_stable-diffusion-v1-5,4534520,-1.3398748636245728
runwayml_stable-diffusion-v1-5,4539203,-0.12496697157621384
runwayml_stable-diffusion-v1-5,4552551,1.6333948373794556
runwayml_stable-diffusion-v1-5,4596797,0.10474983602762222
runwayml_stable-diffusion-v1-5,4832208,-2.1087703704833984
runwayml_stable-diffusion-v1-5,4930139,1.64155113697052
runwayml_stable-diffusion-v1-5,5008085,-0.5699578523635864
runwayml_stable-diffusion-v1-5,5219923,-1.1734980344772339
runwayml_stable-diffusion-v1-5,5316083,-1.2865172624588013
runwayml_stable-diffusion-v1-5,5350912,0.5461636185646057
runwayml_stable-diffusion-v1-5,5374860,-1.9854117631912231
runwayml_stable-diffusion-v1-5,5410315,-0.22984586656093597
runwayml_stable-diffusion-v1-5,5522784,-0.44055435061454773
runwayml_stable-diffusion-v1-5,5728577,-2.0275590419769287
runwayml_stable-diffusion-v1-5,5752544,-2.3909900188446045
runwayml_stable-diffusion-v1-5,5794797,-1.156398057937622
runwayml_stable-diffusion-v1-5,5895919,-0.6374693512916565
runwayml_stable-diffusion-v1-5,5958517,-0.8852117657661438
runwayml_stable-diffusion-v1-5,6189776,0.4780069887638092
runwayml_stable-diffusion-v1-5,6528587,-2.723072052001953
runwayml_stable-diffusion-v1-5,6584891,-1.0902509689331055
runwayml_stable-diffusion-v1-5,6586355,-1.815199613571167
runwayml_stable-diffusion-v1-5,6607809,-1.9418179988861084
runwayml_stable-diffusion-v1-5,6615026,-2.0997438430786133
runwayml_stable-diffusion-v1-5,6615458,-0.8773345351219177
runwayml_stable-diffusion-v1-5,6615818,0.04167363792657852
runwayml_stable-diffusion-v1-5,6616314,-0.2606652081012726
runwayml_stable-diffusion-v1-5,6617011,-0.20036517083644867
runwayml_stable-diffusion-v1-5,6617413,0.18461498618125916
runwayml_stable-diffusion-v1-5,6729499,-3.356938600540161
runwayml_stable-diffusion-v1-5,6880664,-1.42966628074646
runwayml_stable-diffusion-v1-5,6883725,-2.2701077461242676
runwayml_stable-diffusion-v1-5,6946774,-0.10622452944517136
runwayml_stable-diffusion-v1-5,7025268,-0.5939508676528931
runwayml_stable-diffusion-v1-5,7109847,-1.4653944969177246
runwayml_stable-diffusion-v1-5,7116261,-0.7278340458869934
runwayml_stable-diffusion-v1-5,7150023,-1.8023707866668701
runwayml_stable-diffusion-v1-5,7163803,1.6487869024276733
runwayml_stable-diffusion-v1-5,7507098,-1.3673224449157715
runwayml_stable-diffusion-v1-5,7596684,-0.45319435000419617
runwayml_stable-diffusion-v1-5,7597365,0.4658016562461853
runwayml_stable-diffusion-v1-5,7601809,0.9361769556999207
runwayml_stable-diffusion-v1-5,7605282,-0.2800496220588684
runwayml_stable-diffusion-v1-5,7606419,-1.8081942796707153
runwayml_stable-diffusion-v1-5,7607707,-1.9614896774291992
runwayml_stable-diffusion-v1-5,7608721,0.3225003778934479
runwayml_stable-diffusion-v1-5,7625977,0.30667105317115784
runwayml_stable-diffusion-v1-5,7626721,1.817461609840393
runwayml_stable-diffusion-v1-5,7626833,1.1461219787597656
runwayml_stable-diffusion-v1-5,7627310,0.5095219016075134
runwayml_stable-diffusion-v1-5,7651454,0.6148397326469421
runwayml_stable-diffusion-v1-5,7654438,0.9759434461593628
runwayml_stable-diffusion-v1-5,7664468,-0.06836486607789993
runwayml_stable-diffusion-v1-5,7698915,-0.04590297490358353
runwayml_stable-diffusion-v1-5,7700167,0.12971143424510956
runwayml_stable-diffusion-v1-5,7700868,0.6028668284416199
runwayml_stable-diffusion-v1-5,7701244,-0.8183320760726929
runwayml_stable-diffusion-v1-5,7702193,-1.7360100746154785
runwayml_stable-diffusion-v1-5,7710616,-0.1835828721523285
runwayml_stable-diffusion-v1-5,7834065,0.3319440484046936
runwayml_stable-diffusion-v1-5,7854266,-1.161478877067566
runwayml_stable-diffusion-v1-5,7854455,-1.9999198913574219
runwayml_stable-diffusion-v1-5,7871940,0.2446945458650589
runwayml_stable-diffusion-v1-5,7891189,0.5984477996826172
runwayml_stable-diffusion-v1-5,7897116,1.8132433891296387
runwayml_stable-diffusion-v1-5,7914271,1.8919789791107178
runwayml_stable-diffusion-v1-5,7922764,1.031195044517517
runwayml_stable-diffusion-v1-5,7929519,0.687446653842926
runwayml_stable-diffusion-v1-5,7933274,-0.5829722285270691
runwayml_stable-diffusion-v1-5,7933530,0.041437096893787384
runwayml_stable-diffusion-v1-5,8089797,-0.1200859472155571
runwayml_stable-diffusion-v1-5,8095160,-0.8755688071250916
runwayml_stable-diffusion-v1-5,8124208,1.2734463214874268
runwayml_stable-diffusion-v1-5,8339939,-1.4980387687683105
runwayml_stable-diffusion-v1-5,8876291,1.5708891153335571
runwayml_stable-diffusion-v1-5,9020389,0.45104777812957764
runwayml_stable-diffusion-v1-5,9044146,-1.458719253540039
runwayml_stable-diffusion-v1-5,9057052,0.2279074490070343
runwayml_stable-diffusion-v1-5,9427682,1.1522293090820312
runwayml_stable-diffusion-v1-5,9580065,2.1818060874938965
runwayml_stable-diffusion-v1-5,9719434,0.033941783010959625
runwayml_stable-diffusion-v1-5,9793248,-0.948216438293457
runwayml_stable-diffusion-v1-5,9794211,-1.2874342203140259
runwayml_stable-diffusion-v1-5,9862621,-2.3069427013397217
runwayml_stable-diffusion-v1-5,9875188,-0.2950700521469116
runwayml_stable-diffusion-v1-5,9984659,-1.1842169761657715
runwayml_stable-diffusion-v1-5,10012874,-2.1791269779205322
runwayml_stable-diffusion-v1-5,10024569,-1.0068130493164062
runwayml_stable-diffusion-v1-5,10080493,-1.8945295810699463
runwayml_stable-diffusion-v1-5,10106452,-1.0676807165145874
runwayml_stable-diffusion-v1-5,10198409,-2.2882347106933594
runwayml_stable-diffusion-v1-5,10333317,0.9151639342308044
runwayml_stable-diffusion-v1-5,10408552,-0.7161144614219666
runwayml_stable-diffusion-v1-5,10444677,-0.09379474073648453
runwayml_stable-diffusion-v1-5,10453357,-1.6222046613693237
runwayml_stable-diffusion-v1-5,10548623,-0.1757023185491562
runwayml_stable-diffusion-v1-5,10572128,-2.6941676139831543
runwayml_stable-diffusion-v1-5,10794014,-0.48178890347480774
runwayml_stable-diffusion-v1-5,10939743,0.36753034591674805
runwayml_stable-diffusion-v1-5,11039909,-2.4344937801361084
runwayml_stable-diffusion-v1-5,11334088,-0.1599978357553482
runwayml_stable-diffusion-v1-5,11417672,-0.7094271183013916
runwayml_stable-diffusion-v1-5,11437577,-0.82991623878479
runwayml_stable-diffusion-v1-5,11460338,-1.2585238218307495
runwayml_stable-diffusion-v1-5,12345739,-1.9055031538009644
runwayml_stable-diffusion-v1-5,12402348,-1.8044373989105225
runwayml_stable-diffusion-v1-5,13221529,-2.865403175354004
runwayml_stable-diffusion-v1-5,13290566,0.1900256723165512
runwayml_stable-diffusion-v1-5,13389475,1.1609089374542236
runwayml_stable-diffusion-v1-5,13390139,0.45015302300453186
runwayml_stable-diffusion-v1-5,13390405,0.650973379611969
runwayml_stable-diffusion-v1-5,13392786,1.2193071842193604
runwayml_stable-diffusion-v1-5,13649361,0.12034005671739578
runwayml_stable-diffusion-v1-5,13716878,0.4727398753166199
runwayml_stable-diffusion-v1-5,13884740,-1.1059980392456055
runwayml_stable-diffusion-v1-5,13915305,-0.20423735678195953
runwayml_stable-diffusion-v1-5,13931145,-1.1199153661727905
runwayml_stable-diffusion-v1-5,13984082,-0.3818340599536896
runwayml_stable-diffusion-v1-5,14140678,0.9221364259719849
runwayml_stable-diffusion-v1-5,14195315,-0.8016558289527893
runwayml_stable-diffusion-v1-5,14294568,-1.4598246812820435
runwayml_stable-diffusion-v1-5,14320813,0.9953572750091553
runwayml_stable-diffusion-v1-5,14360436,-0.8630309700965881
runwayml_stable-diffusion-v1-5,14488317,-1.987015724182129
runwayml_stable-diffusion-v1-5,14533937,-1.2733943462371826
runwayml_stable-diffusion-v1-5,14550987,-1.8579139709472656
runwayml_stable-diffusion-v1-5,14579933,-2.5289225578308105
runwayml_stable-diffusion-v1-5,14606290,0.5865114331245422
runwayml_stable-diffusion-v1-5,14620257,-0.6222589612007141
runwayml_stable-diffusion-v1-5,14632648,-0.5717943906784058
runwayml_stable-diffusion-v1-5,14647235,-1.913941740989685
runwayml_stable-diffusion-v1-5,14654954,-0.8708062767982483
runwayml_stable-diffusion-v1-5,14686352,-1.0336508750915527
runwayml_stable-diffusion-v1-5,14702875,-1.116349220275879
runwayml_stable-diffusion-v1-5,14703190,-1.4290274381637573
runwayml_stable-diffusion-v1-5,14807929,-2.271369218826294
runwayml_stable-diffusion-v1-5,14809057,-0.7962499856948853
runwayml_stable-diffusion-v1-5,14867690,-1.614410400390625
runwayml_stable-diffusion-v1-5,14872875,-1.2253788709640503
runwayml_stable-diffusion-v1-5,14880557,-0.06580375880002975
runwayml_stable-diffusion-v1-5,14894140,-1.2908719778060913
runwayml_stable-diffusion-v1-5,15180934,-1.853912115097046
runwayml_stable-diffusion-v1-5,15970145,1.7893167734146118
runwayml_stable-diffusion-v1-5,17002912,-2.68298602104187
runwayml_stable-diffusion-v1-5,17012379,-1.3484560251235962
runwayml_stable-diffusion-v1-5,17282800,-0.7118456959724426
runwayml_stable-diffusion-v1-5,17925539,0.8737322688102722
runwayml_stable-diffusion-v1-5,18367104,0.10784580558538437
runwayml_stable-diffusion-v1-5,18758723,-1.1907137632369995
runwayml_stable-diffusion-v1-5,19143128,-1.024192214012146
runwayml_stable-diffusion-v1-5,19671124,-1.0839416980743408
runwayml_stable-diffusion-v1-5,19855707,-0.5122635364532471
runwayml_stable-diffusion-v1-5,19893872,-0.3695392310619354
runwayml_stable-diffusion-v1-5,20017667,-1.2246092557907104
runwayml_stable-diffusion-v1-5,20128079,-1.0673062801361084
runwayml_stable-diffusion-v1-5,20471134,-0.9018100500106812
runwayml_stable-diffusion-v1-5,20495093,1.387995958328247
runwayml_stable-diffusion-v1-5,20782430,-1.8731402158737183
runwayml_stable-diffusion-v1-5,21377549,-0.8040424585342407
runwayml_stable-diffusion-v1-5,21564446,-2.688338279724121
runwayml_stable-diffusion-v1-5,21620388,0.14722274243831635
runwayml_stable-diffusion-v1-5,22149540,-0.3839975893497467
runwayml_stable-diffusion-v1-5,22738759,-0.11415163427591324
runwayml_stable-diffusion-v1-5,22767176,-1.8720660209655762
runwayml_stable-diffusion-v1-5,23129661,-0.8528470396995544
runwayml_stable-diffusion-v1-5,23185551,-1.6388975381851196
runwayml_stable-diffusion-v1-5,23232427,-1.0740100145339966
runwayml_stable-diffusion-v1-5,23257851,-1.0624829530715942
runwayml_stable-diffusion-v1-5,23620789,-0.6161255240440369
runwayml_stable-diffusion-v1-5,24808131,0.3619934022426605
runwayml_stable-diffusion-v1-5,24843217,1.4185144901275635
runwayml_stable-diffusion-v1-5,24933378,-1.852908968925476
runwayml_stable-diffusion-v1-5,24942232,-0.7624141573905945
runwayml_stable-diffusion-v1-5,25290589,-0.6122602224349976
runwayml_stable-diffusion-v1-5,25579216,-1.8319141864776611
runwayml_stable-diffusion-v1-5,25685207,-0.857388973236084
runwayml_stable-diffusion-v1-5,25776594,-1.2577898502349854
runwayml_stable-diffusion-v1-5,26078214,0.19718515872955322
runwayml_stable-diffusion-v1-5,26746434,-0.2824675738811493
runwayml_stable-diffusion-v1-5,26998039,-0.22887229919433594
runwayml_stable-diffusion-v1-5,27106238,0.9544592499732971
runwayml_stable-diffusion-v1-5,27246777,-0.7233731150627136
runwayml_stable-diffusion-v1-5,27768637,0.4876774847507477
runwayml_stable-diffusion-v1-5,27871992,0.42850714921951294
runwayml_stable-diffusion-v1-5,28190972,0.538061261177063
runwayml_stable-diffusion-v1-5,29094321,-1.4343981742858887
runwayml_stable-diffusion-v1-5,29148617,0.8454404473304749
runwayml_stable-diffusion-v1-5,29161294,-1.1647846698760986
runwayml_stable-diffusion-v1-5,29632917,1.0879948139190674
runwayml_stable-diffusion-v1-5,29703209,-0.1950480043888092
runwayml_stable-diffusion-v1-5,29779486,-0.7149180769920349
runwayml_stable-diffusion-v1-5,30028757,-2.1500964164733887
runwayml_stable-diffusion-v1-5,30225071,0.6574088931083679
runwayml_stable-diffusion-v1-5,30373565,2.0493760108947754
runwayml_stable-diffusion-v1-5,30484086,-0.058500949293375015
runwayml_stable-diffusion-v1-5,30883080,-1.310914158821106
runwayml_stable-diffusion-v1-5,31114750,-2.243764638900757
runwayml_stable-diffusion-v1-5,31196176,-0.6102283000946045
runwayml_stable-diffusion-v1-5,31391857,-3.089365005493164
runwayml_stable-diffusion-v1-5,31595142,1.5074009895324707
runwayml_stable-diffusion-v1-5,32152786,0.9142946600914001
runwayml_stable-diffusion-v1-5,32327818,-1.6272454261779785
runwayml_stable-diffusion-v1-5,32379732,1.1153919696807861
runwayml_stable-diffusion-v1-5,32473966,0.5360150933265686
runwayml_stable-diffusion-v1-5,32902730,-0.7650106549263
runwayml_stable-diffusion-v1-5,32932491,-0.11470522731542587
runwayml_stable-diffusion-v1-5,33006578,-0.5666439533233643
runwayml_stable-diffusion-v1-5,33478721,-1.356182336807251
runwayml_stable-diffusion-v1-5,34475997,-1.7012474536895752
runwayml_stable-diffusion-v1-5,34578737,2.317538261413574
runwayml_stable-diffusion-v1-5,34773230,-2.0813863277435303
runwayml_stable-diffusion-v1-5,36507085,-0.6218733191490173
runwayml_stable-diffusion-v1-5,36678439,-0.42938461899757385
runwayml_stable-diffusion-v1-5,37287360,-1.5002431869506836
runwayml_stable-diffusion-v1-5,37319253,-1.2617746591567993
runwayml_stable-diffusion-v1-5,37547870,1.8860108852386475
runwayml_stable-diffusion-v1-5,37736408,2.3198163509368896
runwayml_stable-diffusion-v1-5,38014258,-0.686789333820343
runwayml_stable-diffusion-v1-5,38297191,1.5428684949874878
runwayml_stable-diffusion-v1-5,38402744,-0.528084397315979
runwayml_stable-diffusion-v1-5,38954086,-1.2077151536941528
runwayml_stable-diffusion-v1-5,39139190,1.4603285789489746
runwayml_stable-diffusion-v1-5,39560404,-1.8300353288650513
runwayml_stable-diffusion-v1-5,39566065,1.2110041379928589
runwayml_stable-diffusion-v1-5,39595218,-0.1993488222360611
runwayml_stable-diffusion-v1-5,40825299,-1.0083502531051636
runwayml_stable-diffusion-v1-5,40945115,-0.5271394848823547
runwayml_stable-diffusion-v1-5,40995095,-0.4961085021495819
runwayml_stable-diffusion-v1-5,41015844,-0.3660753071308136
runwayml_stable-diffusion-v1-5,41031648,-1.319940447807312
runwayml_stable-diffusion-v1-5,41161074,-2.1313600540161133
runwayml_stable-diffusion-v1-5,41458919,-2.7203993797302246
runwayml_stable-diffusion-v1-5,41565779,-0.8757436275482178
runwayml_stable-diffusion-v1-5,41766391,-0.5029749274253845
runwayml_stable-diffusion-v1-5,41982710,-1.398671269416809
runwayml_stable-diffusion-v1-5,42048260,0.4107234477996826
runwayml_stable-diffusion-v1-5,42849420,-0.49501678347587585
runwayml_stable-diffusion-v1-5,42931583,1.549074411392212
runwayml_stable-diffusion-v1-5,43060946,-0.01510155014693737
runwayml_stable-diffusion-v1-5,43153800,-0.17505590617656708
runwayml_stable-diffusion-v1-5,43161384,-0.350596159696579
runwayml_stable-diffusion-v1-5,43301379,-0.8334899544715881
runwayml_stable-diffusion-v1-5,43304323,-0.5645047426223755
runwayml_stable-diffusion-v1-5,43367797,-1.2603837251663208
runwayml_stable-diffusion-v1-5,43431032,0.9343520402908325
runwayml_stable-diffusion-v1-5,43631801,-0.21286210417747498
runwayml_stable-diffusion-v1-5,43735560,-2.328446865081787
runwayml_stable-diffusion-v1-5,43858443,0.9054229259490967
runwayml_stable-diffusion-v1-5,43918624,-0.7298900485038757
runwayml_stable-diffusion-v1-5,44280552,-0.439243346452713
runwayml_stable-diffusion-v1-5,44295589,-1.4687811136245728
runwayml_stable-diffusion-v1-5,44621915,0.5055319666862488
runwayml_stable-diffusion-v1-5,44645737,-0.17069368064403534
runwayml_stable-diffusion-v1-5,44838123,-0.06639491766691208
runwayml_stable-diffusion-v1-5,45258070,-1.7122024297714233
runwayml_stable-diffusion-v1-5,45297641,-1.8998478651046753
runwayml_stable-diffusion-v1-5,45418454,0.6919216513633728
runwayml_stable-diffusion-v1-5,45564900,-0.04573514312505722
runwayml_stable-diffusion-v1-5,46150029,-1.4600456953048706
runwayml_stable-diffusion-v1-5,46394736,0.2554205060005188
runwayml_stable-diffusion-v1-5,46673664,-1.2057801485061646
runwayml_stable-diffusion-v1-5,46994920,-1.3313764333724976
runwayml_stable-diffusion-v1-5,47009060,0.39005595445632935
runwayml_stable-diffusion-v1-5,47552953,0.6466658711433411
runwayml_stable-diffusion-v1-5,47595220,-0.9607340097427368
runwayml_stable-diffusion-v1-5,47819321,-1.8483915328979492
runwayml_stable-diffusion-v1-5,48223384,-1.0329917669296265
runwayml_stable-diffusion-v1-5,48351897,-0.5616029500961304
runwayml_stable-diffusion-v1-5,48754831,1.2614636421203613
runwayml_stable-diffusion-v1-5,49054805,-0.6365580558776855
runwayml_stable-diffusion-v1-5,49089576,0.5436147451400757
runwayml_stable-diffusion-v1-5,49300740,-0.5887515544891357
runwayml_stable-diffusion-v1-5,49358811,-1.3235316276550293
runwayml_stable-diffusion-v1-5,49462954,-1.3010225296020508
runwayml_stable-diffusion-v1-5,50262859,0.6768640875816345
runwayml_stable-diffusion-v1-5,50871471,-0.8463277220726013
runwayml_stable-diffusion-v1-5,50952217,-0.2660166025161743
runwayml_stable-diffusion-v1-5,51060824,-1.6439281702041626
runwayml_stable-diffusion-v1-5,51314050,-2.0741026401519775
runwayml_stable-diffusion-v1-5,51946990,-1.0623489618301392
runwayml_stable-diffusion-v1-5,52325745,-3.880316972732544
runwayml_stable-diffusion-v1-5,52474100,-0.7044806480407715
runwayml_stable-diffusion-v1-5,52516409,1.463066577911377
runwayml_stable-diffusion-v1-5,52711595,-1.0702714920043945
runwayml_stable-diffusion-v1-5,53022028,0.09056713432073593
runwayml_stable-diffusion-v1-5,53205877,-0.2364216446876526
runwayml_stable-diffusion-v1-5,53288018,0.6214593648910522
runwayml_stable-diffusion-v1-5,53443611,-0.1952907294034958
runwayml_stable-diffusion-v1-5,53815934,0.16118185222148895
runwayml_stable-diffusion-v1-5,54495173,-0.07270591706037521
runwayml_stable-diffusion-v1-5,54931507,1.2009214162826538
runwayml_stable-diffusion-v1-5,55191509,-2.1567177772521973
runwayml_stable-diffusion-v1-5,55255145,1.4181938171386719
runwayml_stable-diffusion-v1-5,55457672,-1.3183562755584717
runwayml_stable-diffusion-v1-5,55588327,-0.9307902455329895
runwayml_stable-diffusion-v1-5,55653646,-1.2826794385910034
runwayml_stable-diffusion-v1-5,55658809,0.7968747019767761
runwayml_stable-diffusion-v1-5,55812974,0.2719264328479767
runwayml_stable-diffusion-v1-5,55819553,-1.210249423980713
runwayml_stable-diffusion-v1-5,55826966,-1.4610822200775146
runwayml_stable-diffusion-v1-5,55983905,-2.759918212890625
runwayml_stable-diffusion-v1-5,56074056,-0.3847450613975525
runwayml_stable-diffusion-v1-5,56112588,-1.6310762166976929
runwayml_stable-diffusion-v1-5,56121520,-0.4147219955921173
runwayml_stable-diffusion-v1-5,56250900,-0.9406160712242126
runwayml_stable-diffusion-v1-5,56458800,-2.20662522315979
runwayml_stable-diffusion-v1-5,56792430,-1.0532854795455933
runwayml_stable-diffusion-v1-5,56982260,-0.27871817350387573
runwayml_stable-diffusion-v1-5,57673976,-0.2770065367221832
runwayml_stable-diffusion-v1-5,57716963,0.429518461227417
runwayml_stable-diffusion-v1-5,57729980,0.14988936483860016
runwayml_stable-diffusion-v1-5,57785005,-1.5227690935134888
runwayml_stable-diffusion-v1-5,57873614,-1.7596417665481567
runwayml_stable-diffusion-v1-5,58727024,-1.5710619688034058
runwayml_stable-diffusion-v1-5,58761464,1.0408833026885986
runwayml_stable-diffusion-v1-5,59399259,-2.261939764022827
runwayml_stable-diffusion-v1-5,59976859,-1.8289070129394531
runwayml_stable-diffusion-v1-5,60083345,-2.5790486335754395
runwayml_stable-diffusion-v1-5,60214770,-1.3081064224243164
runwayml_stable-diffusion-v1-5,60215376,-0.2768550217151642
runwayml_stable-diffusion-v1-5,60375309,-2.569716691970825
runwayml_stable-diffusion-v1-5,60606896,-0.9340025782585144
runwayml_stable-diffusion-v1-5,60668084,-0.35947051644325256
runwayml_stable-diffusion-v1-5,61035709,0.015650788322091103
runwayml_stable-diffusion-v1-5,61388266,-2.539248466491699
runwayml_stable-diffusion-v1-5,61627313,1.761408805847168
runwayml_stable-diffusion-v1-5,61635816,-1.2084676027297974
runwayml_stable-diffusion-v1-5,61853324,0.12974324822425842
runwayml_stable-diffusion-v1-5,62408818,1.4124715328216553
runwayml_stable-diffusion-v1-5,62841330,0.772922694683075
runwayml_stable-diffusion-v1-5,63015570,-0.9390290379524231
runwayml_stable-diffusion-v1-5,63336441,-0.8075856566429138
runwayml_stable-diffusion-v1-5,63633117,0.06618107110261917
runwayml_stable-diffusion-v1-5,64576544,0.2842728793621063
runwayml_stable-diffusion-v1-5,64687077,-1.1513081789016724
runwayml_stable-diffusion-v1-5,64693533,-1.3364639282226562
runwayml_stable-diffusion-v1-5,64856142,0.6621800065040588
runwayml_stable-diffusion-v1-5,65411270,-0.216670423746109
runwayml_stable-diffusion-v1-5,65557844,-0.6202592849731445
runwayml_stable-diffusion-v1-5,65824677,-1.1797966957092285
runwayml_stable-diffusion-v1-5,65890875,0.286590039730072
runwayml_stable-diffusion-v1-5,65960228,-1.051451563835144
runwayml_stable-diffusion-v1-5,66668538,0.8549526333808899
runwayml_stable-diffusion-v1-5,67344811,-0.4087926149368286
runwayml_stable-diffusion-v1-5,67949798,-0.19516174495220184
runwayml_stable-diffusion-v1-5,68246844,-0.24420741200447083
runwayml_stable-diffusion-v1-5,68280322,-1.9497950077056885
runwayml_stable-diffusion-v1-5,68321683,-1.0503848791122437
runwayml_stable-diffusion-v1-5,68380669,-0.6627347469329834
runwayml_stable-diffusion-v1-5,68575085,1.0335133075714111
runwayml_stable-diffusion-v1-5,70380966,-1.0932952165603638
runwayml_stable-diffusion-v1-5,70494671,0.19453707337379456
runwayml_stable-diffusion-v1-5,71055464,-0.07157161086797714
runwayml_stable-diffusion-v1-5,71591839,-1.2962007522583008
runwayml_stable-diffusion-v1-5,71828875,-1.0193517208099365
runwayml_stable-diffusion-v1-5,71910823,-0.5816444754600525
runwayml_stable-diffusion-v1-5,71959499,0.427145779132843
runwayml_stable-diffusion-v1-5,72432241,-1.0668705701828003
runwayml_stable-diffusion-v1-5,72553814,0.8935213088989258
runwayml_stable-diffusion-v1-5,73051579,-0.07830267399549484
runwayml_stable-diffusion-v1-5,73600586,-0.8259899616241455
runwayml_stable-diffusion-v1-5,73616417,-0.9131668210029602
runwayml_stable-diffusion-v1-5,73681289,0.04667875915765762
runwayml_stable-diffusion-v1-5,73962724,-1.7829062938690186
runwayml_stable-diffusion-v1-5,74175857,-1.6451711654663086
runwayml_stable-diffusion-v1-5,75051801,-0.29356107115745544
runwayml_stable-diffusion-v1-5,75787772,-0.21564698219299316
runwayml_stable-diffusion-v1-5,75944980,0.7982959151268005
runwayml_stable-diffusion-v1-5,75964288,-1.1072170734405518
runwayml_stable-diffusion-v1-5,76066166,0.7848835587501526
runwayml_stable-diffusion-v1-5,76100398,-2.4224095344543457
runwayml_stable-diffusion-v1-5,76425345,0.800868809223175
runwayml_stable-diffusion-v1-5,77106105,-0.5684983730316162
runwayml_stable-diffusion-v1-5,77132310,-0.2023029923439026
runwayml_stable-diffusion-v1-5,77232534,-0.6047155857086182
runwayml_stable-diffusion-v1-5,77312726,0.5290647149085999
runwayml_stable-diffusion-v1-5,77358840,-3.1800222396850586
runwayml_stable-diffusion-v1-5,77490593,-1.8488672971725464
runwayml_stable-diffusion-v1-5,77726888,-1.655128002166748
runwayml_stable-diffusion-v1-5,78735978,-0.9733192324638367
runwayml_stable-diffusion-v1-5,79077085,-1.544920563697815
runwayml_stable-diffusion-v1-5,79212243,0.43645504117012024
runwayml_stable-diffusion-v1-5,79606917,0.7445718050003052
runwayml_stable-diffusion-v1-5,79918827,-0.4423481822013855
runwayml_stable-diffusion-v1-5,80289373,-1.9943007230758667
runwayml_stable-diffusion-v1-5,80371125,-0.7464540004730225
runwayml_stable-diffusion-v1-5,80540387,-0.5530746579170227
runwayml_stable-diffusion-v1-5,81135077,-2.5155558586120605
runwayml_stable-diffusion-v1-5,81303945,0.41965752840042114
runwayml_stable-diffusion-v1-5,81435593,-1.389021635055542
runwayml_stable-diffusion-v1-5,82282590,0.8668791651725769
runwayml_stable-diffusion-v1-5,82696415,1.7787147760391235
runwayml_stable-diffusion-v1-5,82916016,0.18370869755744934
runwayml_stable-diffusion-v1-5,83084473,0.37430045008659363
runwayml_stable-diffusion-v1-5,83418847,-0.1336260885000229
runwayml_stable-diffusion-v1-5,84089324,-1.2869385480880737
runwayml_stable-diffusion-v1-5,84306831,1.1689627170562744
runwayml_stable-diffusion-v1-5,84510135,1.6643550395965576
runwayml_stable-diffusion-v1-5,84788890,-0.9458739161491394
runwayml_stable-diffusion-v1-5,84985982,-0.5078833699226379
runwayml_stable-diffusion-v1-5,85191733,-0.16871729493141174
runwayml_stable-diffusion-v1-5,86119145,-0.4334854185581207
runwayml_stable-diffusion-v1-5,86340862,0.3003559410572052
runwayml_stable-diffusion-v1-5,86341828,-0.4414725601673126
runwayml_stable-diffusion-v1-5,86537356,-1.7397172451019287
runwayml_stable-diffusion-v1-5,86701636,1.149388074874878
runwayml_stable-diffusion-v1-5,86714939,-1.1865140199661255
runwayml_stable-diffusion-v1-5,87574583,-2.21622633934021
runwayml_stable-diffusion-v1-5,87699711,-0.40849000215530396
runwayml_stable-diffusion-v1-5,88016571,-0.029220497235655785
runwayml_stable-diffusion-v1-5,88087492,-0.29718461632728577
runwayml_stable-diffusion-v1-5,89227603,1.1184591054916382
runwayml_stable-diffusion-v1-5,89539854,-1.6926977634429932
runwayml_stable-diffusion-v1-5,89926787,0.23634777963161469
runwayml_stable-diffusion-v1-5,90244932,-1.5101654529571533
runwayml_stable-diffusion-v1-5,90493027,-1.6418694257736206
runwayml_stable-diffusion-v1-5,90613035,-0.4124217927455902
runwayml_stable-diffusion-v1-5,91368797,-0.3049691617488861
runwayml_stable-diffusion-v1-5,91784299,0.2364509552717209
runwayml_stable-diffusion-v1-5,91790573,-0.03637067228555679
runwayml_stable-diffusion-v1-5,91834546,-1.5069342851638794
runwayml_stable-diffusion-v1-5,92068094,0.8431915640830994
runwayml_stable-diffusion-v1-5,92311656,0.13589759171009064
runwayml_stable-diffusion-v1-5,92709444,-0.20576877892017365
runwayml_stable-diffusion-v1-5,93114575,-2.2498841285705566
runwayml_stable-diffusion-v1-5,93256557,-0.2755029499530792
runwayml_stable-diffusion-v1-5,93407716,-0.6783367991447449
runwayml_stable-diffusion-v1-5,93436296,-1.043681025505066
runwayml_stable-diffusion-v1-5,93512057,-0.47896358370780945
runwayml_stable-diffusion-v1-5,94006560,0.0465526208281517
runwayml_stable-diffusion-v1-5,94321535,0.7309516072273254
runwayml_stable-diffusion-v1-5,94532154,0.45687776803970337
runwayml_stable-diffusion-v1-5,95171107,-1.026084303855896
runwayml_stable-diffusion-v1-5,95228839,-1.224208116531372
runwayml_stable-diffusion-v1-5,95325441,-1.050950050354004
runwayml_stable-diffusion-v1-5,95450946,-0.3994523584842682
runwayml_stable-diffusion-v1-5,95583911,-0.17341545224189758
runwayml_stable-diffusion-v1-5,95718306,1.115837574005127
runwayml_stable-diffusion-v1-5,95737828,-1.8261406421661377
runwayml_stable-diffusion-v1-5,96448597,-1.2763913869857788
runwayml_stable-diffusion-v1-5,96482065,-1.3605895042419434
runwayml_stable-diffusion-v1-5,96521920,-0.6658264994621277
runwayml_stable-diffusion-v1-5,96850153,-1.0887821912765503
runwayml_stable-diffusion-v1-5,98113191,0.11533813923597336
runwayml_stable-diffusion-v1-5,98195317,-1.5777153968811035
runwayml_stable-diffusion-v1-5,98254655,0.5149472951889038
runwayml_stable-diffusion-v1-5,98319500,0.11496812850236893
runwayml_stable-diffusion-v1-5,98642787,-0.08753607422113419
runwayml_stable-diffusion-v1-5,98646702,-1.3347699642181396
runwayml_stable-diffusion-v1-5,98929226,-1.472374677658081
runwayml_stable-diffusion-v1-5,99178779,-0.8876665234565735
runwayml_stable-diffusion-v1-5,99185892,-1.661025047302246
runwayml_stable-diffusion-v1-5,99211012,1.0743815898895264
runwayml_stable-diffusion-v1-5,99410560,-0.5968355536460876
runwayml_stable-diffusion-v1-5,99862294,-2.614293336868286
stabilityai_sdxl-turbo,138508,-1.115007758140564
stabilityai_sdxl-turbo,192051,-1.0456622838974
stabilityai_sdxl-turbo,213186,1.710650086402893
stabilityai_sdxl-turbo,232386,-1.547123908996582
stabilityai_sdxl-turbo,232765,0.9006214737892151
stabilityai_sdxl-turbo,258857,-0.5438603758811951
stabilityai_sdxl-turbo,283090,0.5120423436164856
stabilityai_sdxl-turbo,285141,-0.5368070602416992
stabilityai_sdxl-turbo,399030,-1.0570449829101562
stabilityai_sdxl-turbo,440189,0.4385391175746918
stabilityai_sdxl-turbo,445169,-0.14113210141658783
stabilityai_sdxl-turbo,486490,0.6748301386833191
stabilityai_sdxl-turbo,487072,0.29895296692848206
stabilityai_sdxl-turbo,487326,0.4776417315006256
stabilityai_sdxl-turbo,489837,0.010683165863156319
stabilityai_sdxl-turbo,646833,1.0280085802078247
stabilityai_sdxl-turbo,708860,1.2116057872772217
stabilityai_sdxl-turbo,717208,0.5096695423126221
stabilityai_sdxl-turbo,717468,-0.8195287585258484
stabilityai_sdxl-turbo,735254,1.3289965391159058
stabilityai_sdxl-turbo,762478,1.2103976011276245
stabilityai_sdxl-turbo,825443,0.6009770631790161
stabilityai_sdxl-turbo,831919,1.9169361591339111
stabilityai_sdxl-turbo,896677,0.06059625744819641
stabilityai_sdxl-turbo,936620,1.9470138549804688
stabilityai_sdxl-turbo,974367,-2.201011896133423
stabilityai_sdxl-turbo,993014,0.4270252287387848
stabilityai_sdxl-turbo,995855,-0.3170618712902069
stabilityai_sdxl-turbo,1113367,-0.10751628130674362
stabilityai_sdxl-turbo,1171644,0.8591710925102234
stabilityai_sdxl-turbo,1209135,0.3963756859302521
stabilityai_sdxl-turbo,1317294,0.41414710879325867
stabilityai_sdxl-turbo,1317533,1.741890549659729
stabilityai_sdxl-turbo,1321854,-1.002830982208252
stabilityai_sdxl-turbo,1377758,-1.5244029760360718
stabilityai_sdxl-turbo,1474832,0.5113826394081116
stabilityai_sdxl-turbo,1516071,-0.655856728553772
stabilityai_sdxl-turbo,1566705,0.4856514036655426
stabilityai_sdxl-turbo,1640855,-0.9504361748695374
stabilityai_sdxl-turbo,1668603,0.6548246145248413
stabilityai_sdxl-turbo,1678990,0.2929076850414276
stabilityai_sdxl-turbo,1699831,0.9502503275871277
stabilityai_sdxl-turbo,1707698,0.030063221231102943
stabilityai_sdxl-turbo,1727942,0.5663562417030334
stabilityai_sdxl-turbo,2045760,0.6869907379150391
stabilityai_sdxl-turbo,2075049,-0.14474578201770782
stabilityai_sdxl-turbo,2075764,-0.6283586621284485
stabilityai_sdxl-turbo,2241569,-1.738824486732483
stabilityai_sdxl-turbo,2720725,0.9035441875457764
stabilityai_sdxl-turbo,2721160,1.8924839496612549
stabilityai_sdxl-turbo,2730265,-1.4126884937286377
stabilityai_sdxl-turbo,2744395,-0.9034096598625183
stabilityai_sdxl-turbo,2770078,0.6355777382850647
stabilityai_sdxl-turbo,2793684,-0.7663672566413879
stabilityai_sdxl-turbo,2803666,-0.80197674036026
stabilityai_sdxl-turbo,2807731,0.7288883328437805
stabilityai_sdxl-turbo,2821943,1.8201133012771606
stabilityai_sdxl-turbo,2824319,0.8835237622261047
stabilityai_sdxl-turbo,2825442,1.0578550100326538
stabilityai_sdxl-turbo,2852043,0.07323631644248962
stabilityai_sdxl-turbo,2870293,1.6579898595809937
stabilityai_sdxl-turbo,2870880,1.5147004127502441
stabilityai_sdxl-turbo,2923535,-0.07233721017837524
stabilityai_sdxl-turbo,2933112,1.4152939319610596
stabilityai_sdxl-turbo,2963987,1.8576743602752686
stabilityai_sdxl-turbo,2991302,1.023645043373108
stabilityai_sdxl-turbo,3024209,1.1140815019607544
stabilityai_sdxl-turbo,3035832,-0.15173156559467316
stabilityai_sdxl-turbo,3049457,0.2783479690551758
stabilityai_sdxl-turbo,3107488,-0.007511621806770563
stabilityai_sdxl-turbo,3131388,1.473012089729309
stabilityai_sdxl-turbo,3131669,1.643795371055603
stabilityai_sdxl-turbo,3152830,1.1270891427993774
stabilityai_sdxl-turbo,3249569,0.7497678399085999
stabilityai_sdxl-turbo,3262349,0.8950926065444946
stabilityai_sdxl-turbo,3288500,0.23750706017017365
stabilityai_sdxl-turbo,3298716,1.4048084020614624
stabilityai_sdxl-turbo,3308246,1.9093811511993408
stabilityai_sdxl-turbo,3309110,-0.9538041353225708
stabilityai_sdxl-turbo,3347220,1.32639741897583
stabilityai_sdxl-turbo,3353281,2.4161384105682373
stabilityai_sdxl-turbo,3366112,-0.496531218290329
stabilityai_sdxl-turbo,3411927,1.419051170349121
stabilityai_sdxl-turbo,3456665,-0.9045230746269226
stabilityai_sdxl-turbo,3563208,-1.0023258924484253
stabilityai_sdxl-turbo,3580281,1.6370961666107178
stabilityai_sdxl-turbo,3603442,1.1325833797454834
stabilityai_sdxl-turbo,3607029,0.09340158849954605
stabilityai_sdxl-turbo,3628071,-1.0355937480926514
stabilityai_sdxl-turbo,3630383,0.9122233986854553
stabilityai_sdxl-turbo,3676483,1.7506368160247803
stabilityai_sdxl-turbo,3679712,1.4192862510681152
stabilityai_sdxl-turbo,3685307,-0.08725405484437943
stabilityai_sdxl-turbo,3703463,0.5661812424659729
stabilityai_sdxl-turbo,3714235,1.03200101852417
stabilityai_sdxl-turbo,3728318,1.5893949270248413
stabilityai_sdxl-turbo,3748162,-0.09733859449625015
stabilityai_sdxl-turbo,3764276,-1.3326712846755981
stabilityai_sdxl-turbo,3818090,1.0836321115493774
stabilityai_sdxl-turbo,3842156,2.144313335418701
stabilityai_sdxl-turbo,3880032,1.4279389381408691
stabilityai_sdxl-turbo,3889343,0.09692395478487015
stabilityai_sdxl-turbo,3907654,-0.194381445646286
stabilityai_sdxl-turbo,3940713,-0.3171028792858124
stabilityai_sdxl-turbo,3975232,-0.010760685428977013
stabilityai_sdxl-turbo,3982060,0.2821114957332611
stabilityai_sdxl-turbo,3990474,0.7117318511009216
stabilityai_sdxl-turbo,4010305,1.4507982730865479
stabilityai_sdxl-turbo,4025130,0.3996516168117523
stabilityai_sdxl-turbo,4062807,-0.9268584847450256
stabilityai_sdxl-turbo,4123448,0.9316912293434143
stabilityai_sdxl-turbo,4125853,-0.323557049036026
stabilityai_sdxl-turbo,4140340,1.228499412536621
stabilityai_sdxl-turbo,4145056,0.10186584293842316
stabilityai_sdxl-turbo,4192521,1.0838310718536377
stabilityai_sdxl-turbo,4259202,0.9288412928581238
stabilityai_sdxl-turbo,4285773,1.3548775911331177
stabilityai_sdxl-turbo,4345028,0.9882850646972656
stabilityai_sdxl-turbo,4387201,-1.0403971672058105
stabilityai_sdxl-turbo,4416901,-2.3214094638824463
stabilityai_sdxl-turbo,4455579,0.2782537639141083
stabilityai_sdxl-turbo,4497570,-0.7757472395896912
stabilityai_sdxl-turbo,4534520,-0.6845911145210266
stabilityai_sdxl-turbo,4539203,0.7252371907234192
stabilityai_sdxl-turbo,4552551,1.3922613859176636
stabilityai_sdxl-turbo,4596797,0.9177510142326355
stabilityai_sdxl-turbo,4832208,1.4338266849517822
stabilityai_sdxl-turbo,4930139,0.9615717530250549
stabilityai_sdxl-turbo,5008085,-0.7061535716056824
stabilityai_sdxl-turbo,5219923,0.4048236012458801
stabilityai_sdxl-turbo,5316083,-2.8218438625335693
stabilityai_sdxl-turbo,5350912,1.1480214595794678
stabilityai_sdxl-turbo,5374860,-0.8612567782402039
stabilityai_sdxl-turbo,5410315,-0.44974154233932495
stabilityai_sdxl-turbo,5522784,-0.8214489817619324
stabilityai_sdxl-turbo,5728577,0.975388765335083
stabilityai_sdxl-turbo,5752544,1.4326541423797607
stabilityai_sdxl-turbo,5794797,-1.0235819816589355
stabilityai_sdxl-turbo,5895919,0.8924621939659119
stabilityai_sdxl-turbo,5958517,0.3667600452899933
stabilityai_sdxl-turbo,6189776,0.6404070258140564
stabilityai_sdxl-turbo,6528587,0.9006094336509705
stabilityai_sdxl-turbo,6584891,-2.7956650257110596
stabilityai_sdxl-turbo,6586355,-1.1052926778793335
stabilityai_sdxl-turbo,6607809,-1.6725404262542725
stabilityai_sdxl-turbo,6615026,1.3646727800369263
stabilityai_sdxl-turbo,6615458,-1.0639283657073975
stabilityai_sdxl-turbo,6615818,0.6672189831733704
stabilityai_sdxl-turbo,6616314,-0.8557785153388977
stabilityai_sdxl-turbo,6617011,-0.6595180630683899
stabilityai_sdxl-turbo,6617413,-0.5303217172622681
stabilityai_sdxl-turbo,6729499,0.7057200074195862
stabilityai_sdxl-turbo,6880664,-1.4461594820022583
stabilityai_sdxl-turbo,6883725,-1.355835199356079
stabilityai_sdxl-turbo,6946774,0.7524089813232422
stabilityai_sdxl-turbo,7025268,0.5438075065612793
stabilityai_sdxl-turbo,7109847,0.6862942576408386
stabilityai_sdxl-turbo,7116261,0.8055451512336731
stabilityai_sdxl-turbo,7150023,1.4944860935211182
stabilityai_sdxl-turbo,7163803,0.928104817867279
stabilityai_sdxl-turbo,7507098,1.1160894632339478
stabilityai_sdxl-turbo,7596684,0.5562262535095215
stabilityai_sdxl-turbo,7597365,0.013692710548639297
stabilityai_sdxl-turbo,7601809,-1.0865379571914673
stabilityai_sdxl-turbo,7605282,-0.061215050518512726
stabilityai_sdxl-turbo,7606419,-1.6657304763793945
stabilityai_sdxl-turbo,7607707,-0.313771516084671
stabilityai_sdxl-turbo,7608721,0.0989629253745079
stabilityai_sdxl-turbo,7625977,0.8736103177070618
stabilityai_sdxl-turbo,7626721,1.867083191871643
stabilityai_sdxl-turbo,7626833,1.387209415435791
stabilityai_sdxl-turbo,7627310,-1.460355520248413
stabilityai_sdxl-turbo,7651454,0.38859879970550537
stabilityai_sdxl-turbo,7654438,0.7982158064842224
stabilityai_sdxl-turbo,7664468,0.6761842370033264
stabilityai_sdxl-turbo,7698915,-0.18644611537456512
stabilityai_sdxl-turbo,7700167,0.4297962486743927
stabilityai_sdxl-turbo,7700868,0.5183205008506775
stabilityai_sdxl-turbo,7701244,1.108163833618164
stabilityai_sdxl-turbo,7702193,1.0937519073486328
stabilityai_sdxl-turbo,7710616,-1.151100754737854
stabilityai_sdxl-turbo,7834065,-0.10622972995042801
stabilityai_sdxl-turbo,7854266,0.4655201733112335
stabilityai_sdxl-turbo,7854455,0.2619830071926117
stabilityai_sdxl-turbo,7871940,0.4694264531135559
stabilityai_sdxl-turbo,7891189,0.7542054653167725
stabilityai_sdxl-turbo,7897116,1.5588619709014893
stabilityai_sdxl-turbo,7914271,1.7107160091400146
stabilityai_sdxl-turbo,7922764,0.9637170433998108
stabilityai_sdxl-turbo,7929519,1.8818976879119873
stabilityai_sdxl-turbo,7933274,1.01376473903656
stabilityai_sdxl-turbo,7933530,1.2362571954727173
stabilityai_sdxl-turbo,8089797,1.538085699081421
stabilityai_sdxl-turbo,8095160,0.05279140546917915
stabilityai_sdxl-turbo,8124208,0.13352949917316437
stabilityai_sdxl-turbo,8339939,0.03938578814268112
stabilityai_sdxl-turbo,8876291,1.8213495016098022
stabilityai_sdxl-turbo,9020389,0.03006293810904026
stabilityai_sdxl-turbo,9044146,-0.16291233897209167
stabilityai_sdxl-turbo,9057052,0.27714458107948303
stabilityai_sdxl-turbo,9427682,0.8071818947792053
stabilityai_sdxl-turbo,9580065,2.431224822998047
stabilityai_sdxl-turbo,9719434,0.2231360226869583
stabilityai_sdxl-turbo,9793248,0.21432508528232574
stabilityai_sdxl-turbo,9794211,-0.325790137052536
stabilityai_sdxl-turbo,9862621,0.41917845606803894
stabilityai_sdxl-turbo,9875188,0.1833544373512268
stabilityai_sdxl-turbo,9984659,1.4465264081954956
stabilityai_sdxl-turbo,10012874,-0.7954292297363281
stabilityai_sdxl-turbo,10024569,-0.7731813788414001
stabilityai_sdxl-turbo,10080493,0.7275082468986511
stabilityai_sdxl-turbo,10106452,-0.27373072504997253
stabilityai_sdxl-turbo,10198409,-0.8187435269355774
stabilityai_sdxl-turbo,10333317,0.8831530213356018
stabilityai_sdxl-turbo,10408552,0.8711297512054443
stabilityai_sdxl-turbo,10444677,-0.4059395492076874
stabilityai_sdxl-turbo,10453357,0.11344025284051895
stabilityai_sdxl-turbo,10548623,0.5817786455154419
stabilityai_sdxl-turbo,10572128,0.548657238483429
stabilityai_sdxl-turbo,10794014,1.879194974899292
stabilityai_sdxl-turbo,10939743,-0.04952017217874527
stabilityai_sdxl-turbo,11039909,0.06845418363809586
stabilityai_sdxl-turbo,11334088,-0.037018805742263794
stabilityai_sdxl-turbo,11417672,-0.7447188496589661
stabilityai_sdxl-turbo,11437577,-0.5530973672866821
stabilityai_sdxl-turbo,11460338,-1.1370400190353394
stabilityai_sdxl-turbo,12345739,1.2842819690704346
stabilityai_sdxl-turbo,12402348,-1.2611842155456543
stabilityai_sdxl-turbo,13221529,-2.6043667793273926
stabilityai_sdxl-turbo,13290566,-0.6838909387588501
stabilityai_sdxl-turbo,13389475,0.11763650923967361
stabilityai_sdxl-turbo,13390139,2.204568386077881
stabilityai_sdxl-turbo,13390405,1.2139707803726196
stabilityai_sdxl-turbo,13392786,1.2201961278915405
stabilityai_sdxl-turbo,13649361,0.3969320058822632
stabilityai_sdxl-turbo,13716878,0.7812331318855286
stabilityai_sdxl-turbo,13884740,0.8213919997215271
stabilityai_sdxl-turbo,13915305,0.1684197038412094
stabilityai_sdxl-turbo,13931145,0.006136605050414801
stabilityai_sdxl-turbo,13984082,-0.6286197304725647
stabilityai_sdxl-turbo,14140678,0.43977341055870056
stabilityai_sdxl-turbo,14195315,1.1040037870407104
stabilityai_sdxl-turbo,14294568,1.80455482006073
stabilityai_sdxl-turbo,14320813,0.046092063188552856
stabilityai_sdxl-turbo,14360436,-0.0016127140261232853
stabilityai_sdxl-turbo,14488317,1.6068047285079956
stabilityai_sdxl-turbo,14533937,0.4782301187515259
stabilityai_sdxl-turbo,14550987,0.19484226405620575
stabilityai_sdxl-turbo,14579933,0.8536926507949829
stabilityai_sdxl-turbo,14606290,0.04344364255666733
stabilityai_sdxl-turbo,14620257,-1.2366746664047241
stabilityai_sdxl-turbo,14632648,-0.0024923593737185
stabilityai_sdxl-turbo,14647235,0.46799615025520325
stabilityai_sdxl-turbo,14654954,0.03765556961297989
stabilityai_sdxl-turbo,14686352,0.4887422025203705
stabilityai_sdxl-turbo,14702875,-1.74538254737854
stabilityai_sdxl-turbo,14703190,-0.35148710012435913
stabilityai_sdxl-turbo,14807929,-0.29386547207832336
stabilityai_sdxl-turbo,14809057,-0.10908627510070801
stabilityai_sdxl-turbo,14867690,-0.10603184252977371
stabilityai_sdxl-turbo,14872875,-0.7438235282897949
stabilityai_sdxl-turbo,14880557,-0.0073424638248980045
stabilityai_sdxl-turbo,14894140,-1.2366268634796143
stabilityai_sdxl-turbo,15180934,-0.8341007828712463
stabilityai_sdxl-turbo,15970145,0.49659380316734314
stabilityai_sdxl-turbo,17002912,1.6340245008468628
stabilityai_sdxl-turbo,17012379,-0.840061604976654
stabilityai_sdxl-turbo,17282800,0.23833979666233063
stabilityai_sdxl-turbo,17925539,1.4946037530899048
stabilityai_sdxl-turbo,18367104,0.803161084651947
stabilityai_sdxl-turbo,18758723,-0.10049890726804733
stabilityai_sdxl-turbo,19143128,-0.04639808088541031
stabilityai_sdxl-turbo,19671124,0.5111252069473267
stabilityai_sdxl-turbo,19855707,1.8932578563690186
stabilityai_sdxl-turbo,19893872,0.004785874392837286
stabilityai_sdxl-turbo,20017667,1.1580215692520142
stabilityai_sdxl-turbo,20128079,0.19241060316562653
stabilityai_sdxl-turbo,20471134,-0.45695796608924866
stabilityai_sdxl-turbo,20495093,1.4562666416168213
stabilityai_sdxl-turbo,20782430,-1.2771600484848022
stabilityai_sdxl-turbo,21377549,0.9363788366317749
stabilityai_sdxl-turbo,21564446,-0.8912111520767212
stabilityai_sdxl-turbo,21620388,0.16290007531642914
stabilityai_sdxl-turbo,22149540,0.9949478507041931
stabilityai_sdxl-turbo,22738759,0.477651983499527
stabilityai_sdxl-turbo,22767176,-1.877341628074646
stabilityai_sdxl-turbo,23129661,0.3047594428062439
stabilityai_sdxl-turbo,23185551,-1.7762069702148438
stabilityai_sdxl-turbo,23232427,-0.9512034058570862
stabilityai_sdxl-turbo,23257851,-0.2284385710954666
stabilityai_sdxl-turbo,23620789,1.2506681680679321
stabilityai_sdxl-turbo,24808131,1.286153793334961
stabilityai_sdxl-turbo,24843217,1.5679879188537598
stabilityai_sdxl-turbo,24933378,1.0647482872009277
stabilityai_sdxl-turbo,24942232,-0.20502431690692902
stabilityai_sdxl-turbo,25290589,1.1818240880966187
stabilityai_sdxl-turbo,25579216,-0.3409837782382965
stabilityai_sdxl-turbo,25685207,0.8839111328125
stabilityai_sdxl-turbo,25776594,-0.10009809583425522
stabilityai_sdxl-turbo,26078214,1.8600518703460693
stabilityai_sdxl-turbo,26746434,-0.16249464452266693
stabilityai_sdxl-turbo,26998039,0.17102102935314178
stabilityai_sdxl-turbo,27106238,0.6683524250984192
stabilityai_sdxl-turbo,27246777,0.7785274386405945
stabilityai_sdxl-turbo,27768637,1.6449106931686401
stabilityai_sdxl-turbo,27871992,1.1351702213287354
stabilityai_sdxl-turbo,28190972,1.6402751207351685
stabilityai_sdxl-turbo,29094321,1.0578949451446533
stabilityai_sdxl-turbo,29148617,-0.04427478462457657
stabilityai_sdxl-turbo,29161294,-1.1498271226882935
stabilityai_sdxl-turbo,29632917,0.38926857709884644
stabilityai_sdxl-turbo,29703209,0.006562673952430487
stabilityai_sdxl-turbo,29779486,1.857221245765686
stabilityai_sdxl-turbo,30028757,1.6734613180160522
stabilityai_sdxl-turbo,30225071,1.0513224601745605
stabilityai_sdxl-turbo,30373565,1.221466064453125
stabilityai_sdxl-turbo,30484086,0.6008597016334534
stabilityai_sdxl-turbo,30883080,0.16097860038280487
stabilityai_sdxl-turbo,31114750,0.4726155400276184
stabilityai_sdxl-turbo,31196176,1.646399974822998
stabilityai_sdxl-turbo,31391857,-0.3042556047439575
stabilityai_sdxl-turbo,31595142,0.7229422926902771
stabilityai_sdxl-turbo,32152786,1.9101617336273193
stabilityai_sdxl-turbo,32327818,-1.222055435180664
stabilityai_sdxl-turbo,32379732,1.1210836172103882
stabilityai_sdxl-turbo,32473966,0.020586850121617317
stabilityai_sdxl-turbo,32902730,1.3231885433197021
stabilityai_sdxl-turbo,32932491,-0.569068193435669
stabilityai_sdxl-turbo,33006578,0.3137587606906891
stabilityai_sdxl-turbo,33478721,-0.9814501404762268
stabilityai_sdxl-turbo,34475997,-2.5649921894073486
stabilityai_sdxl-turbo,34578737,0.3393307328224182
stabilityai_sdxl-turbo,34773230,-1.4076236486434937
stabilityai_sdxl-turbo,36507085,2.9890754222869873
stabilityai_sdxl-turbo,36678439,-0.1697690486907959
stabilityai_sdxl-turbo,37287360,1.9180461168289185
stabilityai_sdxl-turbo,37319253,-0.26414012908935547
stabilityai_sdxl-turbo,37547870,1.2342910766601562
stabilityai_sdxl-turbo,37736408,0.5531938672065735
stabilityai_sdxl-turbo,38014258,1.1513925790786743
stabilityai_sdxl-turbo,38297191,1.766129493713379
stabilityai_sdxl-turbo,38402744,0.3443315029144287
stabilityai_sdxl-turbo,38954086,-0.6261941194534302
stabilityai_sdxl-turbo,39139190,0.5318760275840759
stabilityai_sdxl-turbo,39560404,-0.16419300436973572
stabilityai_sdxl-turbo,39566065,-0.3804384171962738
stabilityai_sdxl-turbo,39595218,1.6952556371688843
stabilityai_sdxl-turbo,40825299,-0.25120559334754944
stabilityai_sdxl-turbo,40945115,-0.014419591054320335
stabilityai_sdxl-turbo,40995095,-0.24196012318134308
stabilityai_sdxl-turbo,41015844,1.6560165882110596
stabilityai_sdxl-turbo,41031648,-1.8662006855010986
stabilityai_sdxl-turbo,41161074,-0.778348982334137
stabilityai_sdxl-turbo,41458919,-0.9283135533332825
stabilityai_sdxl-turbo,41565779,-0.11902640759944916
stabilityai_sdxl-turbo,41766391,3.2769646644592285
stabilityai_sdxl-turbo,41982710,-1.1061946153640747
stabilityai_sdxl-turbo,42048260,0.13583166897296906
stabilityai_sdxl-turbo,42849420,-0.03988831490278244
stabilityai_sdxl-turbo,42931583,-0.41226711869239807
stabilityai_sdxl-turbo,43060946,0.1598370522260666
stabilityai_sdxl-turbo,43153800,0.39380618929862976
stabilityai_sdxl-turbo,43161384,0.8302611708641052
stabilityai_sdxl-turbo,43301379,-0.7368890047073364
stabilityai_sdxl-turbo,43304323,1.363485336303711
stabilityai_sdxl-turbo,43367797,-0.3796187937259674
stabilityai_sdxl-turbo,43431032,1.5818028450012207
stabilityai_sdxl-turbo,43631801,-2.263601779937744
stabilityai_sdxl-turbo,43735560,0.5940905213356018
stabilityai_sdxl-turbo,43858443,1.8047945499420166
stabilityai_sdxl-turbo,43918624,-0.3272397220134735
stabilityai_sdxl-turbo,44280552,0.6361207365989685
stabilityai_sdxl-turbo,44295589,-1.1636905670166016
stabilityai_sdxl-turbo,44621915,0.5209445357322693
stabilityai_sdxl-turbo,44645737,0.856877863407135
stabilityai_sdxl-turbo,44838123,0.7532995343208313
stabilityai_sdxl-turbo,45258070,-0.9976760149002075
stabilityai_sdxl-turbo,45297641,-0.5860065817832947
stabilityai_sdxl-turbo,45418454,-0.011914869770407677
stabilityai_sdxl-turbo,45564900,-0.2806296646595001
stabilityai_sdxl-turbo,46150029,0.9126745462417603
stabilityai_sdxl-turbo,46394736,0.7900607585906982
stabilityai_sdxl-turbo,46673664,0.7262926697731018
stabilityai_sdxl-turbo,46994920,-0.5737314820289612
stabilityai_sdxl-turbo,47009060,0.9544062614440918
stabilityai_sdxl-turbo,47552953,1.94851553440094
stabilityai_sdxl-turbo,47595220,0.7906809449195862
stabilityai_sdxl-turbo,47819321,1.0773662328720093
stabilityai_sdxl-turbo,48223384,0.5578027367591858
stabilityai_sdxl-turbo,48351897,-1.7294474840164185
stabilityai_sdxl-turbo,48754831,0.14753660559654236
stabilityai_sdxl-turbo,49054805,-0.6084333658218384
stabilityai_sdxl-turbo,49089576,0.21293091773986816
stabilityai_sdxl-turbo,49300740,-0.07809950411319733
stabilityai_sdxl-turbo,49358811,1.1197361946105957
stabilityai_sdxl-turbo,49462954,1.5776970386505127
stabilityai_sdxl-turbo,50262859,1.4079654216766357
stabilityai_sdxl-turbo,50871471,0.5625864863395691
stabilityai_sdxl-turbo,50952217,-0.610977828502655
stabilityai_sdxl-turbo,51060824,-0.41587600111961365
stabilityai_sdxl-turbo,51314050,0.39100030064582825
stabilityai_sdxl-turbo,51946990,0.5989730954170227
stabilityai_sdxl-turbo,52325745,1.7445262670516968
stabilityai_sdxl-turbo,52474100,-0.43073588609695435
stabilityai_sdxl-turbo,52516409,1.3431605100631714
stabilityai_sdxl-turbo,52711595,1.4637668132781982
stabilityai_sdxl-turbo,53022028,1.541218638420105
stabilityai_sdxl-turbo,53205877,0.31539562344551086
stabilityai_sdxl-turbo,53288018,-0.39020857214927673
stabilityai_sdxl-turbo,53443611,0.5025825500488281
stabilityai_sdxl-turbo,53815934,-1.1794354915618896
stabilityai_sdxl-turbo,54495173,0.42045941948890686
stabilityai_sdxl-turbo,54931507,0.6522281765937805
stabilityai_sdxl-turbo,55191509,1.854061484336853
stabilityai_sdxl-turbo,55255145,0.5848087668418884
stabilityai_sdxl-turbo,55457672,-1.2585957050323486
stabilityai_sdxl-turbo,55588327,1.9118969440460205
stabilityai_sdxl-turbo,55653646,-1.4449117183685303
stabilityai_sdxl-turbo,55658809,0.4028380513191223
stabilityai_sdxl-turbo,55812974,0.030281955376267433
stabilityai_sdxl-turbo,55819553,-1.1354995965957642
stabilityai_sdxl-turbo,55826966,0.6048111319541931
stabilityai_sdxl-turbo,55983905,0.7308902144432068
stabilityai_sdxl-turbo,56074056,-0.35762396454811096
stabilityai_sdxl-turbo,56112588,-0.7600595951080322
stabilityai_sdxl-turbo,56121520,-1.7526086568832397
stabilityai_sdxl-turbo,56250900,0.13008297979831696
stabilityai_sdxl-turbo,56458800,0.05814017355442047
stabilityai_sdxl-turbo,56792430,0.1227700486779213
stabilityai_sdxl-turbo,56982260,0.8871950507164001
stabilityai_sdxl-turbo,57673976,-2.3215556144714355
stabilityai_sdxl-turbo,57716963,2.454486846923828
stabilityai_sdxl-turbo,57729980,0.19252468645572662
stabilityai_sdxl-turbo,57785005,-0.3953823149204254
stabilityai_sdxl-turbo,57873614,0.02383177913725376
stabilityai_sdxl-turbo,58727024,-2.136586904525757
stabilityai_sdxl-turbo,58761464,1.4869558811187744
stabilityai_sdxl-turbo,59399259,0.010156029835343361
stabilityai_sdxl-turbo,59976859,1.8225462436676025
stabilityai_sdxl-turbo,60083345,-0.7681023478507996
stabilityai_sdxl-turbo,60214770,0.5535898804664612
stabilityai_sdxl-turbo,60215376,1.9177522659301758
stabilityai_sdxl-turbo,60375309,-0.29991415143013
stabilityai_sdxl-turbo,60606896,-0.363308846950531
stabilityai_sdxl-turbo,60668084,1.0954580307006836
stabilityai_sdxl-turbo,61035709,1.0897119045257568
stabilityai_sdxl-turbo,61388266,-0.30528175830841064
stabilityai_sdxl-turbo,61627313,1.9847519397735596
stabilityai_sdxl-turbo,61635816,0.5549378991127014
stabilityai_sdxl-turbo,61853324,1.5333839654922485
stabilityai_sdxl-turbo,62408818,0.266977459192276
stabilityai_sdxl-turbo,62841330,1.3743680715560913
stabilityai_sdxl-turbo,63015570,0.07731085270643234
stabilityai_sdxl-turbo,63336441,-1.0811117887496948
stabilityai_sdxl-turbo,63633117,-0.6331782937049866
stabilityai_sdxl-turbo,64576544,-0.1532038003206253
stabilityai_sdxl-turbo,64687077,-0.6863638758659363
stabilityai_sdxl-turbo,64693533,-0.2406335175037384
stabilityai_sdxl-turbo,64856142,1.6998709440231323
stabilityai_sdxl-turbo,65411270,-0.7912160754203796
stabilityai_sdxl-turbo,65557844,-0.3015125095844269
stabilityai_sdxl-turbo,65824677,-1.6297130584716797
stabilityai_sdxl-turbo,65890875,2.114750385284424
stabilityai_sdxl-turbo,65960228,-0.26925504207611084
stabilityai_sdxl-turbo,66668538,-1.4204001426696777
stabilityai_sdxl-turbo,67344811,1.228601098060608
stabilityai_sdxl-turbo,67949798,0.2550394535064697
stabilityai_sdxl-turbo,68246844,0.43858054280281067
stabilityai_sdxl-turbo,68280322,0.2844994366168976
stabilityai_sdxl-turbo,68321683,1.0641963481903076
stabilityai_sdxl-turbo,68380669,1.2289259433746338
stabilityai_sdxl-turbo,68575085,2.8993265628814697
stabilityai_sdxl-turbo,70380966,-0.6839463114738464
stabilityai_sdxl-turbo,70494671,1.1306723356246948
stabilityai_sdxl-turbo,71055464,0.6273247599601746
stabilityai_sdxl-turbo,71591839,0.6041702032089233
stabilityai_sdxl-turbo,71828875,0.44776925444602966
stabilityai_sdxl-turbo,71910823,0.22580097615718842
stabilityai_sdxl-turbo,71959499,1.035773515701294
stabilityai_sdxl-turbo,72432241,2.0070979595184326
stabilityai_sdxl-turbo,72553814,1.1960914134979248
stabilityai_sdxl-turbo,73051579,1.358292579650879
stabilityai_sdxl-turbo,73600586,-0.9610254168510437
stabilityai_sdxl-turbo,73616417,2.1401171684265137
stabilityai_sdxl-turbo,73681289,0.841400682926178
stabilityai_sdxl-turbo,73962724,-0.9789008498191833
stabilityai_sdxl-turbo,74175857,0.2323463410139084
stabilityai_sdxl-turbo,75051801,0.2531512975692749
stabilityai_sdxl-turbo,75787772,0.7735434770584106
stabilityai_sdxl-turbo,75944980,-0.01502787135541439
stabilityai_sdxl-turbo,75964288,0.008125865831971169
stabilityai_sdxl-turbo,76066166,1.8211606740951538
stabilityai_sdxl-turbo,76100398,-0.8942906260490417
stabilityai_sdxl-turbo,76425345,1.2725023031234741
stabilityai_sdxl-turbo,77106105,-0.8450917601585388
stabilityai_sdxl-turbo,77132310,0.30009981989860535
stabilityai_sdxl-turbo,77232534,0.2488289624452591
stabilityai_sdxl-turbo,77312726,0.9916663765907288
stabilityai_sdxl-turbo,77358840,1.3838225603103638
stabilityai_sdxl-turbo,77490593,0.2533772885799408
stabilityai_sdxl-turbo,77726888,0.9522190690040588
stabilityai_sdxl-turbo,78735978,1.251907467842102
stabilityai_sdxl-turbo,79077085,0.06223555654287338
stabilityai_sdxl-turbo,79212243,0.671890914440155
stabilityai_sdxl-turbo,79606917,-0.2100585401058197
stabilityai_sdxl-turbo,79918827,0.969741702079773
stabilityai_sdxl-turbo,80289373,-1.5391751527786255
stabilityai_sdxl-turbo,80371125,-0.8881314396858215
stabilityai_sdxl-turbo,80540387,-0.10644970089197159
stabilityai_sdxl-turbo,81135077,-0.3593864142894745
stabilityai_sdxl-turbo,81303945,1.9061836004257202
stabilityai_sdxl-turbo,81435593,-1.251824975013733
stabilityai_sdxl-turbo,82282590,2.33740234375
stabilityai_sdxl-turbo,82696415,-0.4216162860393524
stabilityai_sdxl-turbo,82916016,-0.0640314593911171
stabilityai_sdxl-turbo,83084473,0.7056440711021423
stabilityai_sdxl-turbo,83418847,0.41161999106407166
stabilityai_sdxl-turbo,84089324,-0.7878041863441467
stabilityai_sdxl-turbo,84306831,2.213395833969116
stabilityai_sdxl-turbo,84510135,0.8365435004234314
stabilityai_sdxl-turbo,84788890,0.8469435572624207
stabilityai_sdxl-turbo,84985982,0.978073000907898
stabilityai_sdxl-turbo,85191733,-0.12252385914325714
stabilityai_sdxl-turbo,86119145,0.9016934037208557
stabilityai_sdxl-turbo,86340862,1.1252409219741821
stabilityai_sdxl-turbo,86341828,-0.8106278777122498
stabilityai_sdxl-turbo,86537356,-1.168462872505188
stabilityai_sdxl-turbo,86701636,0.6323478817939758
stabilityai_sdxl-turbo,86714939,1.8583821058273315
stabilityai_sdxl-turbo,87574583,-0.6307623982429504
stabilityai_sdxl-turbo,87699711,1.2046486139297485
stabilityai_sdxl-turbo,88016571,-0.09448555111885071
stabilityai_sdxl-turbo,88087492,1.605988621711731
stabilityai_sdxl-turbo,89227603,1.5154249668121338
stabilityai_sdxl-turbo,89539854,-1.4492706060409546
stabilityai_sdxl-turbo,89926787,0.7727059125900269
stabilityai_sdxl-turbo,90244932,-0.07105611264705658
stabilityai_sdxl-turbo,90493027,2.5139400959014893
stabilityai_sdxl-turbo,90613035,1.5161738395690918
stabilityai_sdxl-turbo,91368797,-1.2766833305358887
stabilityai_sdxl-turbo,91784299,-0.3653891384601593
stabilityai_sdxl-turbo,91790573,1.7649860382080078
stabilityai_sdxl-turbo,91834546,0.048436857759952545
stabilityai_sdxl-turbo,92068094,0.4989430010318756
stabilityai_sdxl-turbo,92311656,-1.1653778553009033
stabilityai_sdxl-turbo,92709444,-0.06961233913898468
stabilityai_sdxl-turbo,93114575,-0.044324152171611786
stabilityai_sdxl-turbo,93256557,-0.475301057100296
stabilityai_sdxl-turbo,93407716,-0.057361967861652374
stabilityai_sdxl-turbo,93436296,-0.050288744270801544
stabilityai_sdxl-turbo,93512057,0.25720199942588806
stabilityai_sdxl-turbo,94006560,-0.6094210743904114
stabilityai_sdxl-turbo,94321535,0.3809281587600708
stabilityai_sdxl-turbo,94532154,-0.14103448390960693
stabilityai_sdxl-turbo,95171107,-0.5160247087478638
stabilityai_sdxl-turbo,95228839,-0.26385053992271423
stabilityai_sdxl-turbo,95325441,-0.7197880148887634
stabilityai_sdxl-turbo,95450946,0.5779377818107605
stabilityai_sdxl-turbo,95583911,-0.8137736916542053
stabilityai_sdxl-turbo,95718306,1.2454577684402466
stabilityai_sdxl-turbo,95737828,0.48988503217697144
stabilityai_sdxl-turbo,96448597,0.22458752989768982
stabilityai_sdxl-turbo,96482065,-0.40092185139656067
stabilityai_sdxl-turbo,96521920,-0.5483630299568176
stabilityai_sdxl-turbo,96850153,1.0320738554000854
stabilityai_sdxl-turbo,98113191,0.4841976761817932
stabilityai_sdxl-turbo,98195317,-1.206175446510315
stabilityai_sdxl-turbo,98254655,1.3539294004440308
stabilityai_sdxl-turbo,98319500,0.8337374329566956
stabilityai_sdxl-turbo,98642787,0.018269145861268044
stabilityai_sdxl-turbo,98646702,1.5947719812393188
stabilityai_sdxl-turbo,98929226,-0.11185767501592636
stabilityai_sdxl-turbo,99178779,-0.12239033728837967
stabilityai_sdxl-turbo,99185892,0.06246260553598404
stabilityai_sdxl-turbo,99211012,1.1371631622314453
stabilityai_sdxl-turbo,99410560,-0.7607477903366089
stabilityai_sdxl-turbo,99862294,-0.00021949270740151405
stabilityai_stable-diffusion-3-medium-diffusers,138508,-2.2282755374908447
stabilityai_stable-diffusion-3-medium-diffusers,192051,-1.494033932685852
stabilityai_stable-diffusion-3-medium-diffusers,213186,-0.055215172469615936
stabilityai_stable-diffusion-3-medium-diffusers,232386,-1.1867296695709229
stabilityai_stable-diffusion-3-medium-diffusers,232765,-0.41240009665489197
stabilityai_stable-diffusion-3-medium-diffusers,258857,-0.061357103288173676
stabilityai_stable-diffusion-3-medium-diffusers,283090,-0.8783057332038879
stabilityai_stable-diffusion-3-medium-diffusers,285141,0.19583652913570404
stabilityai_stable-diffusion-3-medium-diffusers,399030,0.05960647016763687
stabilityai_stable-diffusion-3-medium-diffusers,440189,-0.3997689485549927
stabilityai_stable-diffusion-3-medium-diffusers,445169,-1.0173557996749878
stabilityai_stable-diffusion-3-medium-diffusers,486490,0.22710151970386505
stabilityai_stable-diffusion-3-medium-diffusers,487072,1.0852017402648926
stabilityai_stable-diffusion-3-medium-diffusers,487326,1.0486021041870117
stabilityai_stable-diffusion-3-medium-diffusers,489837,-0.5308849215507507
stabilityai_stable-diffusion-3-medium-diffusers,646833,1.5300891399383545
stabilityai_stable-diffusion-3-medium-diffusers,708860,1.174139142036438
stabilityai_stable-diffusion-3-medium-diffusers,717208,-0.46443554759025574
stabilityai_stable-diffusion-3-medium-diffusers,717468,-0.13197514414787292
stabilityai_stable-diffusion-3-medium-diffusers,735254,0.32873284816741943
stabilityai_stable-diffusion-3-medium-diffusers,762478,2.274362325668335
stabilityai_stable-diffusion-3-medium-diffusers,825443,-0.4418686330318451
stabilityai_stable-diffusion-3-medium-diffusers,831919,1.2505403757095337
stabilityai_stable-diffusion-3-medium-diffusers,896677,-0.42368778586387634
stabilityai_stable-diffusion-3-medium-diffusers,936620,0.1238916739821434
stabilityai_stable-diffusion-3-medium-diffusers,974367,-0.8034744262695312
stabilityai_stable-diffusion-3-medium-diffusers,993014,1.0729153156280518
stabilityai_stable-diffusion-3-medium-diffusers,995855,-2.0930562019348145
stabilityai_stable-diffusion-3-medium-diffusers,1113367,1.6725705862045288
stabilityai_stable-diffusion-3-medium-diffusers,1171644,0.6122385859489441
stabilityai_stable-diffusion-3-medium-diffusers,1209135,-1.7331629991531372
stabilityai_stable-diffusion-3-medium-diffusers,1317294,-1.011737585067749
stabilityai_stable-diffusion-3-medium-diffusers,1317533,-0.3136653006076813
stabilityai_stable-diffusion-3-medium-diffusers,1321854,-0.15504546463489532
stabilityai_stable-diffusion-3-medium-diffusers,1377758,-1.8305398225784302
stabilityai_stable-diffusion-3-medium-diffusers,1474832,-1.6213486194610596
stabilityai_stable-diffusion-3-medium-diffusers,1516071,-0.4917753040790558
stabilityai_stable-diffusion-3-medium-diffusers,1566705,-0.7393377423286438
stabilityai_stable-diffusion-3-medium-diffusers,1640855,-2.6798181533813477
stabilityai_stable-diffusion-3-medium-diffusers,1668603,-1.8074240684509277
stabilityai_stable-diffusion-3-medium-diffusers,1678990,1.4523885250091553
stabilityai_stable-diffusion-3-medium-diffusers,1699831,-0.08401649445295334
stabilityai_stable-diffusion-3-medium-diffusers,1707698,0.7313212752342224
stabilityai_stable-diffusion-3-medium-diffusers,1727942,0.7130991816520691
stabilityai_stable-diffusion-3-medium-diffusers,2045760,-0.5608139634132385
stabilityai_stable-diffusion-3-medium-diffusers,2075049,-0.034350283443927765
stabilityai_stable-diffusion-3-medium-diffusers,2075764,0.18090522289276123
stabilityai_stable-diffusion-3-medium-diffusers,2241569,-0.9354034066200256
stabilityai_stable-diffusion-3-medium-diffusers,2720725,1.4839341640472412
stabilityai_stable-diffusion-3-medium-diffusers,2721160,2.346977472305298
stabilityai_stable-diffusion-3-medium-diffusers,2730265,0.3140290677547455
stabilityai_stable-diffusion-3-medium-diffusers,2744395,-1.548441767692566
stabilityai_stable-diffusion-3-medium-diffusers,2770078,1.6134388446807861
stabilityai_stable-diffusion-3-medium-diffusers,2793684,1.2587335109710693
stabilityai_stable-diffusion-3-medium-diffusers,2803666,0.4645119905471802
stabilityai_stable-diffusion-3-medium-diffusers,2807731,0.9758976101875305
stabilityai_stable-diffusion-3-medium-diffusers,2821943,2.0855209827423096
stabilityai_stable-diffusion-3-medium-diffusers,2824319,0.9301741719245911
stabilityai_stable-diffusion-3-medium-diffusers,2825442,-0.6620064377784729
stabilityai_stable-diffusion-3-medium-diffusers,2852043,1.0417557954788208
stabilityai_stable-diffusion-3-medium-diffusers,2870293,0.6227883100509644
stabilityai_stable-diffusion-3-medium-diffusers,2870880,1.056333065032959
stabilityai_stable-diffusion-3-medium-diffusers,2923535,1.3936010599136353
stabilityai_stable-diffusion-3-medium-diffusers,2933112,1.4147940874099731
stabilityai_stable-diffusion-3-medium-diffusers,2963987,1.4443516731262207
stabilityai_stable-diffusion-3-medium-diffusers,2991302,0.7859677076339722
stabilityai_stable-diffusion-3-medium-diffusers,3024209,0.503803551197052
stabilityai_stable-diffusion-3-medium-diffusers,3035832,1.111709713935852
stabilityai_stable-diffusion-3-medium-diffusers,3049457,-0.8575947880744934
stabilityai_stable-diffusion-3-medium-diffusers,3107488,-0.24150994420051575
stabilityai_stable-diffusion-3-medium-diffusers,3131388,0.7192502617835999
stabilityai_stable-diffusion-3-medium-diffusers,3131669,0.41451629996299744
stabilityai_stable-diffusion-3-medium-diffusers,3152830,1.205521821975708
stabilityai_stable-diffusion-3-medium-diffusers,3249569,0.782252848148346
stabilityai_stable-diffusion-3-medium-diffusers,3262349,2.0955650806427
stabilityai_stable-diffusion-3-medium-diffusers,3288500,0.9067674279212952
stabilityai_stable-diffusion-3-medium-diffusers,3298716,2.168642520904541
stabilityai_stable-diffusion-3-medium-diffusers,3308246,3.3518564701080322
stabilityai_stable-diffusion-3-medium-diffusers,3309110,-0.29605206847190857
stabilityai_stable-diffusion-3-medium-diffusers,3347220,1.3762564659118652
stabilityai_stable-diffusion-3-medium-diffusers,3353281,1.0421836376190186
stabilityai_stable-diffusion-3-medium-diffusers,3366112,-0.2560156583786011
stabilityai_stable-diffusion-3-medium-diffusers,3411927,0.32578417658805847
stabilityai_stable-diffusion-3-medium-diffusers,3456665,0.933592677116394
stabilityai_stable-diffusion-3-medium-diffusers,3563208,0.7751238942146301
stabilityai_stable-diffusion-3-medium-diffusers,3580281,-2.6572115421295166
stabilityai_stable-diffusion-3-medium-diffusers,3603442,0.9553489089012146
stabilityai_stable-diffusion-3-medium-diffusers,3607029,0.9184202551841736
stabilityai_stable-diffusion-3-medium-diffusers,3628071,1.0047634840011597
stabilityai_stable-diffusion-3-medium-diffusers,3630383,1.9166390895843506
stabilityai_stable-diffusion-3-medium-diffusers,3676483,0.5020011067390442
stabilityai_stable-diffusion-3-medium-diffusers,3679712,1.5132908821105957
stabilityai_stable-diffusion-3-medium-diffusers,3685307,0.516572892665863
stabilityai_stable-diffusion-3-medium-diffusers,3703463,1.5212188959121704
stabilityai_stable-diffusion-3-medium-diffusers,3714235,0.6766493320465088
stabilityai_stable-diffusion-3-medium-diffusers,3728318,0.6828886866569519
stabilityai_stable-diffusion-3-medium-diffusers,3748162,0.6929590702056885
stabilityai_stable-diffusion-3-medium-diffusers,3764276,-0.9909199476242065
stabilityai_stable-diffusion-3-medium-diffusers,3818090,0.7223111987113953
stabilityai_stable-diffusion-3-medium-diffusers,3842156,2.0528509616851807
stabilityai_stable-diffusion-3-medium-diffusers,3880032,2.1561872959136963
stabilityai_stable-diffusion-3-medium-diffusers,3889343,-1.0734580755233765
stabilityai_stable-diffusion-3-medium-diffusers,3907654,-0.38429155945777893
stabilityai_stable-diffusion-3-medium-diffusers,3940713,-0.1365237832069397
stabilityai_stable-diffusion-3-medium-diffusers,3975232,0.7432749271392822
stabilityai_stable-diffusion-3-medium-diffusers,3982060,0.8686250448226929
stabilityai_stable-diffusion-3-medium-diffusers,3990474,1.985526204109192
stabilityai_stable-diffusion-3-medium-diffusers,4010305,1.5286989212036133
stabilityai_stable-diffusion-3-medium-diffusers,4025130,0.8707404732704163
stabilityai_stable-diffusion-3-medium-diffusers,4062807,-0.22330933809280396
stabilityai_stable-diffusion-3-medium-diffusers,4123448,1.3738359212875366
stabilityai_stable-diffusion-3-medium-diffusers,4125853,-0.4202107787132263
stabilityai_stable-diffusion-3-medium-diffusers,4140340,0.6537500619888306
stabilityai_stable-diffusion-3-medium-diffusers,4145056,0.5847736597061157
stabilityai_stable-diffusion-3-medium-diffusers,4192521,2.902968406677246
stabilityai_stable-diffusion-3-medium-diffusers,4259202,1.5179749727249146
stabilityai_stable-diffusion-3-medium-diffusers,4285773,-1.5324761867523193
stabilityai_stable-diffusion-3-medium-diffusers,4345028,1.3090699911117554
stabilityai_stable-diffusion-3-medium-diffusers,4387201,-0.7775900959968567
stabilityai_stable-diffusion-3-medium-diffusers,4416901,-0.5531256794929504
stabilityai_stable-diffusion-3-medium-diffusers,4455579,1.2943674325942993
stabilityai_stable-diffusion-3-medium-diffusers,4497570,0.8095364570617676
stabilityai_stable-diffusion-3-medium-diffusers,4534520,0.5530516505241394
stabilityai_stable-diffusion-3-medium-diffusers,4539203,0.2716163396835327
stabilityai_stable-diffusion-3-medium-diffusers,4552551,1.7531237602233887
stabilityai_stable-diffusion-3-medium-diffusers,4596797,1.279374361038208
stabilityai_stable-diffusion-3-medium-diffusers,4832208,-0.3597816824913025
stabilityai_stable-diffusion-3-medium-diffusers,4930139,1.4521169662475586
stabilityai_stable-diffusion-3-medium-diffusers,5008085,-0.1480676829814911
stabilityai_stable-diffusion-3-medium-diffusers,5219923,-0.1466882824897766
stabilityai_stable-diffusion-3-medium-diffusers,5316083,0.7524235844612122
stabilityai_stable-diffusion-3-medium-diffusers,5350912,0.017589924857020378
stabilityai_stable-diffusion-3-medium-diffusers,5374860,0.4948106110095978
stabilityai_stable-diffusion-3-medium-diffusers,5410315,-2.185781955718994
stabilityai_stable-diffusion-3-medium-diffusers,5522784,0.3704245686531067
stabilityai_stable-diffusion-3-medium-diffusers,5728577,-0.5943692922592163
stabilityai_stable-diffusion-3-medium-diffusers,5752544,-1.3925002813339233
stabilityai_stable-diffusion-3-medium-diffusers,5794797,-0.9349024295806885
stabilityai_stable-diffusion-3-medium-diffusers,5895919,0.6109188199043274
stabilityai_stable-diffusion-3-medium-diffusers,5958517,-1.140265941619873
stabilityai_stable-diffusion-3-medium-diffusers,6189776,1.387654423713684
stabilityai_stable-diffusion-3-medium-diffusers,6528587,0.7143999934196472
stabilityai_stable-diffusion-3-medium-diffusers,6584891,-0.9872533082962036
stabilityai_stable-diffusion-3-medium-diffusers,6586355,0.17704543471336365
stabilityai_stable-diffusion-3-medium-diffusers,6607809,-2.468256711959839
stabilityai_stable-diffusion-3-medium-diffusers,6615026,0.1357274055480957
stabilityai_stable-diffusion-3-medium-diffusers,6615458,-0.5961122512817383
stabilityai_stable-diffusion-3-medium-diffusers,6615818,-0.46752429008483887
stabilityai_stable-diffusion-3-medium-diffusers,6616314,-1.1024744510650635
stabilityai_stable-diffusion-3-medium-diffusers,6617011,0.8335472941398621
stabilityai_stable-diffusion-3-medium-diffusers,6617413,-0.04998520761728287
stabilityai_stable-diffusion-3-medium-diffusers,6729499,0.040717579424381256
stabilityai_stable-diffusion-3-medium-diffusers,6880664,-1.7591387033462524
stabilityai_stable-diffusion-3-medium-diffusers,6883725,-0.2374780923128128
stabilityai_stable-diffusion-3-medium-diffusers,6946774,-0.021385056897997856
stabilityai_stable-diffusion-3-medium-diffusers,7025268,-0.053393103182315826
stabilityai_stable-diffusion-3-medium-diffusers,7109847,0.47825735807418823
stabilityai_stable-diffusion-3-medium-diffusers,7116261,1.924006462097168
stabilityai_stable-diffusion-3-medium-diffusers,7150023,2.012486696243286
stabilityai_stable-diffusion-3-medium-diffusers,7163803,0.5087813138961792
stabilityai_stable-diffusion-3-medium-diffusers,7507098,1.4655277729034424
stabilityai_stable-diffusion-3-medium-diffusers,7596684,-0.7626941204071045
stabilityai_stable-diffusion-3-medium-diffusers,7597365,0.6221931576728821
stabilityai_stable-diffusion-3-medium-diffusers,7601809,1.1958972215652466
stabilityai_stable-diffusion-3-medium-diffusers,7605282,-1.1007360219955444
stabilityai_stable-diffusion-3-medium-diffusers,7606419,-1.3248751163482666
stabilityai_stable-diffusion-3-medium-diffusers,7607707,-0.7863548398017883
stabilityai_stable-diffusion-3-medium-diffusers,7608721,1.5138030052185059
stabilityai_stable-diffusion-3-medium-diffusers,7625977,1.6347812414169312
stabilityai_stable-diffusion-3-medium-diffusers,7626721,1.9712705612182617
stabilityai_stable-diffusion-3-medium-diffusers,7626833,2.3505747318267822
stabilityai_stable-diffusion-3-medium-diffusers,7627310,-0.263973206281662
stabilityai_stable-diffusion-3-medium-diffusers,7651454,1.253275990486145
stabilityai_stable-diffusion-3-medium-diffusers,7654438,0.7062633037567139
stabilityai_stable-diffusion-3-medium-diffusers,7664468,1.9903740882873535
stabilityai_stable-diffusion-3-medium-diffusers,7698915,-0.006502269301563501
stabilityai_stable-diffusion-3-medium-diffusers,7700167,0.9933579564094543
stabilityai_stable-diffusion-3-medium-diffusers,7700868,-0.40772879123687744
stabilityai_stable-diffusion-3-medium-diffusers,7701244,0.5324673056602478
stabilityai_stable-diffusion-3-medium-diffusers,7702193,1.0189639329910278
stabilityai_stable-diffusion-3-medium-diffusers,7710616,1.2434825897216797
stabilityai_stable-diffusion-3-medium-diffusers,7834065,1.8456354141235352
stabilityai_stable-diffusion-3-medium-diffusers,7854266,1.3088020086288452
stabilityai_stable-diffusion-3-medium-diffusers,7854455,0.27483299374580383
stabilityai_stable-diffusion-3-medium-diffusers,7871940,0.8317121267318726
stabilityai_stable-diffusion-3-medium-diffusers,7891189,0.9244054555892944
stabilityai_stable-diffusion-3-medium-diffusers,7897116,1.7287665605545044
stabilityai_stable-diffusion-3-medium-diffusers,7914271,1.7088900804519653
stabilityai_stable-diffusion-3-medium-diffusers,7922764,1.1300499439239502
stabilityai_stable-diffusion-3-medium-diffusers,7929519,1.5820412635803223
stabilityai_stable-diffusion-3-medium-diffusers,7933274,1.0971978902816772
stabilityai_stable-diffusion-3-medium-diffusers,7933530,1.3427640199661255
stabilityai_stable-diffusion-3-medium-diffusers,8089797,0.13770151138305664
stabilityai_stable-diffusion-3-medium-diffusers,8095160,0.36275938153266907
stabilityai_stable-diffusion-3-medium-diffusers,8124208,1.9071263074874878
stabilityai_stable-diffusion-3-medium-diffusers,8339939,0.659580409526825
stabilityai_stable-diffusion-3-medium-diffusers,8876291,-0.2985987067222595
stabilityai_stable-diffusion-3-medium-diffusers,9020389,0.5974884033203125
stabilityai_stable-diffusion-3-medium-diffusers,9044146,-1.5570569038391113
stabilityai_stable-diffusion-3-medium-diffusers,9057052,1.479183316230774
stabilityai_stable-diffusion-3-medium-diffusers,9427682,0.680796205997467
stabilityai_stable-diffusion-3-medium-diffusers,9580065,2.4312961101531982
stabilityai_stable-diffusion-3-medium-diffusers,9719434,0.5087984204292297
stabilityai_stable-diffusion-3-medium-diffusers,9793248,1.7817302942276
stabilityai_stable-diffusion-3-medium-diffusers,9794211,0.556684672832489
stabilityai_stable-diffusion-3-medium-diffusers,9862621,0.43386974930763245
stabilityai_stable-diffusion-3-medium-diffusers,9875188,-0.03626931086182594
stabilityai_stable-diffusion-3-medium-diffusers,9984659,0.3664867579936981
stabilityai_stable-diffusion-3-medium-diffusers,10012874,-0.2842196524143219
stabilityai_stable-diffusion-3-medium-diffusers,10024569,-1.5341317653656006
stabilityai_stable-diffusion-3-medium-diffusers,10080493,-0.2411300390958786
stabilityai_stable-diffusion-3-medium-diffusers,10106452,-0.3393348753452301
stabilityai_stable-diffusion-3-medium-diffusers,10198409,-1.36272132396698
stabilityai_stable-diffusion-3-medium-diffusers,10333317,1.7104791402816772
stabilityai_stable-diffusion-3-medium-diffusers,10408552,0.8136711716651917
stabilityai_stable-diffusion-3-medium-diffusers,10444677,-0.6803178191184998
stabilityai_stable-diffusion-3-medium-diffusers,10453357,-0.5392469167709351
stabilityai_stable-diffusion-3-medium-diffusers,10548623,-0.6631363034248352
stabilityai_stable-diffusion-3-medium-diffusers,10572128,1.0571413040161133
stabilityai_stable-diffusion-3-medium-diffusers,10794014,0.8713953495025635
stabilityai_stable-diffusion-3-medium-diffusers,10939743,0.7207142114639282
stabilityai_stable-diffusion-3-medium-diffusers,11039909,-0.40598195791244507
stabilityai_stable-diffusion-3-medium-diffusers,11334088,0.6942960619926453
stabilityai_stable-diffusion-3-medium-diffusers,11417672,-0.6686583757400513
stabilityai_stable-diffusion-3-medium-diffusers,11437577,-2.0178303718566895
stabilityai_stable-diffusion-3-medium-diffusers,11460338,-2.610327959060669
stabilityai_stable-diffusion-3-medium-diffusers,12345739,-2.3813252449035645
stabilityai_stable-diffusion-3-medium-diffusers,12402348,0.31070438027381897
stabilityai_stable-diffusion-3-medium-diffusers,13221529,-0.5768870711326599
stabilityai_stable-diffusion-3-medium-diffusers,13290566,0.2817271053791046
stabilityai_stable-diffusion-3-medium-diffusers,13389475,1.4602583646774292
stabilityai_stable-diffusion-3-medium-diffusers,13390139,3.1502602100372314
stabilityai_stable-diffusion-3-medium-diffusers,13390405,2.064650297164917
stabilityai_stable-diffusion-3-medium-diffusers,13392786,1.6525994539260864
stabilityai_stable-diffusion-3-medium-diffusers,13649361,-1.0046435594558716
stabilityai_stable-diffusion-3-medium-diffusers,13716878,-0.034166835248470306
stabilityai_stable-diffusion-3-medium-diffusers,13884740,-0.3916051387786865
stabilityai_stable-diffusion-3-medium-diffusers,13915305,0.4670138657093048
stabilityai_stable-diffusion-3-medium-diffusers,13931145,0.40407222509384155
stabilityai_stable-diffusion-3-medium-diffusers,13984082,0.9036974310874939
stabilityai_stable-diffusion-3-medium-diffusers,14140678,1.284925937652588
stabilityai_stable-diffusion-3-medium-diffusers,14195315,-1.2669612169265747
stabilityai_stable-diffusion-3-medium-diffusers,14294568,0.7191185355186462
stabilityai_stable-diffusion-3-medium-diffusers,14320813,0.9189509749412537
stabilityai_stable-diffusion-3-medium-diffusers,14360436,1.1861259937286377
stabilityai_stable-diffusion-3-medium-diffusers,14488317,1.4526481628417969
stabilityai_stable-diffusion-3-medium-diffusers,14533937,2.2122817039489746
stabilityai_stable-diffusion-3-medium-diffusers,14550987,-0.09460478276014328
stabilityai_stable-diffusion-3-medium-diffusers,14579933,0.22883039712905884
stabilityai_stable-diffusion-3-medium-diffusers,14606290,0.35921674966812134
stabilityai_stable-diffusion-3-medium-diffusers,14620257,-0.7278891801834106
stabilityai_stable-diffusion-3-medium-diffusers,14632648,-1.1565451622009277
stabilityai_stable-diffusion-3-medium-diffusers,14647235,-0.9921486973762512
stabilityai_stable-diffusion-3-medium-diffusers,14654954,-0.659354031085968
stabilityai_stable-diffusion-3-medium-diffusers,14686352,-0.42786189913749695
stabilityai_stable-diffusion-3-medium-diffusers,14702875,-0.22938798367977142
stabilityai_stable-diffusion-3-medium-diffusers,14703190,-0.5678011775016785
stabilityai_stable-diffusion-3-medium-diffusers,14807929,1.3453855514526367
stabilityai_stable-diffusion-3-medium-diffusers,14809057,2.3738367557525635
stabilityai_stable-diffusion-3-medium-diffusers,14867690,-0.25467613339424133
stabilityai_stable-diffusion-3-medium-diffusers,14872875,-0.15002985298633575
stabilityai_stable-diffusion-3-medium-diffusers,14880557,1.7896933555603027
stabilityai_stable-diffusion-3-medium-diffusers,14894140,-2.9438531398773193
stabilityai_stable-diffusion-3-medium-diffusers,15180934,0.5848504900932312
stabilityai_stable-diffusion-3-medium-diffusers,15970145,1.2624820470809937
stabilityai_stable-diffusion-3-medium-diffusers,17002912,-0.2430240511894226
stabilityai_stable-diffusion-3-medium-diffusers,17012379,-0.4235375225543976
stabilityai_stable-diffusion-3-medium-diffusers,17282800,1.84585440158844
stabilityai_stable-diffusion-3-medium-diffusers,17925539,1.1033916473388672
stabilityai_stable-diffusion-3-medium-diffusers,18367104,1.0830116271972656
stabilityai_stable-diffusion-3-medium-diffusers,18758723,-0.3826826512813568
stabilityai_stable-diffusion-3-medium-diffusers,19143128,0.43046438694000244
stabilityai_stable-diffusion-3-medium-diffusers,19671124,0.7125242948532104
stabilityai_stable-diffusion-3-medium-diffusers,19855707,-0.03287891298532486
stabilityai_stable-diffusion-3-medium-diffusers,19893872,-0.21689656376838684
stabilityai_stable-diffusion-3-medium-diffusers,20017667,1.3454688787460327
stabilityai_stable-diffusion-3-medium-diffusers,20128079,0.6784700751304626
stabilityai_stable-diffusion-3-medium-diffusers,20471134,0.40868252515792847
stabilityai_stable-diffusion-3-medium-diffusers,20495093,2.320664167404175
stabilityai_stable-diffusion-3-medium-diffusers,20782430,-1.8363027572631836
stabilityai_stable-diffusion-3-medium-diffusers,21377549,-0.9129176139831543
stabilityai_stable-diffusion-3-medium-diffusers,21564446,-0.3143547475337982
stabilityai_stable-diffusion-3-medium-diffusers,21620388,1.9345319271087646
stabilityai_stable-diffusion-3-medium-diffusers,22149540,-0.21439044177532196
stabilityai_stable-diffusion-3-medium-diffusers,22738759,-0.8510908484458923
stabilityai_stable-diffusion-3-medium-diffusers,22767176,-0.0059781731106340885
stabilityai_stable-diffusion-3-medium-diffusers,23129661,-1.6685079336166382
stabilityai_stable-diffusion-3-medium-diffusers,23185551,-1.4081429243087769
stabilityai_stable-diffusion-3-medium-diffusers,23232427,-0.9880842566490173
stabilityai_stable-diffusion-3-medium-diffusers,23257851,-1.4309577941894531
stabilityai_stable-diffusion-3-medium-diffusers,23620789,1.0203819274902344
stabilityai_stable-diffusion-3-medium-diffusers,24808131,-0.14613750576972961
stabilityai_stable-diffusion-3-medium-diffusers,24843217,0.9159731864929199
stabilityai_stable-diffusion-3-medium-diffusers,24933378,-0.4345671832561493
stabilityai_stable-diffusion-3-medium-diffusers,24942232,0.7465182542800903
stabilityai_stable-diffusion-3-medium-diffusers,25290589,-1.4729305505752563
stabilityai_stable-diffusion-3-medium-diffusers,25579216,-0.5026005506515503
stabilityai_stable-diffusion-3-medium-diffusers,25685207,0.3926270604133606
stabilityai_stable-diffusion-3-medium-diffusers,25776594,-0.9240806698799133
stabilityai_stable-diffusion-3-medium-diffusers,26078214,-0.12228160351514816
stabilityai_stable-diffusion-3-medium-diffusers,26746434,0.9822891354560852
stabilityai_stable-diffusion-3-medium-diffusers,26998039,-1.7253549098968506
stabilityai_stable-diffusion-3-medium-diffusers,27106238,1.2779713869094849
stabilityai_stable-diffusion-3-medium-diffusers,27246777,1.8334146738052368
stabilityai_stable-diffusion-3-medium-diffusers,27768637,0.5045953989028931
stabilityai_stable-diffusion-3-medium-diffusers,27871992,1.2005314826965332
stabilityai_stable-diffusion-3-medium-diffusers,28190972,0.6532211899757385
stabilityai_stable-diffusion-3-medium-diffusers,29094321,-2.283277750015259
stabilityai_stable-diffusion-3-medium-diffusers,29148617,-2.7852344512939453
stabilityai_stable-diffusion-3-medium-diffusers,29161294,-0.6262924671173096
stabilityai_stable-diffusion-3-medium-diffusers,29632917,-0.6576752066612244
stabilityai_stable-diffusion-3-medium-diffusers,29703209,0.2007933408021927
stabilityai_stable-diffusion-3-medium-diffusers,29779486,-0.5505663156509399
stabilityai_stable-diffusion-3-medium-diffusers,30028757,-0.44904249906539917
stabilityai_stable-diffusion-3-medium-diffusers,30225071,0.5494430661201477
stabilityai_stable-diffusion-3-medium-diffusers,30373565,-0.2477157711982727
stabilityai_stable-diffusion-3-medium-diffusers,30484086,-0.23740187287330627
stabilityai_stable-diffusion-3-medium-diffusers,30883080,-1.396130919456482
stabilityai_stable-diffusion-3-medium-diffusers,31114750,0.4302433431148529
stabilityai_stable-diffusion-3-medium-diffusers,31196176,0.6843349933624268
stabilityai_stable-diffusion-3-medium-diffusers,31391857,1.0951805114746094
stabilityai_stable-diffusion-3-medium-diffusers,31595142,-0.4029766619205475
stabilityai_stable-diffusion-3-medium-diffusers,32152786,1.5248390436172485
stabilityai_stable-diffusion-3-medium-diffusers,32327818,-0.7414563894271851
stabilityai_stable-diffusion-3-medium-diffusers,32379732,1.190125823020935
stabilityai_stable-diffusion-3-medium-diffusers,32473966,-0.7143378257751465
stabilityai_stable-diffusion-3-medium-diffusers,32902730,1.869908094406128
stabilityai_stable-diffusion-3-medium-diffusers,32932491,-0.9252700805664062
stabilityai_stable-diffusion-3-medium-diffusers,33006578,-0.5414920449256897
stabilityai_stable-diffusion-3-medium-diffusers,33478721,1.285290002822876
stabilityai_stable-diffusion-3-medium-diffusers,34475997,-1.4339956045150757
stabilityai_stable-diffusion-3-medium-diffusers,34578737,1.657725214958191
stabilityai_stable-diffusion-3-medium-diffusers,34773230,0.5772028565406799
stabilityai_stable-diffusion-3-medium-diffusers,36507085,-0.1245461031794548
stabilityai_stable-diffusion-3-medium-diffusers,36678439,0.6985600590705872
stabilityai_stable-diffusion-3-medium-diffusers,37287360,1.2373812198638916
stabilityai_stable-diffusion-3-medium-diffusers,37319253,-0.979381263256073
stabilityai_stable-diffusion-3-medium-diffusers,37547870,2.291386127471924
stabilityai_stable-diffusion-3-medium-diffusers,37736408,0.0015467884950339794
stabilityai_stable-diffusion-3-medium-diffusers,38014258,0.4400903880596161
stabilityai_stable-diffusion-3-medium-diffusers,38297191,1.017250657081604
stabilityai_stable-diffusion-3-medium-diffusers,38402744,-1.6165542602539062
stabilityai_stable-diffusion-3-medium-diffusers,38954086,0.24351941049098969
stabilityai_stable-diffusion-3-medium-diffusers,39139190,0.1415308713912964
stabilityai_stable-diffusion-3-medium-diffusers,39560404,-0.2588995099067688
stabilityai_stable-diffusion-3-medium-diffusers,39566065,1.1187422275543213
stabilityai_stable-diffusion-3-medium-diffusers,39595218,1.9858582019805908
stabilityai_stable-diffusion-3-medium-diffusers,40825299,0.19085758924484253
stabilityai_stable-diffusion-3-medium-diffusers,40945115,-0.3669280409812927
stabilityai_stable-diffusion-3-medium-diffusers,40995095,-1.1612794399261475
stabilityai_stable-diffusion-3-medium-diffusers,41015844,0.3247891068458557
stabilityai_stable-diffusion-3-medium-diffusers,41031648,0.5938987731933594
stabilityai_stable-diffusion-3-medium-diffusers,41161074,-1.833939552307129
stabilityai_stable-diffusion-3-medium-diffusers,41458919,-0.6248441338539124
stabilityai_stable-diffusion-3-medium-diffusers,41565779,-0.03891473263502121
stabilityai_stable-diffusion-3-medium-diffusers,41766391,2.6929409503936768
stabilityai_stable-diffusion-3-medium-diffusers,41982710,-2.0953750610351562
stabilityai_stable-diffusion-3-medium-diffusers,42048260,0.48750630021095276
stabilityai_stable-diffusion-3-medium-diffusers,42849420,3.2021806240081787
stabilityai_stable-diffusion-3-medium-diffusers,42931583,1.6124142408370972
stabilityai_stable-diffusion-3-medium-diffusers,43060946,0.07418039441108704
stabilityai_stable-diffusion-3-medium-diffusers,43153800,-0.24084584414958954
stabilityai_stable-diffusion-3-medium-diffusers,43161384,-0.20403026044368744
stabilityai_stable-diffusion-3-medium-diffusers,43301379,1.0094228982925415
stabilityai_stable-diffusion-3-medium-diffusers,43304323,-0.13790668547153473
stabilityai_stable-diffusion-3-medium-diffusers,43367797,-0.9621025323867798
stabilityai_stable-diffusion-3-medium-diffusers,43431032,2.256866216659546
stabilityai_stable-diffusion-3-medium-diffusers,43631801,-1.9859155416488647
stabilityai_stable-diffusion-3-medium-diffusers,43735560,-0.7085346579551697
stabilityai_stable-diffusion-3-medium-diffusers,43858443,1.0319706201553345
stabilityai_stable-diffusion-3-medium-diffusers,43918624,-2.462212324142456
stabilityai_stable-diffusion-3-medium-diffusers,44280552,0.4548865854740143
stabilityai_stable-diffusion-3-medium-diffusers,44295589,-2.246502161026001
stabilityai_stable-diffusion-3-medium-diffusers,44621915,0.7853564620018005
stabilityai_stable-diffusion-3-medium-diffusers,44645737,0.7578646540641785
stabilityai_stable-diffusion-3-medium-diffusers,44838123,-2.214707612991333
stabilityai_stable-diffusion-3-medium-diffusers,45258070,-1.6091058254241943
stabilityai_stable-diffusion-3-medium-diffusers,45297641,0.33262014389038086
stabilityai_stable-diffusion-3-medium-diffusers,45418454,1.1159313917160034
stabilityai_stable-diffusion-3-medium-diffusers,45564900,0.16404132544994354
stabilityai_stable-diffusion-3-medium-diffusers,46150029,0.6589898467063904
stabilityai_stable-diffusion-3-medium-diffusers,46394736,-0.27339768409729004
stabilityai_stable-diffusion-3-medium-diffusers,46673664,-0.07902634888887405
stabilityai_stable-diffusion-3-medium-diffusers,46994920,-0.8280668258666992
stabilityai_stable-diffusion-3-medium-diffusers,47009060,1.0818604230880737
stabilityai_stable-diffusion-3-medium-diffusers,47552953,1.9562547206878662
stabilityai_stable-diffusion-3-medium-diffusers,47595220,-1.4258962869644165
stabilityai_stable-diffusion-3-medium-diffusers,47819321,-0.7806125283241272
stabilityai_stable-diffusion-3-medium-diffusers,48223384,-0.8488106727600098
stabilityai_stable-diffusion-3-medium-diffusers,48351897,-0.3924574851989746
stabilityai_stable-diffusion-3-medium-diffusers,48754831,-0.07005128264427185
stabilityai_stable-diffusion-3-medium-diffusers,49054805,-0.7614104151725769
stabilityai_stable-diffusion-3-medium-diffusers,49089576,1.0992540121078491
stabilityai_stable-diffusion-3-medium-diffusers,49300740,0.4493209421634674
stabilityai_stable-diffusion-3-medium-diffusers,49358811,0.5381432771682739
stabilityai_stable-diffusion-3-medium-diffusers,49462954,0.7722257971763611
stabilityai_stable-diffusion-3-medium-diffusers,50262859,2.268181085586548
stabilityai_stable-diffusion-3-medium-diffusers,50871471,-0.043583206832408905
stabilityai_stable-diffusion-3-medium-diffusers,50952217,-0.11616192758083344
stabilityai_stable-diffusion-3-medium-diffusers,51060824,-0.04179569333791733
stabilityai_stable-diffusion-3-medium-diffusers,51314050,-0.8781391382217407
stabilityai_stable-diffusion-3-medium-diffusers,51946990,1.903361201286316
stabilityai_stable-diffusion-3-medium-diffusers,52325745,1.5396413803100586
stabilityai_stable-diffusion-3-medium-diffusers,52474100,0.0678810253739357
stabilityai_stable-diffusion-3-medium-diffusers,52516409,-1.1884204149246216
stabilityai_stable-diffusion-3-medium-diffusers,52711595,1.3409714698791504
stabilityai_stable-diffusion-3-medium-diffusers,53022028,1.4540783166885376
stabilityai_stable-diffusion-3-medium-diffusers,53205877,-0.7658133506774902
stabilityai_stable-diffusion-3-medium-diffusers,53288018,0.4077639877796173
stabilityai_stable-diffusion-3-medium-diffusers,53443611,1.516170859336853
stabilityai_stable-diffusion-3-medium-diffusers,53815934,-0.3252188265323639
stabilityai_stable-diffusion-3-medium-diffusers,54495173,0.12756682932376862
stabilityai_stable-diffusion-3-medium-diffusers,54931507,0.3286920487880707
stabilityai_stable-diffusion-3-medium-diffusers,55191509,-1.4769010543823242
stabilityai_stable-diffusion-3-medium-diffusers,55255145,1.1008951663970947
stabilityai_stable-diffusion-3-medium-diffusers,55457672,0.4710657298564911
stabilityai_stable-diffusion-3-medium-diffusers,55588327,0.41081002354621887
stabilityai_stable-diffusion-3-medium-diffusers,55653646,-0.9438835978507996
stabilityai_stable-diffusion-3-medium-diffusers,55658809,-1.1832479238510132
stabilityai_stable-diffusion-3-medium-diffusers,55812974,-1.8165066242218018
stabilityai_stable-diffusion-3-medium-diffusers,55819553,-0.1946582943201065
stabilityai_stable-diffusion-3-medium-diffusers,55826966,-1.0060803890228271
stabilityai_stable-diffusion-3-medium-diffusers,55983905,-0.8403432369232178
stabilityai_stable-diffusion-3-medium-diffusers,56074056,-0.8510861992835999
stabilityai_stable-diffusion-3-medium-diffusers,56112588,-1.4938889741897583
stabilityai_stable-diffusion-3-medium-diffusers,56121520,0.05617818608880043
stabilityai_stable-diffusion-3-medium-diffusers,56250900,-0.3505653440952301
stabilityai_stable-diffusion-3-medium-diffusers,56458800,0.383973628282547
stabilityai_stable-diffusion-3-medium-diffusers,56792430,-1.1723092794418335
stabilityai_stable-diffusion-3-medium-diffusers,56982260,0.7434725165367126
stabilityai_stable-diffusion-3-medium-diffusers,57673976,1.0231778621673584
stabilityai_stable-diffusion-3-medium-diffusers,57716963,0.8968925476074219
stabilityai_stable-diffusion-3-medium-diffusers,57729980,0.3509330153465271
stabilityai_stable-diffusion-3-medium-diffusers,57785005,1.1107182502746582
stabilityai_stable-diffusion-3-medium-diffusers,57873614,-0.5252289772033691
stabilityai_stable-diffusion-3-medium-diffusers,58727024,-0.85023432970047
stabilityai_stable-diffusion-3-medium-diffusers,58761464,1.3693374395370483
stabilityai_stable-diffusion-3-medium-diffusers,59399259,-2.3286147117614746
stabilityai_stable-diffusion-3-medium-diffusers,59976859,2.2173094749450684
stabilityai_stable-diffusion-3-medium-diffusers,60083345,-0.21744264662265778
stabilityai_stable-diffusion-3-medium-diffusers,60214770,-0.9771015644073486
stabilityai_stable-diffusion-3-medium-diffusers,60215376,0.8263837695121765
stabilityai_stable-diffusion-3-medium-diffusers,60375309,-1.0193992853164673
stabilityai_stable-diffusion-3-medium-diffusers,60606896,0.01688743568956852
stabilityai_stable-diffusion-3-medium-diffusers,60668084,2.1782703399658203
stabilityai_stable-diffusion-3-medium-diffusers,61035709,0.9693931937217712
stabilityai_stable-diffusion-3-medium-diffusers,61388266,-0.8335723876953125
stabilityai_stable-diffusion-3-medium-diffusers,61627313,1.57522714138031
stabilityai_stable-diffusion-3-medium-diffusers,61635816,1.3991765975952148
stabilityai_stable-diffusion-3-medium-diffusers,61853324,-0.5273274779319763
stabilityai_stable-diffusion-3-medium-diffusers,62408818,0.7277742028236389
stabilityai_stable-diffusion-3-medium-diffusers,62841330,0.8597625494003296
stabilityai_stable-diffusion-3-medium-diffusers,63015570,-0.665740430355072
stabilityai_stable-diffusion-3-medium-diffusers,63336441,-0.4376741647720337
stabilityai_stable-diffusion-3-medium-diffusers,63633117,-0.035331763327121735
stabilityai_stable-diffusion-3-medium-diffusers,64576544,0.6177706122398376
stabilityai_stable-diffusion-3-medium-diffusers,64687077,-0.7856068015098572
stabilityai_stable-diffusion-3-medium-diffusers,64693533,0.3279654383659363
stabilityai_stable-diffusion-3-medium-diffusers,64856142,4.006721496582031
stabilityai_stable-diffusion-3-medium-diffusers,65411270,-2.1023154258728027
stabilityai_stable-diffusion-3-medium-diffusers,65557844,0.27630549669265747
stabilityai_stable-diffusion-3-medium-diffusers,65824677,-1.3396263122558594
stabilityai_stable-diffusion-3-medium-diffusers,65890875,2.6365129947662354
stabilityai_stable-diffusion-3-medium-diffusers,65960228,0.6395601034164429
stabilityai_stable-diffusion-3-medium-diffusers,66668538,0.9850273728370667
stabilityai_stable-diffusion-3-medium-diffusers,67344811,1.4966654777526855
stabilityai_stable-diffusion-3-medium-diffusers,67949798,2.0680973529815674
stabilityai_stable-diffusion-3-medium-diffusers,68246844,-0.4858044683933258
stabilityai_stable-diffusion-3-medium-diffusers,68280322,-2.106025218963623
stabilityai_stable-diffusion-3-medium-diffusers,68321683,0.9156609177589417
stabilityai_stable-diffusion-3-medium-diffusers,68380669,-1.6505703926086426
stabilityai_stable-diffusion-3-medium-diffusers,68575085,1.4364351034164429
stabilityai_stable-diffusion-3-medium-diffusers,70380966,-1.6870982646942139
stabilityai_stable-diffusion-3-medium-diffusers,70494671,0.7490297555923462
stabilityai_stable-diffusion-3-medium-diffusers,71055464,0.9452772736549377
stabilityai_stable-diffusion-3-medium-diffusers,71591839,-1.638848066329956
stabilityai_stable-diffusion-3-medium-diffusers,71828875,-3.1546895503997803
stabilityai_stable-diffusion-3-medium-diffusers,71910823,-0.9492738842964172
stabilityai_stable-diffusion-3-medium-diffusers,71959499,0.7096423506736755
stabilityai_stable-diffusion-3-medium-diffusers,72432241,2.6292874813079834
stabilityai_stable-diffusion-3-medium-diffusers,72553814,1.150883436203003
stabilityai_stable-diffusion-3-medium-diffusers,73051579,-0.3341177701950073
stabilityai_stable-diffusion-3-medium-diffusers,73600586,0.2870357632637024
stabilityai_stable-diffusion-3-medium-diffusers,73616417,0.6977831721305847
stabilityai_stable-diffusion-3-medium-diffusers,73681289,0.2222314029932022
stabilityai_stable-diffusion-3-medium-diffusers,73962724,-0.921065092086792
stabilityai_stable-diffusion-3-medium-diffusers,74175857,-0.9280191659927368
stabilityai_stable-diffusion-3-medium-diffusers,75051801,1.4416959285736084
stabilityai_stable-diffusion-3-medium-diffusers,75787772,-0.35651716589927673
stabilityai_stable-diffusion-3-medium-diffusers,75944980,0.9094392657279968
stabilityai_stable-diffusion-3-medium-diffusers,75964288,0.45664313435554504
stabilityai_stable-diffusion-3-medium-diffusers,76066166,-0.8585850596427917
stabilityai_stable-diffusion-3-medium-diffusers,76100398,-0.8177326321601868
stabilityai_stable-diffusion-3-medium-diffusers,76425345,0.2541589140892029
stabilityai_stable-diffusion-3-medium-diffusers,77106105,-1.0039992332458496
stabilityai_stable-diffusion-3-medium-diffusers,77132310,-0.36459818482398987
stabilityai_stable-diffusion-3-medium-diffusers,77232534,1.5616416931152344
stabilityai_stable-diffusion-3-medium-diffusers,77312726,0.1559961587190628
stabilityai_stable-diffusion-3-medium-diffusers,77358840,1.496127963066101
stabilityai_stable-diffusion-3-medium-diffusers,77490593,-1.5760102272033691
stabilityai_stable-diffusion-3-medium-diffusers,77726888,0.08616327494382858
stabilityai_stable-diffusion-3-medium-diffusers,78735978,-0.8697922229766846
stabilityai_stable-diffusion-3-medium-diffusers,79077085,0.4225408732891083
stabilityai_stable-diffusion-3-medium-diffusers,79212243,1.7251050472259521
stabilityai_stable-diffusion-3-medium-diffusers,79606917,0.47192588448524475
stabilityai_stable-diffusion-3-medium-diffusers,79918827,1.843915581703186
stabilityai_stable-diffusion-3-medium-diffusers,80289373,0.04326242953538895
stabilityai_stable-diffusion-3-medium-diffusers,80371125,0.49937114119529724
stabilityai_stable-diffusion-3-medium-diffusers,80540387,-1.4465296268463135
stabilityai_stable-diffusion-3-medium-diffusers,81135077,-1.624937653541565
stabilityai_stable-diffusion-3-medium-diffusers,81303945,1.0656710863113403
stabilityai_stable-diffusion-3-medium-diffusers,81435593,0.17610718309879303
stabilityai_stable-diffusion-3-medium-diffusers,82282590,1.3101304769515991
stabilityai_stable-diffusion-3-medium-diffusers,82696415,0.29877766966819763
stabilityai_stable-diffusion-3-medium-diffusers,82916016,0.6384950876235962
stabilityai_stable-diffusion-3-medium-diffusers,83084473,1.378998041152954
stabilityai_stable-diffusion-3-medium-diffusers,83418847,0.988728940486908
stabilityai_stable-diffusion-3-medium-diffusers,84089324,-0.2977326810359955
stabilityai_stable-diffusion-3-medium-diffusers,84306831,2.3297154903411865
stabilityai_stable-diffusion-3-medium-diffusers,84510135,-1.770564079284668
stabilityai_stable-diffusion-3-medium-diffusers,84788890,1.2762451171875
stabilityai_stable-diffusion-3-medium-diffusers,84985982,-0.12587113678455353
stabilityai_stable-diffusion-3-medium-diffusers,85191733,1.1206104755401611
stabilityai_stable-diffusion-3-medium-diffusers,86119145,-0.09971980005502701
stabilityai_stable-diffusion-3-medium-diffusers,86340862,-2.277524948120117
stabilityai_stable-diffusion-3-medium-diffusers,86341828,0.3594335615634918
stabilityai_stable-diffusion-3-medium-diffusers,86537356,-1.2662353515625
stabilityai_stable-diffusion-3-medium-diffusers,86701636,2.41943097114563
stabilityai_stable-diffusion-3-medium-diffusers,86714939,0.03636987507343292
stabilityai_stable-diffusion-3-medium-diffusers,87574583,-0.5095734000205994
stabilityai_stable-diffusion-3-medium-diffusers,87699711,0.26779332756996155
stabilityai_stable-diffusion-3-medium-diffusers,88016571,1.6908100843429565
stabilityai_stable-diffusion-3-medium-diffusers,88087492,0.8902403712272644
stabilityai_stable-diffusion-3-medium-diffusers,89227603,1.513507604598999
stabilityai_stable-diffusion-3-medium-diffusers,89539854,-0.5917180776596069
stabilityai_stable-diffusion-3-medium-diffusers,89926787,1.8190321922302246
stabilityai_stable-diffusion-3-medium-diffusers,90244932,0.8986654877662659
stabilityai_stable-diffusion-3-medium-diffusers,90493027,1.3371772766113281
stabilityai_stable-diffusion-3-medium-diffusers,90613035,1.1788733005523682
stabilityai_stable-diffusion-3-medium-diffusers,91368797,-1.2926602363586426
stabilityai_stable-diffusion-3-medium-diffusers,91784299,-0.17200283706188202
stabilityai_stable-diffusion-3-medium-diffusers,91790573,2.433117628097534
stabilityai_stable-diffusion-3-medium-diffusers,91834546,0.5810351967811584
stabilityai_stable-diffusion-3-medium-diffusers,92068094,0.43933725357055664
stabilityai_stable-diffusion-3-medium-diffusers,92311656,-1.333921194076538
stabilityai_stable-diffusion-3-medium-diffusers,92709444,0.08056174963712692
stabilityai_stable-diffusion-3-medium-diffusers,93114575,0.6686946749687195
stabilityai_stable-diffusion-3-medium-diffusers,93256557,0.2454676479101181
stabilityai_stable-diffusion-3-medium-diffusers,93407716,0.09876515716314316
stabilityai_stable-diffusion-3-medium-diffusers,93436296,-0.09723792225122452
stabilityai_stable-diffusion-3-medium-diffusers,93512057,0.8249170184135437
stabilityai_stable-diffusion-3-medium-diffusers,94006560,-1.4135472774505615
stabilityai_stable-diffusion-3-medium-diffusers,94321535,-0.29664966464042664
stabilityai_stable-diffusion-3-medium-diffusers,94532154,0.28337007761001587
stabilityai_stable-diffusion-3-medium-diffusers,95171107,-0.8751997947692871
stabilityai_stable-diffusion-3-medium-diffusers,95228839,-1.3666841983795166
stabilityai_stable-diffusion-3-medium-diffusers,95325441,2.093696355819702
stabilityai_stable-diffusion-3-medium-diffusers,95450946,1.216811180114746
stabilityai_stable-diffusion-3-medium-diffusers,95583911,2.3388562202453613
stabilityai_stable-diffusion-3-medium-diffusers,95718306,0.23224376142024994
stabilityai_stable-diffusion-3-medium-diffusers,95737828,-0.8794600367546082
stabilityai_stable-diffusion-3-medium-diffusers,96448597,-0.1911947876214981
stabilityai_stable-diffusion-3-medium-diffusers,96482065,0.051634885370731354
stabilityai_stable-diffusion-3-medium-diffusers,96521920,1.2395758628845215
stabilityai_stable-diffusion-3-medium-diffusers,96850153,1.2103267908096313
stabilityai_stable-diffusion-3-medium-diffusers,98113191,-0.5958882570266724
stabilityai_stable-diffusion-3-medium-diffusers,98195317,0.10343296080827713
stabilityai_stable-diffusion-3-medium-diffusers,98254655,2.6510818004608154
stabilityai_stable-diffusion-3-medium-diffusers,98319500,-2.079197645187378
stabilityai_stable-diffusion-3-medium-diffusers,98642787,0.4279871881008148
stabilityai_stable-diffusion-3-medium-diffusers,98646702,1.839500904083252
stabilityai_stable-diffusion-3-medium-diffusers,98929226,0.7268134355545044
stabilityai_stable-diffusion-3-medium-diffusers,99178779,0.8925668597221375
stabilityai_stable-diffusion-3-medium-diffusers,99185892,-0.5263583064079285
stabilityai_stable-diffusion-3-medium-diffusers,99211012,1.7896502017974854
stabilityai_stable-diffusion-3-medium-diffusers,99410560,-0.34087294340133667
stabilityai_stable-diffusion-3-medium-diffusers,99862294,0.5771228075027466
stabilityai_stable-diffusion-xl-base-1.0,138508,-1.9401538372039795
stabilityai_stable-diffusion-xl-base-1.0,192051,-0.9176722168922424
stabilityai_stable-diffusion-xl-base-1.0,213186,0.875373899936676
stabilityai_stable-diffusion-xl-base-1.0,232386,-1.0534323453903198
stabilityai_stable-diffusion-xl-base-1.0,232765,-1.024586796760559
stabilityai_stable-diffusion-xl-base-1.0,258857,-0.4574004113674164
stabilityai_stable-diffusion-xl-base-1.0,283090,0.04503590613603592
stabilityai_stable-diffusion-xl-base-1.0,285141,0.977810800075531
stabilityai_stable-diffusion-xl-base-1.0,399030,-0.8686875700950623
stabilityai_stable-diffusion-xl-base-1.0,440189,0.5165911316871643
stabilityai_stable-diffusion-xl-base-1.0,445169,-0.40254858136177063
stabilityai_stable-diffusion-xl-base-1.0,486490,-0.5975552201271057
stabilityai_stable-diffusion-xl-base-1.0,487072,0.857868492603302
stabilityai_stable-diffusion-xl-base-1.0,487326,2.474471092224121
stabilityai_stable-diffusion-xl-base-1.0,489837,0.662645161151886
stabilityai_stable-diffusion-xl-base-1.0,646833,2.090914011001587
stabilityai_stable-diffusion-xl-base-1.0,708860,1.8722758293151855
stabilityai_stable-diffusion-xl-base-1.0,717208,1.5991950035095215
stabilityai_stable-diffusion-xl-base-1.0,717468,0.9374016523361206
stabilityai_stable-diffusion-xl-base-1.0,735254,-0.27282968163490295
stabilityai_stable-diffusion-xl-base-1.0,762478,0.6458130478858948
stabilityai_stable-diffusion-xl-base-1.0,825443,0.5272874236106873
stabilityai_stable-diffusion-xl-base-1.0,831919,0.9787768721580505
stabilityai_stable-diffusion-xl-base-1.0,896677,-1.0092569589614868
stabilityai_stable-diffusion-xl-base-1.0,936620,0.004313120152801275
stabilityai_stable-diffusion-xl-base-1.0,974367,2.00650691986084
stabilityai_stable-diffusion-xl-base-1.0,993014,0.6871985197067261
stabilityai_stable-diffusion-xl-base-1.0,995855,0.07966853678226471
stabilityai_stable-diffusion-xl-base-1.0,1113367,-0.023178724572062492
stabilityai_stable-diffusion-xl-base-1.0,1171644,0.6030368804931641
stabilityai_stable-diffusion-xl-base-1.0,1209135,-1.688084363937378
stabilityai_stable-diffusion-xl-base-1.0,1317294,-0.999070942401886
stabilityai_stable-diffusion-xl-base-1.0,1317533,2.739784002304077
stabilityai_stable-diffusion-xl-base-1.0,1321854,-0.789800763130188
stabilityai_stable-diffusion-xl-base-1.0,1377758,-1.0918971300125122
stabilityai_stable-diffusion-xl-base-1.0,1474832,0.5175871253013611
stabilityai_stable-diffusion-xl-base-1.0,1516071,-0.04659458249807358
stabilityai_stable-diffusion-xl-base-1.0,1566705,-0.4418974816799164
stabilityai_stable-diffusion-xl-base-1.0,1640855,1.146037220954895
stabilityai_stable-diffusion-xl-base-1.0,1668603,1.194016695022583
stabilityai_stable-diffusion-xl-base-1.0,1678990,1.0147422552108765
stabilityai_stable-diffusion-xl-base-1.0,1699831,0.5561601519584656
stabilityai_stable-diffusion-xl-base-1.0,1707698,1.4552438259124756
stabilityai_stable-diffusion-xl-base-1.0,1727942,1.124887466430664
stabilityai_stable-diffusion-xl-base-1.0,2045760,0.7021969556808472
stabilityai_stable-diffusion-xl-base-1.0,2075049,-1.4607610702514648
stabilityai_stable-diffusion-xl-base-1.0,2075764,-1.6844606399536133
stabilityai_stable-diffusion-xl-base-1.0,2241569,0.5281932353973389
stabilityai_stable-diffusion-xl-base-1.0,2720725,-1.192018985748291
stabilityai_stable-diffusion-xl-base-1.0,2721160,1.4712333679199219
stabilityai_stable-diffusion-xl-base-1.0,2730265,1.1879806518554688
stabilityai_stable-diffusion-xl-base-1.0,2744395,-1.539831519126892
stabilityai_stable-diffusion-xl-base-1.0,2770078,0.4235825538635254
stabilityai_stable-diffusion-xl-base-1.0,2793684,0.30848029255867004
stabilityai_stable-diffusion-xl-base-1.0,2803666,0.35050150752067566
stabilityai_stable-diffusion-xl-base-1.0,2807731,1.8602243661880493
stabilityai_stable-diffusion-xl-base-1.0,2821943,1.66294527053833
stabilityai_stable-diffusion-xl-base-1.0,2824319,0.8494614958763123
stabilityai_stable-diffusion-xl-base-1.0,2825442,0.8274555802345276
stabilityai_stable-diffusion-xl-base-1.0,2852043,0.4947957396507263
stabilityai_stable-diffusion-xl-base-1.0,2870293,1.651410460472107
stabilityai_stable-diffusion-xl-base-1.0,2870880,0.2601155936717987
stabilityai_stable-diffusion-xl-base-1.0,2923535,-1.0563652515411377
stabilityai_stable-diffusion-xl-base-1.0,2933112,2.1692256927490234
stabilityai_stable-diffusion-xl-base-1.0,2963987,1.3349369764328003
stabilityai_stable-diffusion-xl-base-1.0,2991302,0.37312009930610657
stabilityai_stable-diffusion-xl-base-1.0,3024209,0.7127229571342468
stabilityai_stable-diffusion-xl-base-1.0,3035832,-0.009709058329463005
stabilityai_stable-diffusion-xl-base-1.0,3049457,2.8514201641082764
stabilityai_stable-diffusion-xl-base-1.0,3107488,0.7533550262451172
stabilityai_stable-diffusion-xl-base-1.0,3131388,0.1426929086446762
stabilityai_stable-diffusion-xl-base-1.0,3131669,0.6260098814964294
stabilityai_stable-diffusion-xl-base-1.0,3152830,0.5525322556495667
stabilityai_stable-diffusion-xl-base-1.0,3249569,-0.9220744371414185
stabilityai_stable-diffusion-xl-base-1.0,3262349,1.6867059469223022
stabilityai_stable-diffusion-xl-base-1.0,3288500,-0.24327191710472107
stabilityai_stable-diffusion-xl-base-1.0,3298716,1.8417177200317383
stabilityai_stable-diffusion-xl-base-1.0,3308246,3.0294809341430664
stabilityai_stable-diffusion-xl-base-1.0,3309110,0.595165491104126
stabilityai_stable-diffusion-xl-base-1.0,3347220,0.40153568983078003
stabilityai_stable-diffusion-xl-base-1.0,3353281,1.8017321825027466
stabilityai_stable-diffusion-xl-base-1.0,3366112,-1.3529064655303955
stabilityai_stable-diffusion-xl-base-1.0,3411927,-0.055290691554546356
stabilityai_stable-diffusion-xl-base-1.0,3456665,-0.31226012110710144
stabilityai_stable-diffusion-xl-base-1.0,3563208,-0.027825472876429558
stabilityai_stable-diffusion-xl-base-1.0,3580281,1.156672477722168
stabilityai_stable-diffusion-xl-base-1.0,3603442,1.051364779472351
stabilityai_stable-diffusion-xl-base-1.0,3607029,0.8131056427955627
stabilityai_stable-diffusion-xl-base-1.0,3628071,-0.6793966889381409
stabilityai_stable-diffusion-xl-base-1.0,3630383,2.5333614349365234
stabilityai_stable-diffusion-xl-base-1.0,3676483,2.05428409576416
stabilityai_stable-diffusion-xl-base-1.0,3679712,1.343562364578247
stabilityai_stable-diffusion-xl-base-1.0,3685307,-0.8326976895332336
stabilityai_stable-diffusion-xl-base-1.0,3703463,-0.3828335106372833
stabilityai_stable-diffusion-xl-base-1.0,3714235,-0.13635534048080444
stabilityai_stable-diffusion-xl-base-1.0,3728318,-0.8399718403816223
stabilityai_stable-diffusion-xl-base-1.0,3748162,0.20194372534751892
stabilityai_stable-diffusion-xl-base-1.0,3764276,-0.30951032042503357
stabilityai_stable-diffusion-xl-base-1.0,3818090,0.7196565270423889
stabilityai_stable-diffusion-xl-base-1.0,3842156,1.4568558931350708
stabilityai_stable-diffusion-xl-base-1.0,3880032,2.041534185409546
stabilityai_stable-diffusion-xl-base-1.0,3889343,0.10310494899749756
stabilityai_stable-diffusion-xl-base-1.0,3907654,0.2300422340631485
stabilityai_stable-diffusion-xl-base-1.0,3940713,2.175649404525757
stabilityai_stable-diffusion-xl-base-1.0,3975232,1.077773094177246
stabilityai_stable-diffusion-xl-base-1.0,3982060,-0.7689774632453918
stabilityai_stable-diffusion-xl-base-1.0,3990474,1.3626923561096191
stabilityai_stable-diffusion-xl-base-1.0,4010305,0.2935323417186737
stabilityai_stable-diffusion-xl-base-1.0,4025130,-0.5756814479827881
stabilityai_stable-diffusion-xl-base-1.0,4062807,-0.015752704814076424
stabilityai_stable-diffusion-xl-base-1.0,4123448,0.6975374817848206
stabilityai_stable-diffusion-xl-base-1.0,4125853,0.02661685086786747
stabilityai_stable-diffusion-xl-base-1.0,4140340,-0.08074954897165298
stabilityai_stable-diffusion-xl-base-1.0,4145056,-1.291137933731079
stabilityai_stable-diffusion-xl-base-1.0,4192521,1.2821710109710693
stabilityai_stable-diffusion-xl-base-1.0,4259202,-0.2449435144662857
stabilityai_stable-diffusion-xl-base-1.0,4285773,2.220048427581787
stabilityai_stable-diffusion-xl-base-1.0,4345028,1.2784271240234375
stabilityai_stable-diffusion-xl-base-1.0,4387201,-1.927813172340393
stabilityai_stable-diffusion-xl-base-1.0,4416901,-1.2292500734329224
stabilityai_stable-diffusion-xl-base-1.0,4455579,1.5533995628356934
stabilityai_stable-diffusion-xl-base-1.0,4497570,-0.6788066029548645
stabilityai_stable-diffusion-xl-base-1.0,4534520,0.015430668368935585
stabilityai_stable-diffusion-xl-base-1.0,4539203,0.6959128975868225
stabilityai_stable-diffusion-xl-base-1.0,4552551,2.247739553451538
stabilityai_stable-diffusion-xl-base-1.0,4596797,0.5554993748664856
stabilityai_stable-diffusion-xl-base-1.0,4832208,1.3178223371505737
stabilityai_stable-diffusion-xl-base-1.0,4930139,2.125319480895996
stabilityai_stable-diffusion-xl-base-1.0,5008085,-1.5402103662490845
stabilityai_stable-diffusion-xl-base-1.0,5219923,-1.3386650085449219
stabilityai_stable-diffusion-xl-base-1.0,5316083,-1.3461542129516602
stabilityai_stable-diffusion-xl-base-1.0,5350912,1.1192166805267334
stabilityai_stable-diffusion-xl-base-1.0,5374860,0.11158342659473419
stabilityai_stable-diffusion-xl-base-1.0,5410315,-1.4063867330551147
stabilityai_stable-diffusion-xl-base-1.0,5522784,-0.9904244542121887
stabilityai_stable-diffusion-xl-base-1.0,5728577,0.6516767144203186
stabilityai_stable-diffusion-xl-base-1.0,5752544,1.8134698867797852
stabilityai_stable-diffusion-xl-base-1.0,5794797,-0.12441358715295792
stabilityai_stable-diffusion-xl-base-1.0,5895919,1.442089557647705
stabilityai_stable-diffusion-xl-base-1.0,5958517,1.1975693702697754
stabilityai_stable-diffusion-xl-base-1.0,6189776,1.5218679904937744
stabilityai_stable-diffusion-xl-base-1.0,6528587,1.904321312904358
stabilityai_stable-diffusion-xl-base-1.0,6584891,-1.5573136806488037
stabilityai_stable-diffusion-xl-base-1.0,6586355,-0.06597860902547836
stabilityai_stable-diffusion-xl-base-1.0,6607809,-1.6390293836593628
stabilityai_stable-diffusion-xl-base-1.0,6615026,-0.4761771857738495
stabilityai_stable-diffusion-xl-base-1.0,6615458,-0.24935035407543182
stabilityai_stable-diffusion-xl-base-1.0,6615818,1.0732049942016602
stabilityai_stable-diffusion-xl-base-1.0,6616314,-0.5732079744338989
stabilityai_stable-diffusion-xl-base-1.0,6617011,1.9135090112686157
stabilityai_stable-diffusion-xl-base-1.0,6617413,1.7147512435913086
stabilityai_stable-diffusion-xl-base-1.0,6729499,-0.7394949793815613
stabilityai_stable-diffusion-xl-base-1.0,6880664,0.4476371705532074
stabilityai_stable-diffusion-xl-base-1.0,6883725,-1.3955141305923462
stabilityai_stable-diffusion-xl-base-1.0,6946774,0.7969415783882141
stabilityai_stable-diffusion-xl-base-1.0,7025268,0.462602823972702
stabilityai_stable-diffusion-xl-base-1.0,7109847,1.7054859399795532
stabilityai_stable-diffusion-xl-base-1.0,7116261,1.390771508216858
stabilityai_stable-diffusion-xl-base-1.0,7150023,2.0242860317230225
stabilityai_stable-diffusion-xl-base-1.0,7163803,1.3362663984298706
stabilityai_stable-diffusion-xl-base-1.0,7507098,1.6112499237060547
stabilityai_stable-diffusion-xl-base-1.0,7596684,-0.966981828212738
stabilityai_stable-diffusion-xl-base-1.0,7597365,0.38636213541030884
stabilityai_stable-diffusion-xl-base-1.0,7601809,-0.29449352622032166
stabilityai_stable-diffusion-xl-base-1.0,7605282,-1.2728372812271118
stabilityai_stable-diffusion-xl-base-1.0,7606419,0.2186722308397293
stabilityai_stable-diffusion-xl-base-1.0,7607707,-0.9889958500862122
stabilityai_stable-diffusion-xl-base-1.0,7608721,2.06061053276062
stabilityai_stable-diffusion-xl-base-1.0,7625977,0.8933196067810059
stabilityai_stable-diffusion-xl-base-1.0,7626721,1.4975130558013916
stabilityai_stable-diffusion-xl-base-1.0,7626833,1.9205304384231567
stabilityai_stable-diffusion-xl-base-1.0,7627310,-0.41315537691116333
stabilityai_stable-diffusion-xl-base-1.0,7651454,0.22914431989192963
stabilityai_stable-diffusion-xl-base-1.0,7654438,0.3036015033721924
stabilityai_stable-diffusion-xl-base-1.0,7664468,1.0238221883773804
stabilityai_stable-diffusion-xl-base-1.0,7698915,-0.5478683710098267
stabilityai_stable-diffusion-xl-base-1.0,7700167,-0.5376893877983093
stabilityai_stable-diffusion-xl-base-1.0,7700868,0.6596754789352417
stabilityai_stable-diffusion-xl-base-1.0,7701244,0.8586601614952087
stabilityai_stable-diffusion-xl-base-1.0,7702193,1.0967024564743042
stabilityai_stable-diffusion-xl-base-1.0,7710616,-0.06882283091545105
stabilityai_stable-diffusion-xl-base-1.0,7834065,2.0022945404052734
stabilityai_stable-diffusion-xl-base-1.0,7854266,-1.2104542255401611
stabilityai_stable-diffusion-xl-base-1.0,7854455,0.939440131187439
stabilityai_stable-diffusion-xl-base-1.0,7871940,0.4876154661178589
stabilityai_stable-diffusion-xl-base-1.0,7891189,1.865889549255371
stabilityai_stable-diffusion-xl-base-1.0,7897116,1.2324519157409668
stabilityai_stable-diffusion-xl-base-1.0,7914271,2.0333359241485596
stabilityai_stable-diffusion-xl-base-1.0,7922764,1.3029680252075195
stabilityai_stable-diffusion-xl-base-1.0,7929519,1.388644814491272
stabilityai_stable-diffusion-xl-base-1.0,7933274,0.3292522728443146
stabilityai_stable-diffusion-xl-base-1.0,7933530,1.244502067565918
stabilityai_stable-diffusion-xl-base-1.0,8089797,1.1196035146713257
stabilityai_stable-diffusion-xl-base-1.0,8095160,-0.08060839772224426
stabilityai_stable-diffusion-xl-base-1.0,8124208,0.4682258665561676
stabilityai_stable-diffusion-xl-base-1.0,8339939,1.1506121158599854
stabilityai_stable-diffusion-xl-base-1.0,8876291,1.885238766670227
stabilityai_stable-diffusion-xl-base-1.0,9020389,0.8385931849479675
stabilityai_stable-diffusion-xl-base-1.0,9044146,-0.4392218291759491
stabilityai_stable-diffusion-xl-base-1.0,9057052,0.3713299632072449
stabilityai_stable-diffusion-xl-base-1.0,9427682,1.6644197702407837
stabilityai_stable-diffusion-xl-base-1.0,9580065,1.870674967765808
stabilityai_stable-diffusion-xl-base-1.0,9719434,0.6317918300628662
stabilityai_stable-diffusion-xl-base-1.0,9793248,0.49421870708465576
stabilityai_stable-diffusion-xl-base-1.0,9794211,1.370679497718811
stabilityai_stable-diffusion-xl-base-1.0,9862621,0.33421361446380615
stabilityai_stable-diffusion-xl-base-1.0,9875188,-0.09490370005369186
stabilityai_stable-diffusion-xl-base-1.0,9984659,0.6655227541923523
stabilityai_stable-diffusion-xl-base-1.0,10012874,-1.8010361194610596
stabilityai_stable-diffusion-xl-base-1.0,10024569,-1.3995788097381592
stabilityai_stable-diffusion-xl-base-1.0,10080493,0.30812984704971313
stabilityai_stable-diffusion-xl-base-1.0,10106452,0.4852454960346222
stabilityai_stable-diffusion-xl-base-1.0,10198409,-1.0838243961334229
stabilityai_stable-diffusion-xl-base-1.0,10333317,0.6809171438217163
stabilityai_stable-diffusion-xl-base-1.0,10408552,-0.044947586953639984
stabilityai_stable-diffusion-xl-base-1.0,10444677,0.8691596388816833
stabilityai_stable-diffusion-xl-base-1.0,10453357,0.8220227956771851
stabilityai_stable-diffusion-xl-base-1.0,10548623,0.6895566582679749
stabilityai_stable-diffusion-xl-base-1.0,10572128,0.1470092087984085
stabilityai_stable-diffusion-xl-base-1.0,10794014,-0.3015364110469818
stabilityai_stable-diffusion-xl-base-1.0,10939743,0.4748915731906891
stabilityai_stable-diffusion-xl-base-1.0,11039909,-0.3505748212337494
stabilityai_stable-diffusion-xl-base-1.0,11334088,0.10561581701040268
stabilityai_stable-diffusion-xl-base-1.0,11417672,-0.9691715836524963
stabilityai_stable-diffusion-xl-base-1.0,11437577,0.7826645970344543
stabilityai_stable-diffusion-xl-base-1.0,11460338,-0.06093703955411911
stabilityai_stable-diffusion-xl-base-1.0,12345739,1.1690759658813477
stabilityai_stable-diffusion-xl-base-1.0,12402348,-0.9717795252799988
stabilityai_stable-diffusion-xl-base-1.0,13221529,-2.2959930896759033
stabilityai_stable-diffusion-xl-base-1.0,13290566,1.1019378900527954
stabilityai_stable-diffusion-xl-base-1.0,13389475,0.10759641975164413
stabilityai_stable-diffusion-xl-base-1.0,13390139,1.8157932758331299
stabilityai_stable-diffusion-xl-base-1.0,13390405,2.57818865776062
stabilityai_stable-diffusion-xl-base-1.0,13392786,0.7932208180427551
stabilityai_stable-diffusion-xl-base-1.0,13649361,1.8348524570465088
stabilityai_stable-diffusion-xl-base-1.0,13716878,1.151530385017395
stabilityai_stable-diffusion-xl-base-1.0,13884740,0.7684390544891357
stabilityai_stable-diffusion-xl-base-1.0,13915305,0.9671984910964966
stabilityai_stable-diffusion-xl-base-1.0,13931145,1.0538699626922607
stabilityai_stable-diffusion-xl-base-1.0,13984082,-0.12206871062517166
stabilityai_stable-diffusion-xl-base-1.0,14140678,0.7252582907676697
stabilityai_stable-diffusion-xl-base-1.0,14195315,-1.2607626914978027
stabilityai_stable-diffusion-xl-base-1.0,14294568,-0.3713533580303192
stabilityai_stable-diffusion-xl-base-1.0,14320813,0.07929176837205887
stabilityai_stable-diffusion-xl-base-1.0,14360436,0.06895563751459122
stabilityai_stable-diffusion-xl-base-1.0,14488317,2.282130241394043
stabilityai_stable-diffusion-xl-base-1.0,14533937,-0.11213450878858566
stabilityai_stable-diffusion-xl-base-1.0,14550987,0.29311496019363403
stabilityai_stable-diffusion-xl-base-1.0,14579933,-0.8458052277565002
stabilityai_stable-diffusion-xl-base-1.0,14606290,-0.674595296382904
stabilityai_stable-diffusion-xl-base-1.0,14620257,-1.7346926927566528
stabilityai_stable-diffusion-xl-base-1.0,14632648,-0.6826451420783997
stabilityai_stable-diffusion-xl-base-1.0,14647235,1.3042596578598022
stabilityai_stable-diffusion-xl-base-1.0,14654954,1.5936700105667114
stabilityai_stable-diffusion-xl-base-1.0,14686352,-0.21189309656620026
stabilityai_stable-diffusion-xl-base-1.0,14702875,-0.9545266032218933
stabilityai_stable-diffusion-xl-base-1.0,14703190,-0.43174564838409424
stabilityai_stable-diffusion-xl-base-1.0,14807929,1.9947699308395386
stabilityai_stable-diffusion-xl-base-1.0,14809057,0.6669691205024719
stabilityai_stable-diffusion-xl-base-1.0,14867690,0.10757981240749359
stabilityai_stable-diffusion-xl-base-1.0,14872875,-0.3175560235977173
stabilityai_stable-diffusion-xl-base-1.0,14880557,0.22790716588497162
stabilityai_stable-diffusion-xl-base-1.0,14894140,-1.1074962615966797
stabilityai_stable-diffusion-xl-base-1.0,15180934,0.5668379664421082
stabilityai_stable-diffusion-xl-base-1.0,15970145,0.7506540417671204
stabilityai_stable-diffusion-xl-base-1.0,17002912,1.2888699769973755
stabilityai_stable-diffusion-xl-base-1.0,17012379,-0.30452004075050354
stabilityai_stable-diffusion-xl-base-1.0,17282800,0.17534802854061127
stabilityai_stable-diffusion-xl-base-1.0,17925539,1.8079659938812256
stabilityai_stable-diffusion-xl-base-1.0,18367104,0.4716460406780243
stabilityai_stable-diffusion-xl-base-1.0,18758723,1.1312440633773804
stabilityai_stable-diffusion-xl-base-1.0,19143128,-0.5031028389930725
stabilityai_stable-diffusion-xl-base-1.0,19671124,-0.6845439672470093
stabilityai_stable-diffusion-xl-base-1.0,19855707,-0.0795045718550682
stabilityai_stable-diffusion-xl-base-1.0,19893872,0.359903484582901
stabilityai_stable-diffusion-xl-base-1.0,20017667,1.2818819284439087
stabilityai_stable-diffusion-xl-base-1.0,20128079,0.028265753760933876
stabilityai_stable-diffusion-xl-base-1.0,20471134,1.15299654006958
stabilityai_stable-diffusion-xl-base-1.0,20495093,1.1431565284729004
stabilityai_stable-diffusion-xl-base-1.0,20782430,-1.2511520385742188
stabilityai_stable-diffusion-xl-base-1.0,21377549,0.02870621718466282
stabilityai_stable-diffusion-xl-base-1.0,21564446,1.0032849311828613
stabilityai_stable-diffusion-xl-base-1.0,21620388,2.2148306369781494
stabilityai_stable-diffusion-xl-base-1.0,22149540,-1.4556994438171387
stabilityai_stable-diffusion-xl-base-1.0,22738759,0.686312735080719
stabilityai_stable-diffusion-xl-base-1.0,22767176,0.5328063368797302
stabilityai_stable-diffusion-xl-base-1.0,23129661,0.9069989919662476
stabilityai_stable-diffusion-xl-base-1.0,23185551,-1.671540379524231
stabilityai_stable-diffusion-xl-base-1.0,23232427,-0.19101864099502563
stabilityai_stable-diffusion-xl-base-1.0,23257851,-0.994010865688324
stabilityai_stable-diffusion-xl-base-1.0,23620789,0.22256723046302795
stabilityai_stable-diffusion-xl-base-1.0,24808131,1.4089897871017456
stabilityai_stable-diffusion-xl-base-1.0,24843217,1.023492693901062
stabilityai_stable-diffusion-xl-base-1.0,24933378,1.8435858488082886
stabilityai_stable-diffusion-xl-base-1.0,24942232,0.503321647644043
stabilityai_stable-diffusion-xl-base-1.0,25290589,0.8094038963317871
stabilityai_stable-diffusion-xl-base-1.0,25579216,-0.12833721935749054
stabilityai_stable-diffusion-xl-base-1.0,25685207,-0.9001164436340332
stabilityai_stable-diffusion-xl-base-1.0,25776594,0.3208130896091461
stabilityai_stable-diffusion-xl-base-1.0,26078214,0.5148569941520691
stabilityai_stable-diffusion-xl-base-1.0,26746434,-0.21890228986740112
stabilityai_stable-diffusion-xl-base-1.0,26998039,1.3550424575805664
stabilityai_stable-diffusion-xl-base-1.0,27106238,2.040708541870117
stabilityai_stable-diffusion-xl-base-1.0,27246777,1.5010324716567993
stabilityai_stable-diffusion-xl-base-1.0,27768637,0.7928978204727173
stabilityai_stable-diffusion-xl-base-1.0,27871992,-0.5974445343017578
stabilityai_stable-diffusion-xl-base-1.0,28190972,0.43336424231529236
stabilityai_stable-diffusion-xl-base-1.0,29094321,2.3261616230010986
stabilityai_stable-diffusion-xl-base-1.0,29148617,-0.9415556192398071
stabilityai_stable-diffusion-xl-base-1.0,29161294,-1.699932336807251
stabilityai_stable-diffusion-xl-base-1.0,29632917,0.21551834046840668
stabilityai_stable-diffusion-xl-base-1.0,29703209,-0.04214110225439072
stabilityai_stable-diffusion-xl-base-1.0,29779486,-0.12356268614530563
stabilityai_stable-diffusion-xl-base-1.0,30028757,-1.645459532737732
stabilityai_stable-diffusion-xl-base-1.0,30225071,1.407448649406433
stabilityai_stable-diffusion-xl-base-1.0,30373565,0.712548553943634
stabilityai_stable-diffusion-xl-base-1.0,30484086,0.33795061707496643
stabilityai_stable-diffusion-xl-base-1.0,30883080,-1.1079027652740479
stabilityai_stable-diffusion-xl-base-1.0,31114750,0.0836738646030426
stabilityai_stable-diffusion-xl-base-1.0,31196176,-0.0113519337028265
stabilityai_stable-diffusion-xl-base-1.0,31391857,-0.08504273742437363
stabilityai_stable-diffusion-xl-base-1.0,31595142,1.6573972702026367
stabilityai_stable-diffusion-xl-base-1.0,32152786,1.149954080581665
stabilityai_stable-diffusion-xl-base-1.0,32327818,0.27613821625709534
stabilityai_stable-diffusion-xl-base-1.0,32379732,2.1258795261383057
stabilityai_stable-diffusion-xl-base-1.0,32473966,-0.5734257102012634
stabilityai_stable-diffusion-xl-base-1.0,32902730,1.425808072090149
stabilityai_stable-diffusion-xl-base-1.0,32932491,0.34525346755981445
stabilityai_stable-diffusion-xl-base-1.0,33006578,0.6176730990409851
stabilityai_stable-diffusion-xl-base-1.0,33478721,1.4239261150360107
stabilityai_stable-diffusion-xl-base-1.0,34475997,-1.4633216857910156
stabilityai_stable-diffusion-xl-base-1.0,34578737,1.1168922185897827
stabilityai_stable-diffusion-xl-base-1.0,34773230,1.403211236000061
stabilityai_stable-diffusion-xl-base-1.0,36507085,1.826375126838684
stabilityai_stable-diffusion-xl-base-1.0,36678439,0.2789740562438965
stabilityai_stable-diffusion-xl-base-1.0,37287360,1.4017059803009033
stabilityai_stable-diffusion-xl-base-1.0,37319253,0.1639949232339859
stabilityai_stable-diffusion-xl-base-1.0,37547870,1.753469467163086
stabilityai_stable-diffusion-xl-base-1.0,37736408,1.2665003538131714
stabilityai_stable-diffusion-xl-base-1.0,38014258,0.6635566353797913
stabilityai_stable-diffusion-xl-base-1.0,38297191,2.311917304992676
stabilityai_stable-diffusion-xl-base-1.0,38402744,-0.42619845271110535
stabilityai_stable-diffusion-xl-base-1.0,38954086,-0.6537424921989441
stabilityai_stable-diffusion-xl-base-1.0,39139190,-0.010148664936423302
stabilityai_stable-diffusion-xl-base-1.0,39560404,-0.015012888237833977
stabilityai_stable-diffusion-xl-base-1.0,39566065,0.287454217672348
stabilityai_stable-diffusion-xl-base-1.0,39595218,0.45953884720802307
stabilityai_stable-diffusion-xl-base-1.0,40825299,0.37217798829078674
stabilityai_stable-diffusion-xl-base-1.0,40945115,0.36592984199523926
stabilityai_stable-diffusion-xl-base-1.0,40995095,-0.6273074746131897
stabilityai_stable-diffusion-xl-base-1.0,41015844,1.7866936922073364
stabilityai_stable-diffusion-xl-base-1.0,41031648,1.0040199756622314
stabilityai_stable-diffusion-xl-base-1.0,41161074,-0.8856443166732788
stabilityai_stable-diffusion-xl-base-1.0,41458919,0.6486679315567017
stabilityai_stable-diffusion-xl-base-1.0,41565779,-0.41688480973243713
stabilityai_stable-diffusion-xl-base-1.0,41766391,3.4250569343566895
stabilityai_stable-diffusion-xl-base-1.0,41982710,-0.11650141328573227
stabilityai_stable-diffusion-xl-base-1.0,42048260,0.20757681131362915
stabilityai_stable-diffusion-xl-base-1.0,42849420,0.6827890276908875
stabilityai_stable-diffusion-xl-base-1.0,42931583,-0.16939784586429596
stabilityai_stable-diffusion-xl-base-1.0,43060946,0.4158569574356079
stabilityai_stable-diffusion-xl-base-1.0,43153800,-1.9513158798217773
stabilityai_stable-diffusion-xl-base-1.0,43161384,1.3268074989318848
stabilityai_stable-diffusion-xl-base-1.0,43301379,0.3041169345378876
stabilityai_stable-diffusion-xl-base-1.0,43304323,1.8689709901809692
stabilityai_stable-diffusion-xl-base-1.0,43367797,0.5813040733337402
stabilityai_stable-diffusion-xl-base-1.0,43431032,0.7265728116035461
stabilityai_stable-diffusion-xl-base-1.0,43631801,-0.7981954216957092
stabilityai_stable-diffusion-xl-base-1.0,43735560,-0.525931715965271
stabilityai_stable-diffusion-xl-base-1.0,43858443,2.9176950454711914
stabilityai_stable-diffusion-xl-base-1.0,43918624,-0.09177809208631516
stabilityai_stable-diffusion-xl-base-1.0,44280552,-0.9852814674377441
stabilityai_stable-diffusion-xl-base-1.0,44295589,-1.903878927230835
stabilityai_stable-diffusion-xl-base-1.0,44621915,1.1040579080581665
stabilityai_stable-diffusion-xl-base-1.0,44645737,-0.17096857726573944
stabilityai_stable-diffusion-xl-base-1.0,44838123,-0.996824324131012
stabilityai_stable-diffusion-xl-base-1.0,45258070,-0.7783621549606323
stabilityai_stable-diffusion-xl-base-1.0,45297641,-1.2730847597122192
stabilityai_stable-diffusion-xl-base-1.0,45418454,1.0178004503250122
stabilityai_stable-diffusion-xl-base-1.0,45564900,0.18544767796993256
stabilityai_stable-diffusion-xl-base-1.0,46150029,0.7814529538154602
stabilityai_stable-diffusion-xl-base-1.0,46394736,1.061517357826233
stabilityai_stable-diffusion-xl-base-1.0,46673664,0.3507348895072937
stabilityai_stable-diffusion-xl-base-1.0,46994920,0.2554068863391876
stabilityai_stable-diffusion-xl-base-1.0,47009060,1.428546667098999
stabilityai_stable-diffusion-xl-base-1.0,47552953,1.1345844268798828
stabilityai_stable-diffusion-xl-base-1.0,47595220,2.76625919342041
stabilityai_stable-diffusion-xl-base-1.0,47819321,2.4723212718963623
stabilityai_stable-diffusion-xl-base-1.0,48223384,-0.6447955965995789
stabilityai_stable-diffusion-xl-base-1.0,48351897,-1.5354437828063965
stabilityai_stable-diffusion-xl-base-1.0,48754831,0.7195217609405518
stabilityai_stable-diffusion-xl-base-1.0,49054805,-0.17929428815841675
stabilityai_stable-diffusion-xl-base-1.0,49089576,1.5264772176742554
stabilityai_stable-diffusion-xl-base-1.0,49300740,1.7564282417297363
stabilityai_stable-diffusion-xl-base-1.0,49358811,1.7911180257797241
stabilityai_stable-diffusion-xl-base-1.0,49462954,1.6923106908798218
stabilityai_stable-diffusion-xl-base-1.0,50262859,1.2203750610351562
stabilityai_stable-diffusion-xl-base-1.0,50871471,1.599381685256958
stabilityai_stable-diffusion-xl-base-1.0,50952217,-0.29647764563560486
stabilityai_stable-diffusion-xl-base-1.0,51060824,0.7780383229255676
stabilityai_stable-diffusion-xl-base-1.0,51314050,-1.9299731254577637
stabilityai_stable-diffusion-xl-base-1.0,51946990,0.441323846578598
stabilityai_stable-diffusion-xl-base-1.0,52325745,-0.21233060956001282
stabilityai_stable-diffusion-xl-base-1.0,52474100,1.9237110614776611
stabilityai_stable-diffusion-xl-base-1.0,52516409,-0.7869489192962646
stabilityai_stable-diffusion-xl-base-1.0,52711595,0.5941413044929504
stabilityai_stable-diffusion-xl-base-1.0,53022028,0.6437305808067322
stabilityai_stable-diffusion-xl-base-1.0,53205877,1.769497275352478
stabilityai_stable-diffusion-xl-base-1.0,53288018,-0.11865071207284927
stabilityai_stable-diffusion-xl-base-1.0,53443611,1.1767362356185913
stabilityai_stable-diffusion-xl-base-1.0,53815934,-1.2844594717025757
stabilityai_stable-diffusion-xl-base-1.0,54495173,-0.046178869903087616
stabilityai_stable-diffusion-xl-base-1.0,54931507,0.7051157355308533
stabilityai_stable-diffusion-xl-base-1.0,55191509,1.2606480121612549
stabilityai_stable-diffusion-xl-base-1.0,55255145,1.0830042362213135
stabilityai_stable-diffusion-xl-base-1.0,55457672,-0.13067258894443512
stabilityai_stable-diffusion-xl-base-1.0,55588327,1.0274463891983032
stabilityai_stable-diffusion-xl-base-1.0,55653646,-0.012908486649394035
stabilityai_stable-diffusion-xl-base-1.0,55658809,-0.19814346730709076
stabilityai_stable-diffusion-xl-base-1.0,55812974,-0.2420869618654251
stabilityai_stable-diffusion-xl-base-1.0,55819553,0.6568397879600525
stabilityai_stable-diffusion-xl-base-1.0,55826966,0.48957282304763794
stabilityai_stable-diffusion-xl-base-1.0,55983905,-0.8498443365097046
stabilityai_stable-diffusion-xl-base-1.0,56074056,-0.6423596739768982
stabilityai_stable-diffusion-xl-base-1.0,56112588,-0.34032532572746277
stabilityai_stable-diffusion-xl-base-1.0,56121520,0.9716964364051819
stabilityai_stable-diffusion-xl-base-1.0,56250900,0.7528733015060425
stabilityai_stable-diffusion-xl-base-1.0,56458800,-1.0593568086624146
stabilityai_stable-diffusion-xl-base-1.0,56792430,0.3908800482749939
stabilityai_stable-diffusion-xl-base-1.0,56982260,-1.0780459642410278
stabilityai_stable-diffusion-xl-base-1.0,57673976,-1.0849353075027466
stabilityai_stable-diffusion-xl-base-1.0,57716963,1.2672288417816162
stabilityai_stable-diffusion-xl-base-1.0,57729980,-1.3029048442840576
stabilityai_stable-diffusion-xl-base-1.0,57785005,-1.2332372665405273
stabilityai_stable-diffusion-xl-base-1.0,57873614,0.807608425617218
stabilityai_stable-diffusion-xl-base-1.0,58727024,-1.3456193208694458
stabilityai_stable-diffusion-xl-base-1.0,58761464,1.0347715616226196
stabilityai_stable-diffusion-xl-base-1.0,59399259,1.1610002517700195
stabilityai_stable-diffusion-xl-base-1.0,59976859,1.0324463844299316
stabilityai_stable-diffusion-xl-base-1.0,60083345,-0.8857985734939575
stabilityai_stable-diffusion-xl-base-1.0,60214770,-0.8480746746063232
stabilityai_stable-diffusion-xl-base-1.0,60215376,0.433905690908432
stabilityai_stable-diffusion-xl-base-1.0,60375309,-0.7150880098342896
stabilityai_stable-diffusion-xl-base-1.0,60606896,0.4744996130466461
stabilityai_stable-diffusion-xl-base-1.0,60668084,2.628206253051758
stabilityai_stable-diffusion-xl-base-1.0,61035709,0.09169349819421768
stabilityai_stable-diffusion-xl-base-1.0,61388266,0.5995275974273682
stabilityai_stable-diffusion-xl-base-1.0,61627313,2.744736671447754
stabilityai_stable-diffusion-xl-base-1.0,61635816,-0.7476953864097595
stabilityai_stable-diffusion-xl-base-1.0,61853324,1.3236196041107178
stabilityai_stable-diffusion-xl-base-1.0,62408818,1.8724446296691895
stabilityai_stable-diffusion-xl-base-1.0,62841330,-0.23465020954608917
stabilityai_stable-diffusion-xl-base-1.0,63015570,1.0733290910720825
stabilityai_stable-diffusion-xl-base-1.0,63336441,-0.2218247503042221
stabilityai_stable-diffusion-xl-base-1.0,63633117,0.4409414231777191
stabilityai_stable-diffusion-xl-base-1.0,64576544,0.7189430594444275
stabilityai_stable-diffusion-xl-base-1.0,64687077,-1.7759355306625366
stabilityai_stable-diffusion-xl-base-1.0,64693533,0.33862558007240295
stabilityai_stable-diffusion-xl-base-1.0,64856142,0.3711646795272827
stabilityai_stable-diffusion-xl-base-1.0,65411270,0.35968443751335144
stabilityai_stable-diffusion-xl-base-1.0,65557844,-0.9342870116233826
stabilityai_stable-diffusion-xl-base-1.0,65824677,-1.3748406171798706
stabilityai_stable-diffusion-xl-base-1.0,65890875,1.4057719707489014
stabilityai_stable-diffusion-xl-base-1.0,65960228,-0.8964397311210632
stabilityai_stable-diffusion-xl-base-1.0,66668538,-0.0031651915051043034
stabilityai_stable-diffusion-xl-base-1.0,67344811,-0.22680790722370148
stabilityai_stable-diffusion-xl-base-1.0,67949798,0.23904205858707428
stabilityai_stable-diffusion-xl-base-1.0,68246844,0.5275533199310303
stabilityai_stable-diffusion-xl-base-1.0,68280322,-1.3206658363342285
stabilityai_stable-diffusion-xl-base-1.0,68321683,0.1834670752286911
stabilityai_stable-diffusion-xl-base-1.0,68380669,0.5882169604301453
stabilityai_stable-diffusion-xl-base-1.0,68575085,2.3906705379486084
stabilityai_stable-diffusion-xl-base-1.0,70380966,-0.6495718955993652
stabilityai_stable-diffusion-xl-base-1.0,70494671,0.6424484252929688
stabilityai_stable-diffusion-xl-base-1.0,71055464,-0.2730982005596161
stabilityai_stable-diffusion-xl-base-1.0,71591839,1.7797930240631104
stabilityai_stable-diffusion-xl-base-1.0,71828875,-1.1089431047439575
stabilityai_stable-diffusion-xl-base-1.0,71910823,-0.3575918674468994
stabilityai_stable-diffusion-xl-base-1.0,71959499,2.8560924530029297
stabilityai_stable-diffusion-xl-base-1.0,72432241,2.417494297027588
stabilityai_stable-diffusion-xl-base-1.0,72553814,1.1851725578308105
stabilityai_stable-diffusion-xl-base-1.0,73051579,1.4715607166290283
stabilityai_stable-diffusion-xl-base-1.0,73600586,0.04257846623659134
stabilityai_stable-diffusion-xl-base-1.0,73616417,1.8887516260147095
stabilityai_stable-diffusion-xl-base-1.0,73681289,0.25369343161582947
stabilityai_stable-diffusion-xl-base-1.0,73962724,-0.5810343027114868
stabilityai_stable-diffusion-xl-base-1.0,74175857,1.7540404796600342
stabilityai_stable-diffusion-xl-base-1.0,75051801,1.057067632675171
stabilityai_stable-diffusion-xl-base-1.0,75787772,0.8325850367546082
stabilityai_stable-diffusion-xl-base-1.0,75944980,-0.19891200959682465
stabilityai_stable-diffusion-xl-base-1.0,75964288,-0.6962896585464478
stabilityai_stable-diffusion-xl-base-1.0,76066166,1.28285551071167
stabilityai_stable-diffusion-xl-base-1.0,76100398,-0.561333179473877
stabilityai_stable-diffusion-xl-base-1.0,76425345,1.5882656574249268
stabilityai_stable-diffusion-xl-base-1.0,77106105,-0.2902420461177826
stabilityai_stable-diffusion-xl-base-1.0,77132310,-0.01996299810707569
stabilityai_stable-diffusion-xl-base-1.0,77232534,1.7454861402511597
stabilityai_stable-diffusion-xl-base-1.0,77312726,0.9919289350509644
stabilityai_stable-diffusion-xl-base-1.0,77358840,0.7036249041557312
stabilityai_stable-diffusion-xl-base-1.0,77490593,0.830669641494751
stabilityai_stable-diffusion-xl-base-1.0,77726888,0.3838702142238617
stabilityai_stable-diffusion-xl-base-1.0,78735978,1.0345317125320435
stabilityai_stable-diffusion-xl-base-1.0,79077085,0.7095939517021179
stabilityai_stable-diffusion-xl-base-1.0,79212243,2.488783597946167
stabilityai_stable-diffusion-xl-base-1.0,79606917,0.16851657629013062
stabilityai_stable-diffusion-xl-base-1.0,79918827,2.3120768070220947
stabilityai_stable-diffusion-xl-base-1.0,80289373,0.411895215511322
stabilityai_stable-diffusion-xl-base-1.0,80371125,0.60946124792099
stabilityai_stable-diffusion-xl-base-1.0,80540387,0.9497753381729126
stabilityai_stable-diffusion-xl-base-1.0,81135077,0.1906169205904007
stabilityai_stable-diffusion-xl-base-1.0,81303945,-0.08450160175561905
stabilityai_stable-diffusion-xl-base-1.0,81435593,0.7646729946136475
stabilityai_stable-diffusion-xl-base-1.0,82282590,2.452392339706421
stabilityai_stable-diffusion-xl-base-1.0,82696415,-1.1008046865463257
stabilityai_stable-diffusion-xl-base-1.0,82916016,-0.8395848274230957
stabilityai_stable-diffusion-xl-base-1.0,83084473,1.749629259109497
stabilityai_stable-diffusion-xl-base-1.0,83418847,1.8822290897369385
stabilityai_stable-diffusion-xl-base-1.0,84089324,-0.6566271781921387
stabilityai_stable-diffusion-xl-base-1.0,84306831,2.4935576915740967
stabilityai_stable-diffusion-xl-base-1.0,84510135,-1.3980035781860352
stabilityai_stable-diffusion-xl-base-1.0,84788890,1.689796805381775
stabilityai_stable-diffusion-xl-base-1.0,84985982,0.5653741359710693
stabilityai_stable-diffusion-xl-base-1.0,85191733,1.0029821395874023
stabilityai_stable-diffusion-xl-base-1.0,86119145,0.9171074628829956
stabilityai_stable-diffusion-xl-base-1.0,86340862,0.30414503812789917
stabilityai_stable-diffusion-xl-base-1.0,86341828,-0.9604759812355042
stabilityai_stable-diffusion-xl-base-1.0,86537356,-0.4180022180080414
stabilityai_stable-diffusion-xl-base-1.0,86701636,-0.8088093400001526
stabilityai_stable-diffusion-xl-base-1.0,86714939,0.7575684189796448
stabilityai_stable-diffusion-xl-base-1.0,87574583,0.39211612939834595
stabilityai_stable-diffusion-xl-base-1.0,87699711,0.8308383226394653
stabilityai_stable-diffusion-xl-base-1.0,88016571,0.9499048590660095
stabilityai_stable-diffusion-xl-base-1.0,88087492,-0.6376362442970276
stabilityai_stable-diffusion-xl-base-1.0,89227603,0.9250168204307556
stabilityai_stable-diffusion-xl-base-1.0,89539854,-0.665715754032135
stabilityai_stable-diffusion-xl-base-1.0,89926787,-0.06748490780591965
stabilityai_stable-diffusion-xl-base-1.0,90244932,0.004389250185340643
stabilityai_stable-diffusion-xl-base-1.0,90493027,2.1170129776000977
stabilityai_stable-diffusion-xl-base-1.0,90613035,0.5676502585411072
stabilityai_stable-diffusion-xl-base-1.0,91368797,-0.018133660778403282
stabilityai_stable-diffusion-xl-base-1.0,91784299,0.4372553527355194
stabilityai_stable-diffusion-xl-base-1.0,91790573,2.397831439971924
stabilityai_stable-diffusion-xl-base-1.0,91834546,-0.14032147824764252
stabilityai_stable-diffusion-xl-base-1.0,92068094,1.2680835723876953
stabilityai_stable-diffusion-xl-base-1.0,92311656,-1.0334224700927734
stabilityai_stable-diffusion-xl-base-1.0,92709444,-1.9675211906433105
stabilityai_stable-diffusion-xl-base-1.0,93114575,-0.30054593086242676
stabilityai_stable-diffusion-xl-base-1.0,93256557,0.04181023687124252
stabilityai_stable-diffusion-xl-base-1.0,93407716,-0.6755720973014832
stabilityai_stable-diffusion-xl-base-1.0,93436296,-0.6950156092643738
stabilityai_stable-diffusion-xl-base-1.0,93512057,0.6171823143959045
stabilityai_stable-diffusion-xl-base-1.0,94006560,-1.0839805603027344
stabilityai_stable-diffusion-xl-base-1.0,94321535,0.6632841229438782
stabilityai_stable-diffusion-xl-base-1.0,94532154,0.08884255588054657
stabilityai_stable-diffusion-xl-base-1.0,95171107,-0.12049704045057297
stabilityai_stable-diffusion-xl-base-1.0,95228839,1.3436788320541382
stabilityai_stable-diffusion-xl-base-1.0,95325441,-0.17454929649829865
stabilityai_stable-diffusion-xl-base-1.0,95450946,0.337686687707901
stabilityai_stable-diffusion-xl-base-1.0,95583911,1.9411808252334595
stabilityai_stable-diffusion-xl-base-1.0,95718306,1.8450793027877808
stabilityai_stable-diffusion-xl-base-1.0,95737828,-0.9895442128181458
stabilityai_stable-diffusion-xl-base-1.0,96448597,-0.26963505148887634
stabilityai_stable-diffusion-xl-base-1.0,96482065,-0.5295995473861694
stabilityai_stable-diffusion-xl-base-1.0,96521920,-0.8777055144309998
stabilityai_stable-diffusion-xl-base-1.0,96850153,0.7398401498794556
stabilityai_stable-diffusion-xl-base-1.0,98113191,1.9622504711151123
stabilityai_stable-diffusion-xl-base-1.0,98195317,-1.3983441591262817
stabilityai_stable-diffusion-xl-base-1.0,98254655,0.9395093321800232
stabilityai_stable-diffusion-xl-base-1.0,98319500,-1.3782271146774292
stabilityai_stable-diffusion-xl-base-1.0,98642787,1.432405710220337
stabilityai_stable-diffusion-xl-base-1.0,98646702,-0.5103593468666077
stabilityai_stable-diffusion-xl-base-1.0,98929226,-0.5565174221992493
stabilityai_stable-diffusion-xl-base-1.0,99178779,0.7540903687477112
stabilityai_stable-diffusion-xl-base-1.0,99185892,-0.25899165868759155
stabilityai_stable-diffusion-xl-base-1.0,99211012,-0.5193470120429993
stabilityai_stable-diffusion-xl-base-1.0,99410560,0.06806630641222
stabilityai_stable-diffusion-xl-base-1.0,99862294,1.538401484489441
